timestamp, callchains, power, resource_usage, gpu_power
2025-11-25T20:44:43.667230Z, 0xffffffffffffff80;0xffffffffc1723889;0xffffffffc17614ae;0xffffffffc1761b80;0xffffffffc16e7ae2;0xffffffffc17558db;0xffffffffc1880ded;0xffffffffc1893554;0xffffffffc170b486;0xffffffffc156c3b8;0xffffffffc18cf78a;0xffffffffc184f0c7;0xffffffffc18d4a7a;0xffffffffc184e25b;0xffffffffc18d8284;0xffffffffc184ed70;0xffffffffc184f2d5;0xffffffffc184eb2a;0xffffffffc186d85e;0xffffffffc152d352;0xffffffffc2afd322;0xffffffffc2affc93;0xffffffffc2ae5350;0xffffffffc2ae7837;0xffffffffc2aedef0;0xffffffffc2ae92b3;0xffffffffc2ad0867;0xffffffffc2ad14cb;0xffffffffc2ad15ba;0xffffffffbb1dde74;0xffffffffbac83f9e;0xffffffffbbed678e;0xffffffffbaa0012b;0xfffffffffffffe00;ioctl;0x76e32cc54704;0x76e32cb227b2;0x76e32cafcafd;0x76e32cad58f8;0x76e32cb146d2;cuInit;init();_dl_init;_dl_start_user;|0xffffffffffffff80;0xffffffffbadfcbf0;0xffffffffbaddc0a2;0xffffffffbbee41dd;0xffffffffbbee4709;0xffffffffc2acd268;0xffffffffc2b405cd;0xffffffffc2b40f34;0xffffffffc2b3d7fe;0xffffffffc2afd9e3;0xffffffffc2affc93;0xffffffffc2ae5350;0xffffffffc2ae7837;0xffffffffc2aedef0;0xffffffffc2ae92b3;0xffffffffc2ad0867;0xffffffffc2ad14cb;0xffffffffc2ad15ba;0xffffffffbb1dde74;0xffffffffbac83f9e;0xffffffffbbed678e;0xffffffffbaa0012b;0xfffffffffffffe00;ioctl;0x76e32cc54704;0x76e32cb227b2;0x76e32cafcafd;0x76e32cad58f8;0x76e32cb146d2;cuInit;init();_dl_init;_dl_start_user;|0xffffffffffffff80;0xffffffffbbeede00;0xffffffffc1753836;0xffffffffc1755710;0xffffffffc1880ded;0xffffffffc1893554;0xffffffffc170b486;0xffffffffc156c3b8;0xffffffffc18cf78a;0xffffffffc184f0c7;0xffffffffc18d4a7a;0xffffffffc184e25b;0xffffffffc18d8284;0xffffffffc184ed70;0xffffffffc184f2d5;0xffffffffc184eb2a;0xffffffffc186d85e;0xffffffffc152d352;0xffffffffc2afd322;0xffffffffc2affc93;0xffffffffc2ae5350;0xffffffffc2ae7837;0xffffffffc2aedef0;0xffffffffc2ae92b3;0xffffffffc2ad0867;0xffffffffc2ad14cb;0xffffffffc2ad15ba;0xffffffffbb1dde74;0xffffffffbac83f9e;0xffffffffbbed678e;0xffffffffbaa0012b;0xfffffffffffffe00;ioctl;0x76e32cc54704;0x76e32cb227b2;0x76e32cafcafd;0x76e32cad58f8;0x76e32cb146d2;cuInit;init();_dl_init;_dl_start_user;|0xffffffffffffff80;0xffffffffbadf64a2;0xffffffffbadfcc14;0xffffffffbadd91c2;0xffffffffbaddc0a2;0xffffffffbbee41dd;0xffffffffbbee4709;0xffffffffc2acd268;0xffffffffc2b405cd;0xffffffffc2b40f34;0xffffffffc2b3d7fe;0xffffffffc2afd9e3;0xffffffffc2affc93;0xffffffffc2ae5350;0xffffffffc2ae7837;0xffffffffc2aedef0;0xffffffffc2ae92b3;0xffffffffc2ad0867;0xffffffffc2ad14cb;0xffffffffc2ad15ba;0xffffffffbb1dde74;0xffffffffbac83f9e;0xffffffffbbed678e;0xffffffffbaa0012b;0xfffffffffffffe00;ioctl;0x76e32cc54704;0x76e32cb227b2;0x76e32cafcafd;0x76e32cad58f8;0x76e32cb146d2;cuInit;init();_dl_init;_dl_start_user;|0xffffffffffffff80;0xffffffffbbeda708;0xffffffffbbeda7f9;0xffffffffbace87a0;0xffffffffbae2b990;0xffffffffbaddbaaa;0xffffffffbbee418f;0xffffffffbbee4709;0xffffffffc2acd268;0xffffffffc2b405cd;0xffffffffc2b40f34;0xffffffffc2b3d7fe;0xffffffffc2afd9e3;0xffffffffc2affc93;0xffffffffc2ae5350;0xffffffffc2ae7837;0xffffffffc2aedef0;0xffffffffc2ae92b3;0xffffffffc2ad0867;0xffffffffc2ad14cb;0xffffffffc2ad15ba;0xffffffffbb1dde74;0xffffffffbac83f9e;0xffffffffbbed678e;0xffffffffbaa0012b;0xfffffffffffffe00;ioctl;0x76e32cc54704;0x76e32cb227b2;0x76e32cafcafd;0x76e32cad58f8;0x76e32cb146d2;cuInit;init();_dl_init;_dl_start_user;|, 25.589551, 66.67, 32.520000
2025-11-25T20:44:43.672441Z, ί²λυ, 31.460061, 300.00, 32.520000
2025-11-25T20:44:43.679271Z, 0xfffffffffffffe00;0x57203a;_PyDict_GetItem_KnownHash;0x59bc0f;0x599f00;0x5994d7;_PyObject_MakeTpCall;PyObject_VectorcallDict;0x5d1fdb;0x5818ed;PyObject_Vectorcall;_PyEval_EvalFrameDefault;PyEval_EvalCode;0x5d2bac;_PyEval_EvalFrameDefault;0x54a0c7;PyObject_CallMethodObjArgs;PyImport_ImportModuleLevelObject;_PyEval_EvalFrameDefault;PyEval_EvalCode;0x5d2bac;0x5818ed;_PyEval_EvalFrameDefault;0x54a0c7;PyObject_CallMethodObjArgs;PyImport_ImportModuleLevelObject;0x5d2ef4;0x5818ed;PyObject_CallFunction;PyImport_Import;PyImport_ImportModule;0x69c85f;_PyCodec_Lookup;0x67e047;0x67df00;0x6afdf5;0x6afcf4;Py_InitializeFromConfig;0x6bbb15;0x6bba45;Py_BytesMain;__libc_start_call_main;__libc_start_main@@GLIBC_2.34;_start;|, 31.100630, 400.00, 32.520000
2025-11-25T20:44:43.685647Z, 0xfffffffffffffe00;PyUnicode_InternInPlace;_PyCode_New;0x60292d;0x602531;0x602793;0x604dd4;_PyEval_EvalFrameDefault;0x54a0c7;PyObject_CallMethodObjArgs;PyImport_ImportModuleLevelObject;_PyEval_EvalFrameDefault;PyEval_EvalCode;0x5d2bac;0x5818ed;_PyEval_EvalFrameDefault;0x54a0c7;PyObject_CallMethodObjArgs;PyImport_ImportModuleLevelObject;_PyEval_EvalFrameDefault;PyEval_EvalCode;0x607fc2;0x6b4393;_PyRun_SimpleFileObject;_PyRun_AnyFileObject;Py_RunMain;Py_BytesMain;__libc_start_call_main;__libc_start_main@@GLIBC_2.34;_start;|, 34.830710, 400.00, 32.520000
2025-11-25T20:44:43.692172Z, 0xfffffffffffffe00;0x61cf78;0x61c1d6;0x61bbc1;0x5fba23;_PyEval_EvalFrameDefault;PyEval_EvalCode;PyRun_StringFlags;0x69b860;_PyEval_EvalFrameDefault;PyEval_EvalCode;0x5d2bac;0x5818ed;_PyEval_EvalFrameDefault;0x54a0c7;PyObject_CallMethodObjArgs;PyImport_ImportModuleLevelObject;_PyEval_EvalFrameDefault;PyEval_EvalCode;0x5d2bac;0x5818ed;_PyEval_EvalFrameDefault;0x54a0c7;PyObject_CallMethodObjArgs;PyImport_ImportModuleLevelObject;_PyEval_EvalFrameDefault;PyEval_EvalCode;0x607fc2;0x6b4393;_PyRun_SimpleFileObject;_PyRun_AnyFileObject;Py_RunMain;Py_BytesMain;__libc_start_call_main;__libc_start_main@@GLIBC_2.34;_start;|, 24.632697, 0.00, 32.520000
2025-11-25T20:44:43.699318Z, 0xfffffffffffffe00;0x593075;0x597ba7;0x6dc477;PyModule_ExecDef;0x5fcd97;0x581982;_PyEval_EvalFrameDefault;0x54a0c7;PyObject_CallMethodObjArgs;PyImport_ImportModuleLevelObject;_PyEval_EvalFrameDefault;PyEval_EvalCode;0x5d2bac;0x5818ed;_PyEval_EvalFrameDefault;0x54a0c7;PyObject_CallMethodObjArgs;PyImport_ImportModuleLevelObject;_PyEval_EvalFrameDefault;PyEval_EvalCode;0x5d2bac;0x5818ed;_PyEval_EvalFrameDefault;0x54a0c7;PyObject_CallMethodObjArgs;PyImport_ImportModuleLevelObject;_PyEval_EvalFrameDefault;PyEval_EvalCode;0x5d2bac;0x5818ed;_PyEval_EvalFrameDefault;0x54a0c7;PyObject_CallMethodObjArgs;PyImport_ImportModuleLevelObject;_PyEval_EvalFrameDefault;PyEval_EvalCode;0x5d2bac;0x5818ed;_PyEval_EvalFrameDefault;0x54a0c7;PyObject_CallMethodObjArgs;PyImport_ImportModuleLevelObject;_PyEval_EvalFrameDefault;PyEval_EvalCode;0x607fc2;0x6b4393;_PyRun_SimpleFileObject;_PyRun_AnyFileObject;Py_RunMain;Py_BytesMain;__libc_start_call_main;__libc_start_main@@GLIBC_2.34;_start;|, 31.648163, 0.00, 32.520000
2025-11-25T20:44:43.704486Z, ί²λυ, 28.232002, 100.00, 32.520000
2025-11-25T20:44:43.711143Z, 0xfffffffffffffe00;0x76e3134a5548;0x76e31348d293;0x76e31348d81c;0x76e31348daca;0x76e311dfa520;0x76e3164b2876;0x76e311c1e013;_dl_init;_dl_catch_exception;dl_open_worker;_dl_catch_exception;_dl_open;dlopen_doit;_dl_catch_exception;_dl_catch_error;_dlerror_run;dlopen@GLIBC_2.2.5;0x76e33284e90a;0x581a90;_PyObject_MakeTpCall;_PyEval_EvalFrameDefault;_PyObject_Call_Prepend;0x59da4f;0x599513;_PyObject_MakeTpCall;_PyEval_EvalFrameDefault;PyEval_EvalCode;0x5d2bac;0x5818ed;_PyEval_EvalFrameDefault;0x54a0c7;PyObject_CallMethodObjArgs;PyImport_ImportModuleLevelObject;_PyEval_EvalFrameDefault;PyEval_EvalCode;0x607fc2;0x6b4393;_PyRun_SimpleFileObject;_PyRun_AnyFileObject;Py_RunMain;Py_BytesMain;__libc_start_call_main;__libc_start_main@@GLIBC_2.34;_start;|, 27.288483, 0.00, 32.520000
2025-11-25T20:44:43.716329Z, ί²λυ, 28.087172, 50.00, 32.520000
2025-11-25T20:44:43.723071Z, 0xfffffffffffffe00;do_lookup_x;_dl_lookup_symbol_x;_dl_relocate_object;dl_open_worker_begin;_dl_catch_exception;dl_open_worker;_dl_catch_exception;_dl_open;dlopen_doit;_dl_catch_exception;_dl_catch_error;_dlerror_run;dlopen@GLIBC_2.2.5;0x6bb9ac;0x6a8afa;0x6a8282;0x581b07;_PyEval_EvalFrameDefault;0x54a0c7;PyObject_CallMethodObjArgs;PyImport_ImportModuleLevelObject;_PyEval_EvalFrameDefault;PyEval_EvalCode;0x5d2bac;0x5818ed;_PyEval_EvalFrameDefault;0x54a0c7;PyObject_CallMethodObjArgs;PyImport_ImportModuleLevelObject;_PyEval_EvalFrameDefault;PyEval_EvalCode;0x607fc2;0x6b4393;_PyRun_SimpleFileObject;_PyRun_AnyFileObject;Py_RunMain;Py_BytesMain;__libc_start_call_main;__libc_start_main@@GLIBC_2.34;_start;|, 30.439766, 0.00, 32.520000
2025-11-25T20:44:43.729881Z, 0xfffffffffffffe00;do_lookup_x;_dl_lookup_symbol_x;_dl_relocate_object;dl_open_worker_begin;_dl_catch_exception;dl_open_worker;_dl_catch_exception;_dl_open;dlopen_doit;_dl_catch_exception;_dl_catch_error;_dlerror_run;dlopen@GLIBC_2.2.5;0x6bb9ac;0x6a8afa;0x6a8282;0x581b07;_PyEval_EvalFrameDefault;0x54a0c7;PyObject_CallMethodObjArgs;PyImport_ImportModuleLevelObject;_PyEval_EvalFrameDefault;PyEval_EvalCode;0x5d2bac;0x5818ed;_PyEval_EvalFrameDefault;0x54a0c7;PyObject_CallMethodObjArgs;PyImport_ImportModuleLevelObject;_PyEval_EvalFrameDefault;PyEval_EvalCode;0x607fc2;0x6b4393;_PyRun_SimpleFileObject;_PyRun_AnyFileObject;Py_RunMain;Py_BytesMain;__libc_start_call_main;__libc_start_main@@GLIBC_2.34;_start;|, 32.289910, 100.00, 32.520000
2025-11-25T20:44:43.736594Z, 0xfffffffffffffe00;_dl_relocate_object;dl_open_worker_begin;_dl_catch_exception;dl_open_worker;_dl_catch_exception;_dl_open;dlopen_doit;_dl_catch_exception;_dl_catch_error;_dlerror_run;dlopen@GLIBC_2.2.5;0x6bb9ac;0x6a8afa;0x6a8282;0x581b07;_PyEval_EvalFrameDefault;0x54a0c7;PyObject_CallMethodObjArgs;PyImport_ImportModuleLevelObject;_PyEval_EvalFrameDefault;PyEval_EvalCode;0x5d2bac;0x5818ed;_PyEval_EvalFrameDefault;0x54a0c7;PyObject_CallMethodObjArgs;PyImport_ImportModuleLevelObject;_PyEval_EvalFrameDefault;PyEval_EvalCode;0x607fc2;0x6b4393;_PyRun_SimpleFileObject;_PyRun_AnyFileObject;Py_RunMain;Py_BytesMain;__libc_start_call_main;__libc_start_main@@GLIBC_2.34;_start;|, 27.392985, 0.00, 32.520000
2025-11-25T20:44:43.741812Z, , 26.060004, 100.00, 32.520000
2025-11-25T20:44:43.748584Z, 0xfffffffffffffe00;_dl_lookup_symbol_x;_dl_relocate_object;dl_open_worker_begin;_dl_catch_exception;dl_open_worker;_dl_catch_exception;_dl_open;dlopen_doit;_dl_catch_exception;_dl_catch_error;_dlerror_run;dlopen@GLIBC_2.2.5;0x6bb9ac;0x6a8afa;0x6a8282;0x581b07;_PyEval_EvalFrameDefault;0x54a0c7;PyObject_CallMethodObjArgs;PyImport_ImportModuleLevelObject;_PyEval_EvalFrameDefault;PyEval_EvalCode;0x5d2bac;0x5818ed;_PyEval_EvalFrameDefault;0x54a0c7;PyObject_CallMethodObjArgs;PyImport_ImportModuleLevelObject;_PyEval_EvalFrameDefault;PyEval_EvalCode;0x607fc2;0x6b4393;_PyRun_SimpleFileObject;_PyRun_AnyFileObject;Py_RunMain;Py_BytesMain;__libc_start_call_main;__libc_start_main@@GLIBC_2.34;_start;|, 26.924629, 100.00, 32.520000
2025-11-25T20:44:43.755382Z, 0xfffffffffffffe00;_dl_relocate_object;dl_open_worker_begin;_dl_catch_exception;dl_open_worker;_dl_catch_exception;_dl_open;dlopen_doit;_dl_catch_exception;_dl_catch_error;_dlerror_run;dlopen@GLIBC_2.2.5;0x6bb9ac;0x6a8afa;0x6a8282;0x581b07;_PyEval_EvalFrameDefault;0x54a0c7;PyObject_CallMethodObjArgs;PyImport_ImportModuleLevelObject;_PyEval_EvalFrameDefault;PyEval_EvalCode;0x5d2bac;0x5818ed;_PyEval_EvalFrameDefault;0x54a0c7;PyObject_CallMethodObjArgs;PyImport_ImportModuleLevelObject;_PyEval_EvalFrameDefault;PyEval_EvalCode;0x607fc2;0x6b4393;_PyRun_SimpleFileObject;_PyRun_AnyFileObject;Py_RunMain;Py_BytesMain;__libc_start_call_main;__libc_start_main@@GLIBC_2.34;_start;|, 29.573174, 200.00, 32.520000
2025-11-25T20:44:43.760596Z, , 27.764158, 300.00, 32.520000
2025-11-25T20:44:43.767363Z, 0xfffffffffffffe00;do_lookup_x;_dl_lookup_symbol_x;_dl_relocate_object;dl_open_worker_begin;_dl_catch_exception;dl_open_worker;_dl_catch_exception;_dl_open;dlopen_doit;_dl_catch_exception;_dl_catch_error;_dlerror_run;dlopen@GLIBC_2.2.5;0x6bb9ac;0x6a8afa;0x6a8282;0x581b07;_PyEval_EvalFrameDefault;0x54a0c7;PyObject_CallMethodObjArgs;PyImport_ImportModuleLevelObject;_PyEval_EvalFrameDefault;PyEval_EvalCode;0x5d2bac;0x5818ed;_PyEval_EvalFrameDefault;0x54a0c7;PyObject_CallMethodObjArgs;PyImport_ImportModuleLevelObject;_PyEval_EvalFrameDefault;PyEval_EvalCode;0x607fc2;0x6b4393;_PyRun_SimpleFileObject;_PyRun_AnyFileObject;Py_RunMain;Py_BytesMain;__libc_start_call_main;__libc_start_main@@GLIBC_2.34;_start;|, 26.546116, 0.00, 32.520000
2025-11-25T20:44:43.772585Z, , 25.662860, 100.00, 32.520000
2025-11-25T20:44:43.779351Z, 0xfffffffffffffe00;do_lookup_x;_dl_lookup_symbol_x;_dl_relocate_object;dl_open_worker_begin;_dl_catch_exception;dl_open_worker;_dl_catch_exception;_dl_open;dlopen_doit;_dl_catch_exception;_dl_catch_error;_dlerror_run;dlopen@GLIBC_2.2.5;0x6bb9ac;0x6a8afa;0x6a8282;0x581b07;_PyEval_EvalFrameDefault;0x54a0c7;PyObject_CallMethodObjArgs;PyImport_ImportModuleLevelObject;_PyEval_EvalFrameDefault;PyEval_EvalCode;0x5d2bac;0x5818ed;_PyEval_EvalFrameDefault;0x54a0c7;PyObject_CallMethodObjArgs;PyImport_ImportModuleLevelObject;_PyEval_EvalFrameDefault;PyEval_EvalCode;0x607fc2;0x6b4393;_PyRun_SimpleFileObject;_PyRun_AnyFileObject;Py_RunMain;Py_BytesMain;__libc_start_call_main;__libc_start_main@@GLIBC_2.34;_start;|, 24.684482, 100.00, 32.520000
2025-11-25T20:44:43.784594Z, , 31.704409, 100.00, 32.520000
2025-11-25T20:44:43.791433Z, 0xffffffffffffff80;0xffffffffbae38a6a;0xffffffffbad555dc;0xffffffffbbedd385;0xffffffffbaa00bb7;0xfffffffffffffe00;0x76e21dba06e0;call_init.part.0;_dl_init;_dl_catch_exception;dl_open_worker;_dl_catch_exception;_dl_open;dlopen_doit;_dl_catch_exception;_dl_catch_error;_dlerror_run;dlopen@GLIBC_2.2.5;0x6bb9ac;0x6a8afa;0x6a8282;0x581b07;_PyEval_EvalFrameDefault;0x54a0c7;PyObject_CallMethodObjArgs;PyImport_ImportModuleLevelObject;_PyEval_EvalFrameDefault;PyEval_EvalCode;0x5d2bac;0x5818ed;_PyEval_EvalFrameDefault;0x54a0c7;PyObject_CallMethodObjArgs;PyImport_ImportModuleLevelObject;_PyEval_EvalFrameDefault;PyEval_EvalCode;0x607fc2;0x6b4393;_PyRun_SimpleFileObject;_PyRun_AnyFileObject;Py_RunMain;Py_BytesMain;__libc_start_call_main;__libc_start_main@@GLIBC_2.34;_start;|, 21.581030, 0.00, 32.520000
2025-11-25T20:44:43.796669Z, , 30.357500, 100.00, 32.520000
2025-11-25T20:44:43.803488Z, 0xffffffffffffff80;0xffffffffbb0e2333;0xffffffffbad555dc;0xffffffffbbedd385;0xffffffffbaa00bb7;0xfffffffffffffe00;0x76e21dd34b84;call_init.part.0;_dl_init;_dl_catch_exception;dl_open_worker;_dl_catch_exception;_dl_open;dlopen_doit;_dl_catch_exception;_dl_catch_error;_dlerror_run;dlopen@GLIBC_2.2.5;0x6bb9ac;0x6a8afa;0x6a8282;0x581b07;_PyEval_EvalFrameDefault;0x54a0c7;PyObject_CallMethodObjArgs;PyImport_ImportModuleLevelObject;_PyEval_EvalFrameDefault;PyEval_EvalCode;0x5d2bac;0x5818ed;_PyEval_EvalFrameDefault;0x54a0c7;PyObject_CallMethodObjArgs;PyImport_ImportModuleLevelObject;_PyEval_EvalFrameDefault;PyEval_EvalCode;0x607fc2;0x6b4393;_PyRun_SimpleFileObject;_PyRun_AnyFileObject;Py_RunMain;Py_BytesMain;__libc_start_call_main;__libc_start_main@@GLIBC_2.34;_start;|, 21.693995, 0.00, 32.520000
2025-11-25T20:44:43.810291Z, 0xffffffffffffff80;0xffffffffbb104569;0xffffffffbb0f17e7;0xffffffffbb0f1fcc;0xffffffffbb0f2229;0xffffffffbad55662;0xffffffffbbedd385;0xffffffffbaa00bb7;0xfffffffffffffe00;0x76e277e9b4b0;_dl_init;_dl_catch_exception;dl_open_worker;_dl_catch_exception;_dl_open;dlopen_doit;_dl_catch_exception;_dl_catch_error;_dlerror_run;dlopen@GLIBC_2.2.5;0x6bb9ac;0x6a8afa;0x6a8282;0x581b07;_PyEval_EvalFrameDefault;0x54a0c7;PyObject_CallMethodObjArgs;PyImport_ImportModuleLevelObject;_PyEval_EvalFrameDefault;PyEval_EvalCode;0x5d2bac;0x5818ed;_PyEval_EvalFrameDefault;0x54a0c7;PyObject_CallMethodObjArgs;PyImport_ImportModuleLevelObject;_PyEval_EvalFrameDefault;PyEval_EvalCode;0x607fc2;0x6b4393;_PyRun_SimpleFileObject;_PyRun_AnyFileObject;Py_RunMain;Py_BytesMain;__libc_start_call_main;__libc_start_main@@GLIBC_2.34;_start;|, 29.323406, 0.00, 32.520000
2025-11-25T20:44:43.815519Z, , 28.181181, 0.00, 32.520000
2025-11-25T20:44:43.820788Z, 0xfffffffffffffe00;0x76e31c4bb783;|, 25.266205, 0.00, 32.520000
2025-11-25T20:44:43.826030Z, 0xfffffffffffffe00;0x76e2f845be00;0xa;0x7466;|, 28.506075, 0.00, 32.520000
2025-11-25T20:44:43.831276Z, , 23.364876, 100.00, 32.520000
2025-11-25T20:44:43.836513Z, 0xfffffffffffffe00;0x76e32893cb4d;0xc;0x5f636e75;|, 25.984514, 0.00, 32.520000
2025-11-25T20:44:43.841730Z, , 26.913765, 0.00, 32.520000
2025-11-25T20:44:43.846985Z, 0xfffffffffffffe00;0x76e32893c67f;0x24;0x68635f6c61696365;|, 24.664668, 100.00, 32.520000
2025-11-25T20:44:43.852380Z, 0xfffffffffffffe00;0x76e2f846c810;|, 23.824998, 0.00, 32.520000
2025-11-25T20:44:43.857566Z, , 29.520975, 100.00, 32.520000
2025-11-25T20:44:43.862763Z, 0xfffffffffffffe00;0x76e2f8f04d87;|, 29.506230, 0.00, 32.520000
2025-11-25T20:44:43.867959Z, , 22.269997, 100.00, 32.520000
2025-11-25T20:44:43.873173Z, 0xfffffffffffffe00;0x76e2f8f01da0;0x76e2f8f02668;0x367e05c0;0x4;0x53;|, 28.455830, 0.00, 32.520000
2025-11-25T20:44:43.878389Z, , 28.760257, 100.00, 32.520000
2025-11-25T20:44:43.883637Z, 0xfffffffffffffe00;0x76e2f844fd10;0x0;|, 23.614336, 0.00, 32.520000
2025-11-25T20:44:43.888830Z, , 25.840597, 0.00, 32.520000
2025-11-25T20:44:43.894510Z, 0xffffffffffffff80;0xffffffffbbeb3852;0xffffffffbbeb3e25;0xffffffffbb0f8410;0xffffffffbb0f85f2;0xffffffffbac8486f;0xffffffffbbed678e;0xffffffffbaa0012b;0xfffffffffffffe00;brk;__default_morecore@GLIBC_2.2.5;_int_malloc;__libc_malloc;0x76e31c4bb904;0x76e2f8ea4a8b;0x76e2f8ecc8d4;0x0;0x76e2f8bfaeb5;0x7fffec1fcf80;|, 30.364573, 0.00, 32.520000
2025-11-25T20:44:43.899711Z, , 28.289346, 0.00, 32.520000
2025-11-25T20:44:43.904929Z, 0xfffffffffffffe00;0x76e2f8e8b0de;0x1f;0x726f6365725f3a3a;|, 22.224312, 0.00, 32.520000
2025-11-25T20:44:43.910157Z, , 28.225983, 0.00, 32.520000
2025-11-25T20:44:43.915358Z, , 25.034836, 100.00, 32.520000
2025-11-25T20:44:43.922103Z, 0xfffffffffffffe00;0x76e328a273d0;0x76e328a2797e;0x76e328a22af6;0x76e2bc46dcef;_dl_init;_dl_catch_exception;dl_open_worker;_dl_catch_exception;_dl_open;dlopen_doit;_dl_catch_exception;_dl_catch_error;_dlerror_run;dlopen@GLIBC_2.2.5;0x6bb9ac;0x6a8afa;0x6a8282;0x581b07;_PyEval_EvalFrameDefault;0x54a0c7;PyObject_CallMethodObjArgs;PyImport_ImportModuleLevelObject;_PyEval_EvalFrameDefault;PyEval_EvalCode;0x5d2bac;0x5818ed;_PyEval_EvalFrameDefault;0x54a0c7;PyObject_CallMethodObjArgs;PyImport_ImportModuleLevelObject;_PyEval_EvalFrameDefault;PyEval_EvalCode;0x607fc2;0x6b4393;_PyRun_SimpleFileObject;_PyRun_AnyFileObject;Py_RunMain;Py_BytesMain;__libc_start_call_main;__libc_start_main@@GLIBC_2.34;_start;|, 24.225902, 0.00, 32.520000
2025-11-25T20:44:43.927288Z, 0xfffffffffffffe00;0x76e2f8e8ed8b;|, 25.886467, 50.00, 32.520000
2025-11-25T20:44:43.932436Z, , 25.263238, 0.00, 32.520000
2025-11-25T20:44:43.939341Z, ί²λυ, 58.824964, 100.00, 32.520000
2025-11-25T20:44:43.953331Z, 0xfffffffffffffe00;_PyEval_EvalFrameDefault;0x54a0c7;PyObject_CallMethodObjArgs;PyImport_ImportModuleLevelObject;_PyEval_EvalFrameDefault;PyEval_EvalCode;0x5d2bac;0x5818ed;_PyEval_EvalFrameDefault;0x54a0c7;PyObject_CallMethodObjArgs;PyImport_ImportModuleLevelObject;_PyEval_EvalFrameDefault;PyEval_EvalCode;0x5d2bac;0x5818ed;_PyEval_EvalFrameDefault;0x54a0c7;PyObject_CallMethodObjArgs;PyImport_ImportModuleLevelObject;0x5d2ef4;0x5818ed;_PyEval_EvalFrameDefault;0x54a0c7;PyObject_CallMethodObjArgs;PyImport_ImportModuleLevelObject;_PyEval_EvalFrameDefault;PyEval_EvalCode;0x5d2bac;0x5818ed;_PyEval_EvalFrameDefault;0x54a0c7;PyObject_CallMethodObjArgs;PyImport_ImportModuleLevelObject;_PyEval_EvalFrameDefault;PyEval_EvalCode;0x5d2bac;0x5818ed;_PyEval_EvalFrameDefault;0x54a0c7;PyObject_CallMethodObjArgs;PyImport_ImportModuleLevelObject;0x5d2ef4;0x5818ed;_PyEval_EvalFrameDefault;0x54a0c7;PyObject_CallMethodObjArgs;PyImport_ImportModuleLevelObject;_PyEval_EvalFrameDefault;PyEval_EvalCode;0x5d2bac;0x5818ed;_PyEval_EvalFrameDefault;0x54a0c7;PyObject_CallMethodObjArgs;PyImport_ImportModuleLevelObject;0x5d2ef4;0x5818ed;_PyEval_EvalFrameDefault;0x54a0c7;PyObject_CallMethodObjArgs;PyImport_ImportModuleLevelObject;_PyEval_EvalFrameDefault;PyEval_EvalCode;0x5d2bac;0x5818ed;_PyEval_EvalFrameDefault;0x54a0c7;PyObject_CallMethodObjArgs;PyImport_ImportModuleLevelObject;_PyEval_EvalFrameDefault;PyEval_EvalCode;0x5d2bac;0x5818ed;_PyEval_EvalFrameDefault;0x54a0c7;PyObject_CallMethodObjArgs;PyImport_ImportModuleLevelObject;0x5d2ef4;0x5818ed;PyObject_CallFunction;PyImport_Import;PyImport_ImportModule;0x76e31d78079f;|, 144.105186, 162.50, 32.520000
2025-11-25T20:44:43.971851Z, 0xfffffffffffffe00;PyIter_Next;0x57c767;0x581b07;PyObject_Vectorcall;_PyEval_EvalFrameDefault;0x64ef83;PyObject_Call;_PyEval_EvalFrameDefault;0x5a0bf5;_PyEval_EvalFrameDefault;PyEval_EvalCode;0x5d2bac;0x5818ed;_PyEval_EvalFrameDefault;0x54a0c7;PyObject_CallMethodObjArgs;PyImport_ImportModuleLevelObject;_PyEval_EvalFrameDefault;PyEval_EvalCode;0x5d2bac;0x5818ed;_PyEval_EvalFrameDefault;0x54a0c7;PyObject_CallMethodObjArgs;PyImport_ImportModuleLevelObject;_PyEval_EvalFrameDefault;PyEval_EvalCode;0x5d2bac;0x5818ed;_PyEval_EvalFrameDefault;0x54a0c7;PyObject_CallMethodObjArgs;PyImport_ImportModuleLevelObject;0x5d2ef4;0x5818ed;_PyEval_EvalFrameDefault;0x54a0c7;PyObject_CallMethodObjArgs;PyImport_ImportModuleLevelObject;_PyEval_EvalFrameDefault;PyEval_EvalCode;0x5d2bac;0x5818ed;_PyEval_EvalFrameDefault;0x54a0c7;PyObject_CallMethodObjArgs;PyImport_ImportModuleLevelObject;_PyEval_EvalFrameDefault;PyEval_EvalCode;0x5d2bac;0x5818ed;_PyEval_EvalFrameDefault;0x54a0c7;PyObject_CallMethodObjArgs;PyImport_ImportModuleLevelObject;0x5d2ef4;0x5818ed;_PyEval_EvalFrameDefault;0x54a0c7;PyObject_CallMethodObjArgs;PyImport_ImportModuleLevelObject;_PyEval_EvalFrameDefault;PyEval_EvalCode;0x5d2bac;0x5818ed;_PyEval_EvalFrameDefault;0x54a0c7;PyObject_CallMethodObjArgs;PyImport_ImportModuleLevelObject;_PyEval_EvalFrameDefault;PyEval_EvalCode;0x5d2bac;0x5818ed;_PyEval_EvalFrameDefault;0x54a0c7;PyObject_CallMethodObjArgs;PyImport_ImportModuleLevelObject;_PyEval_EvalFrameDefault;PyEval_EvalCode;0x5d2bac;0x5818ed;_PyEval_EvalFrameDefault;0x54a0c7;PyObject_CallMethodObjArgs;PyImport_ImportModuleLevelObject;0x5d2ef4;0x5818ed;_PyEval_EvalFrameDefault;0x54a0c7;PyObject_CallMethodObjArgs;PyImport_ImportModuleLevelObject;_PyEval_EvalFrameDefault;PyEval_EvalCode;0x5d2bac;0x5818ed;_PyEval_EvalFrameDefault;0x54a0c7;PyObject_CallMethodObjArgs;PyImport_ImportModuleLevelObject;0x5d2ef4;0x5818ed;_PyEval_EvalFrameDefault;0x54a0c7;PyObject_CallMethodObjArgs;PyImport_ImportModuleLevelObject;_PyEval_EvalFrameDefault;PyEval_EvalCode;0x5d2bac;0x5818ed;_PyEval_EvalFrameDefault;0x54a0c7;PyObject_CallMethodObjArgs;PyImport_ImportModuleLevelObject;0x5d2ef4;0x5818ed;PyObject_CallFunction;PyImport_Import;PyImport_ImportModule;0x76e31d78079f;|, 155.133202, 157.45, 32.520000
2025-11-25T20:44:43.979797Z, 0xfffffffffffffe00;0x602a6e;0x602531;0x602793;0x604dd4;_PyEval_EvalFrameDefault;0x54a0c7;PyObject_CallMethodObjArgs;PyImport_ImportModuleLevelObject;0x5d2ef4;0x5818ed;_PyEval_EvalFrameDefault;0x54a0c7;PyObject_CallMethodObjArgs;PyImport_ImportModuleLevelObject;_PyEval_EvalFrameDefault;PyEval_EvalCode;0x5d2bac;0x5818ed;_PyEval_EvalFrameDefault;0x54a0c7;PyObject_CallMethodObjArgs;PyImport_ImportModuleLevelObject;0x5d2ef4;0x5818ed;_PyEval_EvalFrameDefault;0x54a0c7;PyObject_CallMethodObjArgs;PyImport_ImportModuleLevelObject;_PyEval_EvalFrameDefault;PyEval_EvalCode;0x5d2bac;0x5818ed;_PyEval_EvalFrameDefault;0x54a0c7;PyObject_CallMethodObjArgs;PyImport_ImportModuleLevelObject;0x5d2ef4;0x5818ed;PyObject_CallFunction;PyImport_Import;PyImport_ImportModule;0x76e31d78079f;|0xfffffffffffffe00;0x572068;_PyDict_GetItem_KnownHash;0x598f25;_PyType_Lookup;_PyObject_GenericGetAttrWithDict;PyObject_GetAttr;PyObject_GetAttrString;0x76e31d1b2db2;_Py_NoneStruct;PyInstanceMethod_Type;|, 164.056065, 226.79, 32.520000
2025-11-25T20:44:43.987714Z, 0xfffffffffffffe00;_Py_HashBytes;0x5a61cd;_Py_hashtable_get;PyUnicode_InternInPlace;0x6022cd;0x602531;0x6027ab;0x602531;0x602793;0x604dd4;_PyEval_EvalFrameDefault;0x54a0c7;PyObject_CallMethodObjArgs;PyImport_ImportModuleLevelObject;_PyEval_EvalFrameDefault;PyEval_EvalCode;0x5d2bac;0x5818ed;_PyEval_EvalFrameDefault;0x54a0c7;PyObject_CallMethodObjArgs;PyImport_ImportModuleLevelObject;_PyEval_EvalFrameDefault;PyEval_EvalCode;0x5d2bac;0x5818ed;_PyEval_EvalFrameDefault;0x54a0c7;PyObject_CallMethodObjArgs;PyImport_ImportModuleLevelObject;_PyEval_EvalFrameDefault;PyEval_EvalCode;0x607fc2;0x6b4393;_PyRun_SimpleFileObject;_PyRun_AnyFileObject;Py_RunMain;Py_BytesMain;__libc_start_call_main;__libc_start_main@@GLIBC_2.34;_start;|, 158.539413, 553.57, 32.520000
2025-11-25T20:44:43.993231Z, ί²λυ, 154.961334, 696.15, 29.324000
2025-11-25T20:44:44.000192Z, 0xfffffffffffffe00;0x5a3b04;PyObject_RichCompareBool;0x59171c;_PyEval_EvalFrameDefault;0x64ef83;PyObject_Call;_PyEval_EvalFrameDefault;0x5a0bf5;_PyEval_EvalFrameDefault;0x5d1fa4;0x5818ed;PyObject_Vectorcall;_PyEval_EvalFrameDefault;PyEval_EvalCode;0x5d2bac;0x5818ed;_PyEval_EvalFrameDefault;0x54a0c7;PyObject_CallMethodObjArgs;PyImport_ImportModuleLevelObject;_PyEval_EvalFrameDefault;PyEval_EvalCode;0x5d2bac;0x5818ed;_PyEval_EvalFrameDefault;0x54a0c7;PyObject_CallMethodObjArgs;PyImport_ImportModuleLevelObject;0x5d2ef4;0x5818ed;PyObject_CallFunction;PyImport_Import;PyImport_ImportModule;0x76e31d710574;0x386b0af0;0x76e31dd8e2e0;|, 160.745849, 1237.50, 29.324000
2025-11-25T20:44:44.018332Z, 0xfffffffffffffe00;PyArg_UnpackTuple;0x5a2236;_PyObject_MakeTpCall;_PyEval_EvalFrameDefault;0x5a1d52;PyObject_SetAttr;_PyEval_EvalFrameDefault;_PyObject_Call_Prepend;0x59da4f;0x599513;_PyObject_MakeTpCall;_PyEval_EvalFrameDefault;0x64ef83;PyObject_Call;_PyEval_EvalFrameDefault;0x5a0bf5;_PyEval_EvalFrameDefault;0x5d1fa4;0x5818ed;PyObject_Vectorcall;_PyEval_EvalFrameDefault;PyEval_EvalCode;0x5d2bac;0x5818ed;_PyEval_EvalFrameDefault;0x54a0c7;PyObject_CallMethodObjArgs;PyImport_ImportModuleLevelObject;0x5d2ef4;0x5818ed;_PyEval_EvalFrameDefault;0x54a0c7;PyObject_CallMethodObjArgs;PyImport_ImportModuleLevelObject;_PyEval_EvalFrameDefault;PyEval_EvalCode;0x5d2bac;0x5818ed;_PyEval_EvalFrameDefault;0x54a0c7;PyObject_CallMethodObjArgs;PyImport_ImportModuleLevelObject;0x5d2ef4;0x5818ed;_PyEval_EvalFrameDefault;0x54a0c7;PyObject_CallMethodObjArgs;PyImport_ImportModuleLevelObject;_PyEval_EvalFrameDefault;PyEval_EvalCode;0x5d2bac;0x5818ed;_PyEval_EvalFrameDefault;0x54a0c7;PyObject_CallMethodObjArgs;PyImport_ImportModuleLevelObject;0x5d2ef4;0x5818ed;_PyEval_EvalFrameDefault;0x54a0c7;PyObject_CallMethodObjArgs;PyImport_ImportModuleLevelObject;_PyEval_EvalFrameDefault;PyEval_EvalCode;0x5d2bac;0x5818ed;_PyEval_EvalFrameDefault;0x54a0c7;PyObject_CallMethodObjArgs;PyImport_ImportModuleLevelObject;_PyEval_EvalFrameDefault;PyEval_EvalCode;0x5d2bac;0x5818ed;_PyEval_EvalFrameDefault;0x54a0c7;PyObject_CallMethodObjArgs;PyImport_ImportModuleLevelObject;0x5d2ef4;0x5818ed;_PyEval_EvalFrameDefault;0x54a0c7;PyObject_CallMethodObjArgs;PyImport_ImportModuleLevelObject;_PyEval_EvalFrameDefault;_PyObject_Call_Prepend;0x5a30c8;_PyObject_MakeTpCall;_PyEval_EvalFrameDefault;PyEval_EvalCode;0x5d2bac;0x5818ed;_PyEval_EvalFrameDefault;0x54a0c7;PyObject_CallMethodObjArgs;PyImport_ImportModuleLevelObject;_PyEval_EvalFrameDefault;PyEval_EvalCode;0x5d2bac;0x5818ed;_PyEval_EvalFrameDefault;0x54a0c7;PyObject_CallMethodObjArgs;PyImport_ImportModuleLevelObject;0x5d2ef4;0x5818ed;PyObject_CallFunction;PyImport_Import;PyImport_ImportModule;0x76e31d710574;0x386b0af0;0x76e31dd8e2e0;|, 163.452318, 892.00, 29.324000
2025-11-25T20:44:44.023694Z, 0xfffffffffffffe00;0x572051;PyDict_SetDefault;0x593da9;0x76e31d297a97;0x336c6f6f5078614d;|, 170.794192, 503.64, 29.324000
2025-11-25T20:44:44.029028Z, 0xfffffffffffffe00;PyObject_Free;_PyType_Lookup;0x76e31cf672e1;PyUnicode_Type;|, 145.567318, 1831.25, 29.324000
2025-11-25T20:44:44.034151Z, , 165.500889, 2060.00, 29.324000
2025-11-25T20:44:44.059543Z, 0xfffffffffffffe00;0x61cf78;0x61bbc1;0x5fba23;_PyEval_EvalFrameDefault;0x679493;0x581a6f;_PyObject_MakeTpCall;0x59a0e9;0x5994d7;_PyObject_MakeTpCall;PyObject_VectorcallDict;0x5d1fdb;0x5818ed;PyObject_Vectorcall;_PyEval_EvalFrameDefault;PyEval_EvalCode;0x5d2bac;0x5818ed;_PyEval_EvalFrameDefault;0x54a0c7;PyObject_CallMethodObjArgs;PyImport_ImportModuleLevelObject;_PyEval_EvalFrameDefault;PyEval_EvalCode;0x5d2bac;0x5818ed;_PyEval_EvalFrameDefault;0x54a0c7;PyObject_CallMethodObjArgs;PyImport_ImportModuleLevelObject;_PyEval_EvalFrameDefault;PyEval_EvalCode;0x5d2bac;0x5818ed;_PyEval_EvalFrameDefault;0x54a0c7;PyObject_CallMethodObjArgs;PyImport_ImportModuleLevelObject;_PyEval_EvalFrameDefault;PyEval_EvalCode;0x5d2bac;0x5818ed;_PyEval_EvalFrameDefault;0x54a0c7;PyObject_CallMethodObjArgs;PyImport_ImportModuleLevelObject;_PyEval_EvalFrameDefault;PyEval_EvalCode;0x5d2bac;0x5818ed;_PyEval_EvalFrameDefault;0x54a0c7;PyObject_CallMethodObjArgs;PyImport_ImportModuleLevelObject;0x5d2ef4;0x5818ed;_PyEval_EvalFrameDefault;0x54a0c7;PyObject_CallMethodObjArgs;PyImport_ImportModuleLevelObject;_PyEval_EvalFrameDefault;PyEval_EvalCode;0x5d2bac;0x5818ed;_PyEval_EvalFrameDefault;0x54a0c7;PyObject_CallMethodObjArgs;PyImport_ImportModuleLevelObject;0x5d2ef4;0x5818ed;_PyEval_EvalFrameDefault;0x54a0c7;PyObject_CallMethodObjArgs;PyImport_ImportModuleLevelObject;0x5d2ef4;0x5818ed;_PyEval_EvalFrameDefault;0x54a0c7;PyObject_CallMethodObjArgs;PyImport_ImportModuleLevelObject;_PyEval_EvalFrameDefault;PyEval_EvalCode;0x5d2bac;0x5818ed;_PyEval_EvalFrameDefault;0x54a0c7;PyObject_CallMethodObjArgs;PyImport_ImportModuleLevelObject;_PyEval_EvalFrameDefault;PyEval_EvalCode;0x5d2bac;0x5818ed;_PyEval_EvalFrameDefault;0x54a0c7;PyObject_CallMethodObjArgs;PyImport_ImportModuleLevelObject;_PyEval_EvalFrameDefault;PyEval_EvalCode;0x5d2bac;0x5818ed;_PyEval_EvalFrameDefault;0x54a0c7;PyObject_CallMethodObjArgs;PyImport_ImportModuleLevelObject;0x5d2ef4;0x5818ed;_PyEval_EvalFrameDefault;0x54a0c7;PyObject_CallMethodObjArgs;PyImport_ImportModuleLevelObject;_PyEval_EvalFrameDefault;PyEval_EvalCode;0x5d2bac;0x5818ed;_PyEval_EvalFrameDefault;0x54a0c7;PyObject_CallMethodObjArgs;PyImport_ImportModuleLevelObject;0x5d2ef4;0x5818ed;_PyEval_EvalFrameDefault;0x54a0c7;PyObject_CallMethodObjArgs;PyImport_ImportModuleLevelObject;_PyEval_EvalFrameDefault;PyEval_EvalCode;0x5d2bac;|, 150.203463, 1635.00, 29.324000
2025-11-25T20:44:44.078005Z, 0xfffffffffffffe00;_PyEval_EvalFrameDefault;0x64ef83;PyObject_Call;_PyEval_EvalFrameDefault;0x5a0bf5;_PyEval_EvalFrameDefault;0x64ef83;PyObject_Call;_PyEval_EvalFrameDefault;0x5a0bf5;_PyEval_EvalFrameDefault;PyEval_EvalCode;0x5d2bac;0x5818ed;_PyEval_EvalFrameDefault;0x54a0c7;PyObject_CallMethodObjArgs;PyImport_ImportModuleLevelObject;_PyEval_EvalFrameDefault;PyEval_EvalCode;0x5d2bac;0x5818ed;_PyEval_EvalFrameDefault;0x54a0c7;PyObject_CallMethodObjArgs;PyImport_ImportModuleLevelObject;0x5d2ef4;0x5818ed;_PyEval_EvalFrameDefault;0x54a0c7;PyObject_CallMethodObjArgs;PyImport_ImportModuleLevelObject;_PyEval_EvalFrameDefault;PyEval_EvalCode;0x5d2bac;0x5818ed;_PyEval_EvalFrameDefault;0x54a0c7;PyObject_CallMethodObjArgs;PyImport_ImportModuleLevelObject;_PyEval_EvalFrameDefault;PyEval_EvalCode;0x5d2bac;0x5818ed;_PyEval_EvalFrameDefault;0x54a0c7;PyObject_CallMethodObjArgs;PyImport_ImportModuleLevelObject;_PyEval_EvalFrameDefault;PyEval_EvalCode;0x5d2bac;0x5818ed;_PyEval_EvalFrameDefault;0x54a0c7;PyObject_CallMethodObjArgs;PyImport_ImportModuleLevelObject;0x5d2ef4;0x5818ed;_PyEval_EvalFrameDefault;0x54a0c7;PyObject_CallMethodObjArgs;PyImport_ImportModuleLevelObject;_PyEval_EvalFrameDefault;PyEval_EvalCode;0x5d2bac;0x5818ed;_PyEval_EvalFrameDefault;0x54a0c7;PyObject_CallMethodObjArgs;PyImport_ImportModuleLevelObject;0x5d2ef4;0x5818ed;_PyEval_EvalFrameDefault;0x54a0c7;PyObject_CallMethodObjArgs;PyImport_ImportModuleLevelObject;_PyEval_EvalFrameDefault;PyEval_EvalCode;0x5d2bac;0x5818ed;_PyEval_EvalFrameDefault;0x54a0c7;PyObject_CallMethodObjArgs;PyImport_ImportModuleLevelObject;_PyEval_EvalFrameDefault;PyEval_EvalCode;0x607fc2;0x6b4393;_PyRun_SimpleFileObject;_PyRun_AnyFileObject;Py_RunMain;Py_BytesMain;__libc_start_call_main;__libc_start_main@@GLIBC_2.34;_start;|0xfffffffffffffe00;PyObject_Malloc;PyLong_FromLong;0x60dfd1;0x60a78f;_PyAST_Compile;PyRun_StringFlags;0x5d2c59;_PyEval_EvalFrameDefault;PyEval_EvalCode;0x5d2bac;0x5818ed;_PyEval_EvalFrameDefault;0x54a0c7;PyObject_CallMethodObjArgs;PyImport_ImportModuleLevelObject;_PyEval_EvalFrameDefault;PyEval_EvalCode;0x5d2bac;0x5818ed;_PyEval_EvalFrameDefault;0x54a0c7;PyObject_CallMethodObjArgs;PyImport_ImportModuleLevelObject;_PyEval_EvalFrameDefault;PyEval_EvalCode;0x5d2bac;0x5818ed;_PyEval_EvalFrameDefault;0x54a0c7;PyObject_CallMethodObjArgs;PyImport_ImportModuleLevelObject;_PyEval_EvalFrameDefault;PyEval_EvalCode;0x5d2bac;0x5818ed;_PyEval_EvalFrameDefault;0x54a0c7;PyObject_CallMethodObjArgs;PyImport_ImportModuleLevelObject;_PyEval_EvalFrameDefault;PyEval_EvalCode;0x5d2bac;0x5818ed;_PyEval_EvalFrameDefault;0x54a0c7;PyObject_CallMethodObjArgs;PyImport_ImportModuleLevelObject;0x5d2ef4;0x5818ed;_PyEval_EvalFrameDefault;0x54a0c7;PyObject_CallMethodObjArgs;PyImport_ImportModuleLevelObject;_PyEval_EvalFrameDefault;PyEval_EvalCode;0x5d2bac;0x5818ed;_PyEval_EvalFrameDefault;0x54a0c7;PyObject_CallMethodObjArgs;PyImport_ImportModuleLevelObject;0x5d2ef4;0x5818ed;_PyEval_EvalFrameDefault;0x54a0c7;PyObject_CallMethodObjArgs;PyImport_ImportModuleLevelObject;_PyEval_EvalFrameDefault;PyEval_EvalCode;0x5d2bac;0x5818ed;_PyEval_EvalFrameDefault;0x54a0c7;PyObject_CallMethodObjArgs;PyImport_ImportModuleLevelObject;_PyEval_EvalFrameDefault;PyEval_EvalCode;0x607fc2;0x6b4393;_PyRun_SimpleFileObject;_PyRun_AnyFileObject;Py_RunMain;Py_BytesMain;__libc_start_call_main;__libc_start_main@@GLIBC_2.34;_start;|0xfffffffffffffe00;PyUnicode_InternInPlace;0x5cdff3;0x5ee9e1;0x5ecaae;0x5ec9d8;0x5e4fd9;_PyAST_Compile;PyRun_StringFlags;0x5d2c59;_PyEval_EvalFrameDefault;PyEval_EvalCode;0x5d2bac;0x5818ed;_PyEval_EvalFrameDefault;0x54a0c7;PyObject_CallMethodObjArgs;PyImport_ImportModuleLevelObject;_PyEval_EvalFrameDefault;PyEval_EvalCode;0x5d2bac;0x5818ed;_PyEval_EvalFrameDefault;0x54a0c7;PyObject_CallMethodObjArgs;PyImport_ImportModuleLevelObject;_PyEval_EvalFrameDefault;PyEval_EvalCode;0x5d2bac;0x5818ed;_PyEval_EvalFrameDefault;0x54a0c7;PyObject_CallMethodObjArgs;PyImport_ImportModuleLevelObject;_PyEval_EvalFrameDefault;PyEval_EvalCode;0x5d2bac;0x5818ed;_PyEval_EvalFrameDefault;0x54a0c7;PyObject_CallMethodObjArgs;PyImport_ImportModuleLevelObject;_PyEval_EvalFrameDefault;PyEval_EvalCode;0x5d2bac;0x5818ed;_PyEval_EvalFrameDefault;0x54a0c7;PyObject_CallMethodObjArgs;PyImport_ImportModuleLevelObject;0x5d2ef4;0x5818ed;_PyEval_EvalFrameDefault;0x54a0c7;PyObject_CallMethodObjArgs;PyImport_ImportModuleLevelObject;_PyEval_EvalFrameDefault;PyEval_EvalCode;0x5d2bac;0x5818ed;_PyEval_EvalFrameDefault;0x54a0c7;PyObject_CallMethodObjArgs;PyImport_ImportModuleLevelObject;0x5d2ef4;0x5818ed;_PyEval_EvalFrameDefault;0x54a0c7;PyObject_CallMethodObjArgs;PyImport_ImportModuleLevelObject;_PyEval_EvalFrameDefault;PyEval_EvalCode;0x5d2bac;0x5818ed;_PyEval_EvalFrameDefault;0x54a0c7;PyObject_CallMethodObjArgs;PyImport_ImportModuleLevelObject;_PyEval_EvalFrameDefault;PyEval_EvalCode;0x607fc2;0x6b4393;_PyRun_SimpleFileObject;_PyRun_AnyFileObject;Py_RunMain;Py_BytesMain;__libc_start_call_main;__libc_start_main@@GLIBC_2.34;_start;|, 170.099935, 506.25, 29.324000
2025-11-25T20:44:44.087811Z, 0xffffffffffffff80;0xffffffffbb1f64f9;0xffffffffbb1f6754;0xffffffffbb1c0fe2;0xffffffffbb1c1269;0xffffffffbb1b6f8d;0xffffffffbac846ad;0xffffffffbbed678e;0xffffffffbaa0012b;0xfffffffffffffe00;__close;0x638d6e;0x5522fe;PyObject_VectorcallMethod;0x63abb1;0x5518e1;PyObject_VectorcallMethod;0x637d0a;0x581a90;_PyObject_MakeTpCall;_PyEval_EvalFrameDefault;0x54a0c7;PyObject_CallMethodObjArgs;PyImport_ImportModuleLevelObject;_PyEval_EvalFrameDefault;PyEval_EvalCode;0x5d2bac;0x5818ed;_PyEval_EvalFrameDefault;0x54a0c7;PyObject_CallMethodObjArgs;PyImport_ImportModuleLevelObject;0x5d2ef4;0x5818ed;_PyEval_EvalFrameDefault;0x54a0c7;PyObject_CallMethodObjArgs;PyImport_ImportModuleLevelObject;_PyEval_EvalFrameDefault;PyEval_EvalCode;0x5d2bac;0x5818ed;_PyEval_EvalFrameDefault;0x54a0c7;PyObject_CallMethodObjArgs;PyImport_ImportModuleLevelObject;_PyEval_EvalFrameDefault;PyEval_EvalCode;0x5d2bac;0x5818ed;_PyEval_EvalFrameDefault;0x54a0c7;PyObject_CallMethodObjArgs;PyImport_ImportModuleLevelObject;0x5d2ef4;0x5818ed;_PyEval_EvalFrameDefault;0x54a0c7;PyObject_CallMethodObjArgs;PyImport_ImportModuleLevelObject;_PyEval_EvalFrameDefault;PyEval_EvalCode;0x5d2bac;0x5818ed;_PyEval_EvalFrameDefault;0x54a0c7;PyObject_CallMethodObjArgs;PyImport_ImportModuleLevelObject;_PyEval_EvalFrameDefault;PyEval_EvalCode;0x5d2bac;0x5818ed;_PyEval_EvalFrameDefault;0x54a0c7;PyObject_CallMethodObjArgs;PyImport_ImportModuleLevelObject;_PyEval_EvalFrameDefault;PyEval_EvalCode;0x5d2bac;0x5818ed;_PyEval_EvalFrameDefault;0x54a0c7;PyObject_CallMethodObjArgs;PyImport_ImportModuleLevelObject;0x5d2ef4;0x5818ed;_PyEval_EvalFrameDefault;0x54a0c7;PyObject_CallMethodObjArgs;PyImport_ImportModuleLevelObject;_PyEval_EvalFrameDefault;PyEval_EvalCode;0x5d2bac;0x5818ed;_PyEval_EvalFrameDefault;0x54a0c7;PyObject_CallMethodObjArgs;PyImport_ImportModuleLevelObject;0x5d2ef4;0x5818ed;_PyEval_EvalFrameDefault;0x54a0c7;PyObject_CallMethodObjArgs;PyImport_ImportModuleLevelObject;_PyEval_EvalFrameDefault;PyEval_EvalCode;0x5d2bac;0x5818ed;_PyEval_EvalFrameDefault;0x54a0c7;PyObject_CallMethodObjArgs;PyImport_ImportModuleLevelObject;_PyEval_EvalFrameDefault;PyEval_EvalCode;0x5d2bac;0x5818ed;_PyEval_EvalFrameDefault;0x54a0c7;PyObject_CallMethodObjArgs;PyImport_ImportModuleLevelObject;_PyEval_EvalFrameDefault;PyEval_EvalCode;0x5d2bac;0x5818ed;_PyEval_EvalFrameDefault;0x54a0c7;PyObject_CallMethodObjArgs;PyImport_ImportModuleLevelObject;_PyEval_EvalFrameDefault;|, 76.285956, 2033.33, 29.324000
2025-11-25T20:44:44.097403Z, 0xfffffffffffffe00;0x53a17b;0x537d78;0x5378fd;0x5195fd;0x519594;0x52fb77;0x52ea52;0x52b8cb;0x51d1b1;0x51c807;0x518fbd;PyRun_StringFlags;0x5d2c59;_PyEval_EvalFrameDefault;PyEval_EvalCode;0x5d2bac;0x5818ed;_PyEval_EvalFrameDefault;0x54a0c7;PyObject_CallMethodObjArgs;PyImport_ImportModuleLevelObject;_PyEval_EvalFrameDefault;PyEval_EvalCode;0x5d2bac;0x5818ed;_PyEval_EvalFrameDefault;0x54a0c7;PyObject_CallMethodObjArgs;PyImport_ImportModuleLevelObject;0x5d2ef4;0x5818ed;_PyEval_EvalFrameDefault;0x54a0c7;PyObject_CallMethodObjArgs;PyImport_ImportModuleLevelObject;_PyEval_EvalFrameDefault;PyEval_EvalCode;0x5d2bac;0x5818ed;_PyEval_EvalFrameDefault;0x54a0c7;PyObject_CallMethodObjArgs;PyImport_ImportModuleLevelObject;0x5d2ef4;0x5818ed;_PyEval_EvalFrameDefault;0x54a0c7;PyObject_CallMethodObjArgs;PyImport_ImportModuleLevelObject;_PyEval_EvalFrameDefault;PyEval_EvalCode;0x5d2bac;0x5818ed;_PyEval_EvalFrameDefault;0x54a0c7;PyObject_CallMethodObjArgs;PyImport_ImportModuleLevelObject;_PyEval_EvalFrameDefault;PyEval_EvalCode;0x5d2bac;0x5818ed;_PyEval_EvalFrameDefault;0x54a0c7;PyObject_CallMethodObjArgs;PyImport_ImportModuleLevelObject;_PyEval_EvalFrameDefault;PyEval_EvalCode;0x5d2bac;0x5818ed;_PyEval_EvalFrameDefault;0x54a0c7;PyObject_CallMethodObjArgs;PyImport_ImportModuleLevelObject;_PyEval_EvalFrameDefault;PyEval_EvalCode;0x5d2bac;0x5818ed;_PyEval_EvalFrameDefault;0x54a0c7;PyObject_CallMethodObjArgs;PyImport_ImportModuleLevelObject;0x5d2ef4;0x5818ed;_PyEval_EvalFrameDefault;0x54a0c7;PyObject_CallMethodObjArgs;PyImport_ImportModuleLevelObject;_PyEval_EvalFrameDefault;PyEval_EvalCode;0x5d2bac;0x5818ed;_PyEval_EvalFrameDefault;0x54a0c7;PyObject_CallMethodObjArgs;PyImport_ImportModuleLevelObject;_PyEval_EvalFrameDefault;PyEval_EvalCode;0x5d2bac;0x5818ed;_PyEval_EvalFrameDefault;0x54a0c7;PyObject_CallMethodObjArgs;PyImport_ImportModuleLevelObject;_PyEval_EvalFrameDefault;PyEval_EvalCode;0x5d2bac;0x5818ed;_PyEval_EvalFrameDefault;0x54a0c7;PyObject_CallMethodObjArgs;PyImport_ImportModuleLevelObject;0x5d2ef4;0x5818ed;_PyEval_EvalFrameDefault;0x54a0c7;PyObject_CallMethodObjArgs;PyImport_ImportModuleLevelObject;_PyEval_EvalFrameDefault;PyEval_EvalCode;0x5d2bac;0x5818ed;_PyEval_EvalFrameDefault;0x54a0c7;PyObject_CallMethodObjArgs;PyImport_ImportModuleLevelObject;0x5d2ef4;0x5818ed;|, 51.014646, 14266.67, 29.324000
2025-11-25T20:44:44.109628Z, 0xffffffffffffff80;0xffffffffbb0e1bd6;0xffffffffbad55662;0xffffffffbbedd385;0xffffffffbaa00bb7;0xfffffffffffffe00;PyObject_Malloc;_PyObject_NewVar;_PyCode_New;0x60292d;0x602531;0x602793;0x604dd4;_PyEval_EvalFrameDefault;0x54a0c7;PyObject_CallMethodObjArgs;PyImport_ImportModuleLevelObject;_PyEval_EvalFrameDefault;PyEval_EvalCode;0x5d2bac;0x5818ed;_PyEval_EvalFrameDefault;0x54a0c7;PyObject_CallMethodObjArgs;PyImport_ImportModuleLevelObject;_PyEval_EvalFrameDefault;PyEval_EvalCode;0x5d2bac;0x5818ed;_PyEval_EvalFrameDefault;0x54a0c7;PyObject_CallMethodObjArgs;PyImport_ImportModuleLevelObject;_PyEval_EvalFrameDefault;PyEval_EvalCode;0x5d2bac;0x5818ed;_PyEval_EvalFrameDefault;0x54a0c7;PyObject_CallMethodObjArgs;PyImport_ImportModuleLevelObject;0x5d2ef4;0x5818ed;_PyEval_EvalFrameDefault;0x54a0c7;PyObject_CallMethodObjArgs;PyImport_ImportModuleLevelObject;_PyEval_EvalFrameDefault;PyEval_EvalCode;0x5d2bac;0x5818ed;_PyEval_EvalFrameDefault;0x54a0c7;PyObject_CallMethodObjArgs;PyImport_ImportModuleLevelObject;0x5d2ef4;0x5818ed;_PyEval_EvalFrameDefault;0x54a0c7;PyObject_CallMethodObjArgs;PyImport_ImportModuleLevelObject;_PyEval_EvalFrameDefault;PyEval_EvalCode;0x5d2bac;0x5818ed;_PyEval_EvalFrameDefault;0x54a0c7;PyObject_CallMethodObjArgs;PyImport_ImportModuleLevelObject;_PyEval_EvalFrameDefault;PyEval_EvalCode;0x5d2bac;0x5818ed;_PyEval_EvalFrameDefault;0x54a0c7;PyObject_CallMethodObjArgs;PyImport_ImportModuleLevelObject;0x5d2ef4;0x5818ed;_PyEval_EvalFrameDefault;0x54a0c7;PyObject_CallMethodObjArgs;PyImport_ImportModuleLevelObject;_PyEval_EvalFrameDefault;PyEval_EvalCode;0x5d2bac;0x5818ed;_PyEval_EvalFrameDefault;0x54a0c7;PyObject_CallMethodObjArgs;PyImport_ImportModuleLevelObject;_PyEval_EvalFrameDefault;PyEval_EvalCode;0x5d2bac;0x5818ed;_PyEval_EvalFrameDefault;0x54a0c7;PyObject_CallMethodObjArgs;PyImport_ImportModuleLevelObject;_PyEval_EvalFrameDefault;PyEval_EvalCode;0x5d2bac;0x5818ed;_PyEval_EvalFrameDefault;0x54a0c7;PyObject_CallMethodObjArgs;PyImport_ImportModuleLevelObject;0x5d2ef4;0x5818ed;_PyEval_EvalFrameDefault;0x54a0c7;PyObject_CallMethodObjArgs;PyImport_ImportModuleLevelObject;_PyEval_EvalFrameDefault;PyEval_EvalCode;0x5d2bac;0x5818ed;_PyEval_EvalFrameDefault;0x54a0c7;PyObject_CallMethodObjArgs;PyImport_ImportModuleLevelObject;0x5d2ef4;0x5818ed;_PyEval_EvalFrameDefault;0x54a0c7;PyObject_CallMethodObjArgs;PyImport_ImportModuleLevelObject;_PyEval_EvalFrameDefault;PyEval_EvalCode;|0xfffffffffffffe00;0x572051;_PyDict_GetItem_KnownHash;0x59bc5a;0x599f00;0x5994d7;_PyObject_MakeTpCall;PyObject_VectorcallDict;0x5d1fdb;0x5818ed;PyObject_Vectorcall;_PyEval_EvalFrameDefault;PyEval_EvalCode;0x5d2bac;0x5818ed;_PyEval_EvalFrameDefault;0x54a0c7;PyObject_CallMethodObjArgs;PyImport_ImportModuleLevelObject;_PyEval_EvalFrameDefault;PyEval_EvalCode;0x5d2bac;0x5818ed;_PyEval_EvalFrameDefault;0x54a0c7;PyObject_CallMethodObjArgs;PyImport_ImportModuleLevelObject;_PyEval_EvalFrameDefault;PyEval_EvalCode;0x5d2bac;0x5818ed;_PyEval_EvalFrameDefault;0x54a0c7;PyObject_CallMethodObjArgs;PyImport_ImportModuleLevelObject;0x5d2ef4;0x5818ed;_PyEval_EvalFrameDefault;0x54a0c7;PyObject_CallMethodObjArgs;PyImport_ImportModuleLevelObject;_PyEval_EvalFrameDefault;PyEval_EvalCode;0x5d2bac;0x5818ed;_PyEval_EvalFrameDefault;0x54a0c7;PyObject_CallMethodObjArgs;PyImport_ImportModuleLevelObject;0x5d2ef4;0x5818ed;_PyEval_EvalFrameDefault;0x54a0c7;PyObject_CallMethodObjArgs;PyImport_ImportModuleLevelObject;_PyEval_EvalFrameDefault;PyEval_EvalCode;0x5d2bac;0x5818ed;_PyEval_EvalFrameDefault;0x54a0c7;PyObject_CallMethodObjArgs;PyImport_ImportModuleLevelObject;_PyEval_EvalFrameDefault;PyEval_EvalCode;0x607fc2;0x6b4393;_PyRun_SimpleFileObject;_PyRun_AnyFileObject;Py_RunMain;Py_BytesMain;__libc_start_call_main;__libc_start_main@@GLIBC_2.34;_start;|, 55.968582, 14300.00, 29.324000
2025-11-25T20:44:44.117996Z, 0xfffffffffffffe00;0x5b8cd0;0x54a0c7;PyObject_CallMethodObjArgs;PyImport_ImportModuleLevelObject;0x5d2ef4;0x5818ed;_PyEval_EvalFrameDefault;0x54a0c7;PyObject_CallMethodObjArgs;PyImport_ImportModuleLevelObject;_PyEval_EvalFrameDefault;PyEval_EvalCode;0x5d2bac;0x5818ed;_PyEval_EvalFrameDefault;0x54a0c7;PyObject_CallMethodObjArgs;PyImport_ImportModuleLevelObject;0x5d2ef4;0x5818ed;_PyEval_EvalFrameDefault;0x54a0c7;PyObject_CallMethodObjArgs;PyImport_ImportModuleLevelObject;_PyEval_EvalFrameDefault;PyEval_EvalCode;0x5d2bac;0x5818ed;_PyEval_EvalFrameDefault;0x54a0c7;PyObject_CallMethodObjArgs;PyImport_ImportModuleLevelObject;0x5d2ef4;0x5818ed;_PyEval_EvalFrameDefault;0x54a0c7;PyObject_CallMethodObjArgs;PyImport_ImportModuleLevelObject;_PyEval_EvalFrameDefault;PyEval_EvalCode;0x5d2bac;0x5818ed;_PyEval_EvalFrameDefault;0x54a0c7;PyObject_CallMethodObjArgs;PyImport_ImportModuleLevelObject;0x5d2ef4;0x5818ed;_PyEval_EvalFrameDefault;0x54a0c7;PyObject_CallMethodObjArgs;PyImport_ImportModuleLevelObject;_PyEval_EvalFrameDefault;PyEval_EvalCode;0x5d2bac;0x5818ed;_PyEval_EvalFrameDefault;0x54a0c7;PyObject_CallMethodObjArgs;PyImport_ImportModuleLevelObject;0x5d2ef4;0x5818ed;_PyEval_EvalFrameDefault;0x54a0c7;PyObject_CallMethodObjArgs;PyImport_ImportModuleLevelObject;_PyEval_EvalFrameDefault;PyEval_EvalCode;0x5d2bac;0x5818ed;_PyEval_EvalFrameDefault;0x54a0c7;PyObject_CallMethodObjArgs;PyImport_ImportModuleLevelObject;_PyEval_EvalFrameDefault;PyEval_EvalCode;0x607fc2;0x6b4393;_PyRun_SimpleFileObject;_PyRun_AnyFileObject;Py_RunMain;Py_BytesMain;__libc_start_call_main;__libc_start_main@@GLIBC_2.34;_start;|, 75.978084, 7166.67, 29.324000
2025-11-25T20:44:44.123480Z, , 73.339095, 10775.00, 29.324000
2025-11-25T20:44:44.130507Z, 0xfffffffffffffe00;0x61cf7f;0x59f91d;0x61c1d6;0x61bbc1;0x5fba23;_PyEval_EvalFrameDefault;0x54a0c7;PyObject_CallMethodObjArgs;PyImport_ImportModuleLevelObject;0x5d2ef4;0x5818ed;_PyEval_EvalFrameDefault;0x54a0c7;PyObject_CallMethodObjArgs;PyImport_ImportModuleLevelObject;_PyEval_EvalFrameDefault;PyEval_EvalCode;0x5d2bac;0x5818ed;_PyEval_EvalFrameDefault;0x54a0c7;PyObject_CallMethodObjArgs;PyImport_ImportModuleLevelObject;0x5d2ef4;0x5818ed;_PyEval_EvalFrameDefault;0x54a0c7;PyObject_CallMethodObjArgs;PyImport_ImportModuleLevelObject;_PyEval_EvalFrameDefault;PyEval_EvalCode;0x5d2bac;0x5818ed;_PyEval_EvalFrameDefault;0x54a0c7;PyObject_CallMethodObjArgs;PyImport_ImportModuleLevelObject;_PyEval_EvalFrameDefault;PyEval_EvalCode;0x607fc2;0x6b4393;_PyRun_SimpleFileObject;_PyRun_AnyFileObject;Py_RunMain;Py_BytesMain;__libc_start_call_main;__libc_start_main@@GLIBC_2.34;_start;|, 69.096490, 43100.00, 29.324000
2025-11-25T20:44:44.135624Z, , 57.018956, 43200.00, 29.324000
2025-11-25T20:44:44.142193Z, 0xfffffffffffffe00;_PyEval_EvalFrameDefault;0x54a0c7;PyObject_CallMethodObjArgs;PyImport_ImportModuleLevelObject;_PyEval_EvalFrameDefault;PyEval_EvalCode;0x5d2bac;0x5818ed;_PyEval_EvalFrameDefault;0x54a0c7;PyObject_CallMethodObjArgs;PyImport_ImportModuleLevelObject;0x5d2ef4;0x5818ed;_PyEval_EvalFrameDefault;0x54a0c7;PyObject_CallMethodObjArgs;PyImport_ImportModuleLevelObject;_PyEval_EvalFrameDefault;PyEval_EvalCode;0x5d2bac;0x5818ed;_PyEval_EvalFrameDefault;0x54a0c7;PyObject_CallMethodObjArgs;PyImport_ImportModuleLevelObject;_PyEval_EvalFrameDefault;PyEval_EvalCode;0x607fc2;0x6b4393;_PyRun_SimpleFileObject;_PyRun_AnyFileObject;Py_RunMain;Py_BytesMain;__libc_start_call_main;__libc_start_main@@GLIBC_2.34;_start;|, 60.564132, 21600.00, 29.324000
2025-11-25T20:44:44.149795Z, 0xfffffffffffffe00;_PyEval_EvalFrameDefault;_PyObject_Call_Prepend;0x59da4f;0x599513;_PyObject_MakeTpCall;0x5d1fdb;0x5818ed;PyObject_Vectorcall;_PyEval_EvalFrameDefault;PyEval_EvalCode;0x5d2bac;0x5818ed;_PyEval_EvalFrameDefault;0x54a0c7;PyObject_CallMethodObjArgs;PyImport_ImportModuleLevelObject;_PyEval_EvalFrameDefault;PyEval_EvalCode;0x5d2bac;0x5818ed;_PyEval_EvalFrameDefault;0x54a0c7;PyObject_CallMethodObjArgs;PyImport_ImportModuleLevelObject;_PyEval_EvalFrameDefault;PyEval_EvalCode;0x5d2bac;0x5818ed;_PyEval_EvalFrameDefault;0x54a0c7;PyObject_CallMethodObjArgs;PyImport_ImportModuleLevelObject;_PyEval_EvalFrameDefault;PyEval_EvalCode;0x5d2bac;0x5818ed;_PyEval_EvalFrameDefault;0x54a0c7;PyObject_CallMethodObjArgs;PyImport_ImportModuleLevelObject;0x5d2ef4;0x5818ed;_PyEval_EvalFrameDefault;0x54a0c7;PyObject_CallMethodObjArgs;PyImport_ImportModuleLevelObject;_PyEval_EvalFrameDefault;PyEval_EvalCode;0x5d2bac;0x5818ed;_PyEval_EvalFrameDefault;0x54a0c7;PyObject_CallMethodObjArgs;PyImport_ImportModuleLevelObject;_PyEval_EvalFrameDefault;PyEval_EvalCode;0x607fc2;0x6b4393;_PyRun_SimpleFileObject;_PyRun_AnyFileObject;Py_RunMain;Py_BytesMain;__libc_start_call_main;__libc_start_main@@GLIBC_2.34;_start;|, 49.081273, 21650.00, 29.324000
2025-11-25T20:44:44.156882Z, 0xfffffffffffffe00;_Py_hashtable_get;PyUnicode_InternInPlace;0x6022cd;0x60280b;0x602531;0x602793;0x602531;0x602793;0x604dd4;_PyEval_EvalFrameDefault;0x54a0c7;PyObject_CallMethodObjArgs;PyImport_ImportModuleLevelObject;_PyEval_EvalFrameDefault;PyEval_EvalCode;0x5d2bac;0x5818ed;_PyEval_EvalFrameDefault;0x54a0c7;PyObject_CallMethodObjArgs;PyImport_ImportModuleLevelObject;_PyEval_EvalFrameDefault;PyEval_EvalCode;0x5d2bac;0x5818ed;_PyEval_EvalFrameDefault;0x54a0c7;PyObject_CallMethodObjArgs;PyImport_ImportModuleLevelObject;0x5d2ef4;0x5818ed;_PyEval_EvalFrameDefault;0x54a0c7;PyObject_CallMethodObjArgs;PyImport_ImportModuleLevelObject;_PyEval_EvalFrameDefault;PyEval_EvalCode;0x5d2bac;0x5818ed;_PyEval_EvalFrameDefault;0x54a0c7;PyObject_CallMethodObjArgs;PyImport_ImportModuleLevelObject;_PyEval_EvalFrameDefault;PyEval_EvalCode;0x607fc2;0x6b4393;_PyRun_SimpleFileObject;_PyRun_AnyFileObject;Py_RunMain;Py_BytesMain;__libc_start_call_main;__libc_start_main@@GLIBC_2.34;_start;|, 50.438005, 43300.00, 29.324000
2025-11-25T20:44:44.162106Z, , 54.625452, 21750.00, 29.324000
2025-11-25T20:44:44.171431Z, 0xfffffffffffffe00;_PyEval_EvalFrameDefault;0x64ef83;PyObject_Call;_PyEval_EvalFrameDefault;0x5a0bf5;_PyEval_EvalFrameDefault;0x64ef83;PyObject_Call;_PyEval_EvalFrameDefault;0x5a0bf5;_PyEval_EvalFrameDefault;0x5d1fa4;0x5818ed;PyObject_Vectorcall;_PyEval_EvalFrameDefault;PyEval_EvalCode;0x5d2bac;0x5818ed;_PyEval_EvalFrameDefault;0x54a0c7;PyObject_CallMethodObjArgs;PyImport_ImportModuleLevelObject;_PyEval_EvalFrameDefault;PyEval_EvalCode;0x5d2bac;0x5818ed;_PyEval_EvalFrameDefault;0x54a0c7;PyObject_CallMethodObjArgs;PyImport_ImportModuleLevelObject;_PyEval_EvalFrameDefault;PyEval_EvalCode;0x5d2bac;0x5818ed;_PyEval_EvalFrameDefault;0x54a0c7;PyObject_CallMethodObjArgs;PyImport_ImportModuleLevelObject;_PyEval_EvalFrameDefault;PyEval_EvalCode;0x5d2bac;0x5818ed;_PyEval_EvalFrameDefault;0x54a0c7;PyObject_CallMethodObjArgs;PyImport_ImportModuleLevelObject;_PyEval_EvalFrameDefault;PyEval_EvalCode;0x5d2bac;0x5818ed;_PyEval_EvalFrameDefault;0x54a0c7;PyObject_CallMethodObjArgs;PyImport_ImportModuleLevelObject;0x5d2ef4;0x5818ed;_PyEval_EvalFrameDefault;0x54a0c7;PyObject_CallMethodObjArgs;PyImport_ImportModuleLevelObject;0x5d2ef4;0x5818ed;_PyEval_EvalFrameDefault;0x54a0c7;PyObject_CallMethodObjArgs;PyImport_ImportModuleLevelObject;_PyEval_EvalFrameDefault;PyEval_EvalCode;0x5d2bac;0x5818ed;_PyEval_EvalFrameDefault;0x54a0c7;PyObject_CallMethodObjArgs;PyImport_ImportModuleLevelObject;_PyEval_EvalFrameDefault;PyEval_EvalCode;0x5d2bac;0x5818ed;_PyEval_EvalFrameDefault;0x54a0c7;PyObject_CallMethodObjArgs;PyImport_ImportModuleLevelObject;_PyEval_EvalFrameDefault;PyEval_EvalCode;0x5d2bac;0x5818ed;_PyEval_EvalFrameDefault;0x54a0c7;PyObject_CallMethodObjArgs;PyImport_ImportModuleLevelObject;0x5d2ef4;0x5818ed;_PyEval_EvalFrameDefault;0x54a0c7;PyObject_CallMethodObjArgs;PyImport_ImportModuleLevelObject;_PyEval_EvalFrameDefault;PyEval_EvalCode;0x5d2bac;0x5818ed;_PyEval_EvalFrameDefault;0x54a0c7;PyObject_CallMethodObjArgs;PyImport_ImportModuleLevelObject;_PyEval_EvalFrameDefault;PyEval_EvalCode;0x607fc2;0x6b4393;_PyRun_SimpleFileObject;_PyRun_AnyFileObject;Py_RunMain;Py_BytesMain;__libc_start_call_main;__libc_start_main@@GLIBC_2.34;_start;|, 39.041385, 43500.00, 29.324000
2025-11-25T20:44:44.178241Z, 0xfffffffffffffe00;0x5720e2;0x572ccb;_PyEval_EvalFrameDefault;PyEval_EvalCode;0x5d2bac;0x5818ed;_PyEval_EvalFrameDefault;0x54a0c7;PyObject_CallMethodObjArgs;PyImport_ImportModuleLevelObject;_PyEval_EvalFrameDefault;PyEval_EvalCode;0x5d2bac;0x5818ed;_PyEval_EvalFrameDefault;0x54a0c7;PyObject_CallMethodObjArgs;PyImport_ImportModuleLevelObject;0x5d2ef4;0x5818ed;_PyEval_EvalFrameDefault;0x54a0c7;PyObject_CallMethodObjArgs;PyImport_ImportModuleLevelObject;_PyEval_EvalFrameDefault;PyEval_EvalCode;0x5d2bac;0x5818ed;_PyEval_EvalFrameDefault;0x54a0c7;PyObject_CallMethodObjArgs;PyImport_ImportModuleLevelObject;_PyEval_EvalFrameDefault;PyEval_EvalCode;0x607fc2;0x6b4393;_PyRun_SimpleFileObject;_PyRun_AnyFileObject;Py_RunMain;Py_BytesMain;__libc_start_call_main;__libc_start_main@@GLIBC_2.34;_start;|, 55.633381, 14533.33, 29.324000
2025-11-25T20:44:44.186778Z, 0xfffffffffffffe00;_PyEval_EvalFrameDefault;0x54a0c7;PyObject_CallMethodObjArgs;PyImport_ImportModuleLevelObject;_PyEval_EvalFrameDefault;PyEval_EvalCode;0x5d2bac;0x5818ed;_PyEval_EvalFrameDefault;0x54a0c7;PyObject_CallMethodObjArgs;PyImport_ImportModuleLevelObject;0x5d2ef4;0x5818ed;_PyEval_EvalFrameDefault;0x54a0c7;PyObject_CallMethodObjArgs;PyImport_ImportModuleLevelObject;_PyEval_EvalFrameDefault;PyEval_EvalCode;0x5d2bac;0x5818ed;_PyEval_EvalFrameDefault;0x54a0c7;PyObject_CallMethodObjArgs;PyImport_ImportModuleLevelObject;_PyEval_EvalFrameDefault;PyEval_EvalCode;0x5d2bac;0x5818ed;_PyEval_EvalFrameDefault;0x54a0c7;PyObject_CallMethodObjArgs;PyImport_ImportModuleLevelObject;_PyEval_EvalFrameDefault;PyEval_EvalCode;0x5d2bac;0x5818ed;_PyEval_EvalFrameDefault;0x54a0c7;PyObject_CallMethodObjArgs;PyImport_ImportModuleLevelObject;0x5d2ef4;0x5818ed;_PyEval_EvalFrameDefault;0x54a0c7;PyObject_CallMethodObjArgs;PyImport_ImportModuleLevelObject;_PyEval_EvalFrameDefault;PyEval_EvalCode;0x5d2bac;0x5818ed;_PyEval_EvalFrameDefault;0x54a0c7;PyObject_CallMethodObjArgs;PyImport_ImportModuleLevelObject;0x5d2ef4;0x5818ed;_PyEval_EvalFrameDefault;0x54a0c7;PyObject_CallMethodObjArgs;PyImport_ImportModuleLevelObject;_PyEval_EvalFrameDefault;PyEval_EvalCode;0x5d2bac;0x5818ed;_PyEval_EvalFrameDefault;0x54a0c7;PyObject_CallMethodObjArgs;PyImport_ImportModuleLevelObject;_PyEval_EvalFrameDefault;PyEval_EvalCode;0x5d2bac;0x5818ed;_PyEval_EvalFrameDefault;0x54a0c7;PyObject_CallMethodObjArgs;PyImport_ImportModuleLevelObject;_PyEval_EvalFrameDefault;PyEval_EvalCode;0x607fc2;0x6b4393;_PyRun_SimpleFileObject;_PyRun_AnyFileObject;Py_RunMain;Py_BytesMain;__libc_start_call_main;__libc_start_main@@GLIBC_2.34;_start;|, 39.782539, 21850.00, 29.324000
2025-11-25T20:44:44.191959Z, , 68.566313, 21850.00, 29.324000
2025-11-25T20:44:44.200131Z, 0xfffffffffffffe00;0x519ec0;0x526854;0x5257d6;0x5253c2;0x524f41;0x52728b;0x51fc65;0x532010;0x52ba1d;0x51d1b1;0x51c807;0x518fbd;PyRun_StringFlags;0x5d2c59;_PyEval_EvalFrameDefault;PyEval_EvalCode;0x5d2bac;0x5818ed;_PyEval_EvalFrameDefault;0x54a0c7;PyObject_CallMethodObjArgs;PyImport_ImportModuleLevelObject;_PyEval_EvalFrameDefault;PyEval_EvalCode;0x5d2bac;0x5818ed;_PyEval_EvalFrameDefault;0x54a0c7;PyObject_CallMethodObjArgs;PyImport_ImportModuleLevelObject;_PyEval_EvalFrameDefault;PyEval_EvalCode;0x5d2bac;0x5818ed;_PyEval_EvalFrameDefault;0x54a0c7;PyObject_CallMethodObjArgs;PyImport_ImportModuleLevelObject;0x5d2ef4;0x5818ed;_PyEval_EvalFrameDefault;0x54a0c7;PyObject_CallMethodObjArgs;PyImport_ImportModuleLevelObject;_PyEval_EvalFrameDefault;PyEval_EvalCode;0x5d2bac;0x5818ed;_PyEval_EvalFrameDefault;0x54a0c7;PyObject_CallMethodObjArgs;PyImport_ImportModuleLevelObject;_PyEval_EvalFrameDefault;PyEval_EvalCode;0x5d2bac;0x5818ed;_PyEval_EvalFrameDefault;0x54a0c7;PyObject_CallMethodObjArgs;PyImport_ImportModuleLevelObject;0x5d2ef4;0x5818ed;_PyEval_EvalFrameDefault;0x54a0c7;PyObject_CallMethodObjArgs;PyImport_ImportModuleLevelObject;_PyEval_EvalFrameDefault;PyEval_EvalCode;0x5d2bac;0x5818ed;_PyEval_EvalFrameDefault;0x54a0c7;PyObject_CallMethodObjArgs;PyImport_ImportModuleLevelObject;_PyEval_EvalFrameDefault;PyEval_EvalCode;0x607fc2;0x6b4393;_PyRun_SimpleFileObject;_PyRun_AnyFileObject;Py_RunMain;Py_BytesMain;__libc_start_call_main;__libc_start_main@@GLIBC_2.34;_start;|, 57.252512, 21900.00, 29.324000
2025-11-25T20:44:44.205244Z, , 53.183797, 43800.00, 29.324000
2025-11-25T20:44:44.216427Z, 0xfffffffffffffe00;0x5ef8a6;0x5ee891;0x5ecaae;0x5ec9d8;0x5e4fd9;_PyAST_Compile;PyRun_StringFlags;0x5d2c59;_PyEval_EvalFrameDefault;PyEval_EvalCode;0x5d2bac;0x5818ed;_PyEval_EvalFrameDefault;0x54a0c7;PyObject_CallMethodObjArgs;PyImport_ImportModuleLevelObject;_PyEval_EvalFrameDefault;PyEval_EvalCode;0x5d2bac;0x5818ed;_PyEval_EvalFrameDefault;0x54a0c7;PyObject_CallMethodObjArgs;PyImport_ImportModuleLevelObject;_PyEval_EvalFrameDefault;PyEval_EvalCode;0x5d2bac;0x5818ed;_PyEval_EvalFrameDefault;0x54a0c7;PyObject_CallMethodObjArgs;PyImport_ImportModuleLevelObject;0x5d2ef4;0x5818ed;_PyEval_EvalFrameDefault;0x54a0c7;PyObject_CallMethodObjArgs;PyImport_ImportModuleLevelObject;_PyEval_EvalFrameDefault;PyEval_EvalCode;0x5d2bac;0x5818ed;_PyEval_EvalFrameDefault;0x54a0c7;PyObject_CallMethodObjArgs;PyImport_ImportModuleLevelObject;0x5d2ef4;0x5818ed;_PyEval_EvalFrameDefault;0x54a0c7;PyObject_CallMethodObjArgs;PyImport_ImportModuleLevelObject;0x5d2ef4;0x5818ed;_PyEval_EvalFrameDefault;0x54a0c7;PyObject_CallMethodObjArgs;PyImport_ImportModuleLevelObject;_PyEval_EvalFrameDefault;PyEval_EvalCode;0x5d2bac;0x5818ed;_PyEval_EvalFrameDefault;0x54a0c7;PyObject_CallMethodObjArgs;PyImport_ImportModuleLevelObject;_PyEval_EvalFrameDefault;PyEval_EvalCode;0x5d2bac;0x5818ed;_PyEval_EvalFrameDefault;0x54a0c7;PyObject_CallMethodObjArgs;PyImport_ImportModuleLevelObject;_PyEval_EvalFrameDefault;PyEval_EvalCode;0x5d2bac;0x5818ed;_PyEval_EvalFrameDefault;0x54a0c7;PyObject_CallMethodObjArgs;PyImport_ImportModuleLevelObject;_PyEval_EvalFrameDefault;PyEval_EvalCode;0x5d2bac;0x5818ed;_PyEval_EvalFrameDefault;0x54a0c7;PyObject_CallMethodObjArgs;PyImport_ImportModuleLevelObject;0x5d2ef4;0x5818ed;_PyEval_EvalFrameDefault;0x54a0c7;PyObject_CallMethodObjArgs;PyImport_ImportModuleLevelObject;_PyEval_EvalFrameDefault;PyEval_EvalCode;0x5d2bac;0x5818ed;_PyEval_EvalFrameDefault;0x54a0c7;PyObject_CallMethodObjArgs;PyImport_ImportModuleLevelObject;_PyEval_EvalFrameDefault;PyEval_EvalCode;0x5d2bac;0x5818ed;_PyEval_EvalFrameDefault;0x54a0c7;PyObject_CallMethodObjArgs;PyImport_ImportModuleLevelObject;0x5d2ef4;0x5818ed;_PyEval_EvalFrameDefault;0x54a0c7;PyObject_CallMethodObjArgs;PyImport_ImportModuleLevelObject;_PyEval_EvalFrameDefault;PyEval_EvalCode;0x5d2bac;0x5818ed;_PyEval_EvalFrameDefault;0x54a0c7;PyObject_CallMethodObjArgs;PyImport_ImportModuleLevelObject;_PyEval_EvalFrameDefault;|, 45.509644, 0.00, 29.324000
2025-11-25T20:44:44.221566Z, , 41.577526, 50.00, 29.324000
2025-11-25T20:44:44.232794Z, 0xfffffffffffffe00;0x5f63dd;0x5f6165;0x5ee875;0x5ecaae;0x5e4fd9;_PyAST_Compile;PyRun_StringFlags;0x5d2c59;_PyEval_EvalFrameDefault;PyEval_EvalCode;0x5d2bac;0x5818ed;_PyEval_EvalFrameDefault;0x54a0c7;PyObject_CallMethodObjArgs;PyImport_ImportModuleLevelObject;_PyEval_EvalFrameDefault;PyEval_EvalCode;0x5d2bac;0x5818ed;_PyEval_EvalFrameDefault;0x54a0c7;PyObject_CallMethodObjArgs;PyImport_ImportModuleLevelObject;_PyEval_EvalFrameDefault;PyEval_EvalCode;0x5d2bac;0x5818ed;_PyEval_EvalFrameDefault;0x54a0c7;PyObject_CallMethodObjArgs;PyImport_ImportModuleLevelObject;0x5d2ef4;0x5818ed;_PyEval_EvalFrameDefault;0x54a0c7;PyObject_CallMethodObjArgs;PyImport_ImportModuleLevelObject;_PyEval_EvalFrameDefault;PyEval_EvalCode;0x5d2bac;0x5818ed;_PyEval_EvalFrameDefault;0x54a0c7;PyObject_CallMethodObjArgs;PyImport_ImportModuleLevelObject;_PyEval_EvalFrameDefault;PyEval_EvalCode;0x5d2bac;0x5818ed;_PyEval_EvalFrameDefault;0x54a0c7;PyObject_CallMethodObjArgs;PyImport_ImportModuleLevelObject;0x5d2ef4;0x5818ed;_PyEval_EvalFrameDefault;0x54a0c7;PyObject_CallMethodObjArgs;PyImport_ImportModuleLevelObject;_PyEval_EvalFrameDefault;PyEval_EvalCode;0x5d2bac;0x5818ed;_PyEval_EvalFrameDefault;0x54a0c7;PyObject_CallMethodObjArgs;PyImport_ImportModuleLevelObject;0x5d2ef4;0x5818ed;_PyEval_EvalFrameDefault;0x54a0c7;PyObject_CallMethodObjArgs;PyImport_ImportModuleLevelObject;0x5d2ef4;0x5818ed;_PyEval_EvalFrameDefault;0x54a0c7;PyObject_CallMethodObjArgs;PyImport_ImportModuleLevelObject;_PyEval_EvalFrameDefault;PyEval_EvalCode;0x5d2bac;0x5818ed;_PyEval_EvalFrameDefault;0x54a0c7;PyObject_CallMethodObjArgs;PyImport_ImportModuleLevelObject;_PyEval_EvalFrameDefault;PyEval_EvalCode;0x5d2bac;0x5818ed;_PyEval_EvalFrameDefault;0x54a0c7;PyObject_CallMethodObjArgs;PyImport_ImportModuleLevelObject;_PyEval_EvalFrameDefault;PyEval_EvalCode;0x5d2bac;0x5818ed;_PyEval_EvalFrameDefault;0x54a0c7;PyObject_CallMethodObjArgs;PyImport_ImportModuleLevelObject;_PyEval_EvalFrameDefault;PyEval_EvalCode;0x5d2bac;0x5818ed;_PyEval_EvalFrameDefault;0x54a0c7;PyObject_CallMethodObjArgs;PyImport_ImportModuleLevelObject;0x5d2ef4;0x5818ed;_PyEval_EvalFrameDefault;0x54a0c7;PyObject_CallMethodObjArgs;PyImport_ImportModuleLevelObject;_PyEval_EvalFrameDefault;PyEval_EvalCode;0x5d2bac;0x5818ed;_PyEval_EvalFrameDefault;0x54a0c7;PyObject_CallMethodObjArgs;PyImport_ImportModuleLevelObject;_PyEval_EvalFrameDefault;|, 32.936729, 200.00, 29.324000
2025-11-25T20:44:44.242240Z, 0xfffffffffffffe00;0x590435;_PyObject_MakeTpCall;_PyEval_EvalFrameDefault;0x5a1d52;PyObject_SetAttr;_PyEval_EvalFrameDefault;_PyObject_Call_Prepend;0x59da4f;0x599513;_PyObject_MakeTpCall;_PyEval_EvalFrameDefault;0x64ef83;PyObject_Call;_PyEval_EvalFrameDefault;0x5a0bf5;_PyEval_EvalFrameDefault;PyEval_EvalCode;0x5d2bac;0x5818ed;_PyEval_EvalFrameDefault;0x54a0c7;PyObject_CallMethodObjArgs;PyImport_ImportModuleLevelObject;_PyEval_EvalFrameDefault;PyEval_EvalCode;0x5d2bac;0x5818ed;_PyEval_EvalFrameDefault;0x54a0c7;PyObject_CallMethodObjArgs;PyImport_ImportModuleLevelObject;_PyEval_EvalFrameDefault;PyEval_EvalCode;0x5d2bac;0x5818ed;_PyEval_EvalFrameDefault;0x54a0c7;PyObject_CallMethodObjArgs;PyImport_ImportModuleLevelObject;0x5d2ef4;0x5818ed;_PyEval_EvalFrameDefault;0x54a0c7;PyObject_CallMethodObjArgs;PyImport_ImportModuleLevelObject;_PyEval_EvalFrameDefault;PyEval_EvalCode;0x5d2bac;0x5818ed;_PyEval_EvalFrameDefault;0x54a0c7;PyObject_CallMethodObjArgs;PyImport_ImportModuleLevelObject;_PyEval_EvalFrameDefault;PyEval_EvalCode;0x5d2bac;0x5818ed;_PyEval_EvalFrameDefault;0x54a0c7;PyObject_CallMethodObjArgs;PyImport_ImportModuleLevelObject;0x5d2ef4;0x5818ed;_PyEval_EvalFrameDefault;0x54a0c7;PyObject_CallMethodObjArgs;PyImport_ImportModuleLevelObject;_PyEval_EvalFrameDefault;PyEval_EvalCode;0x5d2bac;0x5818ed;_PyEval_EvalFrameDefault;0x54a0c7;PyObject_CallMethodObjArgs;PyImport_ImportModuleLevelObject;0x5d2ef4;0x5818ed;_PyEval_EvalFrameDefault;0x54a0c7;PyObject_CallMethodObjArgs;PyImport_ImportModuleLevelObject;0x5d2ef4;0x5818ed;_PyEval_EvalFrameDefault;0x54a0c7;PyObject_CallMethodObjArgs;PyImport_ImportModuleLevelObject;_PyEval_EvalFrameDefault;PyEval_EvalCode;0x5d2bac;0x5818ed;_PyEval_EvalFrameDefault;0x54a0c7;PyObject_CallMethodObjArgs;PyImport_ImportModuleLevelObject;_PyEval_EvalFrameDefault;PyEval_EvalCode;0x5d2bac;0x5818ed;_PyEval_EvalFrameDefault;0x54a0c7;PyObject_CallMethodObjArgs;PyImport_ImportModuleLevelObject;_PyEval_EvalFrameDefault;PyEval_EvalCode;0x5d2bac;0x5818ed;_PyEval_EvalFrameDefault;0x54a0c7;PyObject_CallMethodObjArgs;PyImport_ImportModuleLevelObject;_PyEval_EvalFrameDefault;PyEval_EvalCode;0x5d2bac;0x5818ed;_PyEval_EvalFrameDefault;0x54a0c7;PyObject_CallMethodObjArgs;PyImport_ImportModuleLevelObject;0x5d2ef4;0x5818ed;_PyEval_EvalFrameDefault;0x54a0c7;PyObject_CallMethodObjArgs;PyImport_ImportModuleLevelObject;_PyEval_EvalFrameDefault;PyEval_EvalCode;|, 32.291436, 100.00, 29.324000
2025-11-25T20:44:44.250289Z, 0xfffffffffffffe00;_PyEval_EvalFrameDefault;0x54a0c7;PyObject_CallMethodObjArgs;PyImport_ImportModuleLevelObject;_PyEval_EvalFrameDefault;PyEval_EvalCode;0x5d2bac;0x5818ed;_PyEval_EvalFrameDefault;0x54a0c7;PyObject_CallMethodObjArgs;PyImport_ImportModuleLevelObject;_PyEval_EvalFrameDefault;PyEval_EvalCode;0x5d2bac;0x5818ed;_PyEval_EvalFrameDefault;0x54a0c7;PyObject_CallMethodObjArgs;PyImport_ImportModuleLevelObject;_PyEval_EvalFrameDefault;PyEval_EvalCode;0x5d2bac;0x5818ed;_PyEval_EvalFrameDefault;0x54a0c7;PyObject_CallMethodObjArgs;PyImport_ImportModuleLevelObject;_PyEval_EvalFrameDefault;PyEval_EvalCode;0x5d2bac;0x5818ed;_PyEval_EvalFrameDefault;0x54a0c7;PyObject_CallMethodObjArgs;PyImport_ImportModuleLevelObject;0x5d2ef4;0x5818ed;_PyEval_EvalFrameDefault;0x54a0c7;PyObject_CallMethodObjArgs;PyImport_ImportModuleLevelObject;_PyEval_EvalFrameDefault;PyEval_EvalCode;0x5d2bac;0x5818ed;_PyEval_EvalFrameDefault;0x54a0c7;PyObject_CallMethodObjArgs;PyImport_ImportModuleLevelObject;_PyEval_EvalFrameDefault;PyEval_EvalCode;0x5d2bac;0x5818ed;_PyEval_EvalFrameDefault;0x54a0c7;PyObject_CallMethodObjArgs;PyImport_ImportModuleLevelObject;0x5d2ef4;0x5818ed;_PyEval_EvalFrameDefault;0x54a0c7;PyObject_CallMethodObjArgs;PyImport_ImportModuleLevelObject;_PyEval_EvalFrameDefault;PyEval_EvalCode;0x5d2bac;0x5818ed;_PyEval_EvalFrameDefault;0x54a0c7;PyObject_CallMethodObjArgs;PyImport_ImportModuleLevelObject;_PyEval_EvalFrameDefault;PyEval_EvalCode;0x607fc2;0x6b4393;_PyRun_SimpleFileObject;_PyRun_AnyFileObject;Py_RunMain;Py_BytesMain;__libc_start_call_main;__libc_start_main@@GLIBC_2.34;_start;|, 44.764174, 133.33, 29.324000
2025-11-25T20:44:44.255410Z, , 33.835355, 250.00, 29.324000
2025-11-25T20:44:44.264984Z, 0xfffffffffffffe00;_PyObject_GenericGetAttrWithDict;0x5827c3;_PyObject_LookupAttr;0x5e3159;_PyEval_EvalFrameDefault;PyEval_EvalCode;0x5d2bac;0x5818ed;_PyEval_EvalFrameDefault;0x54a0c7;PyObject_CallMethodObjArgs;PyImport_ImportModuleLevelObject;_PyEval_EvalFrameDefault;PyEval_EvalCode;0x5d2bac;0x5818ed;_PyEval_EvalFrameDefault;0x54a0c7;PyObject_CallMethodObjArgs;PyImport_ImportModuleLevelObject;0x5d2ef4;0x5818ed;_PyEval_EvalFrameDefault;0x54a0c7;PyObject_CallMethodObjArgs;PyImport_ImportModuleLevelObject;_PyEval_EvalFrameDefault;PyEval_EvalCode;0x5d2bac;0x5818ed;_PyEval_EvalFrameDefault;0x54a0c7;PyObject_CallMethodObjArgs;PyImport_ImportModuleLevelObject;_PyEval_EvalFrameDefault;PyEval_EvalCode;0x5d2bac;0x5818ed;_PyEval_EvalFrameDefault;0x54a0c7;PyObject_CallMethodObjArgs;PyImport_ImportModuleLevelObject;0x5d2ef4;0x5818ed;_PyEval_EvalFrameDefault;0x54a0c7;PyObject_CallMethodObjArgs;PyImport_ImportModuleLevelObject;_PyEval_EvalFrameDefault;PyEval_EvalCode;0x5d2bac;0x5818ed;_PyEval_EvalFrameDefault;0x54a0c7;PyObject_CallMethodObjArgs;PyImport_ImportModuleLevelObject;_PyEval_EvalFrameDefault;PyEval_EvalCode;0x5d2bac;0x5818ed;_PyEval_EvalFrameDefault;0x54a0c7;PyObject_CallMethodObjArgs;PyImport_ImportModuleLevelObject;_PyEval_EvalFrameDefault;PyEval_EvalCode;0x5d2bac;0x5818ed;_PyEval_EvalFrameDefault;0x54a0c7;PyObject_CallMethodObjArgs;PyImport_ImportModuleLevelObject;_PyEval_EvalFrameDefault;PyEval_EvalCode;0x5d2bac;0x5818ed;_PyEval_EvalFrameDefault;0x54a0c7;PyObject_CallMethodObjArgs;PyImport_ImportModuleLevelObject;_PyEval_EvalFrameDefault;PyEval_EvalCode;0x5d2bac;0x5818ed;_PyEval_EvalFrameDefault;0x54a0c7;PyObject_CallMethodObjArgs;PyImport_ImportModuleLevelObject;0x5d2ef4;0x5818ed;_PyEval_EvalFrameDefault;0x54a0c7;PyObject_CallMethodObjArgs;PyImport_ImportModuleLevelObject;_PyEval_EvalFrameDefault;PyEval_EvalCode;0x5d2bac;0x5818ed;_PyEval_EvalFrameDefault;0x54a0c7;PyObject_CallMethodObjArgs;PyImport_ImportModuleLevelObject;_PyEval_EvalFrameDefault;PyEval_EvalCode;0x5d2bac;0x5818ed;_PyEval_EvalFrameDefault;0x54a0c7;PyObject_CallMethodObjArgs;PyImport_ImportModuleLevelObject;0x5d2ef4;0x5818ed;_PyEval_EvalFrameDefault;0x54a0c7;PyObject_CallMethodObjArgs;PyImport_ImportModuleLevelObject;_PyEval_EvalFrameDefault;PyEval_EvalCode;0x5d2bac;0x5818ed;_PyEval_EvalFrameDefault;0x54a0c7;PyObject_CallMethodObjArgs;PyImport_ImportModuleLevelObject;_PyEval_EvalFrameDefault;PyEval_EvalCode;0x607fc2;|, 34.558294, 600.00, 29.324000
2025-11-25T20:44:44.273838Z, 0xfffffffffffffe00;0x519bf0;0x528de2;0x528bac;0x52888d;0x527e66;0x5268d5;0x5257d6;0x5253c2;0x524f41;0x52728b;0x51f4b0;0x532010;0x52ba1d;0x51d1b1;0x51c807;0x518fbd;PyRun_StringFlags;0x5d2c59;_PyEval_EvalFrameDefault;PyEval_EvalCode;0x5d2bac;0x5818ed;_PyEval_EvalFrameDefault;0x54a0c7;PyObject_CallMethodObjArgs;PyImport_ImportModuleLevelObject;_PyEval_EvalFrameDefault;PyEval_EvalCode;0x5d2bac;0x5818ed;_PyEval_EvalFrameDefault;0x54a0c7;PyObject_CallMethodObjArgs;PyImport_ImportModuleLevelObject;_PyEval_EvalFrameDefault;PyEval_EvalCode;0x5d2bac;0x5818ed;_PyEval_EvalFrameDefault;0x54a0c7;PyObject_CallMethodObjArgs;PyImport_ImportModuleLevelObject;_PyEval_EvalFrameDefault;PyEval_EvalCode;0x5d2bac;0x5818ed;_PyEval_EvalFrameDefault;0x54a0c7;PyObject_CallMethodObjArgs;PyImport_ImportModuleLevelObject;_PyEval_EvalFrameDefault;PyEval_EvalCode;0x5d2bac;0x5818ed;_PyEval_EvalFrameDefault;0x54a0c7;PyObject_CallMethodObjArgs;PyImport_ImportModuleLevelObject;0x5d2ef4;0x5818ed;_PyEval_EvalFrameDefault;0x54a0c7;PyObject_CallMethodObjArgs;PyImport_ImportModuleLevelObject;_PyEval_EvalFrameDefault;PyEval_EvalCode;0x5d2bac;0x5818ed;_PyEval_EvalFrameDefault;0x54a0c7;PyObject_CallMethodObjArgs;PyImport_ImportModuleLevelObject;_PyEval_EvalFrameDefault;PyEval_EvalCode;0x5d2bac;0x5818ed;_PyEval_EvalFrameDefault;0x54a0c7;PyObject_CallMethodObjArgs;PyImport_ImportModuleLevelObject;0x5d2ef4;0x5818ed;_PyEval_EvalFrameDefault;0x54a0c7;PyObject_CallMethodObjArgs;PyImport_ImportModuleLevelObject;_PyEval_EvalFrameDefault;PyEval_EvalCode;0x5d2bac;0x5818ed;_PyEval_EvalFrameDefault;0x54a0c7;PyObject_CallMethodObjArgs;PyImport_ImportModuleLevelObject;_PyEval_EvalFrameDefault;PyEval_EvalCode;0x607fc2;0x6b4393;_PyRun_SimpleFileObject;_PyRun_AnyFileObject;Py_RunMain;Py_BytesMain;__libc_start_call_main;__libc_start_main@@GLIBC_2.34;_start;|, 36.251710, 350.00, 29.324000
2025-11-25T20:44:44.280924Z, 0xfffffffffffffe00;_PyEval_EvalFrameDefault;_PyObject_Call_Prepend;0x59da4f;0x599513;_PyObject_MakeTpCall;_PyEval_EvalFrameDefault;0x54cea2;_PyEval_EvalFrameDefault;0x54a0c7;PyObject_CallMethodObjArgs;PyImport_ImportModuleLevelObject;_PyEval_EvalFrameDefault;PyEval_EvalCode;0x5d2bac;0x5818ed;_PyEval_EvalFrameDefault;0x54a0c7;PyObject_CallMethodObjArgs;PyImport_ImportModuleLevelObject;_PyEval_EvalFrameDefault;PyEval_EvalCode;0x5d2bac;0x5818ed;_PyEval_EvalFrameDefault;0x54a0c7;PyObject_CallMethodObjArgs;PyImport_ImportModuleLevelObject;0x5d2ef4;0x5818ed;_PyEval_EvalFrameDefault;0x54a0c7;PyObject_CallMethodObjArgs;PyImport_ImportModuleLevelObject;_PyEval_EvalFrameDefault;PyEval_EvalCode;0x5d2bac;0x5818ed;_PyEval_EvalFrameDefault;0x54a0c7;PyObject_CallMethodObjArgs;PyImport_ImportModuleLevelObject;_PyEval_EvalFrameDefault;PyEval_EvalCode;0x607fc2;0x6b4393;_PyRun_SimpleFileObject;_PyRun_AnyFileObject;Py_RunMain;Py_BytesMain;__libc_start_call_main;__libc_start_main@@GLIBC_2.34;_start;|, 36.009024, 200.00, 29.324000
2025-11-25T20:44:44.287884Z, 0xfffffffffffffe00;0x55ae70;_PyObject_LookupAttr;PyObject_GetItem;_PyEval_EvalFrameDefault;PyEval_EvalCode;0x5d2bac;0x5818ed;_PyEval_EvalFrameDefault;0x54a0c7;PyObject_CallMethodObjArgs;PyImport_ImportModuleLevelObject;_PyEval_EvalFrameDefault;PyEval_EvalCode;0x5d2bac;0x5818ed;_PyEval_EvalFrameDefault;0x54a0c7;PyObject_CallMethodObjArgs;PyImport_ImportModuleLevelObject;0x5d2ef4;0x5818ed;_PyEval_EvalFrameDefault;0x54a0c7;PyObject_CallMethodObjArgs;PyImport_ImportModuleLevelObject;_PyEval_EvalFrameDefault;PyEval_EvalCode;0x5d2bac;0x5818ed;_PyEval_EvalFrameDefault;0x54a0c7;PyObject_CallMethodObjArgs;PyImport_ImportModuleLevelObject;_PyEval_EvalFrameDefault;PyEval_EvalCode;0x607fc2;0x6b4393;_PyRun_SimpleFileObject;_PyRun_AnyFileObject;Py_RunMain;Py_BytesMain;__libc_start_call_main;__libc_start_main@@GLIBC_2.34;_start;|, 31.869778, 450.00, 29.324000
2025-11-25T20:44:44.295531Z, 0xfffffffffffffe00;0x590dda;0x590fd2;0x5d3a73;_PyEval_EvalFrameDefault;_PyObject_Call_Prepend;0x59da4f;0x599513;_PyObject_MakeTpCall;_PyEval_EvalFrameDefault;PyEval_EvalCode;0x5d2bac;0x5818ed;_PyEval_EvalFrameDefault;0x54a0c7;PyObject_CallMethodObjArgs;PyImport_ImportModuleLevelObject;_PyEval_EvalFrameDefault;PyEval_EvalCode;0x5d2bac;0x5818ed;_PyEval_EvalFrameDefault;0x54a0c7;PyObject_CallMethodObjArgs;PyImport_ImportModuleLevelObject;_PyEval_EvalFrameDefault;PyEval_EvalCode;0x5d2bac;0x5818ed;_PyEval_EvalFrameDefault;0x54a0c7;PyObject_CallMethodObjArgs;PyImport_ImportModuleLevelObject;_PyEval_EvalFrameDefault;PyEval_EvalCode;0x5d2bac;0x5818ed;_PyEval_EvalFrameDefault;0x54a0c7;PyObject_CallMethodObjArgs;PyImport_ImportModuleLevelObject;0x5d2ef4;0x5818ed;_PyEval_EvalFrameDefault;0x54a0c7;PyObject_CallMethodObjArgs;PyImport_ImportModuleLevelObject;_PyEval_EvalFrameDefault;PyEval_EvalCode;0x5d2bac;0x5818ed;_PyEval_EvalFrameDefault;0x54a0c7;PyObject_CallMethodObjArgs;PyImport_ImportModuleLevelObject;_PyEval_EvalFrameDefault;PyEval_EvalCode;0x607fc2;0x6b4393;_PyRun_SimpleFileObject;_PyRun_AnyFileObject;Py_RunMain;Py_BytesMain;__libc_start_call_main;__libc_start_main@@GLIBC_2.34;_start;|, 32.781431, 900.00, 29.324000
2025-11-25T20:44:44.303298Z, 0xfffffffffffffe00;pthread_mutex_unlock@@GLIBC_2.2.5;0x5fb43c;PyEval_RestoreThread;0x634358;_PyEval_EvalFrameDefault;_PyObject_Call_Prepend;0x59da4f;0x599513;_PyObject_MakeTpCall;_PyEval_EvalFrameDefault;PyEval_EvalCode;0x5d2bac;0x5818ed;_PyEval_EvalFrameDefault;0x54a0c7;PyObject_CallMethodObjArgs;PyImport_ImportModuleLevelObject;_PyEval_EvalFrameDefault;PyEval_EvalCode;0x5d2bac;0x5818ed;_PyEval_EvalFrameDefault;0x54a0c7;PyObject_CallMethodObjArgs;PyImport_ImportModuleLevelObject;_PyEval_EvalFrameDefault;PyEval_EvalCode;0x5d2bac;0x5818ed;_PyEval_EvalFrameDefault;0x54a0c7;PyObject_CallMethodObjArgs;PyImport_ImportModuleLevelObject;_PyEval_EvalFrameDefault;PyEval_EvalCode;0x5d2bac;0x5818ed;_PyEval_EvalFrameDefault;0x54a0c7;PyObject_CallMethodObjArgs;PyImport_ImportModuleLevelObject;0x5d2ef4;0x5818ed;_PyEval_EvalFrameDefault;0x54a0c7;PyObject_CallMethodObjArgs;PyImport_ImportModuleLevelObject;_PyEval_EvalFrameDefault;PyEval_EvalCode;0x5d2bac;0x5818ed;_PyEval_EvalFrameDefault;0x54a0c7;PyObject_CallMethodObjArgs;PyImport_ImportModuleLevelObject;_PyEval_EvalFrameDefault;PyEval_EvalCode;0x607fc2;0x6b4393;_PyRun_SimpleFileObject;_PyRun_AnyFileObject;Py_RunMain;Py_BytesMain;__libc_start_call_main;__libc_start_main@@GLIBC_2.34;_start;|, 32.629997, 1000.00, 29.324000
2025-11-25T20:44:44.312178Z, 0xfffffffffffffe00;0x567445;0x566f35;PyNumber_Multiply;0x633c76;0x634377;_PyEval_EvalFrameDefault;_PyObject_Call_Prepend;0x59da4f;0x599513;_PyObject_MakeTpCall;_PyEval_EvalFrameDefault;PyEval_EvalCode;0x5d2bac;0x5818ed;_PyEval_EvalFrameDefault;0x54a0c7;PyObject_CallMethodObjArgs;PyImport_ImportModuleLevelObject;_PyEval_EvalFrameDefault;PyEval_EvalCode;0x5d2bac;0x5818ed;_PyEval_EvalFrameDefault;0x54a0c7;PyObject_CallMethodObjArgs;PyImport_ImportModuleLevelObject;_PyEval_EvalFrameDefault;PyEval_EvalCode;0x5d2bac;0x5818ed;_PyEval_EvalFrameDefault;0x54a0c7;PyObject_CallMethodObjArgs;PyImport_ImportModuleLevelObject;_PyEval_EvalFrameDefault;PyEval_EvalCode;0x5d2bac;0x5818ed;_PyEval_EvalFrameDefault;0x54a0c7;PyObject_CallMethodObjArgs;PyImport_ImportModuleLevelObject;0x5d2ef4;0x5818ed;_PyEval_EvalFrameDefault;0x54a0c7;PyObject_CallMethodObjArgs;PyImport_ImportModuleLevelObject;_PyEval_EvalFrameDefault;PyEval_EvalCode;0x5d2bac;0x5818ed;_PyEval_EvalFrameDefault;0x54a0c7;PyObject_CallMethodObjArgs;PyImport_ImportModuleLevelObject;_PyEval_EvalFrameDefault;PyEval_EvalCode;0x607fc2;0x6b4393;_PyRun_SimpleFileObject;_PyRun_AnyFileObject;Py_RunMain;Py_BytesMain;__libc_start_call_main;__libc_start_main@@GLIBC_2.34;_start;|, 35.526551, 333.33, 29.324000
2025-11-25T20:44:44.317749Z, , 33.487377, 1100.00, 29.324000
2025-11-25T20:44:44.323085Z, , 28.380687, 0.00, 29.324000
2025-11-25T20:44:44.328367Z, , 27.654792, 0.00, 29.324000
2025-11-25T20:44:44.333674Z, 0xfffffffffffffe00;0x55b8b7;PyImport_Import;PyImport_ImportModule;0x76e31d75ef8e;0x76e31dd1c198;0x76e31dd1c198;0x33ebec80;|, 32.683468, 0.00, 29.324000
2025-11-25T20:44:44.338871Z, , 39.472905, 0.00, 29.324000
2025-11-25T20:44:44.344063Z, , 34.019334, 0.00, 29.324000
2025-11-25T20:44:44.351637Z, 0xfffffffffffffe00;0x590445;_PyObject_MakeTpCall;0x54d035;0x5a3b7c;PyObject_RichCompareBool;0x58d93a;0x6760b0;0x6761f3;0x581a90;PyObject_Call;_PyEval_EvalFrameDefault;PyEval_EvalCode;0x5d2bac;0x5818ed;_PyEval_EvalFrameDefault;0x54a0c7;PyObject_CallMethodObjArgs;PyImport_ImportModuleLevelObject;_PyEval_EvalFrameDefault;PyEval_EvalCode;0x5d2bac;0x5818ed;_PyEval_EvalFrameDefault;0x54a0c7;PyObject_CallMethodObjArgs;PyImport_ImportModuleLevelObject;_PyEval_EvalFrameDefault;PyEval_EvalCode;0x5d2bac;0x5818ed;_PyEval_EvalFrameDefault;0x54a0c7;PyObject_CallMethodObjArgs;PyImport_ImportModuleLevelObject;_PyEval_EvalFrameDefault;PyEval_EvalCode;0x5d2bac;0x5818ed;_PyEval_EvalFrameDefault;0x54a0c7;PyObject_CallMethodObjArgs;PyImport_ImportModuleLevelObject;0x5d2ef4;0x5818ed;_PyEval_EvalFrameDefault;0x54a0c7;PyObject_CallMethodObjArgs;PyImport_ImportModuleLevelObject;_PyEval_EvalFrameDefault;PyEval_EvalCode;0x5d2bac;0x5818ed;_PyEval_EvalFrameDefault;0x54a0c7;PyObject_CallMethodObjArgs;PyImport_ImportModuleLevelObject;_PyEval_EvalFrameDefault;PyEval_EvalCode;0x607fc2;0x6b4393;_PyRun_SimpleFileObject;_PyRun_AnyFileObject;Py_RunMain;Py_BytesMain;__libc_start_call_main;__libc_start_main@@GLIBC_2.34;_start;|, 31.625008, 0.00, 29.324000
2025-11-25T20:44:44.359228Z, 0xfffffffffffffe00;_Py_Dealloc;0x5e2a34;_PyEval_EvalFrameDefault;_PyObject_Call_Prepend;0x59da4f;0x599513;_PyObject_MakeTpCall;_PyEval_EvalFrameDefault;PyObject_Vectorcall;0x5a379d;PyObject_GetAttr;_PyEval_EvalFrameDefault;PyEval_EvalCode;0x5d2bac;0x5818ed;_PyEval_EvalFrameDefault;0x54a0c7;PyObject_CallMethodObjArgs;PyImport_ImportModuleLevelObject;_PyEval_EvalFrameDefault;PyEval_EvalCode;0x5d2bac;0x5818ed;_PyEval_EvalFrameDefault;0x54a0c7;PyObject_CallMethodObjArgs;PyImport_ImportModuleLevelObject;_PyEval_EvalFrameDefault;PyEval_EvalCode;0x5d2bac;0x5818ed;_PyEval_EvalFrameDefault;0x54a0c7;PyObject_CallMethodObjArgs;PyImport_ImportModuleLevelObject;_PyEval_EvalFrameDefault;PyEval_EvalCode;0x5d2bac;0x5818ed;_PyEval_EvalFrameDefault;0x54a0c7;PyObject_CallMethodObjArgs;PyImport_ImportModuleLevelObject;0x5d2ef4;0x5818ed;_PyEval_EvalFrameDefault;0x54a0c7;PyObject_CallMethodObjArgs;PyImport_ImportModuleLevelObject;_PyEval_EvalFrameDefault;PyEval_EvalCode;0x5d2bac;0x5818ed;_PyEval_EvalFrameDefault;0x54a0c7;PyObject_CallMethodObjArgs;PyImport_ImportModuleLevelObject;_PyEval_EvalFrameDefault;PyEval_EvalCode;0x607fc2;0x6b4393;_PyRun_SimpleFileObject;_PyRun_AnyFileObject;Py_RunMain;Py_BytesMain;__libc_start_call_main;__libc_start_main@@GLIBC_2.34;_start;|, 44.862565, 33.33, 29.324000
2025-11-25T20:44:44.364481Z, , 34.989974, 100.00, 29.324000
2025-11-25T20:44:44.369905Z, 0xfffffffffffffe00;0x598ee6;_PyType_Lookup;_PyObject_GenericGetAttrWithDict;0x58277a;PyObject_GetAttrString;0x76e31d1ab1dd;0x76e31dd1c198;0x76e31dd1c198;0x33ebec80;|, 31.124482, 0.00, 29.324000
2025-11-25T20:44:44.375119Z, , 37.154739, 100.00, 29.324000
2025-11-25T20:44:44.382817Z, 0xfffffffffffffe00;0x590f67;_PyObject_MakeTpCall;PyObject_CallOneArg;_PyObject_GenericGetAttrWithDict;PyObject_GetAttr;_PyEval_EvalFrameDefault;_PyObject_Call_Prepend;0x59da4f;0x599513;_PyObject_MakeTpCall;_PyEval_EvalFrameDefault;PyObject_Vectorcall;0x5a379d;PyObject_GetAttr;_PyEval_EvalFrameDefault;PyEval_EvalCode;0x5d2bac;0x5818ed;_PyEval_EvalFrameDefault;0x54a0c7;PyObject_CallMethodObjArgs;PyImport_ImportModuleLevelObject;_PyEval_EvalFrameDefault;PyEval_EvalCode;0x5d2bac;0x5818ed;_PyEval_EvalFrameDefault;0x54a0c7;PyObject_CallMethodObjArgs;PyImport_ImportModuleLevelObject;_PyEval_EvalFrameDefault;PyEval_EvalCode;0x5d2bac;0x5818ed;_PyEval_EvalFrameDefault;0x54a0c7;PyObject_CallMethodObjArgs;PyImport_ImportModuleLevelObject;_PyEval_EvalFrameDefault;PyEval_EvalCode;0x5d2bac;0x5818ed;_PyEval_EvalFrameDefault;0x54a0c7;PyObject_CallMethodObjArgs;PyImport_ImportModuleLevelObject;0x5d2ef4;0x5818ed;_PyEval_EvalFrameDefault;0x54a0c7;PyObject_CallMethodObjArgs;PyImport_ImportModuleLevelObject;_PyEval_EvalFrameDefault;PyEval_EvalCode;0x5d2bac;0x5818ed;_PyEval_EvalFrameDefault;0x54a0c7;PyObject_CallMethodObjArgs;PyImport_ImportModuleLevelObject;_PyEval_EvalFrameDefault;PyEval_EvalCode;0x607fc2;0x6b4393;_PyRun_SimpleFileObject;_PyRun_AnyFileObject;Py_RunMain;Py_BytesMain;__libc_start_call_main;__libc_start_main@@GLIBC_2.34;_start;|, 38.738559, 100.00, 29.324000
2025-11-25T20:44:44.390531Z, 0xfffffffffffffe00;0x59040b;_PyObject_MakeTpCall;_PyEval_EvalFrameDefault;_PyObject_Call_Prepend;0x59da4f;0x599513;_PyObject_MakeTpCall;_PyEval_EvalFrameDefault;PyEval_EvalCode;0x5d2bac;0x5818ed;_PyEval_EvalFrameDefault;0x54a0c7;PyObject_CallMethodObjArgs;PyImport_ImportModuleLevelObject;_PyEval_EvalFrameDefault;PyEval_EvalCode;0x5d2bac;0x5818ed;_PyEval_EvalFrameDefault;0x54a0c7;PyObject_CallMethodObjArgs;PyImport_ImportModuleLevelObject;_PyEval_EvalFrameDefault;PyEval_EvalCode;0x5d2bac;0x5818ed;_PyEval_EvalFrameDefault;0x54a0c7;PyObject_CallMethodObjArgs;PyImport_ImportModuleLevelObject;_PyEval_EvalFrameDefault;PyEval_EvalCode;0x5d2bac;0x5818ed;_PyEval_EvalFrameDefault;0x54a0c7;PyObject_CallMethodObjArgs;PyImport_ImportModuleLevelObject;0x5d2ef4;0x5818ed;_PyEval_EvalFrameDefault;0x54a0c7;PyObject_CallMethodObjArgs;PyImport_ImportModuleLevelObject;_PyEval_EvalFrameDefault;PyEval_EvalCode;0x5d2bac;0x5818ed;_PyEval_EvalFrameDefault;0x54a0c7;PyObject_CallMethodObjArgs;PyImport_ImportModuleLevelObject;_PyEval_EvalFrameDefault;PyEval_EvalCode;0x607fc2;0x6b4393;_PyRun_SimpleFileObject;_PyRun_AnyFileObject;Py_RunMain;Py_BytesMain;__libc_start_call_main;__libc_start_main@@GLIBC_2.34;_start;|, 32.176015, 100.00, 29.324000
2025-11-25T20:44:44.398193Z, 0xfffffffffffffe00;PyObject_Malloc;_PyObject_GC_New;0x576e9a;_PyObject_MakeTpCall;_PyEval_EvalFrameDefault;_PyObject_Call_Prepend;0x59da4f;0x599513;_PyObject_MakeTpCall;_PyEval_EvalFrameDefault;PyEval_EvalCode;0x5d2bac;0x5818ed;_PyEval_EvalFrameDefault;0x54a0c7;PyObject_CallMethodObjArgs;PyImport_ImportModuleLevelObject;_PyEval_EvalFrameDefault;PyEval_EvalCode;0x5d2bac;0x5818ed;_PyEval_EvalFrameDefault;0x54a0c7;PyObject_CallMethodObjArgs;PyImport_ImportModuleLevelObject;_PyEval_EvalFrameDefault;PyEval_EvalCode;0x5d2bac;0x5818ed;_PyEval_EvalFrameDefault;0x54a0c7;PyObject_CallMethodObjArgs;PyImport_ImportModuleLevelObject;_PyEval_EvalFrameDefault;PyEval_EvalCode;0x5d2bac;0x5818ed;_PyEval_EvalFrameDefault;0x54a0c7;PyObject_CallMethodObjArgs;PyImport_ImportModuleLevelObject;0x5d2ef4;0x5818ed;_PyEval_EvalFrameDefault;0x54a0c7;PyObject_CallMethodObjArgs;PyImport_ImportModuleLevelObject;_PyEval_EvalFrameDefault;PyEval_EvalCode;0x5d2bac;0x5818ed;_PyEval_EvalFrameDefault;0x54a0c7;PyObject_CallMethodObjArgs;PyImport_ImportModuleLevelObject;_PyEval_EvalFrameDefault;PyEval_EvalCode;0x607fc2;0x6b4393;_PyRun_SimpleFileObject;_PyRun_AnyFileObject;Py_RunMain;Py_BytesMain;__libc_start_call_main;__libc_start_main@@GLIBC_2.34;_start;|, 34.793834, 150.00, 29.324000
2025-11-25T20:44:44.403466Z, , 32.768201, 150.00, 29.324000
2025-11-25T20:44:44.411516Z, 0xfffffffffffffe00;_PyEval_EvalFrameDefault;0x5554a6;0x5d29e6;_PyEval_EvalFrameDefault;PyObject_Vectorcall;0x5a379d;PyObject_GetAttr;_PyEval_EvalFrameDefault;0x5d38e3;0x6e96d4;0x6e8a5c;0x599513;_PyObject_MakeTpCall;_PyEval_EvalFrameDefault;PyEval_EvalCode;0x5d2bac;0x5818ed;_PyEval_EvalFrameDefault;0x54a0c7;PyObject_CallMethodObjArgs;PyImport_ImportModuleLevelObject;_PyEval_EvalFrameDefault;PyEval_EvalCode;0x5d2bac;0x5818ed;_PyEval_EvalFrameDefault;0x54a0c7;PyObject_CallMethodObjArgs;PyImport_ImportModuleLevelObject;_PyEval_EvalFrameDefault;PyEval_EvalCode;0x5d2bac;0x5818ed;_PyEval_EvalFrameDefault;0x54a0c7;PyObject_CallMethodObjArgs;PyImport_ImportModuleLevelObject;0x5d2ef4;0x5818ed;_PyEval_EvalFrameDefault;0x54a0c7;PyObject_CallMethodObjArgs;PyImport_ImportModuleLevelObject;_PyEval_EvalFrameDefault;PyEval_EvalCode;0x5d2bac;0x5818ed;_PyEval_EvalFrameDefault;0x54a0c7;PyObject_CallMethodObjArgs;PyImport_ImportModuleLevelObject;_PyEval_EvalFrameDefault;PyEval_EvalCode;0x607fc2;0x6b4393;_PyRun_SimpleFileObject;_PyRun_AnyFileObject;Py_RunMain;Py_BytesMain;__libc_start_call_main;__libc_start_main@@GLIBC_2.34;_start;|, 33.365117, 400.00, 29.324000
2025-11-25T20:44:44.417108Z, 0xfffffffffffffe00;0x581a50;_PyObject_MakeTpCall;0x54d035;0x5a0e94;0x5a3a93;PyNumber_Long;0x76e31d1a7f81;0x382cd2f0;|, 34.390519, 250.00, 29.324000
2025-11-25T20:44:44.422497Z, , 32.315555, 500.00, 29.324000
2025-11-25T20:44:44.429881Z, 0xfffffffffffffe00;0x76e31cf6e2b0;_PyObject_MakeTpCall;_PyEval_EvalFrameDefault;0x5d38e3;0x6e96d4;0x6e8a5c;0x599513;_PyObject_MakeTpCall;_PyEval_EvalFrameDefault;PyEval_EvalCode;0x5d2bac;0x5818ed;_PyEval_EvalFrameDefault;0x54a0c7;PyObject_CallMethodObjArgs;PyImport_ImportModuleLevelObject;_PyEval_EvalFrameDefault;PyEval_EvalCode;0x5d2bac;0x5818ed;_PyEval_EvalFrameDefault;0x54a0c7;PyObject_CallMethodObjArgs;PyImport_ImportModuleLevelObject;_PyEval_EvalFrameDefault;PyEval_EvalCode;0x5d2bac;0x5818ed;_PyEval_EvalFrameDefault;0x54a0c7;PyObject_CallMethodObjArgs;PyImport_ImportModuleLevelObject;0x5d2ef4;0x5818ed;_PyEval_EvalFrameDefault;0x54a0c7;PyObject_CallMethodObjArgs;PyImport_ImportModuleLevelObject;_PyEval_EvalFrameDefault;PyEval_EvalCode;0x5d2bac;0x5818ed;_PyEval_EvalFrameDefault;0x54a0c7;PyObject_CallMethodObjArgs;PyImport_ImportModuleLevelObject;_PyEval_EvalFrameDefault;PyEval_EvalCode;0x607fc2;0x6b4393;_PyRun_SimpleFileObject;_PyRun_AnyFileObject;Py_RunMain;Py_BytesMain;__libc_start_call_main;__libc_start_main@@GLIBC_2.34;_start;|, 34.361633, 600.00, 29.324000
2025-11-25T20:44:44.435173Z, , 29.940648, 300.00, 29.324000
2025-11-25T20:44:44.443265Z, 0xfffffffffffffe00;0x61cfd0;0x59f91d;0x61c23e;0x61bbc1;0x5fba23;_PyEval_EvalFrameDefault;_PyObject_Call_Prepend;0x5a30c8;_PyObject_MakeTpCall;_PyEval_EvalFrameDefault;PyEval_EvalCode;0x5d2bac;0x5818ed;_PyEval_EvalFrameDefault;0x54a0c7;PyObject_CallMethodObjArgs;PyImport_ImportModuleLevelObject;_PyEval_EvalFrameDefault;PyEval_EvalCode;0x5d2bac;0x5818ed;_PyEval_EvalFrameDefault;0x54a0c7;PyObject_CallMethodObjArgs;PyImport_ImportModuleLevelObject;_PyEval_EvalFrameDefault;PyEval_EvalCode;0x5d2bac;0x5818ed;_PyEval_EvalFrameDefault;0x54a0c7;PyObject_CallMethodObjArgs;PyImport_ImportModuleLevelObject;0x5d2ef4;0x5818ed;_PyEval_EvalFrameDefault;0x54a0c7;PyObject_CallMethodObjArgs;PyImport_ImportModuleLevelObject;_PyEval_EvalFrameDefault;PyEval_EvalCode;0x5d2bac;0x5818ed;_PyEval_EvalFrameDefault;0x54a0c7;PyObject_CallMethodObjArgs;PyImport_ImportModuleLevelObject;_PyEval_EvalFrameDefault;PyEval_EvalCode;0x607fc2;0x6b4393;_PyRun_SimpleFileObject;_PyRun_AnyFileObject;Py_RunMain;Py_BytesMain;__libc_start_call_main;__libc_start_main@@GLIBC_2.34;_start;|, 32.010217, 700.00, 29.324000
2025-11-25T20:44:44.448613Z, , 29.713580, 700.00, 29.324000
2025-11-25T20:44:44.453818Z, , 28.724219, 0.00, 29.324000
2025-11-25T20:44:44.459002Z, , 31.999840, 0.00, 29.324000
2025-11-25T20:44:44.466366Z, 0xfffffffffffffe00;_PyEval_EvalFrameDefault;PyObject_CallOneArg;0x5a4571;PyDict_Contains;_PyEval_EvalFrameDefault;0x5d38e3;0x6e96d4;0x6e8a5c;0x599513;_PyObject_MakeTpCall;_PyEval_EvalFrameDefault;PyEval_EvalCode;0x5d2bac;0x5818ed;_PyEval_EvalFrameDefault;0x54a0c7;PyObject_CallMethodObjArgs;PyImport_ImportModuleLevelObject;_PyEval_EvalFrameDefault;PyEval_EvalCode;0x5d2bac;0x5818ed;_PyEval_EvalFrameDefault;0x54a0c7;PyObject_CallMethodObjArgs;PyImport_ImportModuleLevelObject;_PyEval_EvalFrameDefault;PyEval_EvalCode;0x5d2bac;0x5818ed;_PyEval_EvalFrameDefault;0x54a0c7;PyObject_CallMethodObjArgs;PyImport_ImportModuleLevelObject;0x5d2ef4;0x5818ed;_PyEval_EvalFrameDefault;0x54a0c7;PyObject_CallMethodObjArgs;PyImport_ImportModuleLevelObject;_PyEval_EvalFrameDefault;PyEval_EvalCode;0x5d2bac;0x5818ed;_PyEval_EvalFrameDefault;0x54a0c7;PyObject_CallMethodObjArgs;PyImport_ImportModuleLevelObject;_PyEval_EvalFrameDefault;PyEval_EvalCode;0x607fc2;0x6b4393;_PyRun_SimpleFileObject;_PyRun_AnyFileObject;Py_RunMain;Py_BytesMain;__libc_start_call_main;__libc_start_main@@GLIBC_2.34;_start;|, 27.178332, 0.00, 29.324000
2025-11-25T20:44:44.473698Z, 0xfffffffffffffe00;0x590453;_PyObject_MakeTpCall;0x5a3d6d;0x5a39aa;PyObject_GetAttr;_PyEval_EvalFrameDefault;PyObject_Vectorcall;0x5a3d6d;0x5a39f2;PyObject_GetAttr;_PyEval_EvalFrameDefault;PyEval_EvalCode;0x5d2bac;0x5818ed;_PyEval_EvalFrameDefault;0x54a0c7;PyObject_CallMethodObjArgs;PyImport_ImportModuleLevelObject;_PyEval_EvalFrameDefault;PyEval_EvalCode;0x5d2bac;0x5818ed;_PyEval_EvalFrameDefault;0x54a0c7;PyObject_CallMethodObjArgs;PyImport_ImportModuleLevelObject;_PyEval_EvalFrameDefault;PyEval_EvalCode;0x5d2bac;0x5818ed;_PyEval_EvalFrameDefault;0x54a0c7;PyObject_CallMethodObjArgs;PyImport_ImportModuleLevelObject;0x5d2ef4;0x5818ed;_PyEval_EvalFrameDefault;0x54a0c7;PyObject_CallMethodObjArgs;PyImport_ImportModuleLevelObject;_PyEval_EvalFrameDefault;PyEval_EvalCode;0x5d2bac;0x5818ed;_PyEval_EvalFrameDefault;0x54a0c7;PyObject_CallMethodObjArgs;PyImport_ImportModuleLevelObject;_PyEval_EvalFrameDefault;PyEval_EvalCode;0x607fc2;0x6b4393;_PyRun_SimpleFileObject;_PyRun_AnyFileObject;Py_RunMain;Py_BytesMain;__libc_start_call_main;__libc_start_main@@GLIBC_2.34;_start;|, 32.252674, 0.00, 29.324000
2025-11-25T20:44:44.481046Z, 0xfffffffffffffe00;_PyType_GetDict;_PyObject_GenericGetAttrWithDict;PyObject_GetAttr;_PyEval_EvalFrameDefault;PyEval_EvalCode;0x5d2bac;0x5818ed;_PyEval_EvalFrameDefault;0x54a0c7;PyObject_CallMethodObjArgs;PyImport_ImportModuleLevelObject;_PyEval_EvalFrameDefault;PyEval_EvalCode;0x5d2bac;0x5818ed;_PyEval_EvalFrameDefault;0x54a0c7;PyObject_CallMethodObjArgs;PyImport_ImportModuleLevelObject;_PyEval_EvalFrameDefault;PyEval_EvalCode;0x5d2bac;0x5818ed;_PyEval_EvalFrameDefault;0x54a0c7;PyObject_CallMethodObjArgs;PyImport_ImportModuleLevelObject;_PyEval_EvalFrameDefault;PyEval_EvalCode;0x5d2bac;0x5818ed;_PyEval_EvalFrameDefault;0x54a0c7;PyObject_CallMethodObjArgs;PyImport_ImportModuleLevelObject;0x5d2ef4;0x5818ed;_PyEval_EvalFrameDefault;0x54a0c7;PyObject_CallMethodObjArgs;PyImport_ImportModuleLevelObject;_PyEval_EvalFrameDefault;PyEval_EvalCode;0x5d2bac;0x5818ed;_PyEval_EvalFrameDefault;0x54a0c7;PyObject_CallMethodObjArgs;PyImport_ImportModuleLevelObject;_PyEval_EvalFrameDefault;PyEval_EvalCode;0x607fc2;0x6b4393;_PyRun_SimpleFileObject;_PyRun_AnyFileObject;Py_RunMain;Py_BytesMain;__libc_start_call_main;__libc_start_main@@GLIBC_2.34;_start;|, 30.994329, 33.33, 29.324000
2025-11-25T20:44:44.487976Z, 0xfffffffffffffe00;0x5e2a23;_PyEval_EvalFrameDefault;0x5554a6;0x5d29e6;_PyEval_EvalFrameDefault;_PyObject_Call_Prepend;0x59da4f;0x599513;_PyObject_MakeTpCall;_PyEval_EvalFrameDefault;PyObject_Vectorcall;0x5a3d6d;0x5a39f2;PyObject_GetAttr;_PyEval_EvalFrameDefault;PyEval_EvalCode;0x5d2bac;0x5818ed;_PyEval_EvalFrameDefault;0x54a0c7;PyObject_CallMethodObjArgs;PyImport_ImportModuleLevelObject;0x5d2ef4;0x5818ed;_PyEval_EvalFrameDefault;0x54a0c7;PyObject_CallMethodObjArgs;PyImport_ImportModuleLevelObject;_PyEval_EvalFrameDefault;PyEval_EvalCode;0x5d2bac;0x5818ed;_PyEval_EvalFrameDefault;0x54a0c7;PyObject_CallMethodObjArgs;PyImport_ImportModuleLevelObject;_PyEval_EvalFrameDefault;PyEval_EvalCode;0x607fc2;0x6b4393;_PyRun_SimpleFileObject;_PyRun_AnyFileObject;Py_RunMain;Py_BytesMain;__libc_start_call_main;__libc_start_main@@GLIBC_2.34;_start;|, 36.081891, 200.00, 29.324000
2025-11-25T20:44:44.493227Z, , 36.385816, 100.00, 27.524000
2025-11-25T20:44:44.498480Z, 0xfffffffffffffe00;0x76e31cf6895d;0x3;0x76e2f8ed6800;0x90c35bd889482850;|, 37.588590, 300.00, 27.524000
2025-11-25T20:44:44.503927Z, 0xfffffffffffffe00;PyErr_Format;_PyObject_GenericGetAttrWithDict;PyObject_GetAttr;0x76e31d1ae06e;PyType_Type;|, 28.576663, 0.00, 27.524000
2025-11-25T20:44:44.509319Z, , 33.509686, 50.00, 27.524000
2025-11-25T20:44:44.514767Z, 0xfffffffffffffe00;0x76e31c4bb7c5;0x22;0x65685f6c61696365;|, 32.973051, 100.00, 27.524000
2025-11-25T20:44:44.520116Z, 0xfffffffffffffe00;__libc_malloc;0x76e31c4bb904;0x76e31d2e96ae;0x0;|, 31.677789, 200.00, 27.524000
2025-11-25T20:44:44.525513Z, , 32.922856, 100.00, 27.524000
2025-11-25T20:44:44.531700Z, 0xfffffffffffffe00;0x590178;0x5f705d;0x5e2a34;_PyEval_EvalFrameDefault;0x54a0c7;PyObject_CallMethodObjArgs;PyImport_ImportModuleLevelObject;_PyEval_EvalFrameDefault;PyEval_EvalCode;0x607fc2;0x6b4393;_PyRun_SimpleFileObject;_PyRun_AnyFileObject;Py_RunMain;Py_BytesMain;__libc_start_call_main;__libc_start_main@@GLIBC_2.34;_start;|, 29.854429, 0.00, 27.524000
2025-11-25T20:44:44.537100Z, , 31.293529, 0.00, 27.524000
2025-11-25T20:44:44.546651Z, 0xfffffffffffffe00;0x603870;0x602531;0x602793;0x602531;0x602793;0x604dd4;_PyEval_EvalFrameDefault;0x54a0c7;PyObject_CallMethodObjArgs;PyImport_ImportModuleLevelObject;_PyEval_EvalFrameDefault;PyEval_EvalCode;0x5d2bac;0x5818ed;_PyEval_EvalFrameDefault;0x54a0c7;PyObject_CallMethodObjArgs;PyImport_ImportModuleLevelObject;_PyEval_EvalFrameDefault;PyEval_EvalCode;0x5d2bac;0x5818ed;_PyEval_EvalFrameDefault;0x54a0c7;PyObject_CallMethodObjArgs;PyImport_ImportModuleLevelObject;_PyEval_EvalFrameDefault;PyEval_EvalCode;0x5d2bac;0x5818ed;_PyEval_EvalFrameDefault;0x54a0c7;PyObject_CallMethodObjArgs;PyImport_ImportModuleLevelObject;_PyEval_EvalFrameDefault;PyEval_EvalCode;0x5d2bac;0x5818ed;_PyEval_EvalFrameDefault;0x54a0c7;PyObject_CallMethodObjArgs;PyImport_ImportModuleLevelObject;_PyEval_EvalFrameDefault;PyEval_EvalCode;0x5d2bac;0x5818ed;_PyEval_EvalFrameDefault;0x54a0c7;PyObject_CallMethodObjArgs;PyImport_ImportModuleLevelObject;_PyEval_EvalFrameDefault;PyEval_EvalCode;0x5d2bac;0x5818ed;_PyEval_EvalFrameDefault;0x54a0c7;PyObject_CallMethodObjArgs;PyImport_ImportModuleLevelObject;_PyEval_EvalFrameDefault;PyEval_EvalCode;0x5d2bac;0x5818ed;_PyEval_EvalFrameDefault;PyObject_CallOneArg;0x582a54;_PyObject_LookupAttr;0x5d251a;_PyEval_EvalFrameDefault;0x54a0c7;PyObject_CallMethodObjArgs;PyImport_ImportModuleLevelObject;_PyEval_EvalFrameDefault;PyEval_EvalCode;0x5d2bac;0x5818ed;_PyEval_EvalFrameDefault;0x54a0c7;PyObject_CallMethodObjArgs;PyImport_ImportModuleLevelObject;0x5d2ef4;0x5818ed;_PyEval_EvalFrameDefault;0x54a0c7;PyObject_CallMethodObjArgs;PyImport_ImportModuleLevelObject;_PyEval_EvalFrameDefault;PyEval_EvalCode;0x5d2bac;0x5818ed;_PyEval_EvalFrameDefault;0x54a0c7;PyObject_CallMethodObjArgs;PyImport_ImportModuleLevelObject;0x5d2ef4;0x5818ed;_PyEval_EvalFrameDefault;0x54a0c7;PyObject_CallMethodObjArgs;PyImport_ImportModuleLevelObject;_PyEval_EvalFrameDefault;PyEval_EvalCode;0x5d2bac;0x5818ed;_PyEval_EvalFrameDefault;0x54a0c7;PyObject_CallMethodObjArgs;PyImport_ImportModuleLevelObject;_PyEval_EvalFrameDefault;PyEval_EvalCode;0x607fc2;0x6b4393;_PyRun_SimpleFileObject;_PyRun_AnyFileObject;Py_RunMain;Py_BytesMain;__libc_start_call_main;__libc_start_main@@GLIBC_2.34;_start;|, 44.954037, 50.00, 27.524000
2025-11-25T20:44:44.552029Z, ί²λυ, 55.653520, 100.00, 27.524000
2025-11-25T20:44:44.561427Z, 0xfffffffffffffe00;0x55da8b;_PyEval_EvalFrameDefault;0x54a0c7;PyObject_CallMethodObjArgs;PyImport_ImportModuleLevelObject;_PyEval_EvalFrameDefault;PyEval_EvalCode;0x5d2bac;0x5818ed;_PyEval_EvalFrameDefault;0x54a0c7;PyObject_CallMethodObjArgs;PyImport_ImportModuleLevelObject;_PyEval_EvalFrameDefault;PyEval_EvalCode;0x5d2bac;0x5818ed;_PyEval_EvalFrameDefault;0x54a0c7;PyObject_CallMethodObjArgs;PyImport_ImportModuleLevelObject;_PyEval_EvalFrameDefault;PyEval_EvalCode;0x5d2bac;0x5818ed;_PyEval_EvalFrameDefault;0x54a0c7;PyObject_CallMethodObjArgs;PyImport_ImportModuleLevelObject;0x5d2ef4;0x5818ed;_PyEval_EvalFrameDefault;0x54a0c7;PyObject_CallMethodObjArgs;PyImport_ImportModuleLevelObject;_PyEval_EvalFrameDefault;PyEval_EvalCode;0x5d2bac;0x5818ed;_PyEval_EvalFrameDefault;0x54a0c7;PyObject_CallMethodObjArgs;PyImport_ImportModuleLevelObject;_PyEval_EvalFrameDefault;PyEval_EvalCode;0x5d2bac;0x5818ed;_PyEval_EvalFrameDefault;0x54a0c7;PyObject_CallMethodObjArgs;PyImport_ImportModuleLevelObject;_PyEval_EvalFrameDefault;PyEval_EvalCode;0x5d2bac;0x5818ed;_PyEval_EvalFrameDefault;PyObject_CallOneArg;0x582a54;_PyObject_LookupAttr;0x5d251a;_PyEval_EvalFrameDefault;0x54a0c7;PyObject_CallMethodObjArgs;PyImport_ImportModuleLevelObject;_PyEval_EvalFrameDefault;PyEval_EvalCode;0x5d2bac;0x5818ed;_PyEval_EvalFrameDefault;0x54a0c7;PyObject_CallMethodObjArgs;PyImport_ImportModuleLevelObject;0x5d2ef4;0x5818ed;_PyEval_EvalFrameDefault;0x54a0c7;PyObject_CallMethodObjArgs;PyImport_ImportModuleLevelObject;_PyEval_EvalFrameDefault;PyEval_EvalCode;0x5d2bac;0x5818ed;_PyEval_EvalFrameDefault;0x54a0c7;PyObject_CallMethodObjArgs;PyImport_ImportModuleLevelObject;0x5d2ef4;0x5818ed;_PyEval_EvalFrameDefault;0x54a0c7;PyObject_CallMethodObjArgs;PyImport_ImportModuleLevelObject;_PyEval_EvalFrameDefault;PyEval_EvalCode;0x5d2bac;0x5818ed;_PyEval_EvalFrameDefault;0x54a0c7;PyObject_CallMethodObjArgs;PyImport_ImportModuleLevelObject;_PyEval_EvalFrameDefault;PyEval_EvalCode;0x607fc2;0x6b4393;_PyRun_SimpleFileObject;_PyRun_AnyFileObject;Py_RunMain;Py_BytesMain;__libc_start_call_main;__libc_start_main@@GLIBC_2.34;_start;|, 48.295694, 100.00, 27.524000
2025-11-25T20:44:44.566577Z, , 43.281736, 400.00, 27.524000
2025-11-25T20:44:44.575348Z, 0xfffffffffffffe00;0x53b79d;0x518e1b;PyRun_StringFlags;0x5d2c59;_PyEval_EvalFrameDefault;PyEval_EvalCode;0x5d2bac;0x5818ed;_PyEval_EvalFrameDefault;0x54a0c7;PyObject_CallMethodObjArgs;PyImport_ImportModuleLevelObject;_PyEval_EvalFrameDefault;PyEval_EvalCode;0x5d2bac;0x5818ed;_PyEval_EvalFrameDefault;0x54a0c7;PyObject_CallMethodObjArgs;PyImport_ImportModuleLevelObject;_PyEval_EvalFrameDefault;PyEval_EvalCode;0x5d2bac;0x5818ed;_PyEval_EvalFrameDefault;0x54a0c7;PyObject_CallMethodObjArgs;PyImport_ImportModuleLevelObject;_PyEval_EvalFrameDefault;PyEval_EvalCode;0x5d2bac;0x5818ed;_PyEval_EvalFrameDefault;0x54a0c7;PyObject_CallMethodObjArgs;PyImport_ImportModuleLevelObject;_PyEval_EvalFrameDefault;PyEval_EvalCode;0x5d2bac;0x5818ed;_PyEval_EvalFrameDefault;0x54a0c7;PyObject_CallMethodObjArgs;PyImport_ImportModuleLevelObject;_PyEval_EvalFrameDefault;PyEval_EvalCode;0x5d2bac;0x5818ed;_PyEval_EvalFrameDefault;PyObject_CallOneArg;0x582a54;_PyObject_LookupAttr;0x5d251a;_PyEval_EvalFrameDefault;0x54a0c7;PyObject_CallMethodObjArgs;PyImport_ImportModuleLevelObject;_PyEval_EvalFrameDefault;PyEval_EvalCode;0x5d2bac;0x5818ed;_PyEval_EvalFrameDefault;0x54a0c7;PyObject_CallMethodObjArgs;PyImport_ImportModuleLevelObject;0x5d2ef4;0x5818ed;_PyEval_EvalFrameDefault;0x54a0c7;PyObject_CallMethodObjArgs;PyImport_ImportModuleLevelObject;_PyEval_EvalFrameDefault;PyEval_EvalCode;0x5d2bac;0x5818ed;_PyEval_EvalFrameDefault;0x54a0c7;PyObject_CallMethodObjArgs;PyImport_ImportModuleLevelObject;0x5d2ef4;0x5818ed;_PyEval_EvalFrameDefault;0x54a0c7;PyObject_CallMethodObjArgs;PyImport_ImportModuleLevelObject;_PyEval_EvalFrameDefault;PyEval_EvalCode;0x5d2bac;0x5818ed;_PyEval_EvalFrameDefault;0x54a0c7;PyObject_CallMethodObjArgs;PyImport_ImportModuleLevelObject;_PyEval_EvalFrameDefault;PyEval_EvalCode;0x607fc2;0x6b4393;_PyRun_SimpleFileObject;_PyRun_AnyFileObject;Py_RunMain;Py_BytesMain;__libc_start_call_main;__libc_start_main@@GLIBC_2.34;_start;|, 38.465740, 0.00, 27.524000
2025-11-25T20:44:44.584899Z, 0xfffffffffffffe00;PyLong_FromLong;_PyEval_EvalFrameDefault;0x5d1fa4;0x5818ed;PyObject_Vectorcall;_PyEval_EvalFrameDefault;PyEval_EvalCode;0x5d2bac;0x5818ed;_PyEval_EvalFrameDefault;0x54a0c7;PyObject_CallMethodObjArgs;PyImport_ImportModuleLevelObject;_PyEval_EvalFrameDefault;PyEval_EvalCode;0x5d2bac;0x5818ed;_PyEval_EvalFrameDefault;0x54a0c7;PyObject_CallMethodObjArgs;PyImport_ImportModuleLevelObject;_PyEval_EvalFrameDefault;PyEval_EvalCode;0x5d2bac;0x5818ed;_PyEval_EvalFrameDefault;0x54a0c7;PyObject_CallMethodObjArgs;PyImport_ImportModuleLevelObject;_PyEval_EvalFrameDefault;PyEval_EvalCode;0x5d2bac;0x5818ed;_PyEval_EvalFrameDefault;0x54a0c7;PyObject_CallMethodObjArgs;PyImport_ImportModuleLevelObject;_PyEval_EvalFrameDefault;PyEval_EvalCode;0x5d2bac;0x5818ed;_PyEval_EvalFrameDefault;0x54a0c7;PyObject_CallMethodObjArgs;PyImport_ImportModuleLevelObject;_PyEval_EvalFrameDefault;PyEval_EvalCode;0x5d2bac;0x5818ed;_PyEval_EvalFrameDefault;0x54a0c7;PyObject_CallMethodObjArgs;PyImport_ImportModuleLevelObject;_PyEval_EvalFrameDefault;PyEval_EvalCode;0x5d2bac;0x5818ed;_PyEval_EvalFrameDefault;0x54a0c7;PyObject_CallMethodObjArgs;PyImport_ImportModuleLevelObject;_PyEval_EvalFrameDefault;PyEval_EvalCode;0x5d2bac;0x5818ed;_PyEval_EvalFrameDefault;0x54a0c7;PyObject_CallMethodObjArgs;PyImport_ImportModuleLevelObject;_PyEval_EvalFrameDefault;PyEval_EvalCode;0x5d2bac;0x5818ed;_PyEval_EvalFrameDefault;PyObject_CallOneArg;0x582a54;_PyObject_LookupAttr;0x5d251a;_PyEval_EvalFrameDefault;0x54a0c7;PyObject_CallMethodObjArgs;PyImport_ImportModuleLevelObject;_PyEval_EvalFrameDefault;PyEval_EvalCode;0x5d2bac;0x5818ed;_PyEval_EvalFrameDefault;0x54a0c7;PyObject_CallMethodObjArgs;PyImport_ImportModuleLevelObject;0x5d2ef4;0x5818ed;_PyEval_EvalFrameDefault;0x54a0c7;PyObject_CallMethodObjArgs;PyImport_ImportModuleLevelObject;_PyEval_EvalFrameDefault;PyEval_EvalCode;0x5d2bac;0x5818ed;_PyEval_EvalFrameDefault;0x54a0c7;PyObject_CallMethodObjArgs;PyImport_ImportModuleLevelObject;0x5d2ef4;0x5818ed;_PyEval_EvalFrameDefault;0x54a0c7;PyObject_CallMethodObjArgs;PyImport_ImportModuleLevelObject;_PyEval_EvalFrameDefault;PyEval_EvalCode;0x5d2bac;0x5818ed;_PyEval_EvalFrameDefault;0x54a0c7;PyObject_CallMethodObjArgs;PyImport_ImportModuleLevelObject;_PyEval_EvalFrameDefault;PyEval_EvalCode;0x607fc2;0x6b4393;_PyRun_SimpleFileObject;_PyRun_AnyFileObject;Py_RunMain;Py_BytesMain;__libc_start_call_main;|, 38.297567, 33.33, 27.524000
2025-11-25T20:44:44.590053Z, , 34.095455, 200.00, 27.524000
2025-11-25T20:44:44.599854Z, 0xfffffffffffffe00;PyUnicode_InternInPlace;0x519d68;0x519cd0;0x522022;0x52167a;0x51fb11;0x532010;0x52ba1d;0x51d1b1;0x531fd3;0x52ba1d;0x51d1b1;0x51c807;0x518fbd;PyRun_StringFlags;0x5d2c59;_PyEval_EvalFrameDefault;PyEval_EvalCode;0x5d2bac;0x5818ed;_PyEval_EvalFrameDefault;0x54a0c7;PyObject_CallMethodObjArgs;PyImport_ImportModuleLevelObject;_PyEval_EvalFrameDefault;PyEval_EvalCode;0x5d2bac;0x5818ed;_PyEval_EvalFrameDefault;PyObject_CallOneArg;0x582a54;_PyObject_LookupAttr;0x5d251a;_PyEval_EvalFrameDefault;0x54a0c7;PyObject_CallMethodObjArgs;PyImport_ImportModuleLevelObject;_PyEval_EvalFrameDefault;PyEval_EvalCode;0x5d2bac;0x5818ed;_PyEval_EvalFrameDefault;0x54a0c7;PyObject_CallMethodObjArgs;PyImport_ImportModuleLevelObject;0x5d2ef4;0x5818ed;_PyEval_EvalFrameDefault;0x54a0c7;PyObject_CallMethodObjArgs;PyImport_ImportModuleLevelObject;_PyEval_EvalFrameDefault;PyEval_EvalCode;0x5d2bac;0x5818ed;_PyEval_EvalFrameDefault;0x54a0c7;PyObject_CallMethodObjArgs;PyImport_ImportModuleLevelObject;0x5d2ef4;0x5818ed;_PyEval_EvalFrameDefault;0x54a0c7;PyObject_CallMethodObjArgs;PyImport_ImportModuleLevelObject;_PyEval_EvalFrameDefault;PyEval_EvalCode;0x5d2bac;0x5818ed;_PyEval_EvalFrameDefault;0x54a0c7;PyObject_CallMethodObjArgs;PyImport_ImportModuleLevelObject;_PyEval_EvalFrameDefault;PyEval_EvalCode;0x607fc2;0x6b4393;_PyRun_SimpleFileObject;_PyRun_AnyFileObject;Py_RunMain;Py_BytesMain;__libc_start_call_main;__libc_start_main@@GLIBC_2.34;_start;|, 31.739349, 200.00, 27.524000
2025-11-25T20:44:44.608792Z, 0xfffffffffffffe00;0x5ee9a0;_PyAST_Compile;PyRun_StringFlags;0x5d2c59;_PyEval_EvalFrameDefault;PyEval_EvalCode;0x5d2bac;0x5818ed;_PyEval_EvalFrameDefault;PyObject_CallOneArg;0x582a54;_PyObject_LookupAttr;0x5d251a;_PyEval_EvalFrameDefault;0x54a0c7;PyObject_CallMethodObjArgs;PyImport_ImportModuleLevelObject;_PyEval_EvalFrameDefault;PyEval_EvalCode;0x5d2bac;0x5818ed;_PyEval_EvalFrameDefault;0x54a0c7;PyObject_CallMethodObjArgs;PyImport_ImportModuleLevelObject;0x5d2ef4;0x5818ed;_PyEval_EvalFrameDefault;0x54a0c7;PyObject_CallMethodObjArgs;PyImport_ImportModuleLevelObject;_PyEval_EvalFrameDefault;PyEval_EvalCode;0x5d2bac;0x5818ed;_PyEval_EvalFrameDefault;0x54a0c7;PyObject_CallMethodObjArgs;PyImport_ImportModuleLevelObject;0x5d2ef4;0x5818ed;_PyEval_EvalFrameDefault;0x54a0c7;PyObject_CallMethodObjArgs;PyImport_ImportModuleLevelObject;_PyEval_EvalFrameDefault;PyEval_EvalCode;0x5d2bac;0x5818ed;_PyEval_EvalFrameDefault;0x54a0c7;PyObject_CallMethodObjArgs;PyImport_ImportModuleLevelObject;_PyEval_EvalFrameDefault;PyEval_EvalCode;0x607fc2;0x6b4393;_PyRun_SimpleFileObject;_PyRun_AnyFileObject;Py_RunMain;Py_BytesMain;__libc_start_call_main;__libc_start_main@@GLIBC_2.34;_start;|, 36.655643, 150.00, 27.524000
2025-11-25T20:44:44.617653Z, 0xfffffffffffffe00;0x5a61aa;_Py_hashtable_get;PyUnicode_InternInPlace;0x6022cd;0x602531;0x6027ab;0x602531;0x602793;0x604dd4;_PyEval_EvalFrameDefault;0x54a0c7;PyObject_CallMethodObjArgs;PyImport_ImportModuleLevelObject;_PyEval_EvalFrameDefault;PyEval_EvalCode;0x5d2bac;0x5818ed;_PyEval_EvalFrameDefault;0x54a0c7;PyObject_CallMethodObjArgs;PyImport_ImportModuleLevelObject;0x5d2ef4;0x5818ed;_PyEval_EvalFrameDefault;0x54a0c7;PyObject_CallMethodObjArgs;PyImport_ImportModuleLevelObject;_PyEval_EvalFrameDefault;PyEval_EvalCode;0x5d2bac;0x5818ed;_PyEval_EvalFrameDefault;0x54a0c7;PyObject_CallMethodObjArgs;PyImport_ImportModuleLevelObject;0x5d2ef4;0x5818ed;_PyEval_EvalFrameDefault;0x54a0c7;PyObject_CallMethodObjArgs;PyImport_ImportModuleLevelObject;_PyEval_EvalFrameDefault;PyEval_EvalCode;0x5d2bac;0x5818ed;_PyEval_EvalFrameDefault;0x54a0c7;PyObject_CallMethodObjArgs;PyImport_ImportModuleLevelObject;_PyEval_EvalFrameDefault;PyEval_EvalCode;0x607fc2;0x6b4393;_PyRun_SimpleFileObject;_PyRun_AnyFileObject;Py_RunMain;Py_BytesMain;__libc_start_call_main;__libc_start_main@@GLIBC_2.34;_start;|, 34.959210, 200.00, 27.524000
2025-11-25T20:44:44.627743Z, 0xfffffffffffffe00;_PyEval_EvalFrameDefault;PyObject_CallOneArg;0x5a3277;PyObject_CallFinalizerFromDealloc;0x59eca9;0x558df5;0x60fe85;0x60fe95;0x60fe95;0x60fe95;0x60fe95;0x554103;_PyEval_EvalFrameDefault;_PyObject_Call_Prepend;0x59da4f;0x599513;_PyObject_MakeTpCall;_PyEval_EvalFrameDefault;0x54ce3d;0x64ef83;_PyObject_MakeTpCall;_PyEval_EvalFrameDefault;0x5554a6;PyIter_Next;0x6412a0;0x5d3843;0x64128a;0x5d3afc;_PyEval_EvalFrameDefault;PyEval_EvalCode;0x5d2bac;0x5818ed;_PyEval_EvalFrameDefault;0x54a0c7;PyObject_CallMethodObjArgs;PyImport_ImportModuleLevelObject;_PyEval_EvalFrameDefault;PyEval_EvalCode;0x5d2bac;0x5818ed;_PyEval_EvalFrameDefault;0x54a0c7;PyObject_CallMethodObjArgs;PyImport_ImportModuleLevelObject;_PyEval_EvalFrameDefault;PyEval_EvalCode;0x5d2bac;0x5818ed;_PyEval_EvalFrameDefault;0x54a0c7;PyObject_CallMethodObjArgs;PyImport_ImportModuleLevelObject;_PyEval_EvalFrameDefault;PyEval_EvalCode;0x5d2bac;0x5818ed;_PyEval_EvalFrameDefault;0x54a0c7;PyObject_CallMethodObjArgs;PyImport_ImportModuleLevelObject;0x5d2ef4;0x5818ed;_PyEval_EvalFrameDefault;0x54a0c7;PyObject_CallMethodObjArgs;PyImport_ImportModuleLevelObject;_PyEval_EvalFrameDefault;PyEval_EvalCode;0x5d2bac;0x5818ed;_PyEval_EvalFrameDefault;0x54a0c7;PyObject_CallMethodObjArgs;PyImport_ImportModuleLevelObject;0x5d2ef4;0x5818ed;_PyEval_EvalFrameDefault;0x54a0c7;PyObject_CallMethodObjArgs;PyImport_ImportModuleLevelObject;_PyEval_EvalFrameDefault;PyEval_EvalCode;0x5d2bac;0x5818ed;_PyEval_EvalFrameDefault;0x54a0c7;PyObject_CallMethodObjArgs;PyImport_ImportModuleLevelObject;_PyEval_EvalFrameDefault;PyEval_EvalCode;0x607fc2;0x6b4393;_PyRun_SimpleFileObject;_PyRun_AnyFileObject;Py_RunMain;Py_BytesMain;__libc_start_call_main;__libc_start_main@@GLIBC_2.34;_start;|, 33.113826, 100.00, 27.524000
2025-11-25T20:44:44.637291Z, 0xfffffffffffffe00;__memset_avx2_unaligned_erms;PyEval_EvalCode;0x5d2bac;0x5818ed;_PyEval_EvalFrameDefault;0x54a0c7;PyObject_CallMethodObjArgs;PyImport_ImportModuleLevelObject;_PyEval_EvalFrameDefault;PyEval_EvalCode;0x5d2bac;0x5818ed;_PyEval_EvalFrameDefault;0x54a0c7;PyObject_CallMethodObjArgs;PyImport_ImportModuleLevelObject;_PyEval_EvalFrameDefault;PyEval_EvalCode;0x5d2bac;0x5818ed;_PyEval_EvalFrameDefault;0x54a0c7;PyObject_CallMethodObjArgs;PyImport_ImportModuleLevelObject;_PyEval_EvalFrameDefault;PyEval_EvalCode;0x5d2bac;0x5818ed;_PyEval_EvalFrameDefault;0x54a0c7;PyObject_CallMethodObjArgs;PyImport_ImportModuleLevelObject;_PyEval_EvalFrameDefault;PyEval_EvalCode;0x5d2bac;0x5818ed;_PyEval_EvalFrameDefault;0x54a0c7;PyObject_CallMethodObjArgs;PyImport_ImportModuleLevelObject;_PyEval_EvalFrameDefault;PyEval_EvalCode;0x5d2bac;0x5818ed;_PyEval_EvalFrameDefault;0x54a0c7;PyObject_CallMethodObjArgs;PyImport_ImportModuleLevelObject;_PyEval_EvalFrameDefault;PyEval_EvalCode;0x5d2bac;0x5818ed;_PyEval_EvalFrameDefault;0x54a0c7;PyObject_CallMethodObjArgs;PyImport_ImportModuleLevelObject;_PyEval_EvalFrameDefault;PyEval_EvalCode;0x5d2bac;0x5818ed;_PyEval_EvalFrameDefault;0x54a0c7;PyObject_CallMethodObjArgs;PyImport_ImportModuleLevelObject;_PyEval_EvalFrameDefault;PyEval_EvalCode;0x5d2bac;0x5818ed;_PyEval_EvalFrameDefault;0x54a0c7;PyObject_CallMethodObjArgs;PyImport_ImportModuleLevelObject;_PyEval_EvalFrameDefault;PyEval_EvalCode;0x5d2bac;0x5818ed;_PyEval_EvalFrameDefault;0x54a0c7;PyObject_CallMethodObjArgs;PyImport_ImportModuleLevelObject;0x5d2ef4;0x5818ed;_PyEval_EvalFrameDefault;0x54a0c7;PyObject_CallMethodObjArgs;PyImport_ImportModuleLevelObject;_PyEval_EvalFrameDefault;PyEval_EvalCode;0x5d2bac;0x5818ed;_PyEval_EvalFrameDefault;0x54a0c7;PyObject_CallMethodObjArgs;PyImport_ImportModuleLevelObject;0x5d2ef4;0x5818ed;_PyEval_EvalFrameDefault;0x54a0c7;PyObject_CallMethodObjArgs;PyImport_ImportModuleLevelObject;_PyEval_EvalFrameDefault;PyEval_EvalCode;0x5d2bac;0x5818ed;_PyEval_EvalFrameDefault;0x54a0c7;PyObject_CallMethodObjArgs;PyImport_ImportModuleLevelObject;_PyEval_EvalFrameDefault;PyEval_EvalCode;0x607fc2;0x6b4393;_PyRun_SimpleFileObject;_PyRun_AnyFileObject;Py_RunMain;Py_BytesMain;__libc_start_call_main;__libc_start_main@@GLIBC_2.34;_start;|, 50.340429, 300.00, 27.524000
2025-11-25T20:44:44.645918Z, 0xfffffffffffffe00;0x5d5361;0x5d4fbf;PyObject_CallOneArg;0x5a4571;0x57273c;_PyEval_EvalFrameDefault;PyEval_EvalCode;0x5d2bac;0x5818ed;_PyEval_EvalFrameDefault;0x54a0c7;PyObject_CallMethodObjArgs;PyImport_ImportModuleLevelObject;_PyEval_EvalFrameDefault;PyEval_EvalCode;0x5d2bac;0x5818ed;_PyEval_EvalFrameDefault;0x54a0c7;PyObject_CallMethodObjArgs;PyImport_ImportModuleLevelObject;_PyEval_EvalFrameDefault;PyEval_EvalCode;0x5d2bac;0x5818ed;_PyEval_EvalFrameDefault;0x54a0c7;PyObject_CallMethodObjArgs;PyImport_ImportModuleLevelObject;_PyEval_EvalFrameDefault;PyEval_EvalCode;0x5d2bac;0x5818ed;_PyEval_EvalFrameDefault;0x54a0c7;PyObject_CallMethodObjArgs;PyImport_ImportModuleLevelObject;_PyEval_EvalFrameDefault;PyEval_EvalCode;0x5d2bac;0x5818ed;_PyEval_EvalFrameDefault;0x54a0c7;PyObject_CallMethodObjArgs;PyImport_ImportModuleLevelObject;_PyEval_EvalFrameDefault;PyEval_EvalCode;0x5d2bac;0x5818ed;_PyEval_EvalFrameDefault;0x54a0c7;PyObject_CallMethodObjArgs;PyImport_ImportModuleLevelObject;_PyEval_EvalFrameDefault;PyEval_EvalCode;0x5d2bac;0x5818ed;_PyEval_EvalFrameDefault;0x54a0c7;PyObject_CallMethodObjArgs;PyImport_ImportModuleLevelObject;0x5d2ef4;0x5818ed;_PyEval_EvalFrameDefault;0x54a0c7;PyObject_CallMethodObjArgs;PyImport_ImportModuleLevelObject;_PyEval_EvalFrameDefault;PyEval_EvalCode;0x5d2bac;0x5818ed;_PyEval_EvalFrameDefault;0x54a0c7;PyObject_CallMethodObjArgs;PyImport_ImportModuleLevelObject;0x5d2ef4;0x5818ed;_PyEval_EvalFrameDefault;0x54a0c7;PyObject_CallMethodObjArgs;PyImport_ImportModuleLevelObject;_PyEval_EvalFrameDefault;PyEval_EvalCode;0x5d2bac;0x5818ed;_PyEval_EvalFrameDefault;0x54a0c7;PyObject_CallMethodObjArgs;PyImport_ImportModuleLevelObject;_PyEval_EvalFrameDefault;PyEval_EvalCode;0x607fc2;0x6b4393;_PyRun_SimpleFileObject;_PyRun_AnyFileObject;Py_RunMain;Py_BytesMain;__libc_start_call_main;__libc_start_main@@GLIBC_2.34;_start;|, 46.643301, 233.33, 27.524000
2025-11-25T20:44:44.651110Z, ί²λυ, 46.368034, 400.00, 27.524000
2025-11-25T20:44:44.659788Z, 0xfffffffffffffe00;0x572010;_PyDict_GetItem_KnownHash;0x59bd33;0x599f00;0x5994d7;_PyObject_MakeTpCall;PyObject_VectorcallDict;0x5d1fdb;0x5818ed;PyObject_Vectorcall;_PyEval_EvalFrameDefault;PyEval_EvalCode;0x5d2bac;0x5818ed;_PyEval_EvalFrameDefault;0x54a0c7;PyObject_CallMethodObjArgs;PyImport_ImportModuleLevelObject;_PyEval_EvalFrameDefault;PyEval_EvalCode;0x5d2bac;0x5818ed;_PyEval_EvalFrameDefault;0x54a0c7;PyObject_CallMethodObjArgs;PyImport_ImportModuleLevelObject;_PyEval_EvalFrameDefault;PyEval_EvalCode;0x5d2bac;0x5818ed;_PyEval_EvalFrameDefault;0x54a0c7;PyObject_CallMethodObjArgs;PyImport_ImportModuleLevelObject;_PyEval_EvalFrameDefault;PyEval_EvalCode;0x5d2bac;0x5818ed;_PyEval_EvalFrameDefault;0x54a0c7;PyObject_CallMethodObjArgs;PyImport_ImportModuleLevelObject;_PyEval_EvalFrameDefault;PyEval_EvalCode;0x5d2bac;0x5818ed;_PyEval_EvalFrameDefault;0x54a0c7;PyObject_CallMethodObjArgs;PyImport_ImportModuleLevelObject;_PyEval_EvalFrameDefault;PyEval_EvalCode;0x5d2bac;0x5818ed;_PyEval_EvalFrameDefault;0x54a0c7;PyObject_CallMethodObjArgs;PyImport_ImportModuleLevelObject;0x5d2ef4;0x5818ed;_PyEval_EvalFrameDefault;0x54a0c7;PyObject_CallMethodObjArgs;PyImport_ImportModuleLevelObject;_PyEval_EvalFrameDefault;PyEval_EvalCode;0x5d2bac;0x5818ed;_PyEval_EvalFrameDefault;0x54a0c7;PyObject_CallMethodObjArgs;PyImport_ImportModuleLevelObject;0x5d2ef4;0x5818ed;_PyEval_EvalFrameDefault;0x54a0c7;PyObject_CallMethodObjArgs;PyImport_ImportModuleLevelObject;_PyEval_EvalFrameDefault;PyEval_EvalCode;0x5d2bac;0x5818ed;_PyEval_EvalFrameDefault;0x54a0c7;PyObject_CallMethodObjArgs;PyImport_ImportModuleLevelObject;_PyEval_EvalFrameDefault;PyEval_EvalCode;0x607fc2;0x6b4393;_PyRun_SimpleFileObject;_PyRun_AnyFileObject;Py_RunMain;Py_BytesMain;__libc_start_call_main;__libc_start_main@@GLIBC_2.34;_start;|, 42.759342, 400.00, 27.524000
2025-11-25T20:44:44.668424Z, 0xfffffffffffffe00;0x5a1d03;PyObject_SetAttr;0x5d260a;_PyEval_EvalFrameDefault;0x54ce3d;0x54a0c7;PyObject_CallFunctionObjArgs;0x59a00f;0x59e81f;0x581a6f;PyObject_Call;_PyEval_EvalFrameDefault;_PyObject_Call_Prepend;0x59e673;0x5994d7;_PyObject_MakeTpCall;0x5d1fdb;0x5818ed;PyObject_Vectorcall;_PyEval_EvalFrameDefault;PyEval_EvalCode;0x5d2bac;0x5818ed;_PyEval_EvalFrameDefault;0x54a0c7;PyObject_CallMethodObjArgs;PyImport_ImportModuleLevelObject;0x5d2ef4;0x5818ed;_PyEval_EvalFrameDefault;0x54a0c7;PyObject_CallMethodObjArgs;PyImport_ImportModuleLevelObject;_PyEval_EvalFrameDefault;PyEval_EvalCode;0x5d2bac;0x5818ed;_PyEval_EvalFrameDefault;0x54a0c7;PyObject_CallMethodObjArgs;PyImport_ImportModuleLevelObject;_PyEval_EvalFrameDefault;PyEval_EvalCode;0x5d2bac;0x5818ed;_PyEval_EvalFrameDefault;0x54a0c7;PyObject_CallMethodObjArgs;PyImport_ImportModuleLevelObject;_PyEval_EvalFrameDefault;PyEval_EvalCode;0x5d2bac;0x5818ed;_PyEval_EvalFrameDefault;0x54a0c7;PyObject_CallMethodObjArgs;PyImport_ImportModuleLevelObject;0x5d2ef4;0x5818ed;_PyEval_EvalFrameDefault;0x54a0c7;PyObject_CallMethodObjArgs;PyImport_ImportModuleLevelObject;_PyEval_EvalFrameDefault;PyEval_EvalCode;0x5d2bac;0x5818ed;_PyEval_EvalFrameDefault;0x54a0c7;PyObject_CallMethodObjArgs;PyImport_ImportModuleLevelObject;0x5d2ef4;0x5818ed;_PyEval_EvalFrameDefault;0x54a0c7;PyObject_CallMethodObjArgs;PyImport_ImportModuleLevelObject;_PyEval_EvalFrameDefault;PyEval_EvalCode;0x5d2bac;0x5818ed;_PyEval_EvalFrameDefault;0x54a0c7;PyObject_CallMethodObjArgs;PyImport_ImportModuleLevelObject;_PyEval_EvalFrameDefault;PyEval_EvalCode;0x607fc2;0x6b4393;_PyRun_SimpleFileObject;_PyRun_AnyFileObject;Py_RunMain;Py_BytesMain;__libc_start_call_main;__libc_start_main@@GLIBC_2.34;_start;|, 40.896295, 450.00, 27.524000
2025-11-25T20:44:44.675405Z, 0xfffffffffffffe00;_int_free;free;PyMem_Free;0x642fd0;0x5522fe;PyObject_Vectorcall;_PyEval_EvalFrameDefault;0x5554a6;0x5a2ae1;_PyObject_MakeTpCall;_PyEval_EvalFrameDefault;PyEval_EvalCode;0x5d2bac;0x5818ed;_PyEval_EvalFrameDefault;0x54a0c7;PyObject_CallMethodObjArgs;PyImport_ImportModuleLevelObject;0x5d2ef4;0x5818ed;_PyEval_EvalFrameDefault;0x54a0c7;PyObject_CallMethodObjArgs;PyImport_ImportModuleLevelObject;_PyEval_EvalFrameDefault;PyEval_EvalCode;0x5d2bac;0x5818ed;_PyEval_EvalFrameDefault;0x54a0c7;PyObject_CallMethodObjArgs;PyImport_ImportModuleLevelObject;_PyEval_EvalFrameDefault;PyEval_EvalCode;0x607fc2;0x6b4393;_PyRun_SimpleFileObject;_PyRun_AnyFileObject;Py_RunMain;Py_BytesMain;__libc_start_call_main;__libc_start_main@@GLIBC_2.34;_start;|, 46.092901, 500.00, 27.524000
2025-11-25T20:44:44.682144Z, 0xffffffffffffff80;0xffffffffbb1f0a59;0xffffffffbb1bfbbe;0xffffffffbb1bfca9;0xffffffffbac84851;0xffffffffbbed678e;0xffffffffbaa0012b;0xfffffffffffffe00;read;_Py_read;0x638b5f;0x58165a;0x63a48f;0x551c72;PyObject_VectorcallMethod;0x6ee9ef;_PyEval_EvalFrameDefault;0x64ef83;_PyObject_MakeTpCall;_PyEval_EvalFrameDefault;0x64ef83;_PyObject_MakeTpCall;_PyEval_EvalFrameDefault;PyObject_Call;0x64ef83;_PyObject_MakeTpCall;_PyEval_EvalFrameDefault;PyEval_EvalCode;0x5d2bac;0x5818ed;_PyEval_EvalFrameDefault;0x54a0c7;PyObject_CallMethodObjArgs;PyImport_ImportModuleLevelObject;_PyEval_EvalFrameDefault;PyEval_EvalCode;0x607fc2;0x6b4393;_PyRun_SimpleFileObject;_PyRun_AnyFileObject;Py_RunMain;Py_BytesMain;__libc_start_call_main;__libc_start_main@@GLIBC_2.34;_start;|, 45.728859, 1000.00, 27.524000
2025-11-25T20:44:44.687394Z, , 36.837032, 0.00, 27.524000
2025-11-25T20:44:44.693851Z, 0xfffffffffffffe00;0x5b3ce4;0x5b394a;_PyEval_EvalFrameDefault;0x64ef83;_PyObject_MakeTpCall;_PyEval_EvalFrameDefault;0x64ef83;_PyObject_MakeTpCall;_PyEval_EvalFrameDefault;PyObject_Call;0x64ef83;_PyObject_MakeTpCall;_PyEval_EvalFrameDefault;PyEval_EvalCode;0x5d2bac;0x5818ed;_PyEval_EvalFrameDefault;0x54a0c7;PyObject_CallMethodObjArgs;PyImport_ImportModuleLevelObject;_PyEval_EvalFrameDefault;PyEval_EvalCode;0x607fc2;0x6b4393;_PyRun_SimpleFileObject;_PyRun_AnyFileObject;Py_RunMain;Py_BytesMain;__libc_start_call_main;__libc_start_main@@GLIBC_2.34;_start;|, 35.891340, 0.00, 27.524000
2025-11-25T20:44:44.698978Z, , 49.064203, 0.00, 27.524000
2025-11-25T20:44:44.705438Z, 0xfffffffffffffe00;_PyTrash_begin;0x590e86;0x550d07;PyObject_Vectorcall;_PyEval_EvalFrameDefault;0x64ef83;_PyObject_MakeTpCall;_PyEval_EvalFrameDefault;0x64ef83;_PyObject_MakeTpCall;_PyEval_EvalFrameDefault;PyObject_Call;0x64ef83;_PyObject_MakeTpCall;_PyEval_EvalFrameDefault;PyEval_EvalCode;0x5d2bac;0x5818ed;_PyEval_EvalFrameDefault;0x54a0c7;PyObject_CallMethodObjArgs;PyImport_ImportModuleLevelObject;_PyEval_EvalFrameDefault;PyEval_EvalCode;0x607fc2;0x6b4393;_PyRun_SimpleFileObject;_PyRun_AnyFileObject;Py_RunMain;Py_BytesMain;__libc_start_call_main;__libc_start_main@@GLIBC_2.34;_start;|, 35.094673, 200.00, 27.524000
2025-11-25T20:44:44.710628Z, , 39.246143, 200.00, 27.524000
2025-11-25T20:44:44.717115Z, 0xfffffffffffffe00;__memcpy_avx_unaligned_erms;0x5c4b28;_PyEval_EvalFrameDefault;0x64ef83;_PyObject_MakeTpCall;_PyEval_EvalFrameDefault;0x64ef83;_PyObject_MakeTpCall;_PyEval_EvalFrameDefault;PyObject_Call;0x64ef83;_PyObject_MakeTpCall;_PyEval_EvalFrameDefault;PyEval_EvalCode;0x5d2bac;0x5818ed;_PyEval_EvalFrameDefault;0x54a0c7;PyObject_CallMethodObjArgs;PyImport_ImportModuleLevelObject;_PyEval_EvalFrameDefault;PyEval_EvalCode;0x607fc2;0x6b4393;_PyRun_SimpleFileObject;_PyRun_AnyFileObject;Py_RunMain;Py_BytesMain;__libc_start_call_main;__libc_start_main@@GLIBC_2.34;_start;|, 45.785156, 300.00, 27.524000
2025-11-25T20:44:44.722335Z, , 40.015522, 400.00, 27.524000
2025-11-25T20:44:44.728766Z, 0xfffffffffffffe00;0x590467;0x550cb1;PyObject_Vectorcall;_PyEval_EvalFrameDefault;0x64ef83;_PyObject_MakeTpCall;_PyEval_EvalFrameDefault;0x64ef83;_PyObject_MakeTpCall;_PyEval_EvalFrameDefault;PyObject_Call;0x64ef83;_PyObject_MakeTpCall;_PyEval_EvalFrameDefault;PyEval_EvalCode;0x5d2bac;0x5818ed;_PyEval_EvalFrameDefault;0x54a0c7;PyObject_CallMethodObjArgs;PyImport_ImportModuleLevelObject;_PyEval_EvalFrameDefault;PyEval_EvalCode;0x607fc2;0x6b4393;_PyRun_SimpleFileObject;_PyRun_AnyFileObject;Py_RunMain;Py_BytesMain;__libc_start_call_main;__libc_start_main@@GLIBC_2.34;_start;|, 38.182858, 200.00, 27.524000
2025-11-25T20:44:44.735216Z, 0xfffffffffffffe00;0x5f76f0;0x5ae9fd;0x550cec;PyObject_Vectorcall;_PyEval_EvalFrameDefault;0x64ef83;_PyObject_MakeTpCall;_PyEval_EvalFrameDefault;0x64ef83;_PyObject_MakeTpCall;_PyEval_EvalFrameDefault;PyObject_Call;0x64ef83;_PyObject_MakeTpCall;_PyEval_EvalFrameDefault;PyEval_EvalCode;0x5d2bac;0x5818ed;_PyEval_EvalFrameDefault;0x54a0c7;PyObject_CallMethodObjArgs;PyImport_ImportModuleLevelObject;_PyEval_EvalFrameDefault;PyEval_EvalCode;0x607fc2;0x6b4393;_PyRun_SimpleFileObject;_PyRun_AnyFileObject;Py_RunMain;Py_BytesMain;__libc_start_call_main;__libc_start_main@@GLIBC_2.34;_start;|, 45.363880, 250.00, 27.524000
2025-11-25T20:44:44.740382Z, , 43.993057, 250.00, 27.524000
2025-11-25T20:44:44.746917Z, 0xfffffffffffffe00;0x605af9;_PyObject_CallFunction_SizeT;0x6372b4;_PyEval_EvalFrameDefault;0x64ef83;_PyObject_MakeTpCall;_PyEval_EvalFrameDefault;0x64ef83;_PyObject_MakeTpCall;_PyEval_EvalFrameDefault;0x64ef83;_PyObject_MakeTpCall;_PyEval_EvalFrameDefault;PyObject_Call;0x64ef83;_PyObject_MakeTpCall;_PyEval_EvalFrameDefault;PyEval_EvalCode;0x5d2bac;0x5818ed;_PyEval_EvalFrameDefault;0x54a0c7;PyObject_CallMethodObjArgs;PyImport_ImportModuleLevelObject;_PyEval_EvalFrameDefault;PyEval_EvalCode;0x607fc2;0x6b4393;_PyRun_SimpleFileObject;_PyRun_AnyFileObject;Py_RunMain;Py_BytesMain;__libc_start_call_main;__libc_start_main@@GLIBC_2.34;_start;|, 39.992430, 600.00, 27.524000
2025-11-25T20:44:44.752139Z, , 44.510398, 600.00, 27.524000
2025-11-25T20:44:44.758601Z, 0xfffffffffffffe00;PyUnicode_Splitlines;0x5c4b28;_PyEval_EvalFrameDefault;0x64ef83;_PyObject_MakeTpCall;_PyEval_EvalFrameDefault;0x64ef83;_PyObject_MakeTpCall;_PyEval_EvalFrameDefault;PyObject_Call;0x64ef83;_PyObject_MakeTpCall;_PyEval_EvalFrameDefault;PyEval_EvalCode;0x5d2bac;0x5818ed;_PyEval_EvalFrameDefault;0x54a0c7;PyObject_CallMethodObjArgs;PyImport_ImportModuleLevelObject;_PyEval_EvalFrameDefault;PyEval_EvalCode;0x607fc2;0x6b4393;_PyRun_SimpleFileObject;_PyRun_AnyFileObject;Py_RunMain;Py_BytesMain;__libc_start_call_main;__libc_start_main@@GLIBC_2.34;_start;|, 43.160654, 700.00, 27.524000
2025-11-25T20:44:44.764909Z, 0xfffffffffffffe00;_PyEval_EvalFrameDefault;0x64ef83;_PyObject_MakeTpCall;_PyEval_EvalFrameDefault;0x64ef83;_PyObject_MakeTpCall;_PyEval_EvalFrameDefault;PyObject_Call;0x64ef83;_PyObject_MakeTpCall;_PyEval_EvalFrameDefault;PyEval_EvalCode;0x5d2bac;0x5818ed;_PyEval_EvalFrameDefault;0x54a0c7;PyObject_CallMethodObjArgs;PyImport_ImportModuleLevelObject;_PyEval_EvalFrameDefault;PyEval_EvalCode;0x607fc2;0x6b4393;_PyRun_SimpleFileObject;_PyRun_AnyFileObject;Py_RunMain;Py_BytesMain;__libc_start_call_main;__libc_start_main@@GLIBC_2.34;_start;|, 54.649161, 700.00, 27.524000
2025-11-25T20:44:44.770148Z, , 28.559061, 400.00, 27.524000
2025-11-25T20:44:44.776615Z, 0xfffffffffffffe00;0x566eba;PyNumber_Multiply;0x633d97;0x63332f;_PyEval_EvalFrameDefault;0x64ef83;_PyObject_MakeTpCall;_PyEval_EvalFrameDefault;0x64ef83;_PyObject_MakeTpCall;_PyEval_EvalFrameDefault;PyObject_Call;0x64ef83;_PyObject_MakeTpCall;_PyEval_EvalFrameDefault;PyEval_EvalCode;0x5d2bac;0x5818ed;_PyEval_EvalFrameDefault;0x54a0c7;PyObject_CallMethodObjArgs;PyImport_ImportModuleLevelObject;_PyEval_EvalFrameDefault;PyEval_EvalCode;0x607fc2;0x6b4393;_PyRun_SimpleFileObject;_PyRun_AnyFileObject;Py_RunMain;Py_BytesMain;__libc_start_call_main;__libc_start_main@@GLIBC_2.34;_start;|, 51.977030, 900.00, 27.524000
2025-11-25T20:44:44.782061Z, , 32.034418, 900.00, 27.524000
2025-11-25T20:44:44.788718Z, 0xfffffffffffffe00;0x590e8e;0x550d07;PyObject_Vectorcall;_PyEval_EvalFrameDefault;0x64ef83;_PyObject_MakeTpCall;_PyEval_EvalFrameDefault;0x64ef83;_PyObject_MakeTpCall;_PyEval_EvalFrameDefault;PyObject_Call;0x64ef83;_PyObject_MakeTpCall;_PyEval_EvalFrameDefault;PyEval_EvalCode;0x5d2bac;0x5818ed;_PyEval_EvalFrameDefault;0x54a0c7;PyObject_CallMethodObjArgs;PyImport_ImportModuleLevelObject;_PyEval_EvalFrameDefault;PyEval_EvalCode;0x607fc2;0x6b4393;_PyRun_SimpleFileObject;_PyRun_AnyFileObject;Py_RunMain;Py_BytesMain;__libc_start_call_main;__libc_start_main@@GLIBC_2.34;_start;|, 44.395774, 500.00, 27.524000
2025-11-25T20:44:44.795237Z, 0xfffffffffffffe00;0x590f93;0x550d07;PyObject_Vectorcall;_PyEval_EvalFrameDefault;0x64ef83;_PyObject_MakeTpCall;_PyEval_EvalFrameDefault;0x64ef83;_PyObject_MakeTpCall;_PyEval_EvalFrameDefault;PyObject_Call;0x64ef83;_PyObject_MakeTpCall;_PyEval_EvalFrameDefault;PyEval_EvalCode;0x5d2bac;0x5818ed;_PyEval_EvalFrameDefault;0x54a0c7;PyObject_CallMethodObjArgs;PyImport_ImportModuleLevelObject;_PyEval_EvalFrameDefault;PyEval_EvalCode;0x607fc2;0x6b4393;_PyRun_SimpleFileObject;_PyRun_AnyFileObject;Py_RunMain;Py_BytesMain;__libc_start_call_main;__libc_start_main@@GLIBC_2.34;_start;|, 34.686161, 500.00, 27.524000
2025-11-25T20:44:44.800494Z, , 26.878590, 0.00, 27.524000
2025-11-25T20:44:44.805696Z, , 40.514331, 0.00, 27.524000
2025-11-25T20:44:44.810837Z, , 42.355963, 0.00, 27.524000
2025-11-25T20:44:44.817244Z, 0xfffffffffffffe00;PyUnicode_Splitlines;0x5c4b28;_PyEval_EvalFrameDefault;0x64ef83;_PyObject_MakeTpCall;_PyEval_EvalFrameDefault;0x64ef83;_PyObject_MakeTpCall;_PyEval_EvalFrameDefault;PyObject_Call;0x64ef83;_PyObject_MakeTpCall;_PyEval_EvalFrameDefault;PyEval_EvalCode;0x5d2bac;0x5818ed;_PyEval_EvalFrameDefault;0x54a0c7;PyObject_CallMethodObjArgs;PyImport_ImportModuleLevelObject;_PyEval_EvalFrameDefault;PyEval_EvalCode;0x607fc2;0x6b4393;_PyRun_SimpleFileObject;_PyRun_AnyFileObject;Py_RunMain;Py_BytesMain;__libc_start_call_main;__libc_start_main@@GLIBC_2.34;_start;|, 36.414786, 0.00, 27.524000
2025-11-25T20:44:44.823645Z, 0xfffffffffffffe00;0x5ae995;0x550cec;PyObject_Vectorcall;_PyEval_EvalFrameDefault;0x64ef83;_PyObject_MakeTpCall;_PyEval_EvalFrameDefault;0x64ef83;_PyObject_MakeTpCall;_PyEval_EvalFrameDefault;PyObject_Call;0x64ef83;_PyObject_MakeTpCall;_PyEval_EvalFrameDefault;PyEval_EvalCode;0x5d2bac;0x5818ed;_PyEval_EvalFrameDefault;0x54a0c7;PyObject_CallMethodObjArgs;PyImport_ImportModuleLevelObject;_PyEval_EvalFrameDefault;PyEval_EvalCode;0x607fc2;0x6b4393;_PyRun_SimpleFileObject;_PyRun_AnyFileObject;Py_RunMain;Py_BytesMain;__libc_start_call_main;__libc_start_main@@GLIBC_2.34;_start;|, 42.813114, 0.00, 27.524000
2025-11-25T20:44:44.828831Z, , 43.028215, 100.00, 27.524000
2025-11-25T20:44:44.835491Z, 0xffffffffffffff80;0xffffffffbaefc515;0xffffffffbaefc6be;0xffffffffbb1c6cef;0xffffffffbb1c7e26;0xffffffffbb1c7e55;0xffffffffbac84b12;0xffffffffbbed678e;0xffffffffbaa0012b;0xfffffffffffffe00;__fstat64;0x599513;_PyObject_MakeTpCall;_PyObject_CallFunction_SizeT;0x637151;_PyEval_EvalFrameDefault;0x64ef83;_PyObject_MakeTpCall;_PyEval_EvalFrameDefault;0x64ef83;_PyObject_MakeTpCall;_PyEval_EvalFrameDefault;PyObject_Call;0x64ef83;_PyObject_MakeTpCall;_PyEval_EvalFrameDefault;PyEval_EvalCode;0x5d2bac;0x5818ed;_PyEval_EvalFrameDefault;0x54a0c7;PyObject_CallMethodObjArgs;PyImport_ImportModuleLevelObject;_PyEval_EvalFrameDefault;PyEval_EvalCode;0x607fc2;0x6b4393;_PyRun_SimpleFileObject;_PyRun_AnyFileObject;Py_RunMain;Py_BytesMain;__libc_start_call_main;__libc_start_main@@GLIBC_2.34;_start;|, 46.828219, 50.00, 27.524000
2025-11-25T20:44:44.840725Z, , 45.872485, 100.00, 27.524000
2025-11-25T20:44:44.847188Z, 0xfffffffffffffe00;0x5ae9fd;0x550cec;PyObject_Vectorcall;_PyEval_EvalFrameDefault;0x64ef83;_PyObject_MakeTpCall;_PyEval_EvalFrameDefault;0x64ef83;_PyObject_MakeTpCall;_PyEval_EvalFrameDefault;PyObject_Call;0x64ef83;_PyObject_MakeTpCall;_PyEval_EvalFrameDefault;PyEval_EvalCode;0x5d2bac;0x5818ed;_PyEval_EvalFrameDefault;0x54a0c7;PyObject_CallMethodObjArgs;PyImport_ImportModuleLevelObject;_PyEval_EvalFrameDefault;PyEval_EvalCode;0x607fc2;0x6b4393;_PyRun_SimpleFileObject;_PyRun_AnyFileObject;Py_RunMain;Py_BytesMain;__libc_start_call_main;__libc_start_main@@GLIBC_2.34;_start;|, 43.606539, 200.00, 27.524000
2025-11-25T20:44:44.853551Z, 0xfffffffffffffe00;0x562e71;0x64ef83;_PyObject_MakeTpCall;_PyEval_EvalFrameDefault;0x64ef83;_PyObject_MakeTpCall;_PyEval_EvalFrameDefault;PyObject_Call;0x64ef83;_PyObject_MakeTpCall;_PyEval_EvalFrameDefault;PyEval_EvalCode;0x5d2bac;0x5818ed;_PyEval_EvalFrameDefault;0x54a0c7;PyObject_CallMethodObjArgs;PyImport_ImportModuleLevelObject;_PyEval_EvalFrameDefault;PyEval_EvalCode;0x607fc2;0x6b4393;_PyRun_SimpleFileObject;_PyRun_AnyFileObject;Py_RunMain;Py_BytesMain;__libc_start_call_main;__libc_start_main@@GLIBC_2.34;_start;|, 42.196086, 300.00, 27.524000
2025-11-25T20:44:44.858736Z, , 49.065586, 400.00, 27.524000
2025-11-25T20:44:44.865094Z, 0xfffffffffffffe00;0x55eb69;_PyEval_EvalFrameDefault;0x64ef83;_PyObject_MakeTpCall;_PyEval_EvalFrameDefault;0x64ef83;_PyObject_MakeTpCall;_PyEval_EvalFrameDefault;PyObject_Call;0x64ef83;_PyObject_MakeTpCall;_PyEval_EvalFrameDefault;PyEval_EvalCode;0x5d2bac;0x5818ed;_PyEval_EvalFrameDefault;0x54a0c7;PyObject_CallMethodObjArgs;PyImport_ImportModuleLevelObject;_PyEval_EvalFrameDefault;PyEval_EvalCode;0x607fc2;0x6b4393;_PyRun_SimpleFileObject;_PyRun_AnyFileObject;Py_RunMain;Py_BytesMain;__libc_start_call_main;__libc_start_main@@GLIBC_2.34;_start;|, 39.614650, 400.00, 27.524000
2025-11-25T20:44:44.870296Z, , 49.133749, 250.00, 27.524000
2025-11-25T20:44:44.876724Z, 0xfffffffffffffe00;0x590e3c;0x550d07;PyObject_Vectorcall;_PyEval_EvalFrameDefault;0x64ef83;_PyObject_MakeTpCall;_PyEval_EvalFrameDefault;0x64ef83;_PyObject_MakeTpCall;_PyEval_EvalFrameDefault;PyObject_Call;0x64ef83;_PyObject_MakeTpCall;_PyEval_EvalFrameDefault;PyEval_EvalCode;0x5d2bac;0x5818ed;_PyEval_EvalFrameDefault;0x54a0c7;PyObject_CallMethodObjArgs;PyImport_ImportModuleLevelObject;_PyEval_EvalFrameDefault;PyEval_EvalCode;0x607fc2;0x6b4393;_PyRun_SimpleFileObject;_PyRun_AnyFileObject;Py_RunMain;Py_BytesMain;__libc_start_call_main;__libc_start_main@@GLIBC_2.34;_start;|, 45.441056, 500.00, 27.524000
2025-11-25T20:44:44.882988Z, 0xfffffffffffffe00;_PyEval_EvalFrameDefault;0x64ef83;_PyObject_MakeTpCall;_PyEval_EvalFrameDefault;0x64ef83;_PyObject_MakeTpCall;_PyEval_EvalFrameDefault;PyObject_Call;0x64ef83;_PyObject_MakeTpCall;_PyEval_EvalFrameDefault;PyEval_EvalCode;0x5d2bac;0x5818ed;_PyEval_EvalFrameDefault;0x54a0c7;PyObject_CallMethodObjArgs;PyImport_ImportModuleLevelObject;_PyEval_EvalFrameDefault;PyEval_EvalCode;0x607fc2;0x6b4393;_PyRun_SimpleFileObject;_PyRun_AnyFileObject;Py_RunMain;Py_BytesMain;__libc_start_call_main;__libc_start_main@@GLIBC_2.34;_start;|, 45.053975, 600.00, 27.524000
2025-11-25T20:44:44.888254Z, , 43.966034, 233.33, 27.524000
2025-11-25T20:44:44.894426Z, 0xfffffffffffffe00;_PyThreadState_UncheckedGet;0x57921e;_PyEval_EvalFrameDefault;PyObject_Call;0x64ef83;_PyObject_MakeTpCall;_PyEval_EvalFrameDefault;PyEval_EvalCode;0x5d2bac;0x5818ed;_PyEval_EvalFrameDefault;0x54a0c7;PyObject_CallMethodObjArgs;PyImport_ImportModuleLevelObject;_PyEval_EvalFrameDefault;PyEval_EvalCode;0x607fc2;0x6b4393;_PyRun_SimpleFileObject;_PyRun_AnyFileObject;Py_RunMain;Py_BytesMain;__libc_start_call_main;__libc_start_main@@GLIBC_2.34;_start;|, 32.199854, 800.00, 27.524000
2025-11-25T20:44:44.899603Z, , 37.823466, 900.00, 27.524000
2025-11-25T20:44:44.906241Z, 0xffffffffffffff80;0xffffffffbb428e31;0xffffffffbb441a22;0xffffffffbb441e95;0xffffffffbb44249f;0xffffffffbb43dead;0xffffffffbb43e027;0xffffffffbb3c872c;0xffffffffbb1c7b67;0xffffffffbb1c864e;0xffffffffbb1c86f4;0xffffffffbb1c876c;0xffffffffbac8510c;0xffffffffbbed678e;0xffffffffbaa0012b;0xfffffffffffffe00;fstatat64;_PyEval_EvalFrameDefault;0x64ef83;_PyObject_MakeTpCall;_PyEval_EvalFrameDefault;0x64ef83;_PyObject_MakeTpCall;_PyEval_EvalFrameDefault;0x64ef83;_PyObject_MakeTpCall;_PyEval_EvalFrameDefault;PyEval_EvalCode;0x5d2bac;0x5818ed;_PyEval_EvalFrameDefault;PyObject_Vectorcall;0x5a3d6d;0x5a39f2;_PyObject_LookupAttr;0x5d251a;_PyEval_EvalFrameDefault;0x54a0c7;PyObject_CallMethodObjArgs;PyImport_ImportModuleLevelObject;_PyEval_EvalFrameDefault;PyEval_EvalCode;0x607fc2;0x6b4393;_PyRun_SimpleFileObject;_PyRun_AnyFileObject;Py_RunMain;Py_BytesMain;__libc_start_call_main;__libc_start_main@@GLIBC_2.34;_start;|, 36.893418, 900.00, 27.524000
2025-11-25T20:44:44.912761Z, 0xfffffffffffffe00;0x590340;PyObject_Vectorcall;_PyEval_EvalFrameDefault;0x64ef83;_PyObject_MakeTpCall;_PyEval_EvalFrameDefault;0x64ef83;_PyObject_MakeTpCall;_PyEval_EvalFrameDefault;0x64ef83;_PyObject_MakeTpCall;_PyEval_EvalFrameDefault;PyEval_EvalCode;0x5d2bac;0x5818ed;_PyEval_EvalFrameDefault;PyObject_Vectorcall;0x5a3d6d;0x5a39f2;_PyObject_LookupAttr;0x5d251a;_PyEval_EvalFrameDefault;0x54a0c7;PyObject_CallMethodObjArgs;PyImport_ImportModuleLevelObject;_PyEval_EvalFrameDefault;PyEval_EvalCode;0x607fc2;0x6b4393;_PyRun_SimpleFileObject;_PyRun_AnyFileObject;Py_RunMain;Py_BytesMain;__libc_start_call_main;__libc_start_main@@GLIBC_2.34;_start;|, 33.701368, 1000.00, 27.524000
2025-11-25T20:44:44.917945Z, , 37.206937, 500.00, 27.524000
2025-11-25T20:44:44.923173Z, , 27.709388, 0.00, 27.524000
2025-11-25T20:44:44.928371Z, , 41.012938, 0.00, 27.524000
2025-11-25T20:44:44.935075Z, 0xfffffffffffffe00;0x5f808f;0x5f785e;_PyArg_ParseTuple_SizeT;0x5ae9fd;0x550cec;PyObject_Vectorcall;_PyEval_EvalFrameDefault;0x64ef83;_PyObject_MakeTpCall;_PyEval_EvalFrameDefault;0x64ef83;_PyObject_MakeTpCall;_PyEval_EvalFrameDefault;0x64ef83;_PyObject_MakeTpCall;_PyEval_EvalFrameDefault;PyEval_EvalCode;0x5d2bac;0x5818ed;_PyEval_EvalFrameDefault;PyObject_Vectorcall;0x5a3d6d;0x5a39f2;_PyObject_LookupAttr;0x5d251a;_PyEval_EvalFrameDefault;0x54a0c7;PyObject_CallMethodObjArgs;PyImport_ImportModuleLevelObject;_PyEval_EvalFrameDefault;PyEval_EvalCode;0x607fc2;0x6b4393;_PyRun_SimpleFileObject;_PyRun_AnyFileObject;Py_RunMain;Py_BytesMain;__libc_start_call_main;__libc_start_main@@GLIBC_2.34;_start;|, 38.661960, 0.00, 27.524000
2025-11-25T20:44:44.941631Z, 0xfffffffffffffe00;PyUnicode_Splitlines;0x5c4b28;_PyEval_EvalFrameDefault;0x64ef83;_PyObject_MakeTpCall;_PyEval_EvalFrameDefault;0x64ef83;_PyObject_MakeTpCall;_PyEval_EvalFrameDefault;0x64ef83;_PyObject_MakeTpCall;_PyEval_EvalFrameDefault;PyEval_EvalCode;0x5d2bac;0x5818ed;_PyEval_EvalFrameDefault;PyObject_Vectorcall;0x5a3d6d;0x5a39f2;_PyObject_LookupAttr;0x5d251a;_PyEval_EvalFrameDefault;0x54a0c7;PyObject_CallMethodObjArgs;PyImport_ImportModuleLevelObject;_PyEval_EvalFrameDefault;PyEval_EvalCode;0x607fc2;0x6b4393;_PyRun_SimpleFileObject;_PyRun_AnyFileObject;Py_RunMain;Py_BytesMain;__libc_start_call_main;__libc_start_main@@GLIBC_2.34;_start;|, 37.141786, 100.00, 27.524000
2025-11-25T20:44:44.946793Z, , 32.247683, 0.00, 27.524000
2025-11-25T20:44:44.953380Z, 0xfffffffffffffe00;_PyArg_ParseTuple_SizeT;0x5ae9fd;0x550cec;PyObject_Vectorcall;_PyEval_EvalFrameDefault;0x64ef83;_PyObject_MakeTpCall;_PyEval_EvalFrameDefault;0x64ef83;_PyObject_MakeTpCall;_PyEval_EvalFrameDefault;0x64ef83;_PyObject_MakeTpCall;_PyEval_EvalFrameDefault;PyEval_EvalCode;0x5d2bac;0x5818ed;_PyEval_EvalFrameDefault;PyObject_Vectorcall;0x5a3d6d;0x5a39f2;_PyObject_LookupAttr;0x5d251a;_PyEval_EvalFrameDefault;0x54a0c7;PyObject_CallMethodObjArgs;PyImport_ImportModuleLevelObject;_PyEval_EvalFrameDefault;PyEval_EvalCode;0x607fc2;0x6b4393;_PyRun_SimpleFileObject;_PyRun_AnyFileObject;Py_RunMain;Py_BytesMain;__libc_start_call_main;__libc_start_main@@GLIBC_2.34;_start;|, 58.232258, 100.00, 27.524000
2025-11-25T20:44:44.958581Z, , 45.398616, 50.00, 27.524000
2025-11-25T20:44:44.965154Z, 0xfffffffffffffe00;0x5c0357;PyUnicode_Splitlines;0x5c4b28;_PyEval_EvalFrameDefault;0x64ef83;_PyObject_MakeTpCall;_PyEval_EvalFrameDefault;0x64ef83;_PyObject_MakeTpCall;_PyEval_EvalFrameDefault;0x64ef83;_PyObject_MakeTpCall;_PyEval_EvalFrameDefault;PyEval_EvalCode;0x5d2bac;0x5818ed;_PyEval_EvalFrameDefault;PyObject_Vectorcall;0x5a3d6d;0x5a39f2;_PyObject_LookupAttr;0x5d251a;_PyEval_EvalFrameDefault;0x54a0c7;PyObject_CallMethodObjArgs;PyImport_ImportModuleLevelObject;_PyEval_EvalFrameDefault;PyEval_EvalCode;0x607fc2;0x6b4393;_PyRun_SimpleFileObject;_PyRun_AnyFileObject;Py_RunMain;Py_BytesMain;__libc_start_call_main;__libc_start_main@@GLIBC_2.34;_start;|, 47.053746, 200.00, 27.524000
2025-11-25T20:44:44.972020Z, 0xfffffffffffffe00;__pthread_mutex_lock@GLIBC_2.2.5;PyEval_SaveThread;0x63842c;0x599513;_PyObject_MakeTpCall;_PyObject_CallFunction_SizeT;0x637151;_PyEval_EvalFrameDefault;0x64ef83;_PyObject_MakeTpCall;_PyEval_EvalFrameDefault;0x64ef83;_PyObject_MakeTpCall;_PyEval_EvalFrameDefault;0x64ef83;_PyObject_MakeTpCall;_PyEval_EvalFrameDefault;0x64ef83;_PyObject_MakeTpCall;_PyEval_EvalFrameDefault;PyEval_EvalCode;0x5d2bac;0x5818ed;_PyEval_EvalFrameDefault;PyObject_Vectorcall;0x5a3d6d;0x5a39f2;_PyObject_LookupAttr;0x5d251a;_PyEval_EvalFrameDefault;0x54a0c7;PyObject_CallMethodObjArgs;PyImport_ImportModuleLevelObject;_PyEval_EvalFrameDefault;PyEval_EvalCode;0x607fc2;0x6b4393;_PyRun_SimpleFileObject;_PyRun_AnyFileObject;Py_RunMain;Py_BytesMain;__libc_start_call_main;__libc_start_main@@GLIBC_2.34;_start;|, 47.081973, 100.00, 27.524000
2025-11-25T20:44:44.977247Z, , 45.905780, 300.00, 27.524000
2025-11-25T20:44:44.983833Z, 0xfffffffffffffe00;PyObject_Malloc;PyUnicode_Splitlines;0x5c4b28;_PyEval_EvalFrameDefault;0x64ef83;_PyObject_MakeTpCall;_PyEval_EvalFrameDefault;0x64ef83;_PyObject_MakeTpCall;_PyEval_EvalFrameDefault;0x64ef83;_PyObject_MakeTpCall;_PyEval_EvalFrameDefault;PyEval_EvalCode;0x5d2bac;0x5818ed;_PyEval_EvalFrameDefault;PyObject_Vectorcall;0x5a3d6d;0x5a39f2;_PyObject_LookupAttr;0x5d251a;_PyEval_EvalFrameDefault;0x54a0c7;PyObject_CallMethodObjArgs;PyImport_ImportModuleLevelObject;_PyEval_EvalFrameDefault;PyEval_EvalCode;0x607fc2;0x6b4393;_PyRun_SimpleFileObject;_PyRun_AnyFileObject;Py_RunMain;Py_BytesMain;__libc_start_call_main;__libc_start_main@@GLIBC_2.34;_start;|, 45.690239, 300.00, 27.524000
2025-11-25T20:44:44.990389Z, 0xfffffffffffffe00;PyUnicode_Splitlines;0x5c4b28;_PyEval_EvalFrameDefault;0x64ef83;_PyObject_MakeTpCall;_PyEval_EvalFrameDefault;0x64ef83;_PyObject_MakeTpCall;_PyEval_EvalFrameDefault;0x64ef83;_PyObject_MakeTpCall;_PyEval_EvalFrameDefault;PyEval_EvalCode;0x5d2bac;0x5818ed;_PyEval_EvalFrameDefault;PyObject_Vectorcall;0x5a3d6d;0x5a39f2;_PyObject_LookupAttr;0x5d251a;_PyEval_EvalFrameDefault;0x54a0c7;PyObject_CallMethodObjArgs;PyImport_ImportModuleLevelObject;_PyEval_EvalFrameDefault;PyEval_EvalCode;0x607fc2;0x6b4393;_PyRun_SimpleFileObject;_PyRun_AnyFileObject;Py_RunMain;Py_BytesMain;__libc_start_call_main;__libc_start_main@@GLIBC_2.34;_start;|, 46.213055, 200.00, 27.524000
2025-11-25T20:44:44.995607Z, , 33.310318, 500.00, 28.031000
2025-11-25T20:44:45.002289Z, 0xfffffffffffffe00;0x590f98;0x550d07;PyObject_Vectorcall;_PyEval_EvalFrameDefault;0x64ef83;_PyObject_MakeTpCall;_PyEval_EvalFrameDefault;0x64ef83;_PyObject_MakeTpCall;_PyEval_EvalFrameDefault;0x64ef83;_PyObject_MakeTpCall;_PyEval_EvalFrameDefault;PyEval_EvalCode;0x5d2bac;0x5818ed;_PyEval_EvalFrameDefault;PyObject_Vectorcall;0x5a3d6d;0x5a39f2;_PyObject_LookupAttr;0x5d251a;_PyEval_EvalFrameDefault;0x54a0c7;PyObject_CallMethodObjArgs;PyImport_ImportModuleLevelObject;_PyEval_EvalFrameDefault;PyEval_EvalCode;0x607fc2;0x6b4393;_PyRun_SimpleFileObject;_PyRun_AnyFileObject;Py_RunMain;Py_BytesMain;__libc_start_call_main;__libc_start_main@@GLIBC_2.34;_start;|, 39.055279, 600.00, 28.031000
2025-11-25T20:44:45.007497Z, , 38.607707, 350.00, 28.031000
2025-11-25T20:44:45.014075Z, 0xfffffffffffffe00;0x550d15;PyObject_Vectorcall;_PyEval_EvalFrameDefault;0x64ef83;_PyObject_MakeTpCall;_PyEval_EvalFrameDefault;0x64ef83;_PyObject_MakeTpCall;_PyEval_EvalFrameDefault;0x64ef83;_PyObject_MakeTpCall;_PyEval_EvalFrameDefault;PyEval_EvalCode;0x5d2bac;0x5818ed;_PyEval_EvalFrameDefault;PyObject_Vectorcall;0x5a3d6d;0x5a39f2;_PyObject_LookupAttr;0x5d251a;_PyEval_EvalFrameDefault;0x54a0c7;PyObject_CallMethodObjArgs;PyImport_ImportModuleLevelObject;_PyEval_EvalFrameDefault;PyEval_EvalCode;0x607fc2;0x6b4393;_PyRun_SimpleFileObject;_PyRun_AnyFileObject;Py_RunMain;Py_BytesMain;__libc_start_call_main;__libc_start_main@@GLIBC_2.34;_start;|, 37.146223, 700.00, 28.031000
2025-11-25T20:44:45.020560Z, 0xfffffffffffffe00;_PyEval_EvalFrameDefault;0x64ef83;_PyObject_MakeTpCall;_PyEval_EvalFrameDefault;0x64ef83;_PyObject_MakeTpCall;_PyEval_EvalFrameDefault;0x64ef83;_PyObject_MakeTpCall;_PyEval_EvalFrameDefault;PyEval_EvalCode;0x5d2bac;0x5818ed;_PyEval_EvalFrameDefault;PyObject_Vectorcall;0x5a3d6d;0x5a39f2;_PyObject_LookupAttr;0x5d251a;_PyEval_EvalFrameDefault;0x54a0c7;PyObject_CallMethodObjArgs;PyImport_ImportModuleLevelObject;_PyEval_EvalFrameDefault;PyEval_EvalCode;0x607fc2;0x6b4393;_PyRun_SimpleFileObject;_PyRun_AnyFileObject;Py_RunMain;Py_BytesMain;__libc_start_call_main;__libc_start_main@@GLIBC_2.34;_start;|, 37.680680, 800.00, 28.031000
2025-11-25T20:44:45.025752Z, , 53.341790, 400.00, 28.031000
2025-11-25T20:44:45.032285Z, 0xfffffffffffffe00;0x478139;0x46e1ab;_PyEval_EvalFrameDefault;0x64ef83;_PyObject_MakeTpCall;_PyEval_EvalFrameDefault;0x64ef83;_PyObject_MakeTpCall;_PyEval_EvalFrameDefault;0x64ef83;_PyObject_MakeTpCall;_PyEval_EvalFrameDefault;PyEval_EvalCode;0x5d2bac;0x5818ed;_PyEval_EvalFrameDefault;PyObject_Vectorcall;0x5a3d6d;0x5a39f2;_PyObject_LookupAttr;0x5d251a;_PyEval_EvalFrameDefault;0x54a0c7;PyObject_CallMethodObjArgs;PyImport_ImportModuleLevelObject;_PyEval_EvalFrameDefault;PyEval_EvalCode;0x607fc2;0x6b4393;_PyRun_SimpleFileObject;_PyRun_AnyFileObject;Py_RunMain;Py_BytesMain;__libc_start_call_main;__libc_start_main@@GLIBC_2.34;_start;|, 45.667365, 900.00, 28.031000
2025-11-25T20:44:45.037549Z, , 23.794368, 900.00, 28.031000
2025-11-25T20:44:45.042715Z, , 51.108733, 900.00, 28.031000
2025-11-25T20:44:45.049401Z, 0xfffffffffffffe00;0x478139;0x46e1ab;_PyEval_EvalFrameDefault;0x64ef83;_PyObject_MakeTpCall;_PyEval_EvalFrameDefault;0x64ef83;_PyObject_MakeTpCall;_PyEval_EvalFrameDefault;0x64ef83;_PyObject_MakeTpCall;_PyEval_EvalFrameDefault;PyEval_EvalCode;0x5d2bac;0x5818ed;_PyEval_EvalFrameDefault;PyObject_Vectorcall;0x5a3d6d;0x5a39f2;_PyObject_LookupAttr;0x5d251a;_PyEval_EvalFrameDefault;0x54a0c7;PyObject_CallMethodObjArgs;PyImport_ImportModuleLevelObject;_PyEval_EvalFrameDefault;PyEval_EvalCode;0x607fc2;0x6b4393;_PyRun_SimpleFileObject;_PyRun_AnyFileObject;Py_RunMain;Py_BytesMain;__libc_start_call_main;__libc_start_main@@GLIBC_2.34;_start;|, 57.349205, 500.00, 28.031000
2025-11-25T20:44:45.054595Z, , 51.828797, 500.00, 28.031000
2025-11-25T20:44:45.061212Z, 0xfffffffffffffe00;0x5c444b;PyUnicode_Splitlines;0x5c4b28;_PyEval_EvalFrameDefault;0x64ef83;_PyObject_MakeTpCall;_PyEval_EvalFrameDefault;0x64ef83;_PyObject_MakeTpCall;_PyEval_EvalFrameDefault;0x64ef83;_PyObject_MakeTpCall;_PyEval_EvalFrameDefault;PyEval_EvalCode;0x5d2bac;0x5818ed;_PyEval_EvalFrameDefault;PyObject_Vectorcall;0x5a3d6d;0x5a39f2;_PyObject_LookupAttr;0x5d251a;_PyEval_EvalFrameDefault;0x54a0c7;PyObject_CallMethodObjArgs;PyImport_ImportModuleLevelObject;_PyEval_EvalFrameDefault;PyEval_EvalCode;0x607fc2;0x6b4393;_PyRun_SimpleFileObject;_PyRun_AnyFileObject;Py_RunMain;Py_BytesMain;__libc_start_call_main;__libc_start_main@@GLIBC_2.34;_start;|, 45.910013, 0.00, 28.031000
2025-11-25T20:44:45.066425Z, , 54.928583, 100.00, 28.031000
2025-11-25T20:44:45.073050Z, 0xfffffffffffffe00;PyUnicode_Splitlines;0x5c4b28;_PyEval_EvalFrameDefault;0x64ef83;_PyObject_MakeTpCall;_PyEval_EvalFrameDefault;0x64ef83;_PyObject_MakeTpCall;_PyEval_EvalFrameDefault;0x64ef83;_PyObject_MakeTpCall;_PyEval_EvalFrameDefault;PyEval_EvalCode;0x5d2bac;0x5818ed;_PyEval_EvalFrameDefault;PyObject_Vectorcall;0x5a3d6d;0x5a39f2;_PyObject_LookupAttr;0x5d251a;_PyEval_EvalFrameDefault;0x54a0c7;PyObject_CallMethodObjArgs;PyImport_ImportModuleLevelObject;_PyEval_EvalFrameDefault;PyEval_EvalCode;0x607fc2;0x6b4393;_PyRun_SimpleFileObject;_PyRun_AnyFileObject;Py_RunMain;Py_BytesMain;__libc_start_call_main;__libc_start_main@@GLIBC_2.34;_start;|, 49.400623, 50.00, 28.031000
2025-11-25T20:44:45.079624Z, 0xfffffffffffffe00;0x590eb7;0x550d07;PyObject_Vectorcall;_PyEval_EvalFrameDefault;0x64ef83;_PyObject_MakeTpCall;_PyEval_EvalFrameDefault;0x64ef83;_PyObject_MakeTpCall;_PyEval_EvalFrameDefault;0x64ef83;_PyObject_MakeTpCall;_PyEval_EvalFrameDefault;PyEval_EvalCode;0x5d2bac;0x5818ed;_PyEval_EvalFrameDefault;PyObject_Vectorcall;0x5a3d6d;0x5a39f2;_PyObject_LookupAttr;0x5d251a;_PyEval_EvalFrameDefault;0x54a0c7;PyObject_CallMethodObjArgs;PyImport_ImportModuleLevelObject;_PyEval_EvalFrameDefault;PyEval_EvalCode;0x607fc2;0x6b4393;_PyRun_SimpleFileObject;_PyRun_AnyFileObject;Py_RunMain;Py_BytesMain;__libc_start_call_main;__libc_start_main@@GLIBC_2.34;_start;|, 52.116985, 200.00, 28.031000
2025-11-25T20:44:45.084770Z, , 56.807565, 150.00, 28.031000
2025-11-25T20:44:45.091339Z, 0xfffffffffffffe00;0x590eaf;0x550d07;PyObject_Vectorcall;_PyEval_EvalFrameDefault;0x64ef83;_PyObject_MakeTpCall;_PyEval_EvalFrameDefault;0x64ef83;_PyObject_MakeTpCall;_PyEval_EvalFrameDefault;0x64ef83;_PyObject_MakeTpCall;_PyEval_EvalFrameDefault;PyEval_EvalCode;0x5d2bac;0x5818ed;_PyEval_EvalFrameDefault;PyObject_Vectorcall;0x5a3d6d;0x5a39f2;_PyObject_LookupAttr;0x5d251a;_PyEval_EvalFrameDefault;0x54a0c7;PyObject_CallMethodObjArgs;PyImport_ImportModuleLevelObject;_PyEval_EvalFrameDefault;PyEval_EvalCode;0x607fc2;0x6b4393;_PyRun_SimpleFileObject;_PyRun_AnyFileObject;Py_RunMain;Py_BytesMain;__libc_start_call_main;__libc_start_main@@GLIBC_2.34;_start;|, 46.146690, 300.00, 28.031000
2025-11-25T20:44:45.097917Z, 0xfffffffffffffe00;_PyEval_EvalFrameDefault;0x64ef83;_PyObject_MakeTpCall;_PyEval_EvalFrameDefault;0x64ef83;_PyObject_MakeTpCall;_PyEval_EvalFrameDefault;0x64ef83;_PyObject_MakeTpCall;_PyEval_EvalFrameDefault;PyEval_EvalCode;0x5d2bac;0x5818ed;_PyEval_EvalFrameDefault;PyObject_Vectorcall;0x5a3d6d;0x5a39f2;_PyObject_LookupAttr;0x5d251a;_PyEval_EvalFrameDefault;0x54a0c7;PyObject_CallMethodObjArgs;PyImport_ImportModuleLevelObject;_PyEval_EvalFrameDefault;PyEval_EvalCode;0x607fc2;0x6b4393;_PyRun_SimpleFileObject;_PyRun_AnyFileObject;Py_RunMain;Py_BytesMain;__libc_start_call_main;__libc_start_main@@GLIBC_2.34;_start;|, 45.379807, 400.00, 28.031000
2025-11-25T20:44:45.103323Z, , 36.403447, 200.00, 28.031000
2025-11-25T20:44:45.110126Z, 0xfffffffffffffe00;PyUnicode_Splitlines;0x5c4b28;_PyEval_EvalFrameDefault;0x64ef83;_PyObject_MakeTpCall;_PyEval_EvalFrameDefault;0x64ef83;_PyObject_MakeTpCall;_PyEval_EvalFrameDefault;0x64ef83;_PyObject_MakeTpCall;_PyEval_EvalFrameDefault;PyEval_EvalCode;0x5d2bac;0x5818ed;_PyEval_EvalFrameDefault;PyObject_Vectorcall;0x5a3d6d;0x5a39f2;_PyObject_LookupAttr;0x5d251a;_PyEval_EvalFrameDefault;0x54a0c7;PyObject_CallMethodObjArgs;PyImport_ImportModuleLevelObject;_PyEval_EvalFrameDefault;PyEval_EvalCode;0x607fc2;0x6b4393;_PyRun_SimpleFileObject;_PyRun_AnyFileObject;Py_RunMain;Py_BytesMain;__libc_start_call_main;__libc_start_main@@GLIBC_2.34;_start;|, 45.872142, 500.00, 28.031000
2025-11-25T20:44:45.115530Z, , 41.885614, 600.00, 28.031000
2025-11-25T20:44:45.122147Z, 0xfffffffffffffe00;_PyEval_EvalFrameDefault;0x64ef83;_PyObject_MakeTpCall;_PyEval_EvalFrameDefault;0x64ef83;_PyObject_MakeTpCall;_PyEval_EvalFrameDefault;PyEval_EvalCode;0x5d2bac;0x5818ed;_PyEval_EvalFrameDefault;PyObject_Vectorcall;0x5a3d6d;0x5a39f2;_PyObject_LookupAttr;0x5d251a;_PyEval_EvalFrameDefault;0x54a0c7;PyObject_CallMethodObjArgs;PyImport_ImportModuleLevelObject;_PyEval_EvalFrameDefault;PyEval_EvalCode;0x607fc2;0x6b4393;_PyRun_SimpleFileObject;_PyRun_AnyFileObject;Py_RunMain;Py_BytesMain;__libc_start_call_main;__libc_start_main@@GLIBC_2.34;_start;|, 35.141846, 600.00, 28.031000
2025-11-25T20:44:45.127549Z, ί²λυ, 38.143731, 350.00, 28.031000
2025-11-25T20:44:45.135313Z, 0xfffffffffffffe00;_PyEval_EvalFrameDefault;0x5a4011;_PyEval_EvalFrameDefault;0x5554a6;0x5a2ae1;_PyObject_MakeTpCall;_PyEval_EvalFrameDefault;PyObject_Call;0x64ef83;_PyObject_MakeTpCall;_PyEval_EvalFrameDefault;PyEval_EvalCode;0x5d2bac;0x5818ed;_PyEval_EvalFrameDefault;0x54a0c7;PyObject_CallMethodObjArgs;PyImport_ImportModuleLevelObject;_PyEval_EvalFrameDefault;PyEval_EvalCode;0x5d2bac;0x5818ed;_PyEval_EvalFrameDefault;PyObject_Vectorcall;0x5a3d6d;0x5a39f2;_PyObject_LookupAttr;0x5d251a;_PyEval_EvalFrameDefault;0x54a0c7;PyObject_CallMethodObjArgs;PyImport_ImportModuleLevelObject;_PyEval_EvalFrameDefault;PyEval_EvalCode;0x5d2bac;0x5818ed;_PyEval_EvalFrameDefault;0x54a0c7;PyObject_CallMethodObjArgs;PyImport_ImportModuleLevelObject;_PyEval_EvalFrameDefault;PyEval_EvalCode;0x5d2bac;0x5818ed;_PyEval_EvalFrameDefault;PyObject_Vectorcall;0x5a3d6d;0x5a39f2;_PyObject_LookupAttr;0x5d251a;_PyEval_EvalFrameDefault;0x54a0c7;PyObject_CallMethodObjArgs;PyImport_ImportModuleLevelObject;_PyEval_EvalFrameDefault;PyEval_EvalCode;0x607fc2;0x6b4393;_PyRun_SimpleFileObject;_PyRun_AnyFileObject;Py_RunMain;Py_BytesMain;__libc_start_call_main;__libc_start_main@@GLIBC_2.34;_start;|, 37.482873, 700.00, 28.031000
2025-11-25T20:44:45.140726Z, ί²λυ, 42.333239, 266.67, 28.031000
2025-11-25T20:44:45.150141Z, 0xfffffffffffffe00;0x5fe9b0;_PyCode_New;0x60292d;0x602531;0x602793;0x604dd4;_PyEval_EvalFrameDefault;0x54a0c7;PyObject_CallMethodObjArgs;PyImport_ImportModuleLevelObject;_PyEval_EvalFrameDefault;PyEval_EvalCode;0x5d2bac;0x5818ed;_PyEval_EvalFrameDefault;0x54a0c7;PyObject_CallMethodObjArgs;PyImport_ImportModuleLevelObject;_PyEval_EvalFrameDefault;PyEval_EvalCode;0x5d2bac;0x5818ed;_PyEval_EvalFrameDefault;0x54a0c7;PyObject_CallMethodObjArgs;PyImport_ImportModuleLevelObject;_PyEval_EvalFrameDefault;PyEval_EvalCode;0x5d2bac;0x5818ed;_PyEval_EvalFrameDefault;0x54a0c7;PyObject_CallMethodObjArgs;PyImport_ImportModuleLevelObject;_PyEval_EvalFrameDefault;PyEval_EvalCode;0x5d2bac;0x5818ed;_PyEval_EvalFrameDefault;0x54a0c7;PyObject_CallMethodObjArgs;PyImport_ImportModuleLevelObject;0x5d2ef4;0x5818ed;_PyEval_EvalFrameDefault;0x54a0c7;PyObject_CallMethodObjArgs;PyImport_ImportModuleLevelObject;_PyEval_EvalFrameDefault;PyEval_EvalCode;0x5d2bac;0x5818ed;_PyEval_EvalFrameDefault;0x54a0c7;PyObject_CallMethodObjArgs;PyImport_ImportModuleLevelObject;0x5d2ef4;0x5818ed;_PyEval_EvalFrameDefault;0x54a0c7;PyObject_CallMethodObjArgs;PyImport_ImportModuleLevelObject;_PyEval_EvalFrameDefault;PyEval_EvalCode;0x5d2bac;0x5818ed;_PyEval_EvalFrameDefault;0x54a0c7;PyObject_CallMethodObjArgs;PyImport_ImportModuleLevelObject;_PyEval_EvalFrameDefault;PyEval_EvalCode;0x5d2bac;0x5818ed;_PyEval_EvalFrameDefault;PyObject_Vectorcall;0x5a3d6d;0x5a39f2;_PyObject_LookupAttr;0x5d251a;_PyEval_EvalFrameDefault;0x54a0c7;PyObject_CallMethodObjArgs;PyImport_ImportModuleLevelObject;_PyEval_EvalFrameDefault;PyEval_EvalCode;0x5d2bac;0x5818ed;_PyEval_EvalFrameDefault;0x54a0c7;PyObject_CallMethodObjArgs;PyImport_ImportModuleLevelObject;_PyEval_EvalFrameDefault;PyEval_EvalCode;0x5d2bac;0x5818ed;_PyEval_EvalFrameDefault;PyObject_Vectorcall;0x5a3d6d;0x5a39f2;_PyObject_LookupAttr;0x5d251a;_PyEval_EvalFrameDefault;0x54a0c7;PyObject_CallMethodObjArgs;PyImport_ImportModuleLevelObject;_PyEval_EvalFrameDefault;PyEval_EvalCode;0x607fc2;0x6b4393;_PyRun_SimpleFileObject;_PyRun_AnyFileObject;Py_RunMain;Py_BytesMain;__libc_start_call_main;__libc_start_main@@GLIBC_2.34;_start;|, 37.457091, 900.00, 28.031000
2025-11-25T20:44:45.155555Z, , 40.595685, 500.00, 28.031000
2025-11-25T20:44:45.160915Z, , 27.460575, 1000.00, 28.031000
2025-11-25T20:44:45.166150Z, , 43.238413, 0.00, 28.031000
2025-11-25T20:44:45.171353Z, , 40.038075, 0.00, 28.031000
2025-11-25T20:44:45.176459Z, , 41.998677, 100.00, 28.031000
2025-11-25T20:44:45.181576Z, , 32.177766, 100.00, 28.031000
2025-11-25T20:44:45.190816Z, 0xfffffffffffffe00;0x61cd53;0x61bbc1;0x5fba23;_PyEval_EvalFrameDefault;0x54a0c7;PyObject_CallMethodObjArgs;PyImport_ImportModuleLevelObject;_PyEval_EvalFrameDefault;PyEval_EvalCode;0x5d2bac;0x5818ed;_PyEval_EvalFrameDefault;0x54a0c7;PyObject_CallMethodObjArgs;PyImport_ImportModuleLevelObject;_PyEval_EvalFrameDefault;PyEval_EvalCode;0x5d2bac;0x5818ed;_PyEval_EvalFrameDefault;0x54a0c7;PyObject_CallMethodObjArgs;PyImport_ImportModuleLevelObject;_PyEval_EvalFrameDefault;PyEval_EvalCode;0x5d2bac;0x5818ed;_PyEval_EvalFrameDefault;0x54a0c7;PyObject_CallMethodObjArgs;PyImport_ImportModuleLevelObject;_PyEval_EvalFrameDefault;PyEval_EvalCode;0x5d2bac;0x5818ed;_PyEval_EvalFrameDefault;0x54a0c7;PyObject_CallMethodObjArgs;PyImport_ImportModuleLevelObject;0x5d2ef4;0x5818ed;_PyEval_EvalFrameDefault;0x54a0c7;PyObject_CallMethodObjArgs;PyImport_ImportModuleLevelObject;_PyEval_EvalFrameDefault;PyEval_EvalCode;0x5d2bac;0x5818ed;_PyEval_EvalFrameDefault;0x54a0c7;PyObject_CallMethodObjArgs;PyImport_ImportModuleLevelObject;0x5d2ef4;0x5818ed;_PyEval_EvalFrameDefault;0x54a0c7;PyObject_CallMethodObjArgs;PyImport_ImportModuleLevelObject;_PyEval_EvalFrameDefault;PyEval_EvalCode;0x5d2bac;0x5818ed;_PyEval_EvalFrameDefault;0x54a0c7;PyObject_CallMethodObjArgs;PyImport_ImportModuleLevelObject;_PyEval_EvalFrameDefault;PyEval_EvalCode;0x5d2bac;0x5818ed;_PyEval_EvalFrameDefault;PyObject_Vectorcall;0x5a3d6d;0x5a39f2;_PyObject_LookupAttr;0x5d251a;_PyEval_EvalFrameDefault;0x54a0c7;PyObject_CallMethodObjArgs;PyImport_ImportModuleLevelObject;_PyEval_EvalFrameDefault;PyEval_EvalCode;0x5d2bac;0x5818ed;_PyEval_EvalFrameDefault;0x54a0c7;PyObject_CallMethodObjArgs;PyImport_ImportModuleLevelObject;_PyEval_EvalFrameDefault;PyEval_EvalCode;0x5d2bac;0x5818ed;_PyEval_EvalFrameDefault;PyObject_Vectorcall;0x5a3d6d;0x5a39f2;_PyObject_LookupAttr;0x5d251a;_PyEval_EvalFrameDefault;0x54a0c7;PyObject_CallMethodObjArgs;PyImport_ImportModuleLevelObject;_PyEval_EvalFrameDefault;PyEval_EvalCode;0x607fc2;0x6b4393;_PyRun_SimpleFileObject;_PyRun_AnyFileObject;Py_RunMain;Py_BytesMain;__libc_start_call_main;__libc_start_main@@GLIBC_2.34;_start;|, 21.028703, 0.00, 28.031000
2025-11-25T20:44:45.204733Z, 0xfffffffffffffe00;0x558b77;PyFunction_New;_PyEval_EvalFrameDefault;PyEval_EvalCode;0x5d2bac;0x5818ed;_PyEval_EvalFrameDefault;0x54a0c7;PyObject_CallMethodObjArgs;PyImport_ImportModuleLevelObject;_PyEval_EvalFrameDefault;PyEval_EvalCode;0x5d2bac;0x5818ed;_PyEval_EvalFrameDefault;0x54a0c7;PyObject_CallMethodObjArgs;PyImport_ImportModuleLevelObject;_PyEval_EvalFrameDefault;PyEval_EvalCode;0x5d2bac;0x5818ed;_PyEval_EvalFrameDefault;0x54a0c7;PyObject_CallMethodObjArgs;PyImport_ImportModuleLevelObject;0x5d2ef4;0x5818ed;_PyEval_EvalFrameDefault;0x54a0c7;PyObject_CallMethodObjArgs;PyImport_ImportModuleLevelObject;_PyEval_EvalFrameDefault;PyEval_EvalCode;0x5d2bac;0x5818ed;_PyEval_EvalFrameDefault;0x54a0c7;PyObject_CallMethodObjArgs;PyImport_ImportModuleLevelObject;_PyEval_EvalFrameDefault;PyEval_EvalCode;0x5d2bac;0x5818ed;_PyEval_EvalFrameDefault;0x54a0c7;PyObject_CallMethodObjArgs;PyImport_ImportModuleLevelObject;_PyEval_EvalFrameDefault;PyEval_EvalCode;0x5d2bac;0x5818ed;_PyEval_EvalFrameDefault;0x54a0c7;PyObject_CallMethodObjArgs;PyImport_ImportModuleLevelObject;_PyEval_EvalFrameDefault;PyEval_EvalCode;0x5d2bac;0x5818ed;_PyEval_EvalFrameDefault;0x54a0c7;PyObject_CallMethodObjArgs;PyImport_ImportModuleLevelObject;_PyEval_EvalFrameDefault;PyEval_EvalCode;0x5d2bac;0x5818ed;_PyEval_EvalFrameDefault;0x54a0c7;PyObject_CallMethodObjArgs;PyImport_ImportModuleLevelObject;_PyEval_EvalFrameDefault;PyEval_EvalCode;0x5d2bac;0x5818ed;_PyEval_EvalFrameDefault;0x54a0c7;PyObject_CallMethodObjArgs;PyImport_ImportModuleLevelObject;_PyEval_EvalFrameDefault;PyEval_EvalCode;0x5d2bac;0x5818ed;_PyEval_EvalFrameDefault;0x54a0c7;PyObject_CallMethodObjArgs;PyImport_ImportModuleLevelObject;_PyEval_EvalFrameDefault;PyEval_EvalCode;0x5d2bac;0x5818ed;_PyEval_EvalFrameDefault;0x54a0c7;PyObject_CallMethodObjArgs;PyImport_ImportModuleLevelObject;_PyEval_EvalFrameDefault;PyEval_EvalCode;0x5d2bac;0x5818ed;_PyEval_EvalFrameDefault;0x54a0c7;PyObject_CallMethodObjArgs;PyImport_ImportModuleLevelObject;0x5d2ef4;0x5818ed;_PyEval_EvalFrameDefault;0x54a0c7;PyObject_CallMethodObjArgs;PyImport_ImportModuleLevelObject;_PyEval_EvalFrameDefault;PyEval_EvalCode;0x5d2bac;0x5818ed;_PyEval_EvalFrameDefault;0x54a0c7;PyObject_CallMethodObjArgs;PyImport_ImportModuleLevelObject;0x5d2ef4;0x5818ed;_PyEval_EvalFrameDefault;0x54a0c7;PyObject_CallMethodObjArgs;PyImport_ImportModuleLevelObject;_PyEval_EvalFrameDefault;PyEval_EvalCode;0x5d2bac;|0xfffffffffffffe00;_PyTrash_end;0x5796a2;0x59ea69;0x54cd45;_PyEval_EvalFrameDefault;0x54a0c7;PyObject_CallMethodObjArgs;PyImport_ImportModuleLevelObject;0x5d2ef4;0x5818ed;_PyEval_EvalFrameDefault;0x54a0c7;PyObject_CallMethodObjArgs;PyImport_ImportModuleLevelObject;_PyEval_EvalFrameDefault;PyEval_EvalCode;0x5d2bac;0x5818ed;_PyEval_EvalFrameDefault;0x54a0c7;PyObject_CallMethodObjArgs;PyImport_ImportModuleLevelObject;0x5d2ef4;0x5818ed;_PyEval_EvalFrameDefault;0x54a0c7;PyObject_CallMethodObjArgs;PyImport_ImportModuleLevelObject;_PyEval_EvalFrameDefault;PyEval_EvalCode;0x5d2bac;0x5818ed;_PyEval_EvalFrameDefault;0x54a0c7;PyObject_CallMethodObjArgs;PyImport_ImportModuleLevelObject;_PyEval_EvalFrameDefault;PyEval_EvalCode;0x5d2bac;0x5818ed;_PyEval_EvalFrameDefault;0x54a0c7;PyObject_CallMethodObjArgs;PyImport_ImportModuleLevelObject;_PyEval_EvalFrameDefault;PyEval_EvalCode;0x5d2bac;0x5818ed;_PyEval_EvalFrameDefault;0x54a0c7;PyObject_CallMethodObjArgs;PyImport_ImportModuleLevelObject;_PyEval_EvalFrameDefault;PyEval_EvalCode;0x5d2bac;0x5818ed;_PyEval_EvalFrameDefault;0x54a0c7;PyObject_CallMethodObjArgs;PyImport_ImportModuleLevelObject;_PyEval_EvalFrameDefault;PyEval_EvalCode;0x5d2bac;0x5818ed;_PyEval_EvalFrameDefault;0x54a0c7;PyObject_CallMethodObjArgs;PyImport_ImportModuleLevelObject;_PyEval_EvalFrameDefault;PyEval_EvalCode;0x5d2bac;0x5818ed;_PyEval_EvalFrameDefault;0x54a0c7;PyObject_CallMethodObjArgs;PyImport_ImportModuleLevelObject;_PyEval_EvalFrameDefault;PyEval_EvalCode;0x5d2bac;0x5818ed;_PyEval_EvalFrameDefault;0x54a0c7;PyObject_CallMethodObjArgs;PyImport_ImportModuleLevelObject;_PyEval_EvalFrameDefault;PyEval_EvalCode;0x5d2bac;0x5818ed;_PyEval_EvalFrameDefault;0x54a0c7;PyObject_CallMethodObjArgs;PyImport_ImportModuleLevelObject;_PyEval_EvalFrameDefault;PyEval_EvalCode;0x5d2bac;0x5818ed;_PyEval_EvalFrameDefault;0x54a0c7;PyObject_CallMethodObjArgs;PyImport_ImportModuleLevelObject;0x5d2ef4;0x5818ed;_PyEval_EvalFrameDefault;0x54a0c7;PyObject_CallMethodObjArgs;PyImport_ImportModuleLevelObject;_PyEval_EvalFrameDefault;PyEval_EvalCode;0x5d2bac;0x5818ed;_PyEval_EvalFrameDefault;0x54a0c7;PyObject_CallMethodObjArgs;PyImport_ImportModuleLevelObject;0x5d2ef4;0x5818ed;_PyEval_EvalFrameDefault;0x54a0c7;PyObject_CallMethodObjArgs;PyImport_ImportModuleLevelObject;_PyEval_EvalFrameDefault;PyEval_EvalCode;0x5d2bac;0x5818ed;_PyEval_EvalFrameDefault;0x54a0c7;PyObject_CallMethodObjArgs;|, 49.886327, 50.00, 28.031000
2025-11-25T20:44:45.218459Z, 0xfffffffffffffe00;0x519bb0;0x51f439;0x532010;0x532fbd;0x51d279;0x531fd3;0x52ba1d;0x51d1b1;0x51c807;0x518fbd;PyRun_StringFlags;0x5d2c59;_PyEval_EvalFrameDefault;PyEval_EvalCode;0x5d2bac;0x5818ed;_PyEval_EvalFrameDefault;0x54a0c7;PyObject_CallMethodObjArgs;PyImport_ImportModuleLevelObject;_PyEval_EvalFrameDefault;PyEval_EvalCode;0x5d2bac;0x5818ed;_PyEval_EvalFrameDefault;0x54a0c7;PyObject_CallMethodObjArgs;PyImport_ImportModuleLevelObject;_PyEval_EvalFrameDefault;PyEval_EvalCode;0x5d2bac;0x5818ed;_PyEval_EvalFrameDefault;0x54a0c7;PyObject_CallMethodObjArgs;PyImport_ImportModuleLevelObject;_PyEval_EvalFrameDefault;PyEval_EvalCode;0x5d2bac;0x5818ed;_PyEval_EvalFrameDefault;0x54a0c7;PyObject_CallMethodObjArgs;PyImport_ImportModuleLevelObject;_PyEval_EvalFrameDefault;PyEval_EvalCode;0x5d2bac;0x5818ed;_PyEval_EvalFrameDefault;0x54a0c7;PyObject_CallMethodObjArgs;PyImport_ImportModuleLevelObject;_PyEval_EvalFrameDefault;PyEval_EvalCode;0x5d2bac;0x5818ed;_PyEval_EvalFrameDefault;0x54a0c7;PyObject_CallMethodObjArgs;PyImport_ImportModuleLevelObject;_PyEval_EvalFrameDefault;PyEval_EvalCode;0x5d2bac;0x5818ed;_PyEval_EvalFrameDefault;0x54a0c7;PyObject_CallMethodObjArgs;PyImport_ImportModuleLevelObject;_PyEval_EvalFrameDefault;PyEval_EvalCode;0x5d2bac;0x5818ed;_PyEval_EvalFrameDefault;0x54a0c7;PyObject_CallMethodObjArgs;PyImport_ImportModuleLevelObject;_PyEval_EvalFrameDefault;PyEval_EvalCode;0x5d2bac;0x5818ed;_PyEval_EvalFrameDefault;0x54a0c7;PyObject_CallMethodObjArgs;PyImport_ImportModuleLevelObject;0x5d2ef4;0x5818ed;_PyEval_EvalFrameDefault;0x54a0c7;PyObject_CallMethodObjArgs;PyImport_ImportModuleLevelObject;_PyEval_EvalFrameDefault;PyEval_EvalCode;0x5d2bac;0x5818ed;_PyEval_EvalFrameDefault;0x54a0c7;PyObject_CallMethodObjArgs;PyImport_ImportModuleLevelObject;0x5d2ef4;0x5818ed;_PyEval_EvalFrameDefault;0x54a0c7;PyObject_CallMethodObjArgs;PyImport_ImportModuleLevelObject;_PyEval_EvalFrameDefault;PyEval_EvalCode;0x5d2bac;0x5818ed;_PyEval_EvalFrameDefault;0x54a0c7;PyObject_CallMethodObjArgs;PyImport_ImportModuleLevelObject;_PyEval_EvalFrameDefault;PyEval_EvalCode;0x5d2bac;0x5818ed;_PyEval_EvalFrameDefault;PyObject_Vectorcall;0x5a3d6d;0x5a39f2;_PyObject_LookupAttr;0x5d251a;_PyEval_EvalFrameDefault;0x54a0c7;PyObject_CallMethodObjArgs;PyImport_ImportModuleLevelObject;_PyEval_EvalFrameDefault;|0xfffffffffffffe00;0x6036d7;0x6021f8;0x602433;0x6027ab;0x602531;0x602793;0x602531;0x602793;0x604dd4;_PyEval_EvalFrameDefault;0x54a0c7;PyObject_CallMethodObjArgs;PyImport_ImportModuleLevelObject;_PyEval_EvalFrameDefault;PyEval_EvalCode;0x5d2bac;0x5818ed;_PyEval_EvalFrameDefault;0x54a0c7;PyObject_CallMethodObjArgs;PyImport_ImportModuleLevelObject;0x5d2ef4;0x5818ed;_PyEval_EvalFrameDefault;0x54a0c7;PyObject_CallMethodObjArgs;PyImport_ImportModuleLevelObject;_PyEval_EvalFrameDefault;PyEval_EvalCode;0x5d2bac;0x5818ed;_PyEval_EvalFrameDefault;0x54a0c7;PyObject_CallMethodObjArgs;PyImport_ImportModuleLevelObject;_PyEval_EvalFrameDefault;PyEval_EvalCode;0x5d2bac;0x5818ed;_PyEval_EvalFrameDefault;0x54a0c7;PyObject_CallMethodObjArgs;PyImport_ImportModuleLevelObject;_PyEval_EvalFrameDefault;PyEval_EvalCode;0x5d2bac;0x5818ed;_PyEval_EvalFrameDefault;0x54a0c7;PyObject_CallMethodObjArgs;PyImport_ImportModuleLevelObject;_PyEval_EvalFrameDefault;PyEval_EvalCode;0x5d2bac;0x5818ed;_PyEval_EvalFrameDefault;0x54a0c7;PyObject_CallMethodObjArgs;PyImport_ImportModuleLevelObject;_PyEval_EvalFrameDefault;PyEval_EvalCode;0x5d2bac;0x5818ed;_PyEval_EvalFrameDefault;0x54a0c7;PyObject_CallMethodObjArgs;PyImport_ImportModuleLevelObject;_PyEval_EvalFrameDefault;PyEval_EvalCode;0x5d2bac;0x5818ed;_PyEval_EvalFrameDefault;0x54a0c7;PyObject_CallMethodObjArgs;PyImport_ImportModuleLevelObject;0x5d2ef4;0x5818ed;_PyEval_EvalFrameDefault;0x54a0c7;PyObject_CallMethodObjArgs;PyImport_ImportModuleLevelObject;_PyEval_EvalFrameDefault;PyEval_EvalCode;0x5d2bac;0x5818ed;_PyEval_EvalFrameDefault;0x54a0c7;PyObject_CallMethodObjArgs;PyImport_ImportModuleLevelObject;0x5d2ef4;0x5818ed;_PyEval_EvalFrameDefault;0x54a0c7;PyObject_CallMethodObjArgs;PyImport_ImportModuleLevelObject;_PyEval_EvalFrameDefault;PyEval_EvalCode;0x5d2bac;0x5818ed;_PyEval_EvalFrameDefault;0x54a0c7;PyObject_CallMethodObjArgs;PyImport_ImportModuleLevelObject;_PyEval_EvalFrameDefault;PyEval_EvalCode;0x5d2bac;0x5818ed;_PyEval_EvalFrameDefault;PyObject_Vectorcall;0x5a3d6d;0x5a39f2;_PyObject_LookupAttr;0x5d251a;_PyEval_EvalFrameDefault;0x54a0c7;PyObject_CallMethodObjArgs;PyImport_ImportModuleLevelObject;_PyEval_EvalFrameDefault;PyEval_EvalCode;0x5d2bac;0x5818ed;_PyEval_EvalFrameDefault;0x54a0c7;PyObject_CallMethodObjArgs;PyImport_ImportModuleLevelObject;_PyEval_EvalFrameDefault;PyEval_EvalCode;|, 51.346646, 50.00, 28.031000
2025-11-25T20:44:45.228009Z, 0xfffffffffffffe00;PyObject_Malloc;PyBytes_FromStringAndSize;0x602321;0x60277b;0x60240d;0x602793;0x602531;0x602793;0x602531;0x602793;0x604dd4;_PyEval_EvalFrameDefault;0x54a0c7;PyObject_CallMethodObjArgs;PyImport_ImportModuleLevelObject;_PyEval_EvalFrameDefault;PyEval_EvalCode;0x5d2bac;0x5818ed;_PyEval_EvalFrameDefault;0x54a0c7;PyObject_CallMethodObjArgs;PyImport_ImportModuleLevelObject;_PyEval_EvalFrameDefault;PyEval_EvalCode;0x5d2bac;0x5818ed;_PyEval_EvalFrameDefault;0x54a0c7;PyObject_CallMethodObjArgs;PyImport_ImportModuleLevelObject;_PyEval_EvalFrameDefault;PyEval_EvalCode;0x5d2bac;0x5818ed;_PyEval_EvalFrameDefault;0x54a0c7;PyObject_CallMethodObjArgs;PyImport_ImportModuleLevelObject;_PyEval_EvalFrameDefault;PyEval_EvalCode;0x5d2bac;0x5818ed;_PyEval_EvalFrameDefault;0x54a0c7;PyObject_CallMethodObjArgs;PyImport_ImportModuleLevelObject;_PyEval_EvalFrameDefault;PyEval_EvalCode;0x5d2bac;0x5818ed;_PyEval_EvalFrameDefault;0x54a0c7;PyObject_CallMethodObjArgs;PyImport_ImportModuleLevelObject;_PyEval_EvalFrameDefault;PyEval_EvalCode;0x5d2bac;0x5818ed;_PyEval_EvalFrameDefault;0x54a0c7;PyObject_CallMethodObjArgs;PyImport_ImportModuleLevelObject;0x5d2ef4;0x5818ed;_PyEval_EvalFrameDefault;0x54a0c7;PyObject_CallMethodObjArgs;PyImport_ImportModuleLevelObject;_PyEval_EvalFrameDefault;PyEval_EvalCode;0x5d2bac;0x5818ed;_PyEval_EvalFrameDefault;0x54a0c7;PyObject_CallMethodObjArgs;PyImport_ImportModuleLevelObject;_PyEval_EvalFrameDefault;PyEval_EvalCode;0x5d2bac;0x5818ed;_PyEval_EvalFrameDefault;0x54a0c7;PyObject_CallMethodObjArgs;PyImport_ImportModuleLevelObject;_PyEval_EvalFrameDefault;PyEval_EvalCode;0x5d2bac;0x5818ed;_PyEval_EvalFrameDefault;0x54a0c7;PyObject_CallMethodObjArgs;PyImport_ImportModuleLevelObject;_PyEval_EvalFrameDefault;PyEval_EvalCode;0x5d2bac;0x5818ed;_PyEval_EvalFrameDefault;0x54a0c7;PyObject_CallMethodObjArgs;PyImport_ImportModuleLevelObject;_PyEval_EvalFrameDefault;PyEval_EvalCode;0x5d2bac;0x5818ed;_PyEval_EvalFrameDefault;0x54a0c7;PyObject_CallMethodObjArgs;PyImport_ImportModuleLevelObject;_PyEval_EvalFrameDefault;PyEval_EvalCode;0x5d2bac;0x5818ed;_PyEval_EvalFrameDefault;0x54a0c7;PyObject_CallMethodObjArgs;PyImport_ImportModuleLevelObject;0x5d2ef4;0x5818ed;_PyEval_EvalFrameDefault;0x54a0c7;PyObject_CallMethodObjArgs;PyImport_ImportModuleLevelObject;_PyEval_EvalFrameDefault;PyEval_EvalCode;0x5d2bac;0x5818ed;|, 43.502361, 100.00, 28.031000
2025-11-25T20:44:45.237439Z, 0xffffffffffffff80;0xffffffffbbeaa83f;0xffffffffbbeaad83;0xffffffffbbeb99d2;0xffffffffbb11946c;0xffffffffbb0f7e39;0xffffffffbace1241;0xffffffffbb0f7efb;0xffffffffbb0f807f;0xffffffffbb0f8a44;0xffffffffbb0b8e4e;0xffffffffbb0f7b79;0xffffffffbace0d43;0xffffffffbac85139;0xffffffffbbed678e;0xffffffffbaa0012b;0xfffffffffffffe00;__mmap;0x674ac0;0x607c4d;0x5d4f2c;PyObject_CallOneArg;0x55bd6d;0x5611e0;0x5818ed;PyObject_Vectorcall;0x5d3be9;0x5818ed;PyObject_Vectorcall;_PyEval_EvalFrameDefault;PyEval_EvalCode;0x5d2bac;0x5818ed;_PyEval_EvalFrameDefault;0x54a0c7;PyObject_CallMethodObjArgs;PyImport_ImportModuleLevelObject;0x5d2ef4;0x5818ed;_PyEval_EvalFrameDefault;0x54a0c7;PyObject_CallMethodObjArgs;PyImport_ImportModuleLevelObject;_PyEval_EvalFrameDefault;PyEval_EvalCode;0x5d2bac;0x5818ed;_PyEval_EvalFrameDefault;0x54a0c7;PyObject_CallMethodObjArgs;PyImport_ImportModuleLevelObject;_PyEval_EvalFrameDefault;PyEval_EvalCode;0x5d2bac;0x5818ed;_PyEval_EvalFrameDefault;0x54a0c7;PyObject_CallMethodObjArgs;PyImport_ImportModuleLevelObject;_PyEval_EvalFrameDefault;PyEval_EvalCode;0x5d2bac;0x5818ed;_PyEval_EvalFrameDefault;0x54a0c7;PyObject_CallMethodObjArgs;PyImport_ImportModuleLevelObject;_PyEval_EvalFrameDefault;PyEval_EvalCode;0x5d2bac;0x5818ed;_PyEval_EvalFrameDefault;0x54a0c7;PyObject_CallMethodObjArgs;PyImport_ImportModuleLevelObject;_PyEval_EvalFrameDefault;PyEval_EvalCode;0x5d2bac;0x5818ed;_PyEval_EvalFrameDefault;0x54a0c7;PyObject_CallMethodObjArgs;PyImport_ImportModuleLevelObject;_PyEval_EvalFrameDefault;PyEval_EvalCode;0x5d2bac;0x5818ed;_PyEval_EvalFrameDefault;0x54a0c7;PyObject_CallMethodObjArgs;PyImport_ImportModuleLevelObject;_PyEval_EvalFrameDefault;PyEval_EvalCode;0x5d2bac;0x5818ed;_PyEval_EvalFrameDefault;0x54a0c7;PyObject_CallMethodObjArgs;PyImport_ImportModuleLevelObject;_PyEval_EvalFrameDefault;PyEval_EvalCode;0x5d2bac;0x5818ed;_PyEval_EvalFrameDefault;0x54a0c7;PyObject_CallMethodObjArgs;PyImport_ImportModuleLevelObject;0x5d2ef4;0x5818ed;_PyEval_EvalFrameDefault;0x54a0c7;PyObject_CallMethodObjArgs;PyImport_ImportModuleLevelObject;_PyEval_EvalFrameDefault;PyEval_EvalCode;0x5d2bac;0x5818ed;_PyEval_EvalFrameDefault;0x54a0c7;PyObject_CallMethodObjArgs;PyImport_ImportModuleLevelObject;0x5d2ef4;0x5818ed;_PyEval_EvalFrameDefault;0x54a0c7;PyObject_CallMethodObjArgs;PyImport_ImportModuleLevelObject;_PyEval_EvalFrameDefault;PyEval_EvalCode;|, 54.294929, 133.33, 28.031000
2025-11-25T20:44:45.246968Z, 0xfffffffffffffe00;_PyObject_GC_New;0x590c7b;PyObject_GetIter;_PyEval_EvalFrameDefault;0x54a0c7;PyObject_CallMethodObjArgs;PyImport_ImportModuleLevelObject;_PyEval_EvalFrameDefault;PyEval_EvalCode;0x5d2bac;0x5818ed;_PyEval_EvalFrameDefault;0x54a0c7;PyObject_CallMethodObjArgs;PyImport_ImportModuleLevelObject;_PyEval_EvalFrameDefault;PyEval_EvalCode;0x5d2bac;0x5818ed;_PyEval_EvalFrameDefault;0x54a0c7;PyObject_CallMethodObjArgs;PyImport_ImportModuleLevelObject;_PyEval_EvalFrameDefault;PyEval_EvalCode;0x5d2bac;0x5818ed;_PyEval_EvalFrameDefault;0x54a0c7;PyObject_CallMethodObjArgs;PyImport_ImportModuleLevelObject;_PyEval_EvalFrameDefault;PyEval_EvalCode;0x5d2bac;0x5818ed;_PyEval_EvalFrameDefault;0x54a0c7;PyObject_CallMethodObjArgs;PyImport_ImportModuleLevelObject;_PyEval_EvalFrameDefault;PyEval_EvalCode;0x5d2bac;0x5818ed;_PyEval_EvalFrameDefault;0x54a0c7;PyObject_CallMethodObjArgs;PyImport_ImportModuleLevelObject;_PyEval_EvalFrameDefault;PyEval_EvalCode;0x5d2bac;0x5818ed;_PyEval_EvalFrameDefault;0x54a0c7;PyObject_CallMethodObjArgs;PyImport_ImportModuleLevelObject;_PyEval_EvalFrameDefault;PyEval_EvalCode;0x5d2bac;0x5818ed;_PyEval_EvalFrameDefault;0x54a0c7;PyObject_CallMethodObjArgs;PyImport_ImportModuleLevelObject;_PyEval_EvalFrameDefault;PyEval_EvalCode;0x5d2bac;0x5818ed;_PyEval_EvalFrameDefault;0x54a0c7;PyObject_CallMethodObjArgs;PyImport_ImportModuleLevelObject;_PyEval_EvalFrameDefault;PyEval_EvalCode;0x5d2bac;0x5818ed;_PyEval_EvalFrameDefault;0x54a0c7;PyObject_CallMethodObjArgs;PyImport_ImportModuleLevelObject;_PyEval_EvalFrameDefault;PyEval_EvalCode;0x5d2bac;0x5818ed;_PyEval_EvalFrameDefault;0x54a0c7;PyObject_CallMethodObjArgs;PyImport_ImportModuleLevelObject;0x5d2ef4;0x5818ed;_PyEval_EvalFrameDefault;0x54a0c7;PyObject_CallMethodObjArgs;PyImport_ImportModuleLevelObject;_PyEval_EvalFrameDefault;PyEval_EvalCode;0x5d2bac;0x5818ed;_PyEval_EvalFrameDefault;0x54a0c7;PyObject_CallMethodObjArgs;PyImport_ImportModuleLevelObject;0x5d2ef4;0x5818ed;_PyEval_EvalFrameDefault;0x54a0c7;PyObject_CallMethodObjArgs;PyImport_ImportModuleLevelObject;_PyEval_EvalFrameDefault;PyEval_EvalCode;0x5d2bac;0x5818ed;_PyEval_EvalFrameDefault;0x54a0c7;PyObject_CallMethodObjArgs;PyImport_ImportModuleLevelObject;_PyEval_EvalFrameDefault;PyEval_EvalCode;0x5d2bac;0x5818ed;_PyEval_EvalFrameDefault;PyObject_Vectorcall;0x5a3d6d;0x5a39f2;_PyObject_LookupAttr;0x5d251a;_PyEval_EvalFrameDefault;0x54a0c7;|, 48.851398, 250.00, 28.031000
2025-11-25T20:44:45.256682Z, 0xfffffffffffffe00;_PyObject_GenericGetAttrWithDict;_PyObject_LookupAttr;0x53ecea;PyObject_IsInstance;_PyEval_EvalFrameDefault;0x54cea2;PyObject_VectorcallDict;0x59a0e9;0x5994d7;_PyObject_MakeTpCall;0x5d1fdb;0x5818ed;PyObject_Vectorcall;_PyEval_EvalFrameDefault;PyEval_EvalCode;0x5d2bac;0x5818ed;_PyEval_EvalFrameDefault;0x54a0c7;PyObject_CallMethodObjArgs;PyImport_ImportModuleLevelObject;_PyEval_EvalFrameDefault;PyEval_EvalCode;0x5d2bac;0x5818ed;_PyEval_EvalFrameDefault;0x54a0c7;PyObject_CallMethodObjArgs;PyImport_ImportModuleLevelObject;_PyEval_EvalFrameDefault;PyEval_EvalCode;0x5d2bac;0x5818ed;_PyEval_EvalFrameDefault;0x54a0c7;PyObject_CallMethodObjArgs;PyImport_ImportModuleLevelObject;_PyEval_EvalFrameDefault;PyEval_EvalCode;0x5d2bac;0x5818ed;_PyEval_EvalFrameDefault;0x54a0c7;PyObject_CallMethodObjArgs;PyImport_ImportModuleLevelObject;0x5d2ef4;0x5818ed;_PyEval_EvalFrameDefault;0x54a0c7;PyObject_CallMethodObjArgs;PyImport_ImportModuleLevelObject;0x5d2ef4;0x5818ed;_PyEval_EvalFrameDefault;0x54a0c7;PyObject_CallMethodObjArgs;PyImport_ImportModuleLevelObject;_PyEval_EvalFrameDefault;PyEval_EvalCode;0x5d2bac;0x5818ed;_PyEval_EvalFrameDefault;0x54a0c7;PyObject_CallMethodObjArgs;PyImport_ImportModuleLevelObject;_PyEval_EvalFrameDefault;PyEval_EvalCode;0x5d2bac;0x5818ed;_PyEval_EvalFrameDefault;0x54a0c7;PyObject_CallMethodObjArgs;PyImport_ImportModuleLevelObject;_PyEval_EvalFrameDefault;PyEval_EvalCode;0x5d2bac;0x5818ed;_PyEval_EvalFrameDefault;0x54a0c7;PyObject_CallMethodObjArgs;PyImport_ImportModuleLevelObject;0x5d2ef4;0x5818ed;_PyEval_EvalFrameDefault;0x54a0c7;PyObject_CallMethodObjArgs;PyImport_ImportModuleLevelObject;_PyEval_EvalFrameDefault;PyEval_EvalCode;0x5d2bac;0x5818ed;_PyEval_EvalFrameDefault;0x54a0c7;PyObject_CallMethodObjArgs;PyImport_ImportModuleLevelObject;_PyEval_EvalFrameDefault;PyEval_EvalCode;0x5d2bac;0x5818ed;_PyEval_EvalFrameDefault;0x54a0c7;PyObject_CallMethodObjArgs;PyImport_ImportModuleLevelObject;_PyEval_EvalFrameDefault;PyEval_EvalCode;0x5d2bac;0x5818ed;_PyEval_EvalFrameDefault;0x54a0c7;PyObject_CallMethodObjArgs;PyImport_ImportModuleLevelObject;_PyEval_EvalFrameDefault;PyEval_EvalCode;0x5d2bac;0x5818ed;_PyEval_EvalFrameDefault;0x54a0c7;PyObject_CallMethodObjArgs;PyImport_ImportModuleLevelObject;_PyEval_EvalFrameDefault;PyEval_EvalCode;0x5d2bac;0x5818ed;_PyEval_EvalFrameDefault;0x54a0c7;PyObject_CallMethodObjArgs;PyImport_ImportModuleLevelObject;|, 45.764500, 233.33, 28.031000
2025-11-25T20:44:45.266303Z, 0xfffffffffffffe00;_PyObject_GenericGetAttrWithDict;_PyObject_LookupAttr;0x53ecea;PyObject_IsInstance;_PyEval_EvalFrameDefault;0x54cea2;PyObject_VectorcallDict;0x59a0e9;0x5994d7;_PyObject_MakeTpCall;0x5d1fdb;0x5818ed;PyObject_Vectorcall;_PyEval_EvalFrameDefault;PyEval_EvalCode;0x5d2bac;0x5818ed;_PyEval_EvalFrameDefault;0x54a0c7;PyObject_CallMethodObjArgs;PyImport_ImportModuleLevelObject;_PyEval_EvalFrameDefault;PyEval_EvalCode;0x5d2bac;0x5818ed;_PyEval_EvalFrameDefault;0x54a0c7;PyObject_CallMethodObjArgs;PyImport_ImportModuleLevelObject;0x5d2ef4;0x5818ed;_PyEval_EvalFrameDefault;0x54a0c7;PyObject_CallMethodObjArgs;PyImport_ImportModuleLevelObject;0x5d2ef4;0x5818ed;_PyEval_EvalFrameDefault;0x54a0c7;PyObject_CallMethodObjArgs;PyImport_ImportModuleLevelObject;_PyEval_EvalFrameDefault;PyEval_EvalCode;0x5d2bac;0x5818ed;_PyEval_EvalFrameDefault;0x54a0c7;PyObject_CallMethodObjArgs;PyImport_ImportModuleLevelObject;_PyEval_EvalFrameDefault;PyEval_EvalCode;0x5d2bac;0x5818ed;_PyEval_EvalFrameDefault;0x54a0c7;PyObject_CallMethodObjArgs;PyImport_ImportModuleLevelObject;_PyEval_EvalFrameDefault;PyEval_EvalCode;0x5d2bac;0x5818ed;_PyEval_EvalFrameDefault;0x54a0c7;PyObject_CallMethodObjArgs;PyImport_ImportModuleLevelObject;0x5d2ef4;0x5818ed;_PyEval_EvalFrameDefault;0x54a0c7;PyObject_CallMethodObjArgs;PyImport_ImportModuleLevelObject;_PyEval_EvalFrameDefault;PyEval_EvalCode;0x5d2bac;0x5818ed;_PyEval_EvalFrameDefault;0x54a0c7;PyObject_CallMethodObjArgs;PyImport_ImportModuleLevelObject;_PyEval_EvalFrameDefault;PyEval_EvalCode;0x5d2bac;0x5818ed;_PyEval_EvalFrameDefault;0x54a0c7;PyObject_CallMethodObjArgs;PyImport_ImportModuleLevelObject;_PyEval_EvalFrameDefault;PyEval_EvalCode;0x5d2bac;0x5818ed;_PyEval_EvalFrameDefault;0x54a0c7;PyObject_CallMethodObjArgs;PyImport_ImportModuleLevelObject;_PyEval_EvalFrameDefault;PyEval_EvalCode;0x5d2bac;0x5818ed;_PyEval_EvalFrameDefault;0x54a0c7;PyObject_CallMethodObjArgs;PyImport_ImportModuleLevelObject;_PyEval_EvalFrameDefault;PyEval_EvalCode;0x5d2bac;0x5818ed;_PyEval_EvalFrameDefault;0x54a0c7;PyObject_CallMethodObjArgs;PyImport_ImportModuleLevelObject;_PyEval_EvalFrameDefault;PyEval_EvalCode;0x5d2bac;0x5818ed;_PyEval_EvalFrameDefault;0x54a0c7;PyObject_CallMethodObjArgs;PyImport_ImportModuleLevelObject;_PyEval_EvalFrameDefault;PyEval_EvalCode;0x5d2bac;0x5818ed;_PyEval_EvalFrameDefault;0x54a0c7;PyObject_CallMethodObjArgs;PyImport_ImportModuleLevelObject;|, 55.662955, 400.00, 28.031000
2025-11-25T20:44:45.275897Z, 0xfffffffffffffe00;0x602328;0x60277b;0x604dd4;_PyEval_EvalFrameDefault;0x54a0c7;PyObject_CallMethodObjArgs;PyImport_ImportModuleLevelObject;_PyEval_EvalFrameDefault;PyEval_EvalCode;0x5d2bac;0x5818ed;_PyEval_EvalFrameDefault;0x54a0c7;PyObject_CallMethodObjArgs;PyImport_ImportModuleLevelObject;0x5d2ef4;0x5818ed;_PyEval_EvalFrameDefault;0x54a0c7;PyObject_CallMethodObjArgs;PyImport_ImportModuleLevelObject;_PyEval_EvalFrameDefault;PyEval_EvalCode;0x5d2bac;0x5818ed;_PyEval_EvalFrameDefault;0x54a0c7;PyObject_CallMethodObjArgs;PyImport_ImportModuleLevelObject;_PyEval_EvalFrameDefault;PyEval_EvalCode;0x5d2bac;0x5818ed;_PyEval_EvalFrameDefault;0x54a0c7;PyObject_CallMethodObjArgs;PyImport_ImportModuleLevelObject;0x5d2ef4;0x5818ed;_PyEval_EvalFrameDefault;0x54a0c7;PyObject_CallMethodObjArgs;PyImport_ImportModuleLevelObject;0x5d2ef4;0x5818ed;_PyEval_EvalFrameDefault;0x54a0c7;PyObject_CallMethodObjArgs;PyImport_ImportModuleLevelObject;_PyEval_EvalFrameDefault;PyEval_EvalCode;0x5d2bac;0x5818ed;_PyEval_EvalFrameDefault;0x54a0c7;PyObject_CallMethodObjArgs;PyImport_ImportModuleLevelObject;_PyEval_EvalFrameDefault;PyEval_EvalCode;0x5d2bac;0x5818ed;_PyEval_EvalFrameDefault;0x54a0c7;PyObject_CallMethodObjArgs;PyImport_ImportModuleLevelObject;_PyEval_EvalFrameDefault;PyEval_EvalCode;0x5d2bac;0x5818ed;_PyEval_EvalFrameDefault;0x54a0c7;PyObject_CallMethodObjArgs;PyImport_ImportModuleLevelObject;0x5d2ef4;0x5818ed;_PyEval_EvalFrameDefault;0x54a0c7;PyObject_CallMethodObjArgs;PyImport_ImportModuleLevelObject;_PyEval_EvalFrameDefault;PyEval_EvalCode;0x5d2bac;0x5818ed;_PyEval_EvalFrameDefault;0x54a0c7;PyObject_CallMethodObjArgs;PyImport_ImportModuleLevelObject;_PyEval_EvalFrameDefault;PyEval_EvalCode;0x5d2bac;0x5818ed;_PyEval_EvalFrameDefault;0x54a0c7;PyObject_CallMethodObjArgs;PyImport_ImportModuleLevelObject;_PyEval_EvalFrameDefault;PyEval_EvalCode;0x5d2bac;0x5818ed;_PyEval_EvalFrameDefault;0x54a0c7;PyObject_CallMethodObjArgs;PyImport_ImportModuleLevelObject;_PyEval_EvalFrameDefault;PyEval_EvalCode;0x5d2bac;0x5818ed;_PyEval_EvalFrameDefault;0x54a0c7;PyObject_CallMethodObjArgs;PyImport_ImportModuleLevelObject;_PyEval_EvalFrameDefault;PyEval_EvalCode;0x5d2bac;0x5818ed;_PyEval_EvalFrameDefault;0x54a0c7;PyObject_CallMethodObjArgs;PyImport_ImportModuleLevelObject;_PyEval_EvalFrameDefault;PyEval_EvalCode;0x5d2bac;0x5818ed;_PyEval_EvalFrameDefault;0x54a0c7;PyObject_CallMethodObjArgs;PyImport_ImportModuleLevelObject;|, 54.040513, 225.00, 28.031000
2025-11-25T20:44:45.285623Z, 0xfffffffffffffe00;_PyEval_EvalFrameDefault;0x54a0c7;PyObject_CallMethodObjArgs;PyImport_ImportModuleLevelObject;_PyEval_EvalFrameDefault;PyEval_EvalCode;0x5d2bac;0x5818ed;_PyEval_EvalFrameDefault;0x54a0c7;PyObject_CallMethodObjArgs;PyImport_ImportModuleLevelObject;0x5d2ef4;0x5818ed;_PyEval_EvalFrameDefault;0x54a0c7;PyObject_CallMethodObjArgs;PyImport_ImportModuleLevelObject;_PyEval_EvalFrameDefault;PyEval_EvalCode;0x5d2bac;0x5818ed;_PyEval_EvalFrameDefault;0x54a0c7;PyObject_CallMethodObjArgs;PyImport_ImportModuleLevelObject;_PyEval_EvalFrameDefault;PyEval_EvalCode;0x5d2bac;0x5818ed;_PyEval_EvalFrameDefault;0x54a0c7;PyObject_CallMethodObjArgs;PyImport_ImportModuleLevelObject;_PyEval_EvalFrameDefault;PyEval_EvalCode;0x5d2bac;0x5818ed;_PyEval_EvalFrameDefault;0x54a0c7;PyObject_CallMethodObjArgs;PyImport_ImportModuleLevelObject;_PyEval_EvalFrameDefault;PyEval_EvalCode;0x5d2bac;0x5818ed;_PyEval_EvalFrameDefault;0x54a0c7;PyObject_CallMethodObjArgs;PyImport_ImportModuleLevelObject;_PyEval_EvalFrameDefault;PyEval_EvalCode;0x5d2bac;0x5818ed;_PyEval_EvalFrameDefault;0x54a0c7;PyObject_CallMethodObjArgs;PyImport_ImportModuleLevelObject;_PyEval_EvalFrameDefault;PyEval_EvalCode;0x5d2bac;0x5818ed;_PyEval_EvalFrameDefault;0x54a0c7;PyObject_CallMethodObjArgs;PyImport_ImportModuleLevelObject;_PyEval_EvalFrameDefault;PyEval_EvalCode;0x5d2bac;0x5818ed;_PyEval_EvalFrameDefault;0x54a0c7;PyObject_CallMethodObjArgs;PyImport_ImportModuleLevelObject;_PyEval_EvalFrameDefault;PyEval_EvalCode;0x5d2bac;0x5818ed;_PyEval_EvalFrameDefault;0x54a0c7;PyObject_CallMethodObjArgs;PyImport_ImportModuleLevelObject;_PyEval_EvalFrameDefault;PyEval_EvalCode;0x5d2bac;0x5818ed;_PyEval_EvalFrameDefault;0x54a0c7;PyObject_CallMethodObjArgs;PyImport_ImportModuleLevelObject;_PyEval_EvalFrameDefault;PyEval_EvalCode;0x5d2bac;0x5818ed;_PyEval_EvalFrameDefault;0x54a0c7;PyObject_CallMethodObjArgs;PyImport_ImportModuleLevelObject;0x5d2ef4;0x5818ed;_PyEval_EvalFrameDefault;0x54a0c7;PyObject_CallMethodObjArgs;PyImport_ImportModuleLevelObject;_PyEval_EvalFrameDefault;PyEval_EvalCode;0x5d2bac;0x5818ed;_PyEval_EvalFrameDefault;0x54a0c7;PyObject_CallMethodObjArgs;PyImport_ImportModuleLevelObject;0x5d2ef4;0x5818ed;_PyEval_EvalFrameDefault;0x54a0c7;PyObject_CallMethodObjArgs;PyImport_ImportModuleLevelObject;_PyEval_EvalFrameDefault;PyEval_EvalCode;0x5d2bac;0x5818ed;_PyEval_EvalFrameDefault;0x54a0c7;PyObject_CallMethodObjArgs;PyImport_ImportModuleLevelObject;_PyEval_EvalFrameDefault;|, 48.158500, 450.00, 28.031000
2025-11-25T20:44:45.290772Z, , 40.379447, 1000.00, 28.031000
2025-11-25T20:44:45.300365Z, 0xfffffffffffffe00;PyObject_Free;_PyEval_EvalFrameDefault;PyEval_EvalCode;0x5d2bac;0x5818ed;_PyEval_EvalFrameDefault;0x54a0c7;PyObject_CallMethodObjArgs;PyImport_ImportModuleLevelObject;_PyEval_EvalFrameDefault;PyEval_EvalCode;0x5d2bac;0x5818ed;_PyEval_EvalFrameDefault;0x54a0c7;PyObject_CallMethodObjArgs;PyImport_ImportModuleLevelObject;_PyEval_EvalFrameDefault;PyEval_EvalCode;0x5d2bac;0x5818ed;_PyEval_EvalFrameDefault;0x54a0c7;PyObject_CallMethodObjArgs;PyImport_ImportModuleLevelObject;0x5d2ef4;0x5818ed;_PyEval_EvalFrameDefault;0x54a0c7;PyObject_CallMethodObjArgs;PyImport_ImportModuleLevelObject;_PyEval_EvalFrameDefault;PyEval_EvalCode;0x5d2bac;0x5818ed;_PyEval_EvalFrameDefault;0x54a0c7;PyObject_CallMethodObjArgs;PyImport_ImportModuleLevelObject;_PyEval_EvalFrameDefault;PyEval_EvalCode;0x5d2bac;0x5818ed;_PyEval_EvalFrameDefault;0x54a0c7;PyObject_CallMethodObjArgs;PyImport_ImportModuleLevelObject;_PyEval_EvalFrameDefault;PyEval_EvalCode;0x5d2bac;0x5818ed;_PyEval_EvalFrameDefault;0x54a0c7;PyObject_CallMethodObjArgs;PyImport_ImportModuleLevelObject;_PyEval_EvalFrameDefault;PyEval_EvalCode;0x5d2bac;0x5818ed;_PyEval_EvalFrameDefault;0x54a0c7;PyObject_CallMethodObjArgs;PyImport_ImportModuleLevelObject;_PyEval_EvalFrameDefault;PyEval_EvalCode;0x5d2bac;0x5818ed;_PyEval_EvalFrameDefault;0x54a0c7;PyObject_CallMethodObjArgs;PyImport_ImportModuleLevelObject;_PyEval_EvalFrameDefault;PyEval_EvalCode;0x5d2bac;0x5818ed;_PyEval_EvalFrameDefault;0x54a0c7;PyObject_CallMethodObjArgs;PyImport_ImportModuleLevelObject;_PyEval_EvalFrameDefault;PyEval_EvalCode;0x5d2bac;0x5818ed;_PyEval_EvalFrameDefault;0x54a0c7;PyObject_CallMethodObjArgs;PyImport_ImportModuleLevelObject;_PyEval_EvalFrameDefault;PyEval_EvalCode;0x5d2bac;0x5818ed;_PyEval_EvalFrameDefault;0x54a0c7;PyObject_CallMethodObjArgs;PyImport_ImportModuleLevelObject;_PyEval_EvalFrameDefault;PyEval_EvalCode;0x5d2bac;0x5818ed;_PyEval_EvalFrameDefault;0x54a0c7;PyObject_CallMethodObjArgs;PyImport_ImportModuleLevelObject;_PyEval_EvalFrameDefault;PyEval_EvalCode;0x5d2bac;0x5818ed;_PyEval_EvalFrameDefault;0x54a0c7;PyObject_CallMethodObjArgs;PyImport_ImportModuleLevelObject;_PyEval_EvalFrameDefault;PyEval_EvalCode;0x5d2bac;0x5818ed;_PyEval_EvalFrameDefault;0x54a0c7;PyObject_CallMethodObjArgs;PyImport_ImportModuleLevelObject;_PyEval_EvalFrameDefault;PyEval_EvalCode;0x5d2bac;0x5818ed;_PyEval_EvalFrameDefault;0x54a0c7;PyObject_CallMethodObjArgs;PyImport_ImportModuleLevelObject;|, 35.034791, 1000.00, 28.031000
2025-11-25T20:44:45.309901Z, 0xfffffffffffffe00;0x591004;0x5d3663;0x5f7071;0x555785;_PyEval_EvalFrameDefault;PyEval_EvalCode;0x5d2bac;0x5818ed;_PyEval_EvalFrameDefault;0x54a0c7;PyObject_CallMethodObjArgs;PyImport_ImportModuleLevelObject;_PyEval_EvalFrameDefault;PyEval_EvalCode;0x5d2bac;0x5818ed;_PyEval_EvalFrameDefault;0x54a0c7;PyObject_CallMethodObjArgs;PyImport_ImportModuleLevelObject;_PyEval_EvalFrameDefault;PyEval_EvalCode;0x5d2bac;0x5818ed;_PyEval_EvalFrameDefault;0x54a0c7;PyObject_CallMethodObjArgs;PyImport_ImportModuleLevelObject;_PyEval_EvalFrameDefault;PyEval_EvalCode;0x5d2bac;0x5818ed;_PyEval_EvalFrameDefault;0x54a0c7;PyObject_CallMethodObjArgs;PyImport_ImportModuleLevelObject;_PyEval_EvalFrameDefault;PyEval_EvalCode;0x5d2bac;0x5818ed;_PyEval_EvalFrameDefault;0x54a0c7;PyObject_CallMethodObjArgs;PyImport_ImportModuleLevelObject;_PyEval_EvalFrameDefault;PyEval_EvalCode;0x5d2bac;0x5818ed;_PyEval_EvalFrameDefault;0x54a0c7;PyObject_CallMethodObjArgs;PyImport_ImportModuleLevelObject;_PyEval_EvalFrameDefault;PyEval_EvalCode;0x5d2bac;0x5818ed;_PyEval_EvalFrameDefault;0x54a0c7;PyObject_CallMethodObjArgs;PyImport_ImportModuleLevelObject;_PyEval_EvalFrameDefault;PyEval_EvalCode;0x5d2bac;0x5818ed;_PyEval_EvalFrameDefault;0x54a0c7;PyObject_CallMethodObjArgs;PyImport_ImportModuleLevelObject;_PyEval_EvalFrameDefault;PyEval_EvalCode;0x5d2bac;0x5818ed;_PyEval_EvalFrameDefault;0x54a0c7;PyObject_CallMethodObjArgs;PyImport_ImportModuleLevelObject;_PyEval_EvalFrameDefault;PyEval_EvalCode;0x5d2bac;0x5818ed;_PyEval_EvalFrameDefault;0x54a0c7;PyObject_CallMethodObjArgs;PyImport_ImportModuleLevelObject;0x5d2ef4;0x5818ed;_PyEval_EvalFrameDefault;0x54a0c7;PyObject_CallMethodObjArgs;PyImport_ImportModuleLevelObject;_PyEval_EvalFrameDefault;PyEval_EvalCode;0x5d2bac;0x5818ed;_PyEval_EvalFrameDefault;0x54a0c7;PyObject_CallMethodObjArgs;PyImport_ImportModuleLevelObject;0x5d2ef4;0x5818ed;_PyEval_EvalFrameDefault;0x54a0c7;PyObject_CallMethodObjArgs;PyImport_ImportModuleLevelObject;_PyEval_EvalFrameDefault;PyEval_EvalCode;0x5d2bac;0x5818ed;_PyEval_EvalFrameDefault;0x54a0c7;PyObject_CallMethodObjArgs;PyImport_ImportModuleLevelObject;_PyEval_EvalFrameDefault;PyEval_EvalCode;0x5d2bac;0x5818ed;_PyEval_EvalFrameDefault;PyObject_Vectorcall;0x5a3d6d;0x5a39f2;_PyObject_LookupAttr;0x5d251a;_PyEval_EvalFrameDefault;0x54a0c7;PyObject_CallMethodObjArgs;PyImport_ImportModuleLevelObject;_PyEval_EvalFrameDefault;|, 44.110053, 1100.00, 28.031000
2025-11-25T20:44:45.319617Z, 0xfffffffffffffe00;__memcpy_avx_unaligned_erms;_PyEval_EvalFrameDefault;0x54a0c7;PyObject_CallMethodObjArgs;PyImport_ImportModuleLevelObject;_PyEval_EvalFrameDefault;PyEval_EvalCode;0x5d2bac;0x5818ed;_PyEval_EvalFrameDefault;0x54a0c7;PyObject_CallMethodObjArgs;PyImport_ImportModuleLevelObject;_PyEval_EvalFrameDefault;PyEval_EvalCode;0x5d2bac;0x5818ed;_PyEval_EvalFrameDefault;0x54a0c7;PyObject_CallMethodObjArgs;PyImport_ImportModuleLevelObject;_PyEval_EvalFrameDefault;PyEval_EvalCode;0x5d2bac;0x5818ed;_PyEval_EvalFrameDefault;0x54a0c7;PyObject_CallMethodObjArgs;PyImport_ImportModuleLevelObject;_PyEval_EvalFrameDefault;PyEval_EvalCode;0x5d2bac;0x5818ed;_PyEval_EvalFrameDefault;0x54a0c7;PyObject_CallMethodObjArgs;PyImport_ImportModuleLevelObject;_PyEval_EvalFrameDefault;PyEval_EvalCode;0x5d2bac;0x5818ed;_PyEval_EvalFrameDefault;0x54a0c7;PyObject_CallMethodObjArgs;PyImport_ImportModuleLevelObject;_PyEval_EvalFrameDefault;PyEval_EvalCode;0x5d2bac;0x5818ed;_PyEval_EvalFrameDefault;0x54a0c7;PyObject_CallMethodObjArgs;PyImport_ImportModuleLevelObject;_PyEval_EvalFrameDefault;PyEval_EvalCode;0x5d2bac;0x5818ed;_PyEval_EvalFrameDefault;0x54a0c7;PyObject_CallMethodObjArgs;PyImport_ImportModuleLevelObject;_PyEval_EvalFrameDefault;PyEval_EvalCode;0x5d2bac;0x5818ed;_PyEval_EvalFrameDefault;0x54a0c7;PyObject_CallMethodObjArgs;PyImport_ImportModuleLevelObject;0x5d2ef4;0x5818ed;_PyEval_EvalFrameDefault;0x54a0c7;PyObject_CallMethodObjArgs;PyImport_ImportModuleLevelObject;_PyEval_EvalFrameDefault;PyEval_EvalCode;0x5d2bac;0x5818ed;_PyEval_EvalFrameDefault;0x54a0c7;PyObject_CallMethodObjArgs;PyImport_ImportModuleLevelObject;0x5d2ef4;0x5818ed;_PyEval_EvalFrameDefault;0x54a0c7;PyObject_CallMethodObjArgs;PyImport_ImportModuleLevelObject;_PyEval_EvalFrameDefault;PyEval_EvalCode;0x5d2bac;0x5818ed;_PyEval_EvalFrameDefault;0x54a0c7;PyObject_CallMethodObjArgs;PyImport_ImportModuleLevelObject;_PyEval_EvalFrameDefault;PyEval_EvalCode;0x5d2bac;0x5818ed;_PyEval_EvalFrameDefault;PyObject_Vectorcall;0x5a3d6d;0x5a39f2;_PyObject_LookupAttr;0x5d251a;_PyEval_EvalFrameDefault;0x54a0c7;PyObject_CallMethodObjArgs;PyImport_ImportModuleLevelObject;_PyEval_EvalFrameDefault;PyEval_EvalCode;0x5d2bac;0x5818ed;_PyEval_EvalFrameDefault;0x54a0c7;PyObject_CallMethodObjArgs;PyImport_ImportModuleLevelObject;_PyEval_EvalFrameDefault;PyEval_EvalCode;0x5d2bac;0x5818ed;_PyEval_EvalFrameDefault;PyObject_Vectorcall;0x5a3d6d;0x5a39f2;|, 44.214094, 1100.00, 28.031000
2025-11-25T20:44:45.329217Z, 0xfffffffffffffe00;0x5d3a40;0x54ce3d;_PyEval_EvalFrameDefault;PyEval_EvalCode;0x5d2bac;0x5818ed;_PyEval_EvalFrameDefault;0x54a0c7;PyObject_CallMethodObjArgs;PyImport_ImportModuleLevelObject;_PyEval_EvalFrameDefault;PyEval_EvalCode;0x5d2bac;0x5818ed;_PyEval_EvalFrameDefault;0x54a0c7;PyObject_CallMethodObjArgs;PyImport_ImportModuleLevelObject;_PyEval_EvalFrameDefault;PyEval_EvalCode;0x5d2bac;0x5818ed;_PyEval_EvalFrameDefault;0x54a0c7;PyObject_CallMethodObjArgs;PyImport_ImportModuleLevelObject;_PyEval_EvalFrameDefault;PyEval_EvalCode;0x5d2bac;0x5818ed;_PyEval_EvalFrameDefault;0x54a0c7;PyObject_CallMethodObjArgs;PyImport_ImportModuleLevelObject;_PyEval_EvalFrameDefault;PyEval_EvalCode;0x5d2bac;0x5818ed;_PyEval_EvalFrameDefault;0x54a0c7;PyObject_CallMethodObjArgs;PyImport_ImportModuleLevelObject;_PyEval_EvalFrameDefault;PyEval_EvalCode;0x5d2bac;0x5818ed;_PyEval_EvalFrameDefault;0x54a0c7;PyObject_CallMethodObjArgs;PyImport_ImportModuleLevelObject;_PyEval_EvalFrameDefault;PyEval_EvalCode;0x5d2bac;0x5818ed;_PyEval_EvalFrameDefault;0x54a0c7;PyObject_CallMethodObjArgs;PyImport_ImportModuleLevelObject;_PyEval_EvalFrameDefault;PyEval_EvalCode;0x5d2bac;0x5818ed;_PyEval_EvalFrameDefault;0x54a0c7;PyObject_CallMethodObjArgs;PyImport_ImportModuleLevelObject;_PyEval_EvalFrameDefault;PyEval_EvalCode;0x5d2bac;0x5818ed;_PyEval_EvalFrameDefault;0x54a0c7;PyObject_CallMethodObjArgs;PyImport_ImportModuleLevelObject;_PyEval_EvalFrameDefault;PyEval_EvalCode;0x5d2bac;0x5818ed;_PyEval_EvalFrameDefault;0x54a0c7;PyObject_CallMethodObjArgs;PyImport_ImportModuleLevelObject;0x5d2ef4;0x5818ed;_PyEval_EvalFrameDefault;0x54a0c7;PyObject_CallMethodObjArgs;PyImport_ImportModuleLevelObject;_PyEval_EvalFrameDefault;PyEval_EvalCode;0x5d2bac;0x5818ed;_PyEval_EvalFrameDefault;0x54a0c7;PyObject_CallMethodObjArgs;PyImport_ImportModuleLevelObject;0x5d2ef4;0x5818ed;_PyEval_EvalFrameDefault;0x54a0c7;PyObject_CallMethodObjArgs;PyImport_ImportModuleLevelObject;_PyEval_EvalFrameDefault;PyEval_EvalCode;0x5d2bac;0x5818ed;_PyEval_EvalFrameDefault;0x54a0c7;PyObject_CallMethodObjArgs;PyImport_ImportModuleLevelObject;_PyEval_EvalFrameDefault;PyEval_EvalCode;0x5d2bac;0x5818ed;_PyEval_EvalFrameDefault;PyObject_Vectorcall;0x5a3d6d;0x5a39f2;_PyObject_LookupAttr;0x5d251a;_PyEval_EvalFrameDefault;0x54a0c7;PyObject_CallMethodObjArgs;PyImport_ImportModuleLevelObject;_PyEval_EvalFrameDefault;PyEval_EvalCode;0x5d2bac;|, 51.209811, 400.00, 28.031000
2025-11-25T20:44:45.338920Z, 0xfffffffffffffe00;PyType_IsSubtype;0x581b07;0x5d38e3;0x5d2db7;_PyEval_EvalFrameDefault;PyEval_EvalCode;0x5d2bac;0x5818ed;_PyEval_EvalFrameDefault;0x54a0c7;PyObject_CallMethodObjArgs;PyImport_ImportModuleLevelObject;_PyEval_EvalFrameDefault;PyEval_EvalCode;0x5d2bac;0x5818ed;_PyEval_EvalFrameDefault;0x54a0c7;PyObject_CallMethodObjArgs;PyImport_ImportModuleLevelObject;_PyEval_EvalFrameDefault;PyEval_EvalCode;0x5d2bac;0x5818ed;_PyEval_EvalFrameDefault;0x54a0c7;PyObject_CallMethodObjArgs;PyImport_ImportModuleLevelObject;_PyEval_EvalFrameDefault;PyEval_EvalCode;0x5d2bac;0x5818ed;_PyEval_EvalFrameDefault;0x54a0c7;PyObject_CallMethodObjArgs;PyImport_ImportModuleLevelObject;_PyEval_EvalFrameDefault;PyEval_EvalCode;0x5d2bac;0x5818ed;_PyEval_EvalFrameDefault;0x54a0c7;PyObject_CallMethodObjArgs;PyImport_ImportModuleLevelObject;_PyEval_EvalFrameDefault;PyEval_EvalCode;0x5d2bac;0x5818ed;_PyEval_EvalFrameDefault;0x54a0c7;PyObject_CallMethodObjArgs;PyImport_ImportModuleLevelObject;_PyEval_EvalFrameDefault;PyEval_EvalCode;0x5d2bac;0x5818ed;_PyEval_EvalFrameDefault;0x54a0c7;PyObject_CallMethodObjArgs;PyImport_ImportModuleLevelObject;_PyEval_EvalFrameDefault;PyEval_EvalCode;0x5d2bac;0x5818ed;_PyEval_EvalFrameDefault;0x54a0c7;PyObject_CallMethodObjArgs;PyImport_ImportModuleLevelObject;_PyEval_EvalFrameDefault;PyEval_EvalCode;0x5d2bac;0x5818ed;_PyEval_EvalFrameDefault;0x54a0c7;PyObject_CallMethodObjArgs;PyImport_ImportModuleLevelObject;0x5d2ef4;0x5818ed;_PyEval_EvalFrameDefault;0x54a0c7;PyObject_CallMethodObjArgs;PyImport_ImportModuleLevelObject;_PyEval_EvalFrameDefault;PyEval_EvalCode;0x5d2bac;0x5818ed;_PyEval_EvalFrameDefault;0x54a0c7;PyObject_CallMethodObjArgs;PyImport_ImportModuleLevelObject;0x5d2ef4;0x5818ed;_PyEval_EvalFrameDefault;0x54a0c7;PyObject_CallMethodObjArgs;PyImport_ImportModuleLevelObject;_PyEval_EvalFrameDefault;PyEval_EvalCode;0x5d2bac;0x5818ed;_PyEval_EvalFrameDefault;0x54a0c7;PyObject_CallMethodObjArgs;PyImport_ImportModuleLevelObject;_PyEval_EvalFrameDefault;PyEval_EvalCode;0x5d2bac;0x5818ed;_PyEval_EvalFrameDefault;PyObject_Vectorcall;0x5a3d6d;0x5a39f2;_PyObject_LookupAttr;0x5d251a;_PyEval_EvalFrameDefault;0x54a0c7;PyObject_CallMethodObjArgs;PyImport_ImportModuleLevelObject;_PyEval_EvalFrameDefault;PyEval_EvalCode;0x5d2bac;0x5818ed;_PyEval_EvalFrameDefault;0x54a0c7;PyObject_CallMethodObjArgs;PyImport_ImportModuleLevelObject;_PyEval_EvalFrameDefault;|, 47.726649, 466.67, 28.031000
2025-11-25T20:44:45.348568Z, 0xfffffffffffffe00;0x58c064;_PyEval_EvalFrameDefault;0x54cea2;PyObject_VectorcallDict;0x59a0e9;0x5994d7;_PyObject_MakeTpCall;0x5d1fdb;0x5818ed;PyObject_Vectorcall;_PyEval_EvalFrameDefault;PyEval_EvalCode;0x5d2bac;0x5818ed;_PyEval_EvalFrameDefault;0x54a0c7;PyObject_CallMethodObjArgs;PyImport_ImportModuleLevelObject;_PyEval_EvalFrameDefault;PyEval_EvalCode;0x5d2bac;0x5818ed;_PyEval_EvalFrameDefault;0x54a0c7;PyObject_CallMethodObjArgs;PyImport_ImportModuleLevelObject;_PyEval_EvalFrameDefault;PyEval_EvalCode;0x5d2bac;0x5818ed;_PyEval_EvalFrameDefault;0x54a0c7;PyObject_CallMethodObjArgs;PyImport_ImportModuleLevelObject;_PyEval_EvalFrameDefault;PyEval_EvalCode;0x5d2bac;0x5818ed;_PyEval_EvalFrameDefault;0x54a0c7;PyObject_CallMethodObjArgs;PyImport_ImportModuleLevelObject;_PyEval_EvalFrameDefault;PyEval_EvalCode;0x5d2bac;0x5818ed;_PyEval_EvalFrameDefault;0x54a0c7;PyObject_CallMethodObjArgs;PyImport_ImportModuleLevelObject;_PyEval_EvalFrameDefault;PyEval_EvalCode;0x5d2bac;0x5818ed;_PyEval_EvalFrameDefault;0x54a0c7;PyObject_CallMethodObjArgs;PyImport_ImportModuleLevelObject;0x5d2ef4;0x5818ed;_PyEval_EvalFrameDefault;0x54a0c7;PyObject_CallMethodObjArgs;PyImport_ImportModuleLevelObject;_PyEval_EvalFrameDefault;PyEval_EvalCode;0x5d2bac;0x5818ed;_PyEval_EvalFrameDefault;0x54a0c7;PyObject_CallMethodObjArgs;PyImport_ImportModuleLevelObject;0x5d2ef4;0x5818ed;_PyEval_EvalFrameDefault;0x54a0c7;PyObject_CallMethodObjArgs;PyImport_ImportModuleLevelObject;_PyEval_EvalFrameDefault;PyEval_EvalCode;0x5d2bac;0x5818ed;_PyEval_EvalFrameDefault;0x54a0c7;PyObject_CallMethodObjArgs;PyImport_ImportModuleLevelObject;_PyEval_EvalFrameDefault;PyEval_EvalCode;0x5d2bac;0x5818ed;_PyEval_EvalFrameDefault;PyObject_Vectorcall;0x5a3d6d;0x5a39f2;_PyObject_LookupAttr;0x5d251a;_PyEval_EvalFrameDefault;0x54a0c7;PyObject_CallMethodObjArgs;PyImport_ImportModuleLevelObject;_PyEval_EvalFrameDefault;PyEval_EvalCode;0x5d2bac;0x5818ed;_PyEval_EvalFrameDefault;0x54a0c7;PyObject_CallMethodObjArgs;PyImport_ImportModuleLevelObject;_PyEval_EvalFrameDefault;PyEval_EvalCode;0x5d2bac;0x5818ed;_PyEval_EvalFrameDefault;PyObject_Vectorcall;0x5a3d6d;0x5a39f2;_PyObject_LookupAttr;0x5d251a;_PyEval_EvalFrameDefault;0x54a0c7;PyObject_CallMethodObjArgs;PyImport_ImportModuleLevelObject;_PyEval_EvalFrameDefault;PyEval_EvalCode;0x607fc2;0x6b4393;_PyRun_SimpleFileObject;|, 45.622567, 750.00, 28.031000
2025-11-25T20:44:45.358432Z, 0xfffffffffffffe00;0x52634f;0x5257d6;0x5253c2;0x524f41;0x52728b;0x51f4b0;0x532010;0x52ba1d;0x51d1b1;0x51c807;0x518fbd;PyRun_StringFlags;0x5d2c59;_PyEval_EvalFrameDefault;PyEval_EvalCode;0x5d2bac;0x5818ed;_PyEval_EvalFrameDefault;0x54a0c7;PyObject_CallMethodObjArgs;PyImport_ImportModuleLevelObject;_PyEval_EvalFrameDefault;PyEval_EvalCode;0x5d2bac;0x5818ed;_PyEval_EvalFrameDefault;0x54a0c7;PyObject_CallMethodObjArgs;PyImport_ImportModuleLevelObject;_PyEval_EvalFrameDefault;PyEval_EvalCode;0x5d2bac;0x5818ed;_PyEval_EvalFrameDefault;0x54a0c7;PyObject_CallMethodObjArgs;PyImport_ImportModuleLevelObject;_PyEval_EvalFrameDefault;PyEval_EvalCode;0x5d2bac;0x5818ed;_PyEval_EvalFrameDefault;0x54a0c7;PyObject_CallMethodObjArgs;PyImport_ImportModuleLevelObject;_PyEval_EvalFrameDefault;PyEval_EvalCode;0x5d2bac;0x5818ed;_PyEval_EvalFrameDefault;0x54a0c7;PyObject_CallMethodObjArgs;PyImport_ImportModuleLevelObject;0x5d2ef4;0x5818ed;_PyEval_EvalFrameDefault;0x54a0c7;PyObject_CallMethodObjArgs;PyImport_ImportModuleLevelObject;_PyEval_EvalFrameDefault;PyEval_EvalCode;0x5d2bac;0x5818ed;_PyEval_EvalFrameDefault;0x54a0c7;PyObject_CallMethodObjArgs;PyImport_ImportModuleLevelObject;0x5d2ef4;0x5818ed;_PyEval_EvalFrameDefault;0x54a0c7;PyObject_CallMethodObjArgs;PyImport_ImportModuleLevelObject;_PyEval_EvalFrameDefault;PyEval_EvalCode;0x5d2bac;0x5818ed;_PyEval_EvalFrameDefault;0x54a0c7;PyObject_CallMethodObjArgs;PyImport_ImportModuleLevelObject;_PyEval_EvalFrameDefault;PyEval_EvalCode;0x5d2bac;0x5818ed;_PyEval_EvalFrameDefault;PyObject_Vectorcall;0x5a3d6d;0x5a39f2;_PyObject_LookupAttr;0x5d251a;_PyEval_EvalFrameDefault;0x54a0c7;PyObject_CallMethodObjArgs;PyImport_ImportModuleLevelObject;_PyEval_EvalFrameDefault;PyEval_EvalCode;0x5d2bac;0x5818ed;_PyEval_EvalFrameDefault;0x54a0c7;PyObject_CallMethodObjArgs;PyImport_ImportModuleLevelObject;_PyEval_EvalFrameDefault;PyEval_EvalCode;0x5d2bac;0x5818ed;_PyEval_EvalFrameDefault;PyObject_Vectorcall;0x5a3d6d;0x5a39f2;_PyObject_LookupAttr;0x5d251a;_PyEval_EvalFrameDefault;0x54a0c7;PyObject_CallMethodObjArgs;PyImport_ImportModuleLevelObject;_PyEval_EvalFrameDefault;PyEval_EvalCode;0x607fc2;0x6b4393;_PyRun_SimpleFileObject;_PyRun_AnyFileObject;Py_RunMain;Py_BytesMain;__libc_start_call_main;__libc_start_main@@GLIBC_2.34;|, 47.434838, 800.00, 28.031000
2025-11-25T20:44:45.368112Z, 0xfffffffffffffe00;0x59a053;0x5994d7;_PyObject_MakeTpCall;PyObject_VectorcallDict;0x5d1fdb;0x5818ed;PyObject_Vectorcall;_PyEval_EvalFrameDefault;PyEval_EvalCode;0x5d2bac;0x5818ed;_PyEval_EvalFrameDefault;0x54a0c7;PyObject_CallMethodObjArgs;PyImport_ImportModuleLevelObject;_PyEval_EvalFrameDefault;PyEval_EvalCode;0x5d2bac;0x5818ed;_PyEval_EvalFrameDefault;0x54a0c7;PyObject_CallMethodObjArgs;PyImport_ImportModuleLevelObject;_PyEval_EvalFrameDefault;PyEval_EvalCode;0x5d2bac;0x5818ed;_PyEval_EvalFrameDefault;0x54a0c7;PyObject_CallMethodObjArgs;PyImport_ImportModuleLevelObject;_PyEval_EvalFrameDefault;PyEval_EvalCode;0x5d2bac;0x5818ed;_PyEval_EvalFrameDefault;0x54a0c7;PyObject_CallMethodObjArgs;PyImport_ImportModuleLevelObject;_PyEval_EvalFrameDefault;PyEval_EvalCode;0x5d2bac;0x5818ed;_PyEval_EvalFrameDefault;0x54a0c7;PyObject_CallMethodObjArgs;PyImport_ImportModuleLevelObject;_PyEval_EvalFrameDefault;PyEval_EvalCode;0x5d2bac;0x5818ed;_PyEval_EvalFrameDefault;0x54a0c7;PyObject_CallMethodObjArgs;PyImport_ImportModuleLevelObject;0x5d2ef4;0x5818ed;_PyEval_EvalFrameDefault;0x54a0c7;PyObject_CallMethodObjArgs;PyImport_ImportModuleLevelObject;_PyEval_EvalFrameDefault;PyEval_EvalCode;0x5d2bac;0x5818ed;_PyEval_EvalFrameDefault;0x54a0c7;PyObject_CallMethodObjArgs;PyImport_ImportModuleLevelObject;0x5d2ef4;0x5818ed;_PyEval_EvalFrameDefault;0x54a0c7;PyObject_CallMethodObjArgs;PyImport_ImportModuleLevelObject;_PyEval_EvalFrameDefault;PyEval_EvalCode;0x5d2bac;0x5818ed;_PyEval_EvalFrameDefault;0x54a0c7;PyObject_CallMethodObjArgs;PyImport_ImportModuleLevelObject;_PyEval_EvalFrameDefault;PyEval_EvalCode;0x5d2bac;0x5818ed;_PyEval_EvalFrameDefault;PyObject_Vectorcall;0x5a3d6d;0x5a39f2;_PyObject_LookupAttr;0x5d251a;_PyEval_EvalFrameDefault;0x54a0c7;PyObject_CallMethodObjArgs;PyImport_ImportModuleLevelObject;_PyEval_EvalFrameDefault;PyEval_EvalCode;0x5d2bac;0x5818ed;_PyEval_EvalFrameDefault;0x54a0c7;PyObject_CallMethodObjArgs;PyImport_ImportModuleLevelObject;_PyEval_EvalFrameDefault;PyEval_EvalCode;0x5d2bac;0x5818ed;_PyEval_EvalFrameDefault;PyObject_Vectorcall;0x5a3d6d;0x5a39f2;_PyObject_LookupAttr;0x5d251a;_PyEval_EvalFrameDefault;0x54a0c7;PyObject_CallMethodObjArgs;PyImport_ImportModuleLevelObject;_PyEval_EvalFrameDefault;PyEval_EvalCode;0x607fc2;0x6b4393;_PyRun_SimpleFileObject;_PyRun_AnyFileObject;Py_RunMain;Py_BytesMain;|, 53.608347, 566.67, 28.031000
2025-11-25T20:44:45.377460Z, 0xffffffffffffff80;0xffffffffbbeaad42;0xffffffffbbeb99d2;0xffffffffbb11946c;0xffffffffbb0f7e39;0xffffffffbace1241;0xffffffffbb0f7efb;0xffffffffbb0f807f;0xffffffffbb0f8a44;0xffffffffbb0b8e4e;0xffffffffbb0f7b79;0xffffffffbace0d43;0xffffffffbac85139;0xffffffffbbed678e;0xffffffffbaa0012b;0xfffffffffffffe00;__mmap;0x674ac0;0x607c4d;0x5d51a3;_PyEval_EvalFrameDefault;0x54a0c7;PyObject_CallMethodObjArgs;PyImport_ImportModuleLevelObject;_PyEval_EvalFrameDefault;PyEval_EvalCode;0x5d2bac;0x5818ed;_PyEval_EvalFrameDefault;0x54a0c7;PyObject_CallMethodObjArgs;PyImport_ImportModuleLevelObject;_PyEval_EvalFrameDefault;PyEval_EvalCode;0x5d2bac;0x5818ed;_PyEval_EvalFrameDefault;0x54a0c7;PyObject_CallMethodObjArgs;PyImport_ImportModuleLevelObject;_PyEval_EvalFrameDefault;PyEval_EvalCode;0x5d2bac;0x5818ed;_PyEval_EvalFrameDefault;0x54a0c7;PyObject_CallMethodObjArgs;PyImport_ImportModuleLevelObject;0x5d2ef4;0x5818ed;_PyEval_EvalFrameDefault;0x54a0c7;PyObject_CallMethodObjArgs;PyImport_ImportModuleLevelObject;0x5d2ef4;0x5818ed;_PyEval_EvalFrameDefault;0x54a0c7;PyObject_CallMethodObjArgs;PyImport_ImportModuleLevelObject;_PyEval_EvalFrameDefault;0x64edc8;_PyObject_MakeTpCall;_PyEval_EvalFrameDefault;PyEval_EvalCode;0x5d2bac;0x5818ed;_PyEval_EvalFrameDefault;0x54a0c7;PyObject_CallMethodObjArgs;PyImport_ImportModuleLevelObject;_PyEval_EvalFrameDefault;PyEval_EvalCode;0x5d2bac;0x5818ed;_PyEval_EvalFrameDefault;0x54a0c7;PyObject_CallMethodObjArgs;PyImport_ImportModuleLevelObject;_PyEval_EvalFrameDefault;PyEval_EvalCode;0x5d2bac;0x5818ed;_PyEval_EvalFrameDefault;0x54a0c7;PyObject_CallMethodObjArgs;PyImport_ImportModuleLevelObject;_PyEval_EvalFrameDefault;PyEval_EvalCode;0x5d2bac;0x5818ed;_PyEval_EvalFrameDefault;0x54a0c7;PyObject_CallMethodObjArgs;PyImport_ImportModuleLevelObject;0x5d2ef4;0x5818ed;_PyEval_EvalFrameDefault;0x54a0c7;PyObject_CallMethodObjArgs;PyImport_ImportModuleLevelObject;_PyEval_EvalFrameDefault;PyEval_EvalCode;0x5d2bac;0x5818ed;_PyEval_EvalFrameDefault;0x54a0c7;PyObject_CallMethodObjArgs;PyImport_ImportModuleLevelObject;0x5d2ef4;0x5818ed;_PyEval_EvalFrameDefault;0x54a0c7;PyObject_CallMethodObjArgs;PyImport_ImportModuleLevelObject;_PyEval_EvalFrameDefault;PyEval_EvalCode;0x5d2bac;0x5818ed;_PyEval_EvalFrameDefault;0x54a0c7;PyObject_CallMethodObjArgs;PyImport_ImportModuleLevelObject;_PyEval_EvalFrameDefault;PyEval_EvalCode;0x5d2bac;0x5818ed;_PyEval_EvalFrameDefault;PyObject_Vectorcall;|, 41.867474, 600.00, 28.031000
2025-11-25T20:44:45.382883Z, ί²λυ, 44.632412, 900.00, 28.031000
2025-11-25T20:44:45.392476Z, 0xfffffffffffffe00;0x519637;0x519594;0x5305ce;0x52ff7b;0x52eee0;0x52b8cb;0x51d1b1;0x531fd3;0x52ba1d;0x51d1b1;0x51c807;0x518fbd;PyRun_StringFlags;0x5d2c59;_PyEval_EvalFrameDefault;PyEval_EvalCode;0x5d2bac;0x5818ed;_PyEval_EvalFrameDefault;PyEval_EvalCode;0x5d2bac;0x5818ed;_PyEval_EvalFrameDefault;0x54a0c7;PyObject_CallMethodObjArgs;PyImport_ImportModuleLevelObject;_PyEval_EvalFrameDefault;PyEval_EvalCode;0x5d2bac;0x5818ed;_PyEval_EvalFrameDefault;0x54a0c7;PyObject_CallMethodObjArgs;PyImport_ImportModuleLevelObject;_PyEval_EvalFrameDefault;PyEval_EvalCode;0x5d2bac;0x5818ed;_PyEval_EvalFrameDefault;0x54a0c7;PyObject_CallMethodObjArgs;PyImport_ImportModuleLevelObject;_PyEval_EvalFrameDefault;PyEval_EvalCode;0x5d2bac;0x5818ed;_PyEval_EvalFrameDefault;0x54a0c7;PyObject_CallMethodObjArgs;PyImport_ImportModuleLevelObject;_PyEval_EvalFrameDefault;PyEval_EvalCode;0x5d2bac;0x5818ed;_PyEval_EvalFrameDefault;0x54a0c7;PyObject_CallMethodObjArgs;PyImport_ImportModuleLevelObject;_PyEval_EvalFrameDefault;PyEval_EvalCode;0x5d2bac;0x5818ed;_PyEval_EvalFrameDefault;0x54a0c7;PyObject_CallMethodObjArgs;PyImport_ImportModuleLevelObject;0x5d2ef4;0x5818ed;_PyEval_EvalFrameDefault;0x54a0c7;PyObject_CallMethodObjArgs;PyImport_ImportModuleLevelObject;0x5d2ef4;0x5818ed;_PyEval_EvalFrameDefault;0x54a0c7;PyObject_CallMethodObjArgs;PyImport_ImportModuleLevelObject;_PyEval_EvalFrameDefault;0x64edc8;_PyObject_MakeTpCall;_PyEval_EvalFrameDefault;PyEval_EvalCode;0x5d2bac;0x5818ed;_PyEval_EvalFrameDefault;0x54a0c7;PyObject_CallMethodObjArgs;PyImport_ImportModuleLevelObject;_PyEval_EvalFrameDefault;PyEval_EvalCode;0x5d2bac;0x5818ed;_PyEval_EvalFrameDefault;0x54a0c7;PyObject_CallMethodObjArgs;PyImport_ImportModuleLevelObject;_PyEval_EvalFrameDefault;PyEval_EvalCode;0x5d2bac;0x5818ed;_PyEval_EvalFrameDefault;0x54a0c7;PyObject_CallMethodObjArgs;PyImport_ImportModuleLevelObject;_PyEval_EvalFrameDefault;PyEval_EvalCode;0x5d2bac;0x5818ed;_PyEval_EvalFrameDefault;0x54a0c7;PyObject_CallMethodObjArgs;PyImport_ImportModuleLevelObject;0x5d2ef4;0x5818ed;_PyEval_EvalFrameDefault;0x54a0c7;PyObject_CallMethodObjArgs;PyImport_ImportModuleLevelObject;_PyEval_EvalFrameDefault;PyEval_EvalCode;0x5d2bac;0x5818ed;_PyEval_EvalFrameDefault;0x54a0c7;PyObject_CallMethodObjArgs;PyImport_ImportModuleLevelObject;|, 35.973017, 1900.00, 28.031000
2025-11-25T20:44:45.402184Z, 0xfffffffffffffe00;0x551296;_PyObject_GenericGetAttrWithDict;PyObject_GetAttr;_PyEval_EvalFrameDefault;PyObject_Call;0x64e874;_PyObject_MakeTpCall;PyObject_Vectorcall;_PyEval_EvalFrameDefault;PyEval_EvalCode;0x5d2bac;0x5818ed;_PyEval_EvalFrameDefault;0x54a0c7;PyObject_CallMethodObjArgs;PyImport_ImportModuleLevelObject;0x5d2ef4;0x5818ed;_PyEval_EvalFrameDefault;0x54a0c7;PyObject_CallMethodObjArgs;PyImport_ImportModuleLevelObject;_PyEval_EvalFrameDefault;PyEval_EvalCode;0x5d2bac;0x5818ed;_PyEval_EvalFrameDefault;0x54a0c7;PyObject_CallMethodObjArgs;PyImport_ImportModuleLevelObject;_PyEval_EvalFrameDefault;PyEval_EvalCode;0x5d2bac;0x5818ed;_PyEval_EvalFrameDefault;PyEval_EvalCode;0x5d2bac;0x5818ed;_PyEval_EvalFrameDefault;0x54a0c7;PyObject_CallMethodObjArgs;PyImport_ImportModuleLevelObject;0x5d2ef4;0x5818ed;_PyEval_EvalFrameDefault;0x54a0c7;PyObject_CallMethodObjArgs;PyImport_ImportModuleLevelObject;_PyEval_EvalFrameDefault;PyEval_EvalCode;0x5d2bac;0x5818ed;_PyEval_EvalFrameDefault;0x54a0c7;PyObject_CallMethodObjArgs;PyImport_ImportModuleLevelObject;0x5d2ef4;0x5818ed;_PyEval_EvalFrameDefault;0x54a0c7;PyObject_CallMethodObjArgs;PyImport_ImportModuleLevelObject;_PyEval_EvalFrameDefault;PyEval_EvalCode;0x5d2bac;0x5818ed;_PyEval_EvalFrameDefault;0x54a0c7;PyObject_CallMethodObjArgs;PyImport_ImportModuleLevelObject;0x5d2ef4;0x5818ed;_PyEval_EvalFrameDefault;0x54a0c7;PyObject_CallMethodObjArgs;PyImport_ImportModuleLevelObject;0x5d2ef4;0x5818ed;_PyEval_EvalFrameDefault;0x54a0c7;PyObject_CallMethodObjArgs;PyImport_ImportModuleLevelObject;_PyEval_EvalFrameDefault;0x64edc8;_PyObject_MakeTpCall;_PyEval_EvalFrameDefault;PyEval_EvalCode;0x5d2bac;0x5818ed;_PyEval_EvalFrameDefault;0x54a0c7;PyObject_CallMethodObjArgs;PyImport_ImportModuleLevelObject;_PyEval_EvalFrameDefault;PyEval_EvalCode;0x5d2bac;0x5818ed;_PyEval_EvalFrameDefault;0x54a0c7;PyObject_CallMethodObjArgs;PyImport_ImportModuleLevelObject;_PyEval_EvalFrameDefault;PyEval_EvalCode;0x5d2bac;0x5818ed;_PyEval_EvalFrameDefault;0x54a0c7;PyObject_CallMethodObjArgs;PyImport_ImportModuleLevelObject;_PyEval_EvalFrameDefault;PyEval_EvalCode;0x5d2bac;0x5818ed;_PyEval_EvalFrameDefault;0x54a0c7;PyObject_CallMethodObjArgs;PyImport_ImportModuleLevelObject;0x5d2ef4;0x5818ed;_PyEval_EvalFrameDefault;0x54a0c7;PyObject_CallMethodObjArgs;PyImport_ImportModuleLevelObject;_PyEval_EvalFrameDefault;PyEval_EvalCode;0x5d2bac;0x5818ed;|, 48.480482, 666.67, 28.031000
2025-11-25T20:44:45.411724Z, 0xfffffffffffffe00;0x555495;0x5d29e6;_PyEval_EvalFrameDefault;_PyObject_Call_Prepend;0x59da4f;0x599513;_PyObject_MakeTpCall;_PyEval_EvalFrameDefault;PyEval_EvalCode;0x5d2bac;0x5818ed;_PyEval_EvalFrameDefault;0x54a0c7;PyObject_CallMethodObjArgs;PyImport_ImportModuleLevelObject;_PyEval_EvalFrameDefault;PyEval_EvalCode;0x5d2bac;0x5818ed;_PyEval_EvalFrameDefault;0x54a0c7;PyObject_CallMethodObjArgs;PyImport_ImportModuleLevelObject;0x5d2ef4;0x5818ed;_PyEval_EvalFrameDefault;0x54a0c7;PyObject_CallMethodObjArgs;PyImport_ImportModuleLevelObject;_PyEval_EvalFrameDefault;PyEval_EvalCode;0x5d2bac;0x5818ed;_PyEval_EvalFrameDefault;0x54a0c7;PyObject_CallMethodObjArgs;PyImport_ImportModuleLevelObject;0x5d2ef4;0x5818ed;_PyEval_EvalFrameDefault;0x54a0c7;PyObject_CallMethodObjArgs;PyImport_ImportModuleLevelObject;0x5d2ef4;0x5818ed;_PyEval_EvalFrameDefault;0x54a0c7;PyObject_CallMethodObjArgs;PyImport_ImportModuleLevelObject;_PyEval_EvalFrameDefault;0x64edc8;_PyObject_MakeTpCall;_PyEval_EvalFrameDefault;PyEval_EvalCode;0x5d2bac;0x5818ed;_PyEval_EvalFrameDefault;0x54a0c7;PyObject_CallMethodObjArgs;PyImport_ImportModuleLevelObject;_PyEval_EvalFrameDefault;PyEval_EvalCode;0x5d2bac;0x5818ed;_PyEval_EvalFrameDefault;0x54a0c7;PyObject_CallMethodObjArgs;PyImport_ImportModuleLevelObject;_PyEval_EvalFrameDefault;PyEval_EvalCode;0x5d2bac;0x5818ed;_PyEval_EvalFrameDefault;0x54a0c7;PyObject_CallMethodObjArgs;PyImport_ImportModuleLevelObject;_PyEval_EvalFrameDefault;PyEval_EvalCode;0x5d2bac;0x5818ed;_PyEval_EvalFrameDefault;0x54a0c7;PyObject_CallMethodObjArgs;PyImport_ImportModuleLevelObject;0x5d2ef4;0x5818ed;_PyEval_EvalFrameDefault;0x54a0c7;PyObject_CallMethodObjArgs;PyImport_ImportModuleLevelObject;_PyEval_EvalFrameDefault;PyEval_EvalCode;0x5d2bac;0x5818ed;_PyEval_EvalFrameDefault;0x54a0c7;PyObject_CallMethodObjArgs;PyImport_ImportModuleLevelObject;0x5d2ef4;0x5818ed;_PyEval_EvalFrameDefault;0x54a0c7;PyObject_CallMethodObjArgs;PyImport_ImportModuleLevelObject;_PyEval_EvalFrameDefault;PyEval_EvalCode;0x5d2bac;0x5818ed;_PyEval_EvalFrameDefault;0x54a0c7;PyObject_CallMethodObjArgs;PyImport_ImportModuleLevelObject;_PyEval_EvalFrameDefault;PyEval_EvalCode;0x5d2bac;0x5818ed;_PyEval_EvalFrameDefault;PyObject_Vectorcall;0x5a3d6d;0x5a39f2;_PyObject_LookupAttr;0x5d251a;_PyEval_EvalFrameDefault;0x54a0c7;PyObject_CallMethodObjArgs;PyImport_ImportModuleLevelObject;_PyEval_EvalFrameDefault;|, 40.115392, 1000.00, 28.031000
2025-11-25T20:44:45.416966Z, , 37.350180, 1050.00, 28.031000
2025-11-25T20:44:45.426539Z, 0xffffffffffffff80;0xffffffffbb115798;0xffffffffbb116d61;0xffffffffbb116f33;0xffffffffbb1199cc;0xffffffffbb0f778b;0xffffffffbac84b8a;0xffffffffbbed678e;0xffffffffbaa0012b;0xfffffffffffffe00;__munmap;_PyEval_EvalFrameDefault;_PyObject_Call_Prepend;0x59da4f;0x599513;_PyObject_MakeTpCall;_PyEval_EvalFrameDefault;PyEval_EvalCode;0x5d2bac;0x5818ed;_PyEval_EvalFrameDefault;0x54a0c7;PyObject_CallMethodObjArgs;PyImport_ImportModuleLevelObject;_PyEval_EvalFrameDefault;PyEval_EvalCode;0x5d2bac;0x5818ed;_PyEval_EvalFrameDefault;0x54a0c7;PyObject_CallMethodObjArgs;PyImport_ImportModuleLevelObject;0x5d2ef4;0x5818ed;_PyEval_EvalFrameDefault;0x54a0c7;PyObject_CallMethodObjArgs;PyImport_ImportModuleLevelObject;_PyEval_EvalFrameDefault;PyEval_EvalCode;0x5d2bac;0x5818ed;_PyEval_EvalFrameDefault;0x54a0c7;PyObject_CallMethodObjArgs;PyImport_ImportModuleLevelObject;0x5d2ef4;0x5818ed;_PyEval_EvalFrameDefault;0x54a0c7;PyObject_CallMethodObjArgs;PyImport_ImportModuleLevelObject;0x5d2ef4;0x5818ed;_PyEval_EvalFrameDefault;0x54a0c7;PyObject_CallMethodObjArgs;PyImport_ImportModuleLevelObject;_PyEval_EvalFrameDefault;0x64edc8;_PyObject_MakeTpCall;_PyEval_EvalFrameDefault;PyEval_EvalCode;0x5d2bac;0x5818ed;_PyEval_EvalFrameDefault;0x54a0c7;PyObject_CallMethodObjArgs;PyImport_ImportModuleLevelObject;_PyEval_EvalFrameDefault;PyEval_EvalCode;0x5d2bac;0x5818ed;_PyEval_EvalFrameDefault;0x54a0c7;PyObject_CallMethodObjArgs;PyImport_ImportModuleLevelObject;_PyEval_EvalFrameDefault;PyEval_EvalCode;0x5d2bac;0x5818ed;_PyEval_EvalFrameDefault;0x54a0c7;PyObject_CallMethodObjArgs;PyImport_ImportModuleLevelObject;_PyEval_EvalFrameDefault;PyEval_EvalCode;0x5d2bac;0x5818ed;_PyEval_EvalFrameDefault;0x54a0c7;PyObject_CallMethodObjArgs;PyImport_ImportModuleLevelObject;0x5d2ef4;0x5818ed;_PyEval_EvalFrameDefault;0x54a0c7;PyObject_CallMethodObjArgs;PyImport_ImportModuleLevelObject;_PyEval_EvalFrameDefault;PyEval_EvalCode;0x5d2bac;0x5818ed;_PyEval_EvalFrameDefault;0x54a0c7;PyObject_CallMethodObjArgs;PyImport_ImportModuleLevelObject;0x5d2ef4;0x5818ed;_PyEval_EvalFrameDefault;0x54a0c7;PyObject_CallMethodObjArgs;PyImport_ImportModuleLevelObject;_PyEval_EvalFrameDefault;PyEval_EvalCode;0x5d2bac;0x5818ed;_PyEval_EvalFrameDefault;0x54a0c7;PyObject_CallMethodObjArgs;PyImport_ImportModuleLevelObject;_PyEval_EvalFrameDefault;PyEval_EvalCode;0x5d2bac;0x5818ed;_PyEval_EvalFrameDefault;PyObject_Vectorcall;0x5a3d6d;0x5a39f2;|, 40.864178, 1050.00, 28.031000
2025-11-25T20:44:45.431805Z, , 49.686563, 2300.00, 28.031000
2025-11-25T20:44:45.437146Z, , 47.040641, 2300.00, 28.031000
2025-11-25T20:44:45.446853Z, 0xfffffffffffffe00;0x61cf7f;0x61c1d6;0x61bbc1;0x5fba23;_PyEval_EvalFrameDefault;0x54ce3d;_PyEval_EvalFrameDefault;_PyObject_Call_Prepend;0x59da4f;0x599513;_PyObject_MakeTpCall;_PyEval_EvalFrameDefault;PyEval_EvalCode;0x5d2bac;0x5818ed;_PyEval_EvalFrameDefault;0x54a0c7;PyObject_CallMethodObjArgs;PyImport_ImportModuleLevelObject;_PyEval_EvalFrameDefault;PyEval_EvalCode;0x5d2bac;0x5818ed;_PyEval_EvalFrameDefault;0x54a0c7;PyObject_CallMethodObjArgs;PyImport_ImportModuleLevelObject;0x5d2ef4;0x5818ed;_PyEval_EvalFrameDefault;0x54a0c7;PyObject_CallMethodObjArgs;PyImport_ImportModuleLevelObject;_PyEval_EvalFrameDefault;PyEval_EvalCode;0x5d2bac;0x5818ed;_PyEval_EvalFrameDefault;0x54a0c7;PyObject_CallMethodObjArgs;PyImport_ImportModuleLevelObject;0x5d2ef4;0x5818ed;_PyEval_EvalFrameDefault;0x54a0c7;PyObject_CallMethodObjArgs;PyImport_ImportModuleLevelObject;0x5d2ef4;0x5818ed;_PyEval_EvalFrameDefault;0x54a0c7;PyObject_CallMethodObjArgs;PyImport_ImportModuleLevelObject;_PyEval_EvalFrameDefault;0x64edc8;_PyObject_MakeTpCall;_PyEval_EvalFrameDefault;PyEval_EvalCode;0x5d2bac;0x5818ed;_PyEval_EvalFrameDefault;0x54a0c7;PyObject_CallMethodObjArgs;PyImport_ImportModuleLevelObject;_PyEval_EvalFrameDefault;PyEval_EvalCode;0x5d2bac;0x5818ed;_PyEval_EvalFrameDefault;0x54a0c7;PyObject_CallMethodObjArgs;PyImport_ImportModuleLevelObject;_PyEval_EvalFrameDefault;PyEval_EvalCode;0x5d2bac;0x5818ed;_PyEval_EvalFrameDefault;0x54a0c7;PyObject_CallMethodObjArgs;PyImport_ImportModuleLevelObject;_PyEval_EvalFrameDefault;PyEval_EvalCode;0x5d2bac;0x5818ed;_PyEval_EvalFrameDefault;0x54a0c7;PyObject_CallMethodObjArgs;PyImport_ImportModuleLevelObject;0x5d2ef4;0x5818ed;_PyEval_EvalFrameDefault;0x54a0c7;PyObject_CallMethodObjArgs;PyImport_ImportModuleLevelObject;_PyEval_EvalFrameDefault;PyEval_EvalCode;0x5d2bac;0x5818ed;_PyEval_EvalFrameDefault;0x54a0c7;PyObject_CallMethodObjArgs;PyImport_ImportModuleLevelObject;0x5d2ef4;0x5818ed;_PyEval_EvalFrameDefault;0x54a0c7;PyObject_CallMethodObjArgs;PyImport_ImportModuleLevelObject;_PyEval_EvalFrameDefault;PyEval_EvalCode;0x5d2bac;0x5818ed;_PyEval_EvalFrameDefault;0x54a0c7;PyObject_CallMethodObjArgs;PyImport_ImportModuleLevelObject;_PyEval_EvalFrameDefault;PyEval_EvalCode;0x5d2bac;0x5818ed;_PyEval_EvalFrameDefault;PyObject_Vectorcall;0x5a3d6d;0x5a39f2;_PyObject_LookupAttr;0x5d251a;_PyEval_EvalFrameDefault;|, 55.731803, 800.00, 28.031000
2025-11-25T20:44:45.456591Z, 0xfffffffffffffe00;0x61cfd0;0x61c23e;0x61bbc1;0x5fba23;_PyEval_EvalFrameDefault;0x54ce3d;_PyEval_EvalFrameDefault;_PyObject_Call_Prepend;0x59da4f;0x599513;_PyObject_MakeTpCall;_PyEval_EvalFrameDefault;PyEval_EvalCode;0x5d2bac;0x5818ed;_PyEval_EvalFrameDefault;0x54a0c7;PyObject_CallMethodObjArgs;PyImport_ImportModuleLevelObject;_PyEval_EvalFrameDefault;PyEval_EvalCode;0x5d2bac;0x5818ed;_PyEval_EvalFrameDefault;0x54a0c7;PyObject_CallMethodObjArgs;PyImport_ImportModuleLevelObject;0x5d2ef4;0x5818ed;_PyEval_EvalFrameDefault;0x54a0c7;PyObject_CallMethodObjArgs;PyImport_ImportModuleLevelObject;_PyEval_EvalFrameDefault;PyEval_EvalCode;0x5d2bac;0x5818ed;_PyEval_EvalFrameDefault;0x54a0c7;PyObject_CallMethodObjArgs;PyImport_ImportModuleLevelObject;0x5d2ef4;0x5818ed;_PyEval_EvalFrameDefault;0x54a0c7;PyObject_CallMethodObjArgs;PyImport_ImportModuleLevelObject;0x5d2ef4;0x5818ed;_PyEval_EvalFrameDefault;0x54a0c7;PyObject_CallMethodObjArgs;PyImport_ImportModuleLevelObject;_PyEval_EvalFrameDefault;0x64edc8;_PyObject_MakeTpCall;_PyEval_EvalFrameDefault;PyEval_EvalCode;0x5d2bac;0x5818ed;_PyEval_EvalFrameDefault;0x54a0c7;PyObject_CallMethodObjArgs;PyImport_ImportModuleLevelObject;_PyEval_EvalFrameDefault;PyEval_EvalCode;0x5d2bac;0x5818ed;_PyEval_EvalFrameDefault;0x54a0c7;PyObject_CallMethodObjArgs;PyImport_ImportModuleLevelObject;_PyEval_EvalFrameDefault;PyEval_EvalCode;0x5d2bac;0x5818ed;_PyEval_EvalFrameDefault;0x54a0c7;PyObject_CallMethodObjArgs;PyImport_ImportModuleLevelObject;_PyEval_EvalFrameDefault;PyEval_EvalCode;0x5d2bac;0x5818ed;_PyEval_EvalFrameDefault;0x54a0c7;PyObject_CallMethodObjArgs;PyImport_ImportModuleLevelObject;0x5d2ef4;0x5818ed;_PyEval_EvalFrameDefault;0x54a0c7;PyObject_CallMethodObjArgs;PyImport_ImportModuleLevelObject;_PyEval_EvalFrameDefault;PyEval_EvalCode;0x5d2bac;0x5818ed;_PyEval_EvalFrameDefault;0x54a0c7;PyObject_CallMethodObjArgs;PyImport_ImportModuleLevelObject;0x5d2ef4;0x5818ed;_PyEval_EvalFrameDefault;0x54a0c7;PyObject_CallMethodObjArgs;PyImport_ImportModuleLevelObject;_PyEval_EvalFrameDefault;PyEval_EvalCode;0x5d2bac;0x5818ed;_PyEval_EvalFrameDefault;0x54a0c7;PyObject_CallMethodObjArgs;PyImport_ImportModuleLevelObject;_PyEval_EvalFrameDefault;PyEval_EvalCode;0x5d2bac;0x5818ed;_PyEval_EvalFrameDefault;PyObject_Vectorcall;0x5a3d6d;0x5a39f2;_PyObject_LookupAttr;0x5d251a;_PyEval_EvalFrameDefault;|, 55.359658, 833.33, 28.031000
2025-11-25T20:44:45.462035Z, , 61.092114, 866.67, 28.031000
2025-11-25T20:44:45.471919Z, 0xfffffffffffffe00;0x61cc49;0x61bbc1;0x5fba23;_PyEval_EvalFrameDefault;0x54ce3d;_PyEval_EvalFrameDefault;_PyObject_Call_Prepend;0x59da4f;0x599513;_PyObject_MakeTpCall;_PyEval_EvalFrameDefault;PyEval_EvalCode;0x5d2bac;0x5818ed;_PyEval_EvalFrameDefault;0x54a0c7;PyObject_CallMethodObjArgs;PyImport_ImportModuleLevelObject;_PyEval_EvalFrameDefault;PyEval_EvalCode;0x5d2bac;0x5818ed;_PyEval_EvalFrameDefault;0x54a0c7;PyObject_CallMethodObjArgs;PyImport_ImportModuleLevelObject;0x5d2ef4;0x5818ed;_PyEval_EvalFrameDefault;0x54a0c7;PyObject_CallMethodObjArgs;PyImport_ImportModuleLevelObject;_PyEval_EvalFrameDefault;PyEval_EvalCode;0x5d2bac;0x5818ed;_PyEval_EvalFrameDefault;0x54a0c7;PyObject_CallMethodObjArgs;PyImport_ImportModuleLevelObject;0x5d2ef4;0x5818ed;_PyEval_EvalFrameDefault;0x54a0c7;PyObject_CallMethodObjArgs;PyImport_ImportModuleLevelObject;0x5d2ef4;0x5818ed;_PyEval_EvalFrameDefault;0x54a0c7;PyObject_CallMethodObjArgs;PyImport_ImportModuleLevelObject;_PyEval_EvalFrameDefault;0x64edc8;_PyObject_MakeTpCall;_PyEval_EvalFrameDefault;PyEval_EvalCode;0x5d2bac;0x5818ed;_PyEval_EvalFrameDefault;0x54a0c7;PyObject_CallMethodObjArgs;PyImport_ImportModuleLevelObject;_PyEval_EvalFrameDefault;PyEval_EvalCode;0x5d2bac;0x5818ed;_PyEval_EvalFrameDefault;0x54a0c7;PyObject_CallMethodObjArgs;PyImport_ImportModuleLevelObject;_PyEval_EvalFrameDefault;PyEval_EvalCode;0x5d2bac;0x5818ed;_PyEval_EvalFrameDefault;0x54a0c7;PyObject_CallMethodObjArgs;PyImport_ImportModuleLevelObject;_PyEval_EvalFrameDefault;PyEval_EvalCode;0x5d2bac;0x5818ed;_PyEval_EvalFrameDefault;0x54a0c7;PyObject_CallMethodObjArgs;PyImport_ImportModuleLevelObject;0x5d2ef4;0x5818ed;_PyEval_EvalFrameDefault;0x54a0c7;PyObject_CallMethodObjArgs;PyImport_ImportModuleLevelObject;_PyEval_EvalFrameDefault;PyEval_EvalCode;0x5d2bac;0x5818ed;_PyEval_EvalFrameDefault;0x54a0c7;PyObject_CallMethodObjArgs;PyImport_ImportModuleLevelObject;0x5d2ef4;0x5818ed;_PyEval_EvalFrameDefault;0x54a0c7;PyObject_CallMethodObjArgs;PyImport_ImportModuleLevelObject;_PyEval_EvalFrameDefault;PyEval_EvalCode;0x5d2bac;0x5818ed;_PyEval_EvalFrameDefault;0x54a0c7;PyObject_CallMethodObjArgs;PyImport_ImportModuleLevelObject;_PyEval_EvalFrameDefault;PyEval_EvalCode;0x5d2bac;0x5818ed;_PyEval_EvalFrameDefault;PyObject_Vectorcall;0x5a3d6d;0x5a39f2;_PyObject_LookupAttr;0x5d251a;_PyEval_EvalFrameDefault;0x54a0c7;|, 43.637584, 2600.00, 28.031000
2025-11-25T20:44:45.481575Z, 0xffffffffffffff80;0xffffffffbb3c7162;0xffffffffbb115bc0;0xffffffffbb117cc9;0xffffffffbb118e13;0xffffffffbb0f8d49;0xffffffffbb0b8e4e;0xffffffffbb0f7b79;0xffffffffbace0d43;0xffffffffbac85139;0xffffffffbbed678e;0xffffffffbaa0012b;0xfffffffffffffe00;__mmap;0x674ac0;0x607c4d;0x5d4f2c;0x54ce3d;_PyEval_EvalFrameDefault;_PyObject_Call_Prepend;0x59da4f;0x599513;_PyObject_MakeTpCall;_PyEval_EvalFrameDefault;PyEval_EvalCode;0x5d2bac;0x5818ed;_PyEval_EvalFrameDefault;0x54a0c7;PyObject_CallMethodObjArgs;PyImport_ImportModuleLevelObject;_PyEval_EvalFrameDefault;PyEval_EvalCode;0x5d2bac;0x5818ed;_PyEval_EvalFrameDefault;0x54a0c7;PyObject_CallMethodObjArgs;PyImport_ImportModuleLevelObject;0x5d2ef4;0x5818ed;_PyEval_EvalFrameDefault;0x54a0c7;PyObject_CallMethodObjArgs;PyImport_ImportModuleLevelObject;_PyEval_EvalFrameDefault;PyEval_EvalCode;0x5d2bac;0x5818ed;_PyEval_EvalFrameDefault;0x54a0c7;PyObject_CallMethodObjArgs;PyImport_ImportModuleLevelObject;0x5d2ef4;0x5818ed;_PyEval_EvalFrameDefault;0x54a0c7;PyObject_CallMethodObjArgs;PyImport_ImportModuleLevelObject;0x5d2ef4;0x5818ed;_PyEval_EvalFrameDefault;0x54a0c7;PyObject_CallMethodObjArgs;PyImport_ImportModuleLevelObject;_PyEval_EvalFrameDefault;0x64edc8;_PyObject_MakeTpCall;_PyEval_EvalFrameDefault;PyEval_EvalCode;0x5d2bac;0x5818ed;_PyEval_EvalFrameDefault;0x54a0c7;PyObject_CallMethodObjArgs;PyImport_ImportModuleLevelObject;_PyEval_EvalFrameDefault;PyEval_EvalCode;0x5d2bac;0x5818ed;_PyEval_EvalFrameDefault;0x54a0c7;PyObject_CallMethodObjArgs;PyImport_ImportModuleLevelObject;_PyEval_EvalFrameDefault;PyEval_EvalCode;0x5d2bac;0x5818ed;_PyEval_EvalFrameDefault;0x54a0c7;PyObject_CallMethodObjArgs;PyImport_ImportModuleLevelObject;_PyEval_EvalFrameDefault;PyEval_EvalCode;0x5d2bac;0x5818ed;_PyEval_EvalFrameDefault;0x54a0c7;PyObject_CallMethodObjArgs;PyImport_ImportModuleLevelObject;0x5d2ef4;0x5818ed;_PyEval_EvalFrameDefault;0x54a0c7;PyObject_CallMethodObjArgs;PyImport_ImportModuleLevelObject;_PyEval_EvalFrameDefault;PyEval_EvalCode;0x5d2bac;0x5818ed;_PyEval_EvalFrameDefault;0x54a0c7;PyObject_CallMethodObjArgs;PyImport_ImportModuleLevelObject;0x5d2ef4;0x5818ed;_PyEval_EvalFrameDefault;0x54a0c7;PyObject_CallMethodObjArgs;PyImport_ImportModuleLevelObject;_PyEval_EvalFrameDefault;PyEval_EvalCode;0x5d2bac;0x5818ed;_PyEval_EvalFrameDefault;0x54a0c7;PyObject_CallMethodObjArgs;PyImport_ImportModuleLevelObject;_PyEval_EvalFrameDefault;|, 53.204790, 1350.00, 28.031000
2025-11-25T20:44:45.495200Z, 0xffffffffffffff80;0xffffffffbbeaf9f3;0xffffffffbbebc5f1;0xffffffffbb116dcc;0xffffffffbb116f33;0xffffffffbb1199cc;0xffffffffbb0f778b;0xffffffffbac84b8a;0xffffffffbbed678e;0xffffffffbaa0012b;0xfffffffffffffe00;__munmap;_PyEval_EvalFrameDefault;_PyObject_Call_Prepend;0x59da4f;0x599513;_PyObject_MakeTpCall;_PyEval_EvalFrameDefault;PyEval_EvalCode;0x5d2bac;0x5818ed;_PyEval_EvalFrameDefault;0x54a0c7;PyObject_CallMethodObjArgs;PyImport_ImportModuleLevelObject;_PyEval_EvalFrameDefault;PyEval_EvalCode;0x5d2bac;0x5818ed;_PyEval_EvalFrameDefault;0x54a0c7;PyObject_CallMethodObjArgs;PyImport_ImportModuleLevelObject;0x5d2ef4;0x5818ed;_PyEval_EvalFrameDefault;0x54a0c7;PyObject_CallMethodObjArgs;PyImport_ImportModuleLevelObject;_PyEval_EvalFrameDefault;PyEval_EvalCode;0x5d2bac;0x5818ed;_PyEval_EvalFrameDefault;0x54a0c7;PyObject_CallMethodObjArgs;PyImport_ImportModuleLevelObject;0x5d2ef4;0x5818ed;_PyEval_EvalFrameDefault;0x54a0c7;PyObject_CallMethodObjArgs;PyImport_ImportModuleLevelObject;0x5d2ef4;0x5818ed;_PyEval_EvalFrameDefault;0x54a0c7;PyObject_CallMethodObjArgs;PyImport_ImportModuleLevelObject;_PyEval_EvalFrameDefault;0x64edc8;_PyObject_MakeTpCall;_PyEval_EvalFrameDefault;PyEval_EvalCode;0x5d2bac;0x5818ed;_PyEval_EvalFrameDefault;0x54a0c7;PyObject_CallMethodObjArgs;PyImport_ImportModuleLevelObject;_PyEval_EvalFrameDefault;PyEval_EvalCode;0x5d2bac;0x5818ed;_PyEval_EvalFrameDefault;0x54a0c7;PyObject_CallMethodObjArgs;PyImport_ImportModuleLevelObject;_PyEval_EvalFrameDefault;PyEval_EvalCode;0x5d2bac;0x5818ed;_PyEval_EvalFrameDefault;0x54a0c7;PyObject_CallMethodObjArgs;PyImport_ImportModuleLevelObject;_PyEval_EvalFrameDefault;PyEval_EvalCode;0x5d2bac;0x5818ed;_PyEval_EvalFrameDefault;0x54a0c7;PyObject_CallMethodObjArgs;PyImport_ImportModuleLevelObject;0x5d2ef4;0x5818ed;_PyEval_EvalFrameDefault;0x54a0c7;PyObject_CallMethodObjArgs;PyImport_ImportModuleLevelObject;_PyEval_EvalFrameDefault;PyEval_EvalCode;0x5d2bac;0x5818ed;_PyEval_EvalFrameDefault;0x54a0c7;PyObject_CallMethodObjArgs;PyImport_ImportModuleLevelObject;0x5d2ef4;0x5818ed;_PyEval_EvalFrameDefault;0x54a0c7;PyObject_CallMethodObjArgs;PyImport_ImportModuleLevelObject;_PyEval_EvalFrameDefault;PyEval_EvalCode;0x5d2bac;0x5818ed;_PyEval_EvalFrameDefault;0x54a0c7;PyObject_CallMethodObjArgs;PyImport_ImportModuleLevelObject;_PyEval_EvalFrameDefault;PyEval_EvalCode;0x5d2bac;0x5818ed;_PyEval_EvalFrameDefault;PyObject_Vectorcall;0x5a3d6d;|0xffffffffffffff80;0xffffffffbbec4fec;0xffffffffbb068f97;0xffffffffbb117e95;0xffffffffbb118e13;0xffffffffbb0f8d49;0xffffffffbb0b8e4e;0xffffffffbb0f7b79;0xffffffffbace0d43;0xffffffffbac85139;0xffffffffbbed678e;0xffffffffbaa0012b;0xfffffffffffffe00;__mmap;0x674ac0;0x607c4d;0x5d4f2c;0x54ce3d;_PyEval_EvalFrameDefault;_PyObject_Call_Prepend;0x59da4f;0x599513;_PyObject_MakeTpCall;_PyEval_EvalFrameDefault;PyEval_EvalCode;0x5d2bac;0x5818ed;_PyEval_EvalFrameDefault;0x54a0c7;PyObject_CallMethodObjArgs;PyImport_ImportModuleLevelObject;_PyEval_EvalFrameDefault;PyEval_EvalCode;0x5d2bac;0x5818ed;_PyEval_EvalFrameDefault;0x54a0c7;PyObject_CallMethodObjArgs;PyImport_ImportModuleLevelObject;0x5d2ef4;0x5818ed;_PyEval_EvalFrameDefault;0x54a0c7;PyObject_CallMethodObjArgs;PyImport_ImportModuleLevelObject;_PyEval_EvalFrameDefault;PyEval_EvalCode;0x5d2bac;0x5818ed;_PyEval_EvalFrameDefault;0x54a0c7;PyObject_CallMethodObjArgs;PyImport_ImportModuleLevelObject;0x5d2ef4;0x5818ed;_PyEval_EvalFrameDefault;0x54a0c7;PyObject_CallMethodObjArgs;PyImport_ImportModuleLevelObject;0x5d2ef4;0x5818ed;_PyEval_EvalFrameDefault;0x54a0c7;PyObject_CallMethodObjArgs;PyImport_ImportModuleLevelObject;_PyEval_EvalFrameDefault;0x64edc8;_PyObject_MakeTpCall;_PyEval_EvalFrameDefault;PyEval_EvalCode;0x5d2bac;0x5818ed;_PyEval_EvalFrameDefault;0x54a0c7;PyObject_CallMethodObjArgs;PyImport_ImportModuleLevelObject;_PyEval_EvalFrameDefault;PyEval_EvalCode;0x5d2bac;0x5818ed;_PyEval_EvalFrameDefault;0x54a0c7;PyObject_CallMethodObjArgs;PyImport_ImportModuleLevelObject;_PyEval_EvalFrameDefault;PyEval_EvalCode;0x5d2bac;0x5818ed;_PyEval_EvalFrameDefault;0x54a0c7;PyObject_CallMethodObjArgs;PyImport_ImportModuleLevelObject;_PyEval_EvalFrameDefault;PyEval_EvalCode;0x5d2bac;0x5818ed;_PyEval_EvalFrameDefault;0x54a0c7;PyObject_CallMethodObjArgs;PyImport_ImportModuleLevelObject;0x5d2ef4;0x5818ed;_PyEval_EvalFrameDefault;0x54a0c7;PyObject_CallMethodObjArgs;PyImport_ImportModuleLevelObject;_PyEval_EvalFrameDefault;PyEval_EvalCode;0x5d2bac;0x5818ed;_PyEval_EvalFrameDefault;0x54a0c7;PyObject_CallMethodObjArgs;PyImport_ImportModuleLevelObject;0x5d2ef4;0x5818ed;_PyEval_EvalFrameDefault;0x54a0c7;PyObject_CallMethodObjArgs;PyImport_ImportModuleLevelObject;_PyEval_EvalFrameDefault;PyEval_EvalCode;0x5d2bac;0x5818ed;_PyEval_EvalFrameDefault;0x54a0c7;PyObject_CallMethodObjArgs;PyImport_ImportModuleLevelObject;_PyEval_EvalFrameDefault;|, 46.650275, 1400.00, 28.031000
2025-11-25T20:44:45.508864Z, 0xffffffffffffff80;0xffffffffbbeaa8a0;0xffffffffbbeaad83;0xffffffffbbeb99d2;0xffffffffbb11946c;0xffffffffbb0f7e39;0xffffffffbace1241;0xffffffffbb0f7efb;0xffffffffbb0f807f;0xffffffffbb0f8a44;0xffffffffbb0b8e4e;0xffffffffbb0f7b79;0xffffffffbace0d43;0xffffffffbac85139;0xffffffffbbed678e;0xffffffffbaa0012b;0xfffffffffffffe00;__mmap;0x674ac0;0x607c4d;0x5d51a3;_PyEval_EvalFrameDefault;_PyObject_Call_Prepend;0x59da4f;0x599513;_PyObject_MakeTpCall;_PyEval_EvalFrameDefault;PyEval_EvalCode;0x5d2bac;0x5818ed;_PyEval_EvalFrameDefault;0x54a0c7;PyObject_CallMethodObjArgs;PyImport_ImportModuleLevelObject;_PyEval_EvalFrameDefault;PyEval_EvalCode;0x5d2bac;0x5818ed;_PyEval_EvalFrameDefault;0x54a0c7;PyObject_CallMethodObjArgs;PyImport_ImportModuleLevelObject;0x5d2ef4;0x5818ed;_PyEval_EvalFrameDefault;0x54a0c7;PyObject_CallMethodObjArgs;PyImport_ImportModuleLevelObject;_PyEval_EvalFrameDefault;PyEval_EvalCode;0x5d2bac;0x5818ed;_PyEval_EvalFrameDefault;0x54a0c7;PyObject_CallMethodObjArgs;PyImport_ImportModuleLevelObject;0x5d2ef4;0x5818ed;_PyEval_EvalFrameDefault;0x54a0c7;PyObject_CallMethodObjArgs;PyImport_ImportModuleLevelObject;0x5d2ef4;0x5818ed;_PyEval_EvalFrameDefault;0x54a0c7;PyObject_CallMethodObjArgs;PyImport_ImportModuleLevelObject;_PyEval_EvalFrameDefault;0x64edc8;_PyObject_MakeTpCall;_PyEval_EvalFrameDefault;PyEval_EvalCode;0x5d2bac;0x5818ed;_PyEval_EvalFrameDefault;0x54a0c7;PyObject_CallMethodObjArgs;PyImport_ImportModuleLevelObject;_PyEval_EvalFrameDefault;PyEval_EvalCode;0x5d2bac;0x5818ed;_PyEval_EvalFrameDefault;0x54a0c7;PyObject_CallMethodObjArgs;PyImport_ImportModuleLevelObject;_PyEval_EvalFrameDefault;PyEval_EvalCode;0x5d2bac;0x5818ed;_PyEval_EvalFrameDefault;0x54a0c7;PyObject_CallMethodObjArgs;PyImport_ImportModuleLevelObject;_PyEval_EvalFrameDefault;PyEval_EvalCode;0x5d2bac;0x5818ed;_PyEval_EvalFrameDefault;0x54a0c7;PyObject_CallMethodObjArgs;PyImport_ImportModuleLevelObject;0x5d2ef4;0x5818ed;_PyEval_EvalFrameDefault;0x54a0c7;PyObject_CallMethodObjArgs;PyImport_ImportModuleLevelObject;_PyEval_EvalFrameDefault;PyEval_EvalCode;0x5d2bac;0x5818ed;_PyEval_EvalFrameDefault;0x54a0c7;PyObject_CallMethodObjArgs;PyImport_ImportModuleLevelObject;0x5d2ef4;0x5818ed;_PyEval_EvalFrameDefault;0x54a0c7;PyObject_CallMethodObjArgs;PyImport_ImportModuleLevelObject;_PyEval_EvalFrameDefault;PyEval_EvalCode;0x5d2bac;0x5818ed;_PyEval_EvalFrameDefault;0x54a0c7;|0xfffffffffffffe00;PyTuple_GetSlice;0x59e804;0x581a6f;_PyObject_MakeTpCall;_PyEval_EvalFrameDefault;PyEval_EvalCode;0x5d2bac;0x5818ed;_PyEval_EvalFrameDefault;0x54a0c7;PyObject_CallMethodObjArgs;PyImport_ImportModuleLevelObject;_PyEval_EvalFrameDefault;PyEval_EvalCode;0x5d2bac;0x5818ed;_PyEval_EvalFrameDefault;0x54a0c7;PyObject_CallMethodObjArgs;PyImport_ImportModuleLevelObject;0x5d2ef4;0x5818ed;_PyEval_EvalFrameDefault;0x54a0c7;PyObject_CallMethodObjArgs;PyImport_ImportModuleLevelObject;_PyEval_EvalFrameDefault;PyEval_EvalCode;0x5d2bac;0x5818ed;_PyEval_EvalFrameDefault;0x54a0c7;PyObject_CallMethodObjArgs;PyImport_ImportModuleLevelObject;0x5d2ef4;0x5818ed;_PyEval_EvalFrameDefault;0x54a0c7;PyObject_CallMethodObjArgs;PyImport_ImportModuleLevelObject;_PyEval_EvalFrameDefault;PyEval_EvalCode;0x5d2bac;0x5818ed;_PyEval_EvalFrameDefault;0x54a0c7;PyObject_CallMethodObjArgs;PyImport_ImportModuleLevelObject;_PyEval_EvalFrameDefault;PyEval_EvalCode;0x5d2bac;0x5818ed;_PyEval_EvalFrameDefault;0x54a0c7;PyObject_CallMethodObjArgs;PyImport_ImportModuleLevelObject;0x5d2ef4;0x5818ed;_PyEval_EvalFrameDefault;0x54a0c7;PyObject_CallMethodObjArgs;PyImport_ImportModuleLevelObject;_PyEval_EvalFrameDefault;PyEval_EvalCode;0x5d2bac;0x5818ed;_PyEval_EvalFrameDefault;0x54a0c7;PyObject_CallMethodObjArgs;PyImport_ImportModuleLevelObject;0x5d2ef4;0x5818ed;_PyEval_EvalFrameDefault;0x54a0c7;PyObject_CallMethodObjArgs;PyImport_ImportModuleLevelObject;_PyEval_EvalFrameDefault;PyEval_EvalCode;0x5d2bac;0x5818ed;_PyEval_EvalFrameDefault;0x54a0c7;PyObject_CallMethodObjArgs;PyImport_ImportModuleLevelObject;_PyEval_EvalFrameDefault;PyEval_EvalCode;0x5d2bac;0x5818ed;_PyEval_EvalFrameDefault;PyObject_Vectorcall;0x5a3d6d;0x5a39f2;_PyObject_LookupAttr;0x5d251a;_PyEval_EvalFrameDefault;0x54a0c7;PyObject_CallMethodObjArgs;PyImport_ImportModuleLevelObject;_PyEval_EvalFrameDefault;PyEval_EvalCode;0x5d2bac;0x5818ed;_PyEval_EvalFrameDefault;0x54a0c7;PyObject_CallMethodObjArgs;PyImport_ImportModuleLevelObject;_PyEval_EvalFrameDefault;PyEval_EvalCode;0x5d2bac;0x5818ed;_PyEval_EvalFrameDefault;PyObject_Vectorcall;0x5a3d6d;0x5a39f2;_PyObject_LookupAttr;0x5d251a;_PyEval_EvalFrameDefault;0x54a0c7;PyObject_CallMethodObjArgs;PyImport_ImportModuleLevelObject;_PyEval_EvalFrameDefault;PyEval_EvalCode;0x607fc2;0x6b4393;_PyRun_SimpleFileObject;_PyRun_AnyFileObject;Py_RunMain;|, 38.700684, 750.00, 29.355000
2025-11-25T20:44:45.518551Z, 0xfffffffffffffe00;0x59302d;0x599eda;0x59e81f;0x581a6f;PyObject_Call;_PyEval_EvalFrameDefault;_PyObject_Call_Prepend;0x59e673;0x5994d7;_PyObject_MakeTpCall;0x5d1fdb;0x5818ed;PyObject_Vectorcall;_PyEval_EvalFrameDefault;PyEval_EvalCode;0x5d2bac;0x5818ed;_PyEval_EvalFrameDefault;0x54a0c7;PyObject_CallMethodObjArgs;PyImport_ImportModuleLevelObject;_PyEval_EvalFrameDefault;PyEval_EvalCode;0x5d2bac;0x5818ed;_PyEval_EvalFrameDefault;0x54a0c7;PyObject_CallMethodObjArgs;PyImport_ImportModuleLevelObject;_PyEval_EvalFrameDefault;PyEval_EvalCode;0x5d2bac;0x5818ed;_PyEval_EvalFrameDefault;0x54a0c7;PyObject_CallMethodObjArgs;PyImport_ImportModuleLevelObject;_PyEval_EvalFrameDefault;PyEval_EvalCode;0x5d2bac;0x5818ed;_PyEval_EvalFrameDefault;0x54a0c7;PyObject_CallMethodObjArgs;PyImport_ImportModuleLevelObject;_PyEval_EvalFrameDefault;PyEval_EvalCode;0x5d2bac;0x5818ed;_PyEval_EvalFrameDefault;0x54a0c7;PyObject_CallMethodObjArgs;PyImport_ImportModuleLevelObject;0x5d2ef4;0x5818ed;_PyEval_EvalFrameDefault;0x54a0c7;PyObject_CallMethodObjArgs;PyImport_ImportModuleLevelObject;_PyEval_EvalFrameDefault;PyEval_EvalCode;0x5d2bac;0x5818ed;_PyEval_EvalFrameDefault;0x54a0c7;PyObject_CallMethodObjArgs;PyImport_ImportModuleLevelObject;0x5d2ef4;0x5818ed;_PyEval_EvalFrameDefault;0x54a0c7;PyObject_CallMethodObjArgs;PyImport_ImportModuleLevelObject;_PyEval_EvalFrameDefault;PyEval_EvalCode;0x5d2bac;0x5818ed;_PyEval_EvalFrameDefault;0x54a0c7;PyObject_CallMethodObjArgs;PyImport_ImportModuleLevelObject;_PyEval_EvalFrameDefault;PyEval_EvalCode;0x5d2bac;0x5818ed;_PyEval_EvalFrameDefault;0x54a0c7;PyObject_CallMethodObjArgs;PyImport_ImportModuleLevelObject;0x5d2ef4;0x5818ed;_PyEval_EvalFrameDefault;0x54a0c7;PyObject_CallMethodObjArgs;PyImport_ImportModuleLevelObject;_PyEval_EvalFrameDefault;PyEval_EvalCode;0x5d2bac;0x5818ed;_PyEval_EvalFrameDefault;0x54a0c7;PyObject_CallMethodObjArgs;PyImport_ImportModuleLevelObject;0x5d2ef4;0x5818ed;_PyEval_EvalFrameDefault;0x54a0c7;PyObject_CallMethodObjArgs;PyImport_ImportModuleLevelObject;_PyEval_EvalFrameDefault;PyEval_EvalCode;0x5d2bac;0x5818ed;_PyEval_EvalFrameDefault;0x54a0c7;PyObject_CallMethodObjArgs;PyImport_ImportModuleLevelObject;_PyEval_EvalFrameDefault;PyEval_EvalCode;0x5d2bac;0x5818ed;_PyEval_EvalFrameDefault;PyObject_Vectorcall;0x5a3d6d;0x5a39f2;_PyObject_LookupAttr;0x5d251a;|, 38.696470, 1033.33, 29.355000
2025-11-25T20:44:45.528184Z, 0xfffffffffffffe00;0x519a87;0x52216f;0x52167a;0x51fb11;0x532010;0x51d269;0x531fd3;0x52ba1d;0x51d1b1;0x531fd3;0x52ba1d;0x51d1b1;0x51c807;0x518fbd;PyRun_StringFlags;0x5d2c59;_PyEval_EvalFrameDefault;PyEval_EvalCode;0x5d2bac;0x5818ed;_PyEval_EvalFrameDefault;0x54a0c7;PyObject_CallMethodObjArgs;PyImport_ImportModuleLevelObject;_PyEval_EvalFrameDefault;PyEval_EvalCode;0x5d2bac;0x5818ed;_PyEval_EvalFrameDefault;0x54a0c7;PyObject_CallMethodObjArgs;PyImport_ImportModuleLevelObject;_PyEval_EvalFrameDefault;PyEval_EvalCode;0x5d2bac;0x5818ed;_PyEval_EvalFrameDefault;0x54a0c7;PyObject_CallMethodObjArgs;PyImport_ImportModuleLevelObject;_PyEval_EvalFrameDefault;PyEval_EvalCode;0x5d2bac;0x5818ed;_PyEval_EvalFrameDefault;0x54a0c7;PyObject_CallMethodObjArgs;PyImport_ImportModuleLevelObject;_PyEval_EvalFrameDefault;PyEval_EvalCode;0x5d2bac;0x5818ed;_PyEval_EvalFrameDefault;0x54a0c7;PyObject_CallMethodObjArgs;PyImport_ImportModuleLevelObject;0x5d2ef4;0x5818ed;_PyEval_EvalFrameDefault;0x54a0c7;PyObject_CallMethodObjArgs;PyImport_ImportModuleLevelObject;_PyEval_EvalFrameDefault;PyEval_EvalCode;0x5d2bac;0x5818ed;_PyEval_EvalFrameDefault;0x54a0c7;PyObject_CallMethodObjArgs;PyImport_ImportModuleLevelObject;_PyEval_EvalFrameDefault;PyEval_EvalCode;0x5d2bac;0x5818ed;_PyEval_EvalFrameDefault;0x54a0c7;PyObject_CallMethodObjArgs;PyImport_ImportModuleLevelObject;0x5d2ef4;0x5818ed;_PyEval_EvalFrameDefault;0x54a0c7;PyObject_CallMethodObjArgs;PyImport_ImportModuleLevelObject;_PyEval_EvalFrameDefault;PyEval_EvalCode;0x5d2bac;0x5818ed;_PyEval_EvalFrameDefault;0x54a0c7;PyObject_CallMethodObjArgs;PyImport_ImportModuleLevelObject;0x5d2ef4;0x5818ed;_PyEval_EvalFrameDefault;0x54a0c7;PyObject_CallMethodObjArgs;PyImport_ImportModuleLevelObject;_PyEval_EvalFrameDefault;PyEval_EvalCode;0x5d2bac;0x5818ed;_PyEval_EvalFrameDefault;0x54a0c7;PyObject_CallMethodObjArgs;PyImport_ImportModuleLevelObject;_PyEval_EvalFrameDefault;PyEval_EvalCode;0x5d2bac;0x5818ed;_PyEval_EvalFrameDefault;PyObject_Vectorcall;0x5a3d6d;0x5a39f2;_PyObject_LookupAttr;0x5d251a;_PyEval_EvalFrameDefault;0x54a0c7;PyObject_CallMethodObjArgs;PyImport_ImportModuleLevelObject;_PyEval_EvalFrameDefault;PyEval_EvalCode;0x5d2bac;0x5818ed;_PyEval_EvalFrameDefault;0x54a0c7;PyObject_CallMethodObjArgs;|, 33.768876, 1066.67, 29.355000
2025-11-25T20:44:45.537651Z, 0xffffffffffffff80;0xffffffffbbee8665;0xffffffffbb109e45;0xffffffffbb0ea6db;0xffffffffbb0f0318;0xffffffffbb0f1971;0xffffffffbb0f1fcc;0xffffffffbb0f2229;0xffffffffbad55662;0xffffffffbbedd385;0xffffffffbaa00bb7;0xfffffffffffffe00;0x607c60;0x5d51a3;_PyEval_EvalFrameDefault;PyObject_Call;0x64e874;_PyObject_MakeTpCall;PyObject_Vectorcall;_PyEval_EvalFrameDefault;PyObject_Call;0x64e874;_PyObject_MakeTpCall;PyObject_Vectorcall;_PyEval_EvalFrameDefault;PyEval_EvalCode;0x5d2bac;0x5818ed;_PyEval_EvalFrameDefault;0x54a0c7;PyObject_CallMethodObjArgs;PyImport_ImportModuleLevelObject;_PyEval_EvalFrameDefault;PyEval_EvalCode;0x5d2bac;0x5818ed;_PyEval_EvalFrameDefault;0x54a0c7;PyObject_CallMethodObjArgs;PyImport_ImportModuleLevelObject;_PyEval_EvalFrameDefault;PyEval_EvalCode;0x5d2bac;0x5818ed;_PyEval_EvalFrameDefault;0x54a0c7;PyObject_CallMethodObjArgs;PyImport_ImportModuleLevelObject;_PyEval_EvalFrameDefault;PyEval_EvalCode;0x5d2bac;0x5818ed;_PyEval_EvalFrameDefault;0x54a0c7;PyObject_CallMethodObjArgs;PyImport_ImportModuleLevelObject;_PyEval_EvalFrameDefault;PyEval_EvalCode;0x5d2bac;0x5818ed;_PyEval_EvalFrameDefault;0x54a0c7;PyObject_CallMethodObjArgs;PyImport_ImportModuleLevelObject;0x5d2ef4;0x5818ed;_PyEval_EvalFrameDefault;0x54a0c7;PyObject_CallMethodObjArgs;PyImport_ImportModuleLevelObject;_PyEval_EvalFrameDefault;PyEval_EvalCode;0x5d2bac;0x5818ed;_PyEval_EvalFrameDefault;0x54a0c7;PyObject_CallMethodObjArgs;PyImport_ImportModuleLevelObject;_PyEval_EvalFrameDefault;PyEval_EvalCode;0x5d2bac;0x5818ed;_PyEval_EvalFrameDefault;0x54a0c7;PyObject_CallMethodObjArgs;PyImport_ImportModuleLevelObject;0x5d2ef4;0x5818ed;_PyEval_EvalFrameDefault;0x54a0c7;PyObject_CallMethodObjArgs;PyImport_ImportModuleLevelObject;_PyEval_EvalFrameDefault;PyEval_EvalCode;0x5d2bac;0x5818ed;_PyEval_EvalFrameDefault;0x54a0c7;PyObject_CallMethodObjArgs;PyImport_ImportModuleLevelObject;0x5d2ef4;0x5818ed;_PyEval_EvalFrameDefault;0x54a0c7;PyObject_CallMethodObjArgs;PyImport_ImportModuleLevelObject;_PyEval_EvalFrameDefault;PyEval_EvalCode;0x5d2bac;0x5818ed;_PyEval_EvalFrameDefault;0x54a0c7;PyObject_CallMethodObjArgs;PyImport_ImportModuleLevelObject;_PyEval_EvalFrameDefault;PyEval_EvalCode;0x5d2bac;0x5818ed;_PyEval_EvalFrameDefault;PyObject_Vectorcall;0x5a3d6d;0x5a39f2;_PyObject_LookupAttr;0x5d251a;_PyEval_EvalFrameDefault;0x54a0c7;PyObject_CallMethodObjArgs;PyImport_ImportModuleLevelObject;_PyEval_EvalFrameDefault;|, 35.276165, 1100.00, 29.355000
2025-11-25T20:44:45.547344Z, 0xfffffffffffffe00;_PyEval_EvalFrameDefault;PyEval_EvalCode;0x5d2bac;0x5818ed;_PyEval_EvalFrameDefault;0x54a0c7;PyObject_CallMethodObjArgs;PyImport_ImportModuleLevelObject;_PyEval_EvalFrameDefault;PyEval_EvalCode;0x5d2bac;0x5818ed;_PyEval_EvalFrameDefault;0x54a0c7;PyObject_CallMethodObjArgs;PyImport_ImportModuleLevelObject;_PyEval_EvalFrameDefault;PyEval_EvalCode;0x5d2bac;0x5818ed;_PyEval_EvalFrameDefault;0x54a0c7;PyObject_CallMethodObjArgs;PyImport_ImportModuleLevelObject;_PyEval_EvalFrameDefault;PyEval_EvalCode;0x5d2bac;0x5818ed;_PyEval_EvalFrameDefault;0x54a0c7;PyObject_CallMethodObjArgs;PyImport_ImportModuleLevelObject;_PyEval_EvalFrameDefault;PyEval_EvalCode;0x5d2bac;0x5818ed;_PyEval_EvalFrameDefault;0x54a0c7;PyObject_CallMethodObjArgs;PyImport_ImportModuleLevelObject;_PyEval_EvalFrameDefault;PyEval_EvalCode;0x5d2bac;0x5818ed;_PyEval_EvalFrameDefault;0x54a0c7;PyObject_CallMethodObjArgs;PyImport_ImportModuleLevelObject;0x5d2ef4;0x5818ed;_PyEval_EvalFrameDefault;0x54a0c7;PyObject_CallMethodObjArgs;PyImport_ImportModuleLevelObject;_PyEval_EvalFrameDefault;PyEval_EvalCode;0x5d2bac;0x5818ed;_PyEval_EvalFrameDefault;0x54a0c7;PyObject_CallMethodObjArgs;PyImport_ImportModuleLevelObject;_PyEval_EvalFrameDefault;PyEval_EvalCode;0x5d2bac;0x5818ed;_PyEval_EvalFrameDefault;0x54a0c7;PyObject_CallMethodObjArgs;PyImport_ImportModuleLevelObject;0x5d2ef4;0x5818ed;_PyEval_EvalFrameDefault;0x54a0c7;PyObject_CallMethodObjArgs;PyImport_ImportModuleLevelObject;_PyEval_EvalFrameDefault;PyEval_EvalCode;0x5d2bac;0x5818ed;_PyEval_EvalFrameDefault;0x54a0c7;PyObject_CallMethodObjArgs;PyImport_ImportModuleLevelObject;0x5d2ef4;0x5818ed;_PyEval_EvalFrameDefault;0x54a0c7;PyObject_CallMethodObjArgs;PyImport_ImportModuleLevelObject;_PyEval_EvalFrameDefault;PyEval_EvalCode;0x5d2bac;0x5818ed;_PyEval_EvalFrameDefault;0x54a0c7;PyObject_CallMethodObjArgs;PyImport_ImportModuleLevelObject;_PyEval_EvalFrameDefault;PyEval_EvalCode;0x5d2bac;0x5818ed;_PyEval_EvalFrameDefault;PyObject_Vectorcall;0x5a3d6d;0x5a39f2;_PyObject_LookupAttr;0x5d251a;_PyEval_EvalFrameDefault;0x54a0c7;PyObject_CallMethodObjArgs;PyImport_ImportModuleLevelObject;_PyEval_EvalFrameDefault;PyEval_EvalCode;0x5d2bac;0x5818ed;_PyEval_EvalFrameDefault;0x54a0c7;PyObject_CallMethodObjArgs;PyImport_ImportModuleLevelObject;_PyEval_EvalFrameDefault;PyEval_EvalCode;0x5d2bac;0x5818ed;_PyEval_EvalFrameDefault;PyObject_Vectorcall;0x5a3d6d;|, 40.967800, 1133.33, 29.355000
2025-11-25T20:44:45.552629Z, , 44.630904, 1700.00, 29.355000
2025-11-25T20:44:45.557773Z, , 49.852171, 3400.00, 29.355000
2025-11-25T20:44:45.567218Z, 0xfffffffffffffe00;0x593042;0x599eda;0x5994d7;_PyObject_MakeTpCall;PyObject_VectorcallDict;0x5d1fdb;0x5818ed;PyObject_Vectorcall;_PyEval_EvalFrameDefault;PyEval_EvalCode;0x5d2bac;0x5818ed;_PyEval_EvalFrameDefault;0x54a0c7;PyObject_CallMethodObjArgs;PyImport_ImportModuleLevelObject;_PyEval_EvalFrameDefault;PyEval_EvalCode;0x5d2bac;0x5818ed;_PyEval_EvalFrameDefault;0x54a0c7;PyObject_CallMethodObjArgs;PyImport_ImportModuleLevelObject;_PyEval_EvalFrameDefault;PyEval_EvalCode;0x5d2bac;0x5818ed;_PyEval_EvalFrameDefault;0x54a0c7;PyObject_CallMethodObjArgs;PyImport_ImportModuleLevelObject;_PyEval_EvalFrameDefault;PyEval_EvalCode;0x5d2bac;0x5818ed;_PyEval_EvalFrameDefault;0x54a0c7;PyObject_CallMethodObjArgs;PyImport_ImportModuleLevelObject;0x5d2ef4;0x5818ed;_PyEval_EvalFrameDefault;0x54a0c7;PyObject_CallMethodObjArgs;PyImport_ImportModuleLevelObject;_PyEval_EvalFrameDefault;PyEval_EvalCode;0x5d2bac;0x5818ed;_PyEval_EvalFrameDefault;0x54a0c7;PyObject_CallMethodObjArgs;PyImport_ImportModuleLevelObject;_PyEval_EvalFrameDefault;PyEval_EvalCode;0x5d2bac;0x5818ed;_PyEval_EvalFrameDefault;0x54a0c7;PyObject_CallMethodObjArgs;PyImport_ImportModuleLevelObject;_PyEval_EvalFrameDefault;PyEval_EvalCode;0x5d2bac;0x5818ed;_PyEval_EvalFrameDefault;0x54a0c7;PyObject_CallMethodObjArgs;PyImport_ImportModuleLevelObject;_PyEval_EvalFrameDefault;PyEval_EvalCode;0x5d2bac;0x5818ed;_PyEval_EvalFrameDefault;0x54a0c7;PyObject_CallMethodObjArgs;PyImport_ImportModuleLevelObject;0x5d2ef4;0x5818ed;_PyEval_EvalFrameDefault;0x54a0c7;PyObject_CallMethodObjArgs;PyImport_ImportModuleLevelObject;_PyEval_EvalFrameDefault;PyEval_EvalCode;0x5d2bac;0x5818ed;_PyEval_EvalFrameDefault;0x54a0c7;PyObject_CallMethodObjArgs;PyImport_ImportModuleLevelObject;_PyEval_EvalFrameDefault;PyEval_EvalCode;0x5d2bac;0x5818ed;_PyEval_EvalFrameDefault;0x54a0c7;PyObject_CallMethodObjArgs;PyImport_ImportModuleLevelObject;_PyEval_EvalFrameDefault;PyEval_EvalCode;0x5d2bac;0x5818ed;_PyEval_EvalFrameDefault;0x54a0c7;PyObject_CallMethodObjArgs;PyImport_ImportModuleLevelObject;0x5d2ef4;0x5818ed;_PyEval_EvalFrameDefault;0x54a0c7;PyObject_CallMethodObjArgs;PyImport_ImportModuleLevelObject;_PyEval_EvalFrameDefault;PyEval_EvalCode;0x5d2bac;0x5818ed;_PyEval_EvalFrameDefault;0x54a0c7;PyObject_CallMethodObjArgs;PyImport_ImportModuleLevelObject;_PyEval_EvalFrameDefault;PyEval_EvalCode;0x5d2bac;0x5818ed;_PyEval_EvalFrameDefault;|, 50.979963, 3500.00, 29.355000
2025-11-25T20:44:45.576770Z, 0xfffffffffffffe00;PyObject_GetAttr;_PyEval_EvalFrameDefault;PyEval_EvalCode;0x5d2bac;0x5818ed;_PyEval_EvalFrameDefault;0x54a0c7;PyObject_CallMethodObjArgs;PyImport_ImportModuleLevelObject;_PyEval_EvalFrameDefault;PyEval_EvalCode;0x5d2bac;0x5818ed;_PyEval_EvalFrameDefault;0x54a0c7;PyObject_CallMethodObjArgs;PyImport_ImportModuleLevelObject;0x5d2ef4;0x5818ed;_PyEval_EvalFrameDefault;0x54a0c7;PyObject_CallMethodObjArgs;PyImport_ImportModuleLevelObject;_PyEval_EvalFrameDefault;PyEval_EvalCode;0x5d2bac;0x5818ed;_PyEval_EvalFrameDefault;0x54a0c7;PyObject_CallMethodObjArgs;PyImport_ImportModuleLevelObject;_PyEval_EvalFrameDefault;PyEval_EvalCode;0x5d2bac;0x5818ed;_PyEval_EvalFrameDefault;0x54a0c7;PyObject_CallMethodObjArgs;PyImport_ImportModuleLevelObject;_PyEval_EvalFrameDefault;PyEval_EvalCode;0x5d2bac;0x5818ed;_PyEval_EvalFrameDefault;0x54a0c7;PyObject_CallMethodObjArgs;PyImport_ImportModuleLevelObject;_PyEval_EvalFrameDefault;PyEval_EvalCode;0x5d2bac;0x5818ed;_PyEval_EvalFrameDefault;0x54a0c7;PyObject_CallMethodObjArgs;PyImport_ImportModuleLevelObject;_PyEval_EvalFrameDefault;PyEval_EvalCode;0x5d2bac;0x5818ed;_PyEval_EvalFrameDefault;0x54a0c7;PyObject_CallMethodObjArgs;PyImport_ImportModuleLevelObject;0x5d2ef4;0x5818ed;_PyEval_EvalFrameDefault;0x54a0c7;PyObject_CallMethodObjArgs;PyImport_ImportModuleLevelObject;0x5d2ef4;0x5818ed;_PyEval_EvalFrameDefault;0x54a0c7;PyObject_CallMethodObjArgs;PyImport_ImportModuleLevelObject;_PyEval_EvalFrameDefault;PyEval_EvalCode;0x5d2bac;0x5818ed;_PyEval_EvalFrameDefault;0x54a0c7;PyObject_CallMethodObjArgs;PyImport_ImportModuleLevelObject;_PyEval_EvalFrameDefault;PyEval_EvalCode;0x5d2bac;0x5818ed;_PyEval_EvalFrameDefault;0x54a0c7;PyObject_CallMethodObjArgs;PyImport_ImportModuleLevelObject;_PyEval_EvalFrameDefault;PyEval_EvalCode;0x5d2bac;0x5818ed;_PyEval_EvalFrameDefault;0x54a0c7;PyObject_CallMethodObjArgs;PyImport_ImportModuleLevelObject;0x5d2ef4;0x5818ed;_PyEval_EvalFrameDefault;0x54a0c7;PyObject_CallMethodObjArgs;PyImport_ImportModuleLevelObject;_PyEval_EvalFrameDefault;PyEval_EvalCode;0x5d2bac;0x5818ed;_PyEval_EvalFrameDefault;0x54a0c7;PyObject_CallMethodObjArgs;PyImport_ImportModuleLevelObject;_PyEval_EvalFrameDefault;PyEval_EvalCode;0x5d2bac;0x5818ed;_PyEval_EvalFrameDefault;0x54a0c7;PyObject_CallMethodObjArgs;PyImport_ImportModuleLevelObject;_PyEval_EvalFrameDefault;PyEval_EvalCode;0x5d2bac;0x5818ed;_PyEval_EvalFrameDefault;0x54a0c7;|, 46.504656, 3600.00, 29.355000
2025-11-25T20:44:45.586293Z, 0xfffffffffffffe00;_PyObject_GenericGetAttrWithDict;_PyObject_LookupAttr;0x5d251a;_PyEval_EvalFrameDefault;_PyObject_Call_Prepend;0x5a30c8;_PyObject_MakeTpCall;_PyEval_EvalFrameDefault;PyEval_EvalCode;0x5d2bac;0x5818ed;_PyEval_EvalFrameDefault;0x54a0c7;PyObject_CallMethodObjArgs;PyImport_ImportModuleLevelObject;_PyEval_EvalFrameDefault;PyEval_EvalCode;0x5d2bac;0x5818ed;_PyEval_EvalFrameDefault;0x54a0c7;PyObject_CallMethodObjArgs;PyImport_ImportModuleLevelObject;_PyEval_EvalFrameDefault;PyEval_EvalCode;0x5d2bac;0x5818ed;_PyEval_EvalFrameDefault;0x54a0c7;PyObject_CallMethodObjArgs;PyImport_ImportModuleLevelObject;_PyEval_EvalFrameDefault;PyEval_EvalCode;0x5d2bac;0x5818ed;_PyEval_EvalFrameDefault;0x54a0c7;PyObject_CallMethodObjArgs;PyImport_ImportModuleLevelObject;_PyEval_EvalFrameDefault;PyEval_EvalCode;0x5d2bac;0x5818ed;_PyEval_EvalFrameDefault;0x54a0c7;PyObject_CallMethodObjArgs;PyImport_ImportModuleLevelObject;_PyEval_EvalFrameDefault;PyEval_EvalCode;0x5d2bac;0x5818ed;_PyEval_EvalFrameDefault;0x54a0c7;PyObject_CallMethodObjArgs;PyImport_ImportModuleLevelObject;_PyEval_EvalFrameDefault;PyEval_EvalCode;0x5d2bac;0x5818ed;_PyEval_EvalFrameDefault;0x54a0c7;PyObject_CallMethodObjArgs;PyImport_ImportModuleLevelObject;0x5d2ef4;0x5818ed;_PyEval_EvalFrameDefault;0x54a0c7;PyObject_CallMethodObjArgs;PyImport_ImportModuleLevelObject;_PyEval_EvalFrameDefault;PyEval_EvalCode;0x5d2bac;0x5818ed;_PyEval_EvalFrameDefault;0x54a0c7;PyObject_CallMethodObjArgs;PyImport_ImportModuleLevelObject;_PyEval_EvalFrameDefault;PyEval_EvalCode;0x5d2bac;0x5818ed;_PyEval_EvalFrameDefault;0x54a0c7;PyObject_CallMethodObjArgs;PyImport_ImportModuleLevelObject;_PyEval_EvalFrameDefault;PyEval_EvalCode;0x5d2bac;0x5818ed;_PyEval_EvalFrameDefault;0x54a0c7;PyObject_CallMethodObjArgs;PyImport_ImportModuleLevelObject;_PyEval_EvalFrameDefault;PyEval_EvalCode;0x5d2bac;0x5818ed;_PyEval_EvalFrameDefault;0x54a0c7;PyObject_CallMethodObjArgs;PyImport_ImportModuleLevelObject;0x5d2ef4;0x5818ed;_PyEval_EvalFrameDefault;0x54a0c7;PyObject_CallMethodObjArgs;PyImport_ImportModuleLevelObject;_PyEval_EvalFrameDefault;PyEval_EvalCode;0x5d2bac;0x5818ed;_PyEval_EvalFrameDefault;0x54a0c7;PyObject_CallMethodObjArgs;PyImport_ImportModuleLevelObject;_PyEval_EvalFrameDefault;PyEval_EvalCode;0x5d2bac;0x5818ed;_PyEval_EvalFrameDefault;0x54a0c7;PyObject_CallMethodObjArgs;PyImport_ImportModuleLevelObject;_PyEval_EvalFrameDefault;PyEval_EvalCode;0x5d2bac;0x5818ed;|, 45.181787, 1800.00, 29.355000
2025-11-25T20:44:45.595817Z, 0xfffffffffffffe00;PyDict_New;0x5e4682;0x5ec8d7;0x5e4fd9;_PyAST_Compile;PyRun_StringFlags;0x5d2c59;_PyEval_EvalFrameDefault;PyEval_EvalCode;0x5d2bac;0x5818ed;_PyEval_EvalFrameDefault;0x54a0c7;PyObject_CallMethodObjArgs;PyImport_ImportModuleLevelObject;_PyEval_EvalFrameDefault;PyEval_EvalCode;0x5d2bac;0x5818ed;_PyEval_EvalFrameDefault;0x54a0c7;PyObject_CallMethodObjArgs;PyImport_ImportModuleLevelObject;_PyEval_EvalFrameDefault;PyEval_EvalCode;0x5d2bac;0x5818ed;_PyEval_EvalFrameDefault;0x54a0c7;PyObject_CallMethodObjArgs;PyImport_ImportModuleLevelObject;_PyEval_EvalFrameDefault;PyEval_EvalCode;0x5d2bac;0x5818ed;_PyEval_EvalFrameDefault;0x54a0c7;PyObject_CallMethodObjArgs;PyImport_ImportModuleLevelObject;_PyEval_EvalFrameDefault;PyEval_EvalCode;0x5d2bac;0x5818ed;_PyEval_EvalFrameDefault;0x54a0c7;PyObject_CallMethodObjArgs;PyImport_ImportModuleLevelObject;0x5d2ef4;0x5818ed;_PyEval_EvalFrameDefault;0x54a0c7;PyObject_CallMethodObjArgs;PyImport_ImportModuleLevelObject;_PyEval_EvalFrameDefault;PyEval_EvalCode;0x5d2bac;0x5818ed;_PyEval_EvalFrameDefault;0x54a0c7;PyObject_CallMethodObjArgs;PyImport_ImportModuleLevelObject;_PyEval_EvalFrameDefault;PyEval_EvalCode;0x5d2bac;0x5818ed;_PyEval_EvalFrameDefault;0x54a0c7;PyObject_CallMethodObjArgs;PyImport_ImportModuleLevelObject;_PyEval_EvalFrameDefault;PyEval_EvalCode;0x5d2bac;0x5818ed;_PyEval_EvalFrameDefault;0x54a0c7;PyObject_CallMethodObjArgs;PyImport_ImportModuleLevelObject;0x5d2ef4;0x5818ed;_PyEval_EvalFrameDefault;0x54a0c7;PyObject_CallMethodObjArgs;PyImport_ImportModuleLevelObject;_PyEval_EvalFrameDefault;PyEval_EvalCode;0x5d2bac;0x5818ed;_PyEval_EvalFrameDefault;0x54a0c7;PyObject_CallMethodObjArgs;PyImport_ImportModuleLevelObject;_PyEval_EvalFrameDefault;PyEval_EvalCode;0x5d2bac;0x5818ed;_PyEval_EvalFrameDefault;0x54a0c7;PyObject_CallMethodObjArgs;PyImport_ImportModuleLevelObject;0x5d2ef4;0x5818ed;_PyEval_EvalFrameDefault;0x54a0c7;PyObject_CallMethodObjArgs;PyImport_ImportModuleLevelObject;_PyEval_EvalFrameDefault;PyEval_EvalCode;0x5d2bac;0x5818ed;_PyEval_EvalFrameDefault;0x54a0c7;PyObject_CallMethodObjArgs;PyImport_ImportModuleLevelObject;0x5d2ef4;0x5818ed;_PyEval_EvalFrameDefault;0x54a0c7;PyObject_CallMethodObjArgs;PyImport_ImportModuleLevelObject;_PyEval_EvalFrameDefault;PyEval_EvalCode;0x5d2bac;0x5818ed;_PyEval_EvalFrameDefault;0x54a0c7;PyObject_CallMethodObjArgs;PyImport_ImportModuleLevelObject;|, 43.192774, 1233.33, 29.355000
2025-11-25T20:44:45.605615Z, 0xfffffffffffffe00;__memchr_avx2;0x537ec8;0x5378fd;0x5195fd;0x519594;0x51ec84;0x519520;0x51cf84;0x531fd3;0x51d269;0x531fd3;0x52ba1d;0x51d1b1;0x531fd3;0x52ba1d;0x51d1b1;0x51c807;0x518fbd;PyRun_StringFlags;0x5d2c59;_PyEval_EvalFrameDefault;PyEval_EvalCode;0x5d2bac;0x5818ed;_PyEval_EvalFrameDefault;0x54a0c7;PyObject_CallMethodObjArgs;PyImport_ImportModuleLevelObject;_PyEval_EvalFrameDefault;PyEval_EvalCode;0x5d2bac;0x5818ed;_PyEval_EvalFrameDefault;0x54a0c7;PyObject_CallMethodObjArgs;PyImport_ImportModuleLevelObject;_PyEval_EvalFrameDefault;PyEval_EvalCode;0x5d2bac;0x5818ed;_PyEval_EvalFrameDefault;0x54a0c7;PyObject_CallMethodObjArgs;PyImport_ImportModuleLevelObject;_PyEval_EvalFrameDefault;PyEval_EvalCode;0x5d2bac;0x5818ed;_PyEval_EvalFrameDefault;0x54a0c7;PyObject_CallMethodObjArgs;PyImport_ImportModuleLevelObject;0x5d2ef4;0x5818ed;_PyEval_EvalFrameDefault;0x54a0c7;PyObject_CallMethodObjArgs;PyImport_ImportModuleLevelObject;_PyEval_EvalFrameDefault;PyEval_EvalCode;0x5d2bac;0x5818ed;_PyEval_EvalFrameDefault;0x54a0c7;PyObject_CallMethodObjArgs;PyImport_ImportModuleLevelObject;_PyEval_EvalFrameDefault;PyEval_EvalCode;0x5d2bac;0x5818ed;_PyEval_EvalFrameDefault;0x54a0c7;PyObject_CallMethodObjArgs;PyImport_ImportModuleLevelObject;_PyEval_EvalFrameDefault;PyEval_EvalCode;0x5d2bac;0x5818ed;_PyEval_EvalFrameDefault;0x54a0c7;PyObject_CallMethodObjArgs;PyImport_ImportModuleLevelObject;_PyEval_EvalFrameDefault;PyEval_EvalCode;0x5d2bac;0x5818ed;_PyEval_EvalFrameDefault;0x54a0c7;PyObject_CallMethodObjArgs;PyImport_ImportModuleLevelObject;_PyEval_EvalFrameDefault;PyEval_EvalCode;0x5d2bac;0x5818ed;_PyEval_EvalFrameDefault;0x54a0c7;PyObject_CallMethodObjArgs;PyImport_ImportModuleLevelObject;_PyEval_EvalFrameDefault;PyEval_EvalCode;0x5d2bac;0x5818ed;_PyEval_EvalFrameDefault;0x54a0c7;PyObject_CallMethodObjArgs;PyImport_ImportModuleLevelObject;0x5d2ef4;0x5818ed;_PyEval_EvalFrameDefault;0x54a0c7;PyObject_CallMethodObjArgs;PyImport_ImportModuleLevelObject;_PyEval_EvalFrameDefault;PyEval_EvalCode;0x5d2bac;0x5818ed;_PyEval_EvalFrameDefault;0x54a0c7;PyObject_CallMethodObjArgs;PyImport_ImportModuleLevelObject;_PyEval_EvalFrameDefault;PyEval_EvalCode;0x5d2bac;0x5818ed;_PyEval_EvalFrameDefault;0x54a0c7;PyObject_CallMethodObjArgs;|, 34.148527, 1300.00, 29.355000
2025-11-25T20:44:45.615307Z, 0xfffffffffffffe00;_PyEval_EvalFrameDefault;_PyObject_Call_Prepend;0x59da4f;0x599513;_PyObject_MakeTpCall;_PyEval_EvalFrameDefault;PyEval_EvalCode;0x5d2bac;0x5818ed;_PyEval_EvalFrameDefault;0x54a0c7;PyObject_CallMethodObjArgs;PyImport_ImportModuleLevelObject;_PyEval_EvalFrameDefault;PyEval_EvalCode;0x5d2bac;0x5818ed;_PyEval_EvalFrameDefault;0x54a0c7;PyObject_CallMethodObjArgs;PyImport_ImportModuleLevelObject;_PyEval_EvalFrameDefault;PyEval_EvalCode;0x5d2bac;0x5818ed;_PyEval_EvalFrameDefault;0x54a0c7;PyObject_CallMethodObjArgs;PyImport_ImportModuleLevelObject;_PyEval_EvalFrameDefault;PyEval_EvalCode;0x5d2bac;0x5818ed;_PyEval_EvalFrameDefault;0x54a0c7;PyObject_CallMethodObjArgs;PyImport_ImportModuleLevelObject;_PyEval_EvalFrameDefault;PyEval_EvalCode;0x5d2bac;0x5818ed;_PyEval_EvalFrameDefault;0x54a0c7;PyObject_CallMethodObjArgs;PyImport_ImportModuleLevelObject;_PyEval_EvalFrameDefault;PyEval_EvalCode;0x5d2bac;0x5818ed;_PyEval_EvalFrameDefault;0x54a0c7;PyObject_CallMethodObjArgs;PyImport_ImportModuleLevelObject;_PyEval_EvalFrameDefault;PyEval_EvalCode;0x5d2bac;0x5818ed;_PyEval_EvalFrameDefault;0x54a0c7;PyObject_CallMethodObjArgs;PyImport_ImportModuleLevelObject;0x5d2ef4;0x5818ed;_PyEval_EvalFrameDefault;0x54a0c7;PyObject_CallMethodObjArgs;PyImport_ImportModuleLevelObject;_PyEval_EvalFrameDefault;PyEval_EvalCode;0x5d2bac;0x5818ed;_PyEval_EvalFrameDefault;0x54a0c7;PyObject_CallMethodObjArgs;PyImport_ImportModuleLevelObject;_PyEval_EvalFrameDefault;PyEval_EvalCode;0x5d2bac;0x5818ed;_PyEval_EvalFrameDefault;0x54a0c7;PyObject_CallMethodObjArgs;PyImport_ImportModuleLevelObject;_PyEval_EvalFrameDefault;PyEval_EvalCode;0x5d2bac;0x5818ed;_PyEval_EvalFrameDefault;0x54a0c7;PyObject_CallMethodObjArgs;PyImport_ImportModuleLevelObject;0x5d2ef4;0x5818ed;_PyEval_EvalFrameDefault;0x54a0c7;PyObject_CallMethodObjArgs;PyImport_ImportModuleLevelObject;_PyEval_EvalFrameDefault;PyEval_EvalCode;0x5d2bac;0x5818ed;_PyEval_EvalFrameDefault;0x54a0c7;PyObject_CallMethodObjArgs;PyImport_ImportModuleLevelObject;_PyEval_EvalFrameDefault;PyEval_EvalCode;0x5d2bac;0x5818ed;_PyEval_EvalFrameDefault;0x54a0c7;PyObject_CallMethodObjArgs;PyImport_ImportModuleLevelObject;0x5d2ef4;0x5818ed;_PyEval_EvalFrameDefault;0x54a0c7;PyObject_CallMethodObjArgs;PyImport_ImportModuleLevelObject;_PyEval_EvalFrameDefault;PyEval_EvalCode;0x5d2bac;0x5818ed;_PyEval_EvalFrameDefault;0x54a0c7;PyObject_CallMethodObjArgs;PyImport_ImportModuleLevelObject;|, 38.185361, 2000.00, 29.355000
2025-11-25T20:44:45.624878Z, 0xffffffffffffff80;0xffffffffbb1c6cb4;0xffffffffbb1c8703;0xffffffffbb1c876c;0xffffffffbac8510c;0xffffffffbbed678e;0xffffffffbaa0012b;0xfffffffffffffe00;fstatat64;_PyEval_EvalFrameDefault;_PyObject_Call_Prepend;0x59da4f;0x599513;_PyObject_MakeTpCall;_PyEval_EvalFrameDefault;PyEval_EvalCode;0x5d2bac;0x5818ed;_PyEval_EvalFrameDefault;0x54a0c7;PyObject_CallMethodObjArgs;PyImport_ImportModuleLevelObject;_PyEval_EvalFrameDefault;PyEval_EvalCode;0x5d2bac;0x5818ed;_PyEval_EvalFrameDefault;0x54a0c7;PyObject_CallMethodObjArgs;PyImport_ImportModuleLevelObject;_PyEval_EvalFrameDefault;PyEval_EvalCode;0x5d2bac;0x5818ed;_PyEval_EvalFrameDefault;0x54a0c7;PyObject_CallMethodObjArgs;PyImport_ImportModuleLevelObject;_PyEval_EvalFrameDefault;PyEval_EvalCode;0x5d2bac;0x5818ed;_PyEval_EvalFrameDefault;0x54a0c7;PyObject_CallMethodObjArgs;PyImport_ImportModuleLevelObject;_PyEval_EvalFrameDefault;PyEval_EvalCode;0x5d2bac;0x5818ed;_PyEval_EvalFrameDefault;0x54a0c7;PyObject_CallMethodObjArgs;PyImport_ImportModuleLevelObject;_PyEval_EvalFrameDefault;PyEval_EvalCode;0x5d2bac;0x5818ed;_PyEval_EvalFrameDefault;0x54a0c7;PyObject_CallMethodObjArgs;PyImport_ImportModuleLevelObject;_PyEval_EvalFrameDefault;PyEval_EvalCode;0x5d2bac;0x5818ed;_PyEval_EvalFrameDefault;0x54a0c7;PyObject_CallMethodObjArgs;PyImport_ImportModuleLevelObject;0x5d2ef4;0x5818ed;_PyEval_EvalFrameDefault;0x54a0c7;PyObject_CallMethodObjArgs;PyImport_ImportModuleLevelObject;_PyEval_EvalFrameDefault;PyEval_EvalCode;0x5d2bac;0x5818ed;_PyEval_EvalFrameDefault;0x54a0c7;PyObject_CallMethodObjArgs;PyImport_ImportModuleLevelObject;_PyEval_EvalFrameDefault;PyEval_EvalCode;0x5d2bac;0x5818ed;_PyEval_EvalFrameDefault;0x54a0c7;PyObject_CallMethodObjArgs;PyImport_ImportModuleLevelObject;_PyEval_EvalFrameDefault;PyEval_EvalCode;0x5d2bac;0x5818ed;_PyEval_EvalFrameDefault;0x54a0c7;PyObject_CallMethodObjArgs;PyImport_ImportModuleLevelObject;0x5d2ef4;0x5818ed;_PyEval_EvalFrameDefault;0x54a0c7;PyObject_CallMethodObjArgs;PyImport_ImportModuleLevelObject;_PyEval_EvalFrameDefault;PyEval_EvalCode;0x5d2bac;0x5818ed;_PyEval_EvalFrameDefault;0x54a0c7;PyObject_CallMethodObjArgs;PyImport_ImportModuleLevelObject;_PyEval_EvalFrameDefault;PyEval_EvalCode;0x5d2bac;0x5818ed;_PyEval_EvalFrameDefault;0x54a0c7;PyObject_CallMethodObjArgs;PyImport_ImportModuleLevelObject;0x5d2ef4;0x5818ed;_PyEval_EvalFrameDefault;0x54a0c7;PyObject_CallMethodObjArgs;PyImport_ImportModuleLevelObject;_PyEval_EvalFrameDefault;|, 33.259948, 2000.00, 29.355000
2025-11-25T20:44:45.634230Z, 0xffffffffffffff80;0xffffffffbb1e6b2f;0xffffffffbb1d19b0;0xffffffffbb1d60ec;0xffffffffbb1d640f;0xffffffffbb1d6eae;0xffffffffbb1d7c6e;0xffffffffbb1c7b5a;0xffffffffbb1c864e;0xffffffffbb1c86f4;0xffffffffbb1c876c;0xffffffffbac8510c;0xffffffffbbed678e;0xffffffffbaa0012b;0xfffffffffffffe00;fstatat64;_PyEval_EvalFrameDefault;_PyObject_Call_Prepend;0x59da4f;0x599513;_PyObject_MakeTpCall;_PyEval_EvalFrameDefault;PyEval_EvalCode;0x5d2bac;0x5818ed;_PyEval_EvalFrameDefault;0x54a0c7;PyObject_CallMethodObjArgs;PyImport_ImportModuleLevelObject;_PyEval_EvalFrameDefault;PyEval_EvalCode;0x5d2bac;0x5818ed;_PyEval_EvalFrameDefault;0x54a0c7;PyObject_CallMethodObjArgs;PyImport_ImportModuleLevelObject;_PyEval_EvalFrameDefault;PyEval_EvalCode;0x5d2bac;0x5818ed;_PyEval_EvalFrameDefault;0x54a0c7;PyObject_CallMethodObjArgs;PyImport_ImportModuleLevelObject;_PyEval_EvalFrameDefault;PyEval_EvalCode;0x5d2bac;0x5818ed;_PyEval_EvalFrameDefault;0x54a0c7;PyObject_CallMethodObjArgs;PyImport_ImportModuleLevelObject;_PyEval_EvalFrameDefault;PyEval_EvalCode;0x5d2bac;0x5818ed;_PyEval_EvalFrameDefault;0x54a0c7;PyObject_CallMethodObjArgs;PyImport_ImportModuleLevelObject;_PyEval_EvalFrameDefault;PyEval_EvalCode;0x5d2bac;0x5818ed;_PyEval_EvalFrameDefault;0x54a0c7;PyObject_CallMethodObjArgs;PyImport_ImportModuleLevelObject;_PyEval_EvalFrameDefault;PyEval_EvalCode;0x5d2bac;0x5818ed;_PyEval_EvalFrameDefault;0x54a0c7;PyObject_CallMethodObjArgs;PyImport_ImportModuleLevelObject;0x5d2ef4;0x5818ed;_PyEval_EvalFrameDefault;0x54a0c7;PyObject_CallMethodObjArgs;PyImport_ImportModuleLevelObject;_PyEval_EvalFrameDefault;PyEval_EvalCode;0x5d2bac;0x5818ed;_PyEval_EvalFrameDefault;0x54a0c7;PyObject_CallMethodObjArgs;PyImport_ImportModuleLevelObject;_PyEval_EvalFrameDefault;PyEval_EvalCode;0x5d2bac;0x5818ed;_PyEval_EvalFrameDefault;0x54a0c7;PyObject_CallMethodObjArgs;PyImport_ImportModuleLevelObject;_PyEval_EvalFrameDefault;PyEval_EvalCode;0x5d2bac;0x5818ed;_PyEval_EvalFrameDefault;0x54a0c7;PyObject_CallMethodObjArgs;PyImport_ImportModuleLevelObject;0x5d2ef4;0x5818ed;_PyEval_EvalFrameDefault;0x54a0c7;PyObject_CallMethodObjArgs;PyImport_ImportModuleLevelObject;_PyEval_EvalFrameDefault;PyEval_EvalCode;0x5d2bac;0x5818ed;_PyEval_EvalFrameDefault;0x54a0c7;PyObject_CallMethodObjArgs;PyImport_ImportModuleLevelObject;_PyEval_EvalFrameDefault;PyEval_EvalCode;0x5d2bac;0x5818ed;_PyEval_EvalFrameDefault;0x54a0c7;PyObject_CallMethodObjArgs;PyImport_ImportModuleLevelObject;|, 37.795579, 2100.00, 29.355000
2025-11-25T20:44:45.643999Z, 0xfffffffffffffe00;0x5f8088;0x5f785e;_PyArg_ParseTuple_SizeT;0x5ae9fd;0x550cec;PyObject_Vectorcall;_PyEval_EvalFrameDefault;_PyObject_Call_Prepend;0x59da4f;0x599513;_PyObject_MakeTpCall;_PyEval_EvalFrameDefault;PyEval_EvalCode;0x5d2bac;0x5818ed;_PyEval_EvalFrameDefault;0x54a0c7;PyObject_CallMethodObjArgs;PyImport_ImportModuleLevelObject;_PyEval_EvalFrameDefault;PyEval_EvalCode;0x5d2bac;0x5818ed;_PyEval_EvalFrameDefault;0x54a0c7;PyObject_CallMethodObjArgs;PyImport_ImportModuleLevelObject;_PyEval_EvalFrameDefault;PyEval_EvalCode;0x5d2bac;0x5818ed;_PyEval_EvalFrameDefault;0x54a0c7;PyObject_CallMethodObjArgs;PyImport_ImportModuleLevelObject;_PyEval_EvalFrameDefault;PyEval_EvalCode;0x5d2bac;0x5818ed;_PyEval_EvalFrameDefault;0x54a0c7;PyObject_CallMethodObjArgs;PyImport_ImportModuleLevelObject;_PyEval_EvalFrameDefault;PyEval_EvalCode;0x5d2bac;0x5818ed;_PyEval_EvalFrameDefault;0x54a0c7;PyObject_CallMethodObjArgs;PyImport_ImportModuleLevelObject;_PyEval_EvalFrameDefault;PyEval_EvalCode;0x5d2bac;0x5818ed;_PyEval_EvalFrameDefault;0x54a0c7;PyObject_CallMethodObjArgs;PyImport_ImportModuleLevelObject;_PyEval_EvalFrameDefault;PyEval_EvalCode;0x5d2bac;0x5818ed;_PyEval_EvalFrameDefault;0x54a0c7;PyObject_CallMethodObjArgs;PyImport_ImportModuleLevelObject;0x5d2ef4;0x5818ed;_PyEval_EvalFrameDefault;0x54a0c7;PyObject_CallMethodObjArgs;PyImport_ImportModuleLevelObject;_PyEval_EvalFrameDefault;PyEval_EvalCode;0x5d2bac;0x5818ed;_PyEval_EvalFrameDefault;0x54a0c7;PyObject_CallMethodObjArgs;PyImport_ImportModuleLevelObject;_PyEval_EvalFrameDefault;PyEval_EvalCode;0x5d2bac;0x5818ed;_PyEval_EvalFrameDefault;0x54a0c7;PyObject_CallMethodObjArgs;PyImport_ImportModuleLevelObject;_PyEval_EvalFrameDefault;PyEval_EvalCode;0x5d2bac;0x5818ed;_PyEval_EvalFrameDefault;0x54a0c7;PyObject_CallMethodObjArgs;PyImport_ImportModuleLevelObject;0x5d2ef4;0x5818ed;_PyEval_EvalFrameDefault;0x54a0c7;PyObject_CallMethodObjArgs;PyImport_ImportModuleLevelObject;_PyEval_EvalFrameDefault;PyEval_EvalCode;0x5d2bac;0x5818ed;_PyEval_EvalFrameDefault;0x54a0c7;PyObject_CallMethodObjArgs;PyImport_ImportModuleLevelObject;_PyEval_EvalFrameDefault;PyEval_EvalCode;0x5d2bac;0x5818ed;_PyEval_EvalFrameDefault;0x54a0c7;PyObject_CallMethodObjArgs;PyImport_ImportModuleLevelObject;0x5d2ef4;0x5818ed;_PyEval_EvalFrameDefault;0x54a0c7;PyObject_CallMethodObjArgs;PyImport_ImportModuleLevelObject;_PyEval_EvalFrameDefault;PyEval_EvalCode;|, 32.883266, 1433.33, 29.355000
2025-11-25T20:44:45.653123Z, 0xfffffffffffffe00;_PyEval_EvalFrameDefault;PyEval_EvalCode;0x5d2bac;0x5818ed;_PyEval_EvalFrameDefault;0x54a0c7;PyObject_CallMethodObjArgs;PyImport_ImportModuleLevelObject;0x5d2ef4;0x5818ed;_PyEval_EvalFrameDefault;0x54a0c7;PyObject_CallMethodObjArgs;PyImport_ImportModuleLevelObject;_PyEval_EvalFrameDefault;PyEval_EvalCode;0x5d2bac;0x5818ed;_PyEval_EvalFrameDefault;0x54a0c7;PyObject_CallMethodObjArgs;PyImport_ImportModuleLevelObject;_PyEval_EvalFrameDefault;PyEval_EvalCode;0x5d2bac;0x5818ed;_PyEval_EvalFrameDefault;0x54a0c7;PyObject_CallMethodObjArgs;PyImport_ImportModuleLevelObject;0x5d2ef4;0x5818ed;_PyEval_EvalFrameDefault;0x54a0c7;PyObject_CallMethodObjArgs;PyImport_ImportModuleLevelObject;_PyEval_EvalFrameDefault;PyEval_EvalCode;0x5d2bac;0x5818ed;_PyEval_EvalFrameDefault;0x54a0c7;PyObject_CallMethodObjArgs;PyImport_ImportModuleLevelObject;0x5d2ef4;0x5818ed;_PyEval_EvalFrameDefault;0x54a0c7;PyObject_CallMethodObjArgs;PyImport_ImportModuleLevelObject;_PyEval_EvalFrameDefault;PyEval_EvalCode;0x5d2bac;0x5818ed;_PyEval_EvalFrameDefault;0x54a0c7;PyObject_CallMethodObjArgs;PyImport_ImportModuleLevelObject;_PyEval_EvalFrameDefault;PyEval_EvalCode;0x5d2bac;0x5818ed;_PyEval_EvalFrameDefault;PyObject_Vectorcall;0x5a3d6d;0x5a39f2;_PyObject_LookupAttr;0x5d251a;_PyEval_EvalFrameDefault;0x54a0c7;PyObject_CallMethodObjArgs;PyImport_ImportModuleLevelObject;_PyEval_EvalFrameDefault;PyEval_EvalCode;0x5d2bac;0x5818ed;_PyEval_EvalFrameDefault;0x54a0c7;PyObject_CallMethodObjArgs;PyImport_ImportModuleLevelObject;_PyEval_EvalFrameDefault;PyEval_EvalCode;0x5d2bac;0x5818ed;_PyEval_EvalFrameDefault;PyObject_Vectorcall;0x5a3d6d;0x5a39f2;_PyObject_LookupAttr;0x5d251a;_PyEval_EvalFrameDefault;0x54a0c7;PyObject_CallMethodObjArgs;PyImport_ImportModuleLevelObject;_PyEval_EvalFrameDefault;PyEval_EvalCode;0x607fc2;0x6b4393;_PyRun_SimpleFileObject;_PyRun_AnyFileObject;Py_RunMain;Py_BytesMain;__libc_start_call_main;__libc_start_main@@GLIBC_2.34;_start;|, 36.017962, 1433.33, 29.355000
2025-11-25T20:44:45.662058Z, 0xfffffffffffffe00;0x605136;0x60597e;0x604faf;Py_BuildValue;0x5cca38;_PyEval_EvalFrameDefault;0x5d1fa4;0x5818ed;PyObject_Vectorcall;_PyEval_EvalFrameDefault;PyEval_EvalCode;0x5d2bac;0x5818ed;_PyEval_EvalFrameDefault;0x54a0c7;PyObject_CallMethodObjArgs;PyImport_ImportModuleLevelObject;_PyEval_EvalFrameDefault;PyEval_EvalCode;0x5d2bac;0x5818ed;_PyEval_EvalFrameDefault;0x54a0c7;PyObject_CallMethodObjArgs;PyImport_ImportModuleLevelObject;0x5d2ef4;0x5818ed;_PyEval_EvalFrameDefault;0x54a0c7;PyObject_CallMethodObjArgs;PyImport_ImportModuleLevelObject;_PyEval_EvalFrameDefault;PyEval_EvalCode;0x5d2bac;0x5818ed;_PyEval_EvalFrameDefault;0x54a0c7;PyObject_CallMethodObjArgs;PyImport_ImportModuleLevelObject;0x5d2ef4;0x5818ed;_PyEval_EvalFrameDefault;0x54a0c7;PyObject_CallMethodObjArgs;PyImport_ImportModuleLevelObject;_PyEval_EvalFrameDefault;PyEval_EvalCode;0x5d2bac;0x5818ed;_PyEval_EvalFrameDefault;0x54a0c7;PyObject_CallMethodObjArgs;PyImport_ImportModuleLevelObject;_PyEval_EvalFrameDefault;PyEval_EvalCode;0x5d2bac;0x5818ed;_PyEval_EvalFrameDefault;PyObject_Vectorcall;0x5a3d6d;0x5a39f2;_PyObject_LookupAttr;0x5d251a;_PyEval_EvalFrameDefault;0x54a0c7;PyObject_CallMethodObjArgs;PyImport_ImportModuleLevelObject;_PyEval_EvalFrameDefault;PyEval_EvalCode;0x5d2bac;0x5818ed;_PyEval_EvalFrameDefault;0x54a0c7;PyObject_CallMethodObjArgs;PyImport_ImportModuleLevelObject;_PyEval_EvalFrameDefault;PyEval_EvalCode;0x5d2bac;0x5818ed;_PyEval_EvalFrameDefault;PyObject_Vectorcall;0x5a3d6d;0x5a39f2;_PyObject_LookupAttr;0x5d251a;_PyEval_EvalFrameDefault;0x54a0c7;PyObject_CallMethodObjArgs;PyImport_ImportModuleLevelObject;_PyEval_EvalFrameDefault;PyEval_EvalCode;0x607fc2;0x6b4393;_PyRun_SimpleFileObject;_PyRun_AnyFileObject;Py_RunMain;Py_BytesMain;__libc_start_call_main;__libc_start_main@@GLIBC_2.34;_start;|, 31.976593, 2200.00, 29.355000
2025-11-25T20:44:45.667450Z, , 38.198370, 2250.00, 29.355000
2025-11-25T20:44:45.677063Z, 0xfffffffffffffe00;0x5bb060;0x54a0c7;PyObject_CallMethodObjArgs;PyImport_ImportModuleLevelObject;0x5d2ef4;0x5818ed;_PyEval_EvalFrameDefault;0x54a0c7;PyObject_CallMethodObjArgs;PyImport_ImportModuleLevelObject;_PyEval_EvalFrameDefault;PyEval_EvalCode;0x5d2bac;0x5818ed;_PyEval_EvalFrameDefault;0x54a0c7;PyObject_CallMethodObjArgs;PyImport_ImportModuleLevelObject;0x5d2ef4;0x5818ed;_PyEval_EvalFrameDefault;0x54a0c7;PyObject_CallMethodObjArgs;PyImport_ImportModuleLevelObject;_PyEval_EvalFrameDefault;PyEval_EvalCode;0x5d2bac;0x5818ed;_PyEval_EvalFrameDefault;0x54a0c7;PyObject_CallMethodObjArgs;PyImport_ImportModuleLevelObject;_PyEval_EvalFrameDefault;PyEval_EvalCode;0x5d2bac;0x5818ed;_PyEval_EvalFrameDefault;0x64edc8;_PyObject_MakeTpCall;_PyEval_EvalFrameDefault;PyEval_EvalCode;0x5d2bac;0x5818ed;_PyEval_EvalFrameDefault;0x5554a6;PySequence_Tuple;PyObject_Vectorcall;_PyEval_EvalFrameDefault;PyEval_EvalCode;0x5d2bac;0x5818ed;_PyEval_EvalFrameDefault;0x54a0c7;PyObject_CallMethodObjArgs;PyImport_ImportModuleLevelObject;0x5d2ef4;0x5818ed;_PyEval_EvalFrameDefault;0x54a0c7;PyObject_CallMethodObjArgs;PyImport_ImportModuleLevelObject;_PyEval_EvalFrameDefault;PyEval_EvalCode;0x5d2bac;0x5818ed;_PyEval_EvalFrameDefault;0x54a0c7;PyObject_CallMethodObjArgs;PyImport_ImportModuleLevelObject;0x5d2ef4;0x5818ed;_PyEval_EvalFrameDefault;0x54a0c7;PyObject_CallMethodObjArgs;PyImport_ImportModuleLevelObject;_PyEval_EvalFrameDefault;PyEval_EvalCode;0x5d2bac;0x5818ed;_PyEval_EvalFrameDefault;0x54a0c7;PyObject_CallMethodObjArgs;PyImport_ImportModuleLevelObject;_PyEval_EvalFrameDefault;PyEval_EvalCode;0x5d2bac;0x5818ed;_PyEval_EvalFrameDefault;PyObject_Vectorcall;0x5a3d6d;0x5a39f2;_PyObject_LookupAttr;0x5d251a;_PyEval_EvalFrameDefault;0x54a0c7;PyObject_CallMethodObjArgs;PyImport_ImportModuleLevelObject;_PyEval_EvalFrameDefault;PyEval_EvalCode;0x5d2bac;0x5818ed;_PyEval_EvalFrameDefault;0x54a0c7;PyObject_CallMethodObjArgs;PyImport_ImportModuleLevelObject;_PyEval_EvalFrameDefault;PyEval_EvalCode;0x5d2bac;0x5818ed;_PyEval_EvalFrameDefault;PyObject_Vectorcall;0x5a3d6d;0x5a39f2;_PyObject_LookupAttr;0x5d251a;_PyEval_EvalFrameDefault;0x54a0c7;PyObject_CallMethodObjArgs;PyImport_ImportModuleLevelObject;_PyEval_EvalFrameDefault;PyEval_EvalCode;0x607fc2;0x6b4393;_PyRun_SimpleFileObject;_PyRun_AnyFileObject;Py_RunMain;Py_BytesMain;|, 27.930175, 4600.00, 29.355000
2025-11-25T20:44:45.686889Z, 0xfffffffffffffe00;PyObject_Malloc;0x567c4b;PyNumber_Add;0x633c8d;0x63332f;_PyEval_EvalFrameDefault;_PyObject_Call_Prepend;0x59da4f;0x599513;_PyObject_MakeTpCall;_PyEval_EvalFrameDefault;PyEval_EvalCode;0x5d2bac;0x5818ed;_PyEval_EvalFrameDefault;0x54a0c7;PyObject_CallMethodObjArgs;PyImport_ImportModuleLevelObject;0x5d2ef4;0x5818ed;_PyEval_EvalFrameDefault;0x54a0c7;PyObject_CallMethodObjArgs;PyImport_ImportModuleLevelObject;_PyEval_EvalFrameDefault;PyEval_EvalCode;0x5d2bac;0x5818ed;_PyEval_EvalFrameDefault;0x54a0c7;PyObject_CallMethodObjArgs;PyImport_ImportModuleLevelObject;0x5d2ef4;0x5818ed;_PyEval_EvalFrameDefault;0x54a0c7;PyObject_CallMethodObjArgs;PyImport_ImportModuleLevelObject;_PyEval_EvalFrameDefault;PyEval_EvalCode;0x5d2bac;0x5818ed;_PyEval_EvalFrameDefault;0x64edc8;_PyObject_MakeTpCall;_PyEval_EvalFrameDefault;PyEval_EvalCode;0x5d2bac;0x5818ed;_PyEval_EvalFrameDefault;0x5554a6;PySequence_Tuple;PyObject_Vectorcall;_PyEval_EvalFrameDefault;PyEval_EvalCode;0x5d2bac;0x5818ed;_PyEval_EvalFrameDefault;0x54a0c7;PyObject_CallMethodObjArgs;PyImport_ImportModuleLevelObject;0x5d2ef4;0x5818ed;_PyEval_EvalFrameDefault;0x54a0c7;PyObject_CallMethodObjArgs;PyImport_ImportModuleLevelObject;_PyEval_EvalFrameDefault;PyEval_EvalCode;0x5d2bac;0x5818ed;_PyEval_EvalFrameDefault;0x54a0c7;PyObject_CallMethodObjArgs;PyImport_ImportModuleLevelObject;0x5d2ef4;0x5818ed;_PyEval_EvalFrameDefault;0x54a0c7;PyObject_CallMethodObjArgs;PyImport_ImportModuleLevelObject;_PyEval_EvalFrameDefault;PyEval_EvalCode;0x5d2bac;0x5818ed;_PyEval_EvalFrameDefault;0x54a0c7;PyObject_CallMethodObjArgs;PyImport_ImportModuleLevelObject;_PyEval_EvalFrameDefault;PyEval_EvalCode;0x5d2bac;0x5818ed;_PyEval_EvalFrameDefault;PyObject_Vectorcall;0x5a3d6d;0x5a39f2;_PyObject_LookupAttr;0x5d251a;_PyEval_EvalFrameDefault;0x54a0c7;PyObject_CallMethodObjArgs;PyImport_ImportModuleLevelObject;_PyEval_EvalFrameDefault;PyEval_EvalCode;0x5d2bac;0x5818ed;_PyEval_EvalFrameDefault;0x54a0c7;PyObject_CallMethodObjArgs;PyImport_ImportModuleLevelObject;_PyEval_EvalFrameDefault;PyEval_EvalCode;0x5d2bac;0x5818ed;_PyEval_EvalFrameDefault;PyObject_Vectorcall;0x5a3d6d;0x5a39f2;_PyObject_LookupAttr;0x5d251a;_PyEval_EvalFrameDefault;0x54a0c7;PyObject_CallMethodObjArgs;PyImport_ImportModuleLevelObject;_PyEval_EvalFrameDefault;PyEval_EvalCode;|, 35.082986, 2350.00, 29.355000
2025-11-25T20:44:45.692075Z, , 45.352567, 4700.00, 29.355000
2025-11-25T20:44:45.697334Z, , 33.044322, 4800.00, 29.355000
2025-11-25T20:44:45.705838Z, 0xfffffffffffffe00;_PyEval_EvalFrameDefault;0x64edc8;_PyObject_MakeTpCall;_PyEval_EvalFrameDefault;PyEval_EvalCode;0x5d2bac;0x5818ed;_PyEval_EvalFrameDefault;0x5554a6;PySequence_Tuple;PyObject_Vectorcall;_PyEval_EvalFrameDefault;PyEval_EvalCode;0x5d2bac;0x5818ed;_PyEval_EvalFrameDefault;0x54a0c7;PyObject_CallMethodObjArgs;PyImport_ImportModuleLevelObject;0x5d2ef4;0x5818ed;_PyEval_EvalFrameDefault;0x54a0c7;PyObject_CallMethodObjArgs;PyImport_ImportModuleLevelObject;_PyEval_EvalFrameDefault;PyEval_EvalCode;0x5d2bac;0x5818ed;_PyEval_EvalFrameDefault;0x54a0c7;PyObject_CallMethodObjArgs;PyImport_ImportModuleLevelObject;0x5d2ef4;0x5818ed;_PyEval_EvalFrameDefault;0x54a0c7;PyObject_CallMethodObjArgs;PyImport_ImportModuleLevelObject;_PyEval_EvalFrameDefault;PyEval_EvalCode;0x5d2bac;0x5818ed;_PyEval_EvalFrameDefault;0x54a0c7;PyObject_CallMethodObjArgs;PyImport_ImportModuleLevelObject;_PyEval_EvalFrameDefault;PyEval_EvalCode;0x5d2bac;0x5818ed;_PyEval_EvalFrameDefault;PyObject_Vectorcall;0x5a3d6d;0x5a39f2;_PyObject_LookupAttr;0x5d251a;_PyEval_EvalFrameDefault;0x54a0c7;PyObject_CallMethodObjArgs;PyImport_ImportModuleLevelObject;_PyEval_EvalFrameDefault;PyEval_EvalCode;0x5d2bac;0x5818ed;_PyEval_EvalFrameDefault;0x54a0c7;PyObject_CallMethodObjArgs;PyImport_ImportModuleLevelObject;_PyEval_EvalFrameDefault;PyEval_EvalCode;0x5d2bac;0x5818ed;_PyEval_EvalFrameDefault;PyObject_Vectorcall;0x5a3d6d;0x5a39f2;_PyObject_LookupAttr;0x5d251a;_PyEval_EvalFrameDefault;0x54a0c7;PyObject_CallMethodObjArgs;PyImport_ImportModuleLevelObject;_PyEval_EvalFrameDefault;PyEval_EvalCode;0x607fc2;0x6b4393;_PyRun_SimpleFileObject;_PyRun_AnyFileObject;Py_RunMain;Py_BytesMain;__libc_start_call_main;__libc_start_main@@GLIBC_2.34;_start;|, 33.871567, 0.00, 29.355000
2025-11-25T20:44:45.714500Z, 0xfffffffffffffe00;PyMapping_Check;0x59dea3;PyObject_GetAttr;_PyEval_EvalFrameDefault;0x64edc8;_PyObject_MakeTpCall;_PyEval_EvalFrameDefault;PyEval_EvalCode;0x5d2bac;0x5818ed;_PyEval_EvalFrameDefault;0x5554a6;PySequence_Tuple;PyObject_Vectorcall;_PyEval_EvalFrameDefault;PyEval_EvalCode;0x5d2bac;0x5818ed;_PyEval_EvalFrameDefault;0x54a0c7;PyObject_CallMethodObjArgs;PyImport_ImportModuleLevelObject;0x5d2ef4;0x5818ed;_PyEval_EvalFrameDefault;0x54a0c7;PyObject_CallMethodObjArgs;PyImport_ImportModuleLevelObject;_PyEval_EvalFrameDefault;PyEval_EvalCode;0x5d2bac;0x5818ed;_PyEval_EvalFrameDefault;0x54a0c7;PyObject_CallMethodObjArgs;PyImport_ImportModuleLevelObject;0x5d2ef4;0x5818ed;_PyEval_EvalFrameDefault;0x54a0c7;PyObject_CallMethodObjArgs;PyImport_ImportModuleLevelObject;_PyEval_EvalFrameDefault;PyEval_EvalCode;0x5d2bac;0x5818ed;_PyEval_EvalFrameDefault;0x54a0c7;PyObject_CallMethodObjArgs;PyImport_ImportModuleLevelObject;_PyEval_EvalFrameDefault;PyEval_EvalCode;0x5d2bac;0x5818ed;_PyEval_EvalFrameDefault;PyObject_Vectorcall;0x5a3d6d;0x5a39f2;_PyObject_LookupAttr;0x5d251a;_PyEval_EvalFrameDefault;0x54a0c7;PyObject_CallMethodObjArgs;PyImport_ImportModuleLevelObject;_PyEval_EvalFrameDefault;PyEval_EvalCode;0x5d2bac;0x5818ed;_PyEval_EvalFrameDefault;0x54a0c7;PyObject_CallMethodObjArgs;PyImport_ImportModuleLevelObject;_PyEval_EvalFrameDefault;PyEval_EvalCode;0x5d2bac;0x5818ed;_PyEval_EvalFrameDefault;PyObject_Vectorcall;0x5a3d6d;0x5a39f2;_PyObject_LookupAttr;0x5d251a;_PyEval_EvalFrameDefault;0x54a0c7;PyObject_CallMethodObjArgs;PyImport_ImportModuleLevelObject;_PyEval_EvalFrameDefault;PyEval_EvalCode;0x607fc2;0x6b4393;_PyRun_SimpleFileObject;_PyRun_AnyFileObject;Py_RunMain;Py_BytesMain;__libc_start_call_main;__libc_start_main@@GLIBC_2.34;_start;|, 32.808606, 100.00, 29.355000
2025-11-25T20:44:45.722029Z, 0xfffffffffffffe00;PyObject_GetItem;_PyEval_EvalFrameDefault;0x5554a6;0x5a2ae1;_PyObject_MakeTpCall;_PyEval_EvalFrameDefault;PyObject_Call;0x64ef83;_PyObject_MakeTpCall;_PyEval_EvalFrameDefault;PyEval_EvalCode;0x5d2bac;0x5818ed;_PyEval_EvalFrameDefault;0x54a0c7;PyObject_CallMethodObjArgs;PyImport_ImportModuleLevelObject;_PyEval_EvalFrameDefault;PyEval_EvalCode;0x5d2bac;0x5818ed;_PyEval_EvalFrameDefault;PyObject_Vectorcall;0x5a3d6d;0x5a39f2;_PyObject_LookupAttr;0x5d251a;_PyEval_EvalFrameDefault;0x54a0c7;PyObject_CallMethodObjArgs;PyImport_ImportModuleLevelObject;_PyEval_EvalFrameDefault;PyEval_EvalCode;0x5d2bac;0x5818ed;_PyEval_EvalFrameDefault;0x54a0c7;PyObject_CallMethodObjArgs;PyImport_ImportModuleLevelObject;_PyEval_EvalFrameDefault;PyEval_EvalCode;0x5d2bac;0x5818ed;_PyEval_EvalFrameDefault;PyObject_Vectorcall;0x5a3d6d;0x5a39f2;_PyObject_LookupAttr;0x5d251a;_PyEval_EvalFrameDefault;0x54a0c7;PyObject_CallMethodObjArgs;PyImport_ImportModuleLevelObject;_PyEval_EvalFrameDefault;PyEval_EvalCode;0x607fc2;0x6b4393;_PyRun_SimpleFileObject;_PyRun_AnyFileObject;Py_RunMain;Py_BytesMain;__libc_start_call_main;__libc_start_main@@GLIBC_2.34;_start;|, 35.767384, 100.00, 29.355000
2025-11-25T20:44:45.728402Z, 0xfffffffffffffe00;_PyEval_EvalFrameDefault;_PyObject_Call_Prepend;0x59da4f;0x599513;_PyObject_MakeTpCall;_PyEval_EvalFrameDefault;PyEval_EvalCode;0x5d2bac;0x5818ed;_PyEval_EvalFrameDefault;PyObject_Vectorcall;0x5a3d6d;0x5a39f2;_PyObject_LookupAttr;0x5d251a;_PyEval_EvalFrameDefault;0x54a0c7;PyObject_CallMethodObjArgs;PyImport_ImportModuleLevelObject;_PyEval_EvalFrameDefault;PyEval_EvalCode;0x607fc2;0x6b4393;_PyRun_SimpleFileObject;_PyRun_AnyFileObject;Py_RunMain;Py_BytesMain;__libc_start_call_main;__libc_start_main@@GLIBC_2.34;_start;|, 37.200131, 100.00, 29.355000
2025-11-25T20:44:45.733628Z, , 33.680922, 300.00, 29.355000
2025-11-25T20:44:45.738865Z, ί²λυ, 38.969798, 0.00, 29.355000
2025-11-25T20:44:45.745447Z, 0xfffffffffffffe00;0x76e31c084c59;0x76e31c08739e;0x76e31c093933;0x76e32c79968e;0x59e81f;0x581a6f;_PyObject_MakeTpCall;_PyEval_EvalFrameDefault;_PyObject_Call_Prepend;0x59e673;0x5994d7;_PyObject_MakeTpCall;_PyEval_EvalFrameDefault;0x54cf04;PyObject_Call;_PyEval_EvalFrameDefault;0x54cf04;PyObject_Call;_PyEval_EvalFrameDefault;0x54cf04;PyObject_Call;_PyEval_EvalFrameDefault;0x54cf04;PyObject_Call;_PyEval_EvalFrameDefault;0x54cf04;PyObject_Call;_PyEval_EvalFrameDefault;PyEval_EvalCode;0x607fc2;0x6b4393;_PyRun_SimpleFileObject;_PyRun_AnyFileObject;Py_RunMain;Py_BytesMain;__libc_start_call_main;__libc_start_main@@GLIBC_2.34;_start;|, 32.210953, 0.00, 29.355000
2025-11-25T20:44:45.751752Z, 0xfffffffffffffe00;0x76e1ca7ca824;0x76e1ca94d629;0x76e1ca7c956e;0x76e1ca7cbd01;0x76e1ca98c121;0x76e1ca6df94b;0x76e1ca6e0722;0x76e1ca6dfd76;0x76e1ca6e0722;0x76e1ca6dfd76;0x76e1ca6e0d12;0x76e1ca8ee22f;0x76e1ca95ed07;0x76e1ca95eec5;0x76e1ca97b288;0x76e31c08f443;0x76e32c799c69;0x551da6;PyObject_Vectorcall;_PyEval_EvalFrameDefault;0x54cf04;PyObject_Call;_PyEval_EvalFrameDefault;0x54cf04;PyObject_Call;_PyEval_EvalFrameDefault;0x54cf04;PyObject_Call;_PyEval_EvalFrameDefault;0x54cf04;PyObject_Call;_PyEval_EvalFrameDefault;0x54cf04;PyObject_Call;_PyEval_EvalFrameDefault;PyEval_EvalCode;0x607fc2;0x6b4393;_PyRun_SimpleFileObject;_PyRun_AnyFileObject;Py_RunMain;Py_BytesMain;__libc_start_call_main;__libc_start_main@@GLIBC_2.34;_start;|, 31.186154, 50.00, 29.355000
2025-11-25T20:44:45.758123Z, 0xfffffffffffffe00;pthread_rwlock_rdlock@GLIBC_2.2.5;0x76e1ca8305fd;0x76e1ca81ecd4;0x76e1ca81fe75;0x76e1ca7cafd8;0x76e1ca7cb74b;0x76e1ca905bdf;0x76e1ca8301ac;0x76e1ca90661c;0x76e1ca7cb08d;0x76e1ca7cbba8;0x76e1ca7cbcee;0x76e1ca98c121;0x76e1ca6df94b;0x76e1ca6e0722;0x76e1ca6dfd76;0x76e1ca6e0722;0x76e1ca6dfd76;0x76e1ca6e0d12;0x76e1ca8ee22f;0x76e1ca95ed07;0x76e1ca95eec5;0x76e1ca97b288;0x76e31c08f443;0x76e32c799c69;0x551da6;PyObject_Vectorcall;_PyEval_EvalFrameDefault;0x54cf04;PyObject_Call;_PyEval_EvalFrameDefault;0x54cf04;PyObject_Call;_PyEval_EvalFrameDefault;0x54cf04;PyObject_Call;_PyEval_EvalFrameDefault;0x54cf04;PyObject_Call;_PyEval_EvalFrameDefault;0x54cf04;PyObject_Call;_PyEval_EvalFrameDefault;PyEval_EvalCode;0x607fc2;0x6b4393;_PyRun_SimpleFileObject;_PyRun_AnyFileObject;Py_RunMain;Py_BytesMain;__libc_start_call_main;__libc_start_main@@GLIBC_2.34;_start;|, 34.757031, 100.00, 29.355000
2025-11-25T20:44:45.763336Z, , 28.014249, 200.00, 29.355000
2025-11-25T20:44:45.768558Z, , 29.767334, 0.00, 29.355000
2025-11-25T20:44:45.773783Z, , 27.264623, 0.00, 29.355000
2025-11-25T20:44:45.778976Z, , 29.653949, 0.00, 29.355000
2025-11-25T20:44:45.784202Z, , 24.568743, 0.00, 29.355000
2025-11-25T20:44:45.791092Z, 0xfffffffffffffe00;_PyEval_EvalFrameDefault;0x5d1fa4;0x5818ed;PyObject_Vectorcall;_PyEval_EvalFrameDefault;PyEval_EvalCode;0x5d2bac;0x5818ed;_PyEval_EvalFrameDefault;PyObject_Vectorcall;0x5a3d6d;0x5a39f2;_PyObject_LookupAttr;0x5d251a;_PyEval_EvalFrameDefault;0x54a0c7;PyObject_CallMethodObjArgs;PyImport_ImportModuleLevelObject;_PyEval_EvalFrameDefault;PyEval_EvalCode;0x5d2bac;0x5818ed;_PyEval_EvalFrameDefault;PyObject_Vectorcall;0x5a3d6d;0x5a39f2;_PyObject_LookupAttr;0x5d251a;0x581b07;PyObject_Vectorcall;_PyEval_EvalFrameDefault;0x5a0bf5;_PyEval_EvalFrameDefault;0x54cf04;PyObject_Call;_PyEval_EvalFrameDefault;PyEval_EvalCode;0x607fc2;0x6b4393;_PyRun_SimpleFileObject;_PyRun_AnyFileObject;Py_RunMain;Py_BytesMain;__libc_start_call_main;__libc_start_main@@GLIBC_2.34;_start;|, 30.516888, 0.00, 29.355000
2025-11-25T20:44:45.796289Z, , 25.543241, 0.00, 29.355000
2025-11-25T20:44:45.801472Z, , 28.361092, 0.00, 29.355000
2025-11-25T20:44:45.806652Z, , 26.441270, 0.00, 29.355000
2025-11-25T20:44:45.811836Z, , 27.145197, 0.00, 29.355000
2025-11-25T20:44:45.817052Z, , 21.491656, 0.00, 29.355000
2025-11-25T20:44:45.822224Z, , 26.570924, 0.00, 29.355000
2025-11-25T20:44:45.827391Z, , 33.282047, 0.00, 29.355000
2025-11-25T20:44:45.832572Z, , 25.537788, 0.00, 29.355000
2025-11-25T20:44:45.837779Z, , 17.657495, 0.00, 29.355000
2025-11-25T20:44:45.843008Z, , 14.398605, 0.00, 29.355000
2025-11-25T20:44:45.848569Z, , 10.448612, 0.00, 29.355000
2025-11-25T20:44:45.854083Z, , 14.461307, 0.00, 29.355000
2025-11-25T20:44:45.859625Z, , 11.992954, 0.00, 29.355000
2025-11-25T20:44:45.865100Z, , 18.065634, 0.00, 29.355000
2025-11-25T20:44:45.870665Z, , 22.650345, 0.00, 29.355000
2025-11-25T20:44:45.876033Z, , 30.822586, 0.00, 29.355000
2025-11-25T20:44:45.881446Z, , 33.214695, 0.00, 29.355000
2025-11-25T20:44:45.887887Z, 0xfffffffffffffe00;_Py_HashBytes;0x5a625a;PyDict_SetDefault;0x76e3324f8738;0x76e3324f87ee;0x76e3324f87ee;0x76e3324f8216;_PyObject_MakeTpCall;_PyEval_EvalFrameDefault;0x54cf04;PyObject_Call;_PyEval_EvalFrameDefault;0x54cf04;PyObject_Call;_PyEval_EvalFrameDefault;PyEval_EvalCode;0x607fc2;0x6b4393;_PyRun_SimpleFileObject;_PyRun_AnyFileObject;Py_RunMain;Py_BytesMain;__libc_start_call_main;__libc_start_main@@GLIBC_2.34;_start;|, 30.065074, 0.00, 29.355000
2025-11-25T20:44:45.894166Z, 0xfffffffffffffe00;0x76e3324fad1b;0x76e3324f8a83;0x76e3324f87ee;0x76e3324f87ee;0x76e3324f8216;_PyObject_MakeTpCall;_PyEval_EvalFrameDefault;0x54cf04;PyObject_Call;_PyEval_EvalFrameDefault;0x54cf04;PyObject_Call;_PyEval_EvalFrameDefault;PyEval_EvalCode;0x607fc2;0x6b4393;_PyRun_SimpleFileObject;_PyRun_AnyFileObject;Py_RunMain;Py_BytesMain;__libc_start_call_main;__libc_start_main@@GLIBC_2.34;_start;|, 40.459141, 100.00, 29.355000
2025-11-25T20:44:45.899570Z, , 39.870744, 200.00, 29.355000
2025-11-25T20:44:45.905122Z, 0xfffffffffffffe00;__libc_malloc;0x76e1c7885f38;0x3;0x0;|, 31.838711, 300.00, 29.355000
2025-11-25T20:44:45.910559Z, , 29.285637, 300.00, 29.355000
2025-11-25T20:44:45.915980Z, 0xfffffffffffffe00;__libc_malloc;0x76e1c787e869;|, 32.873771, 200.00, 29.355000
2025-11-25T20:44:45.921358Z, , 30.869858, 400.00, 29.355000
2025-11-25T20:44:45.926754Z, 0xffffffffffffff80;0xffffffffbaee9872;0xffffffffbb197616;0xffffffffbb10576c;0xffffffffbb10722e;0xffffffffbb0f04be;0xffffffffbb0f1971;0xffffffffbb0f1fcc;0xffffffffbb0f2229;0xffffffffbad55662;0xffffffffbbedd385;0xffffffffbaa00bb7;0xfffffffffffffe00;0x76e1c79d0a23;0xffff;0xffffffffffffffff;|, 36.148082, 500.00, 29.355000
2025-11-25T20:44:45.931968Z, , 33.112246, 500.00, 29.355000
2025-11-25T20:44:45.937284Z, 0xfffffffffffffe00;__libc_malloc;0x76e1c7cd2b30;0x76e1c7aeedf4;|, 31.304758, 300.00, 29.355000
2025-11-25T20:44:45.942784Z, 0xfffffffffffffe00;_int_free;free;0x76e1c78b8bf2;0x9;|, 29.951476, 600.00, 29.355000
2025-11-25T20:44:45.947946Z, , 27.518313, 0.00, 29.355000
2025-11-25T20:44:45.953211Z, , 32.543368, 0.00, 29.355000
2025-11-25T20:44:45.958444Z, , 27.237640, 0.00, 29.355000
2025-11-25T20:44:45.963607Z, , 17.877536, 0.00, 29.355000
2025-11-25T20:44:45.968823Z, , 25.833926, 0.00, 29.355000
2025-11-25T20:44:45.974031Z, , 30.511392, 0.00, 29.355000
2025-11-25T20:44:45.979265Z, , 31.357468, 0.00, 29.355000
2025-11-25T20:44:45.986232Z, 0xfffffffffffffe00;0x5f3bdf;0x5ee82f;0x5ecaae;0x5e4fd9;_PyAST_Compile;PyRun_StringFlags;0x5d2c59;_PyEval_EvalFrameDefault;PyEval_EvalCode;0x5d2bac;0x5818ed;_PyEval_EvalFrameDefault;0x54a0c7;PyObject_CallMethodObjArgs;PyImport_ImportModuleLevelObject;_PyEval_EvalFrameDefault;PyEval_EvalCode;0x5d2bac;0x5818ed;_PyEval_EvalFrameDefault;0x54a0c7;PyObject_CallMethodObjArgs;PyImport_ImportModuleLevelObject;_PyEval_EvalFrameDefault;PyEval_EvalCode;0x5d2bac;0x5818ed;_PyEval_EvalFrameDefault;PyObject_Vectorcall;0x5a3d6d;0x5a39f2;_PyObject_LookupAttr;0x5d251a;_PyEval_EvalFrameDefault;0x5a0bf5;_PyEval_EvalFrameDefault;PyEval_EvalCode;0x607fc2;0x6b4393;_PyRun_SimpleFileObject;_PyRun_AnyFileObject;Py_RunMain;Py_BytesMain;__libc_start_call_main;__libc_start_main@@GLIBC_2.34;_start;|, 22.093213, 0.00, 29.355000
2025-11-25T20:44:45.994037Z, 0xfffffffffffffe00;PyTuple_Pack;0x5ef90f;0x5cd82f;0x5ee9e1;_PyAST_Compile;Py_CompileStringObject;0x69b4b0;_PyEval_EvalFrameDefault;_PyObject_Call_Prepend;0x59da4f;0x599513;_PyObject_MakeTpCall;_PyEval_EvalFrameDefault;0x5554a6;PySequence_Tuple;_PyEval_EvalFrameDefault;0x64ef83;PyObject_Call;_PyEval_EvalFrameDefault;0x5a0bf5;_PyEval_EvalFrameDefault;0x5d1fa4;0x5818ed;PyObject_Vectorcall;_PyEval_EvalFrameDefault;PyEval_EvalCode;0x5d2bac;0x5818ed;_PyEval_EvalFrameDefault;0x54a0c7;PyObject_CallMethodObjArgs;PyImport_ImportModuleLevelObject;_PyEval_EvalFrameDefault;PyEval_EvalCode;0x5d2bac;0x5818ed;_PyEval_EvalFrameDefault;0x54a0c7;PyObject_CallMethodObjArgs;PyImport_ImportModuleLevelObject;_PyEval_EvalFrameDefault;PyEval_EvalCode;0x5d2bac;0x5818ed;_PyEval_EvalFrameDefault;0x54a0c7;PyObject_CallMethodObjArgs;PyImport_ImportModuleLevelObject;_PyEval_EvalFrameDefault;PyEval_EvalCode;0x5d2bac;0x5818ed;_PyEval_EvalFrameDefault;PyObject_Vectorcall;0x5a3d6d;0x5a39f2;_PyObject_LookupAttr;0x5d251a;_PyEval_EvalFrameDefault;0x5a0bf5;_PyEval_EvalFrameDefault;PyEval_EvalCode;0x607fc2;0x6b4393;_PyRun_SimpleFileObject;_PyRun_AnyFileObject;Py_RunMain;Py_BytesMain;__libc_start_call_main;__libc_start_main@@GLIBC_2.34;_start;|, 31.442374, 0.00, 29.355000
2025-11-25T20:44:45.999286Z, ί²λυ, 31.850215, 50.00, 27.349000
2025-11-25T20:44:46.008509Z, 0xfffffffffffffe00;_PyType_Lookup;_PyObject_GenericGetAttrWithDict;PyObject_GetAttr;_PyEval_EvalFrameDefault;0x54a0c7;PyObject_CallMethodObjArgs;PyImport_ImportModuleLevelObject;_PyEval_EvalFrameDefault;PyEval_EvalCode;0x5d2bac;0x5818ed;_PyEval_EvalFrameDefault;0x54a0c7;PyObject_CallMethodObjArgs;PyImport_ImportModuleLevelObject;_PyEval_EvalFrameDefault;PyEval_EvalCode;0x5d2bac;0x5818ed;_PyEval_EvalFrameDefault;0x54a0c7;PyObject_CallMethodObjArgs;PyImport_ImportModuleLevelObject;0x5d2ef4;0x5818ed;_PyEval_EvalFrameDefault;0x54a0c7;PyObject_CallMethodObjArgs;PyImport_ImportModuleLevelObject;_PyEval_EvalFrameDefault;PyEval_EvalCode;0x5d2bac;0x5818ed;_PyEval_EvalFrameDefault;0x54a0c7;PyObject_CallMethodObjArgs;PyImport_ImportModuleLevelObject;_PyEval_EvalFrameDefault;PyEval_EvalCode;0x5d2bac;0x5818ed;_PyEval_EvalFrameDefault;0x54a0c7;PyObject_CallMethodObjArgs;PyImport_ImportModuleLevelObject;0x5d2ef4;0x5818ed;_PyEval_EvalFrameDefault;0x54a0c7;PyObject_CallMethodObjArgs;PyImport_ImportModuleLevelObject;_PyEval_EvalFrameDefault;PyEval_EvalCode;0x5d2bac;0x5818ed;_PyEval_EvalFrameDefault;0x54a0c7;PyObject_CallMethodObjArgs;PyImport_ImportModuleLevelObject;0x5d2ef4;0x5818ed;_PyEval_EvalFrameDefault;0x54a0c7;PyObject_CallMethodObjArgs;PyImport_ImportModuleLevelObject;_PyEval_EvalFrameDefault;PyEval_EvalCode;0x5d2bac;0x5818ed;_PyEval_EvalFrameDefault;0x54a0c7;PyObject_CallMethodObjArgs;PyImport_ImportModuleLevelObject;_PyEval_EvalFrameDefault;PyEval_EvalCode;0x5d2bac;0x5818ed;_PyEval_EvalFrameDefault;0x54a0c7;PyObject_CallMethodObjArgs;PyImport_ImportModuleLevelObject;_PyEval_EvalFrameDefault;PyEval_EvalCode;0x5d2bac;0x5818ed;_PyEval_EvalFrameDefault;0x54a0c7;PyObject_CallMethodObjArgs;PyImport_ImportModuleLevelObject;_PyEval_EvalFrameDefault;PyEval_EvalCode;0x5d2bac;0x5818ed;_PyEval_EvalFrameDefault;PyObject_Vectorcall;0x5a3d6d;0x5a39f2;_PyObject_LookupAttr;0x5d251a;_PyEval_EvalFrameDefault;0x5a0bf5;_PyEval_EvalFrameDefault;PyEval_EvalCode;0x607fc2;0x6b4393;_PyRun_SimpleFileObject;_PyRun_AnyFileObject;Py_RunMain;Py_BytesMain;__libc_start_call_main;__libc_start_main@@GLIBC_2.34;_start;|, 30.731574, 200.00, 27.349000
2025-11-25T20:44:46.013709Z, , 34.648021, 150.00, 27.349000
2025-11-25T20:44:46.021905Z, 0xfffffffffffffe00;0x61cfd8;0x61c23e;0x61bbc1;0x5fba23;_PyEval_EvalFrameDefault;0x54a0c7;PyObject_CallMethodObjArgs;PyImport_ImportModuleLevelObject;_PyEval_EvalFrameDefault;PyEval_EvalCode;0x5d2bac;0x5818ed;_PyEval_EvalFrameDefault;0x54a0c7;PyObject_CallMethodObjArgs;PyImport_ImportModuleLevelObject;0x5d2ef4;0x5818ed;_PyEval_EvalFrameDefault;0x54a0c7;PyObject_CallMethodObjArgs;PyImport_ImportModuleLevelObject;_PyEval_EvalFrameDefault;PyEval_EvalCode;0x5d2bac;0x5818ed;_PyEval_EvalFrameDefault;0x54a0c7;PyObject_CallMethodObjArgs;PyImport_ImportModuleLevelObject;0x5d2ef4;0x5818ed;_PyEval_EvalFrameDefault;0x54a0c7;PyObject_CallMethodObjArgs;PyImport_ImportModuleLevelObject;_PyEval_EvalFrameDefault;PyEval_EvalCode;0x5d2bac;0x5818ed;_PyEval_EvalFrameDefault;0x54a0c7;PyObject_CallMethodObjArgs;PyImport_ImportModuleLevelObject;_PyEval_EvalFrameDefault;PyEval_EvalCode;0x5d2bac;0x5818ed;_PyEval_EvalFrameDefault;0x54a0c7;PyObject_CallMethodObjArgs;PyImport_ImportModuleLevelObject;_PyEval_EvalFrameDefault;PyEval_EvalCode;0x5d2bac;0x5818ed;_PyEval_EvalFrameDefault;0x54a0c7;PyObject_CallMethodObjArgs;PyImport_ImportModuleLevelObject;_PyEval_EvalFrameDefault;PyEval_EvalCode;0x5d2bac;0x5818ed;_PyEval_EvalFrameDefault;PyObject_Vectorcall;0x5a3d6d;0x5a39f2;_PyObject_LookupAttr;0x5d251a;_PyEval_EvalFrameDefault;0x5a0bf5;_PyEval_EvalFrameDefault;PyEval_EvalCode;0x607fc2;0x6b4393;_PyRun_SimpleFileObject;_PyRun_AnyFileObject;Py_RunMain;Py_BytesMain;__libc_start_call_main;__libc_start_main@@GLIBC_2.34;_start;|, 32.653562, 400.00, 27.349000
2025-11-25T20:44:46.030254Z, 0xfffffffffffffe00;_PyEval_EvalFrameDefault;_PyObject_Call_Prepend;0x59da4f;0x599513;_PyObject_MakeTpCall;_PyEval_EvalFrameDefault;PyEval_EvalCode;0x5d2bac;0x5818ed;_PyEval_EvalFrameDefault;0x54a0c7;PyObject_CallMethodObjArgs;PyImport_ImportModuleLevelObject;_PyEval_EvalFrameDefault;PyEval_EvalCode;0x5d2bac;0x5818ed;_PyEval_EvalFrameDefault;0x54a0c7;PyObject_CallMethodObjArgs;PyImport_ImportModuleLevelObject;0x5d2ef4;0x5818ed;_PyEval_EvalFrameDefault;0x54a0c7;PyObject_CallMethodObjArgs;PyImport_ImportModuleLevelObject;_PyEval_EvalFrameDefault;PyEval_EvalCode;0x5d2bac;0x5818ed;_PyEval_EvalFrameDefault;0x54a0c7;PyObject_CallMethodObjArgs;PyImport_ImportModuleLevelObject;0x5d2ef4;0x5818ed;_PyEval_EvalFrameDefault;0x54a0c7;PyObject_CallMethodObjArgs;PyImport_ImportModuleLevelObject;_PyEval_EvalFrameDefault;PyEval_EvalCode;0x5d2bac;0x5818ed;_PyEval_EvalFrameDefault;0x54a0c7;PyObject_CallMethodObjArgs;PyImport_ImportModuleLevelObject;_PyEval_EvalFrameDefault;PyEval_EvalCode;0x5d2bac;0x5818ed;_PyEval_EvalFrameDefault;0x54a0c7;PyObject_CallMethodObjArgs;PyImport_ImportModuleLevelObject;_PyEval_EvalFrameDefault;PyEval_EvalCode;0x5d2bac;0x5818ed;_PyEval_EvalFrameDefault;0x54a0c7;PyObject_CallMethodObjArgs;PyImport_ImportModuleLevelObject;_PyEval_EvalFrameDefault;PyEval_EvalCode;0x5d2bac;0x5818ed;_PyEval_EvalFrameDefault;PyObject_Vectorcall;0x5a3d6d;0x5a39f2;_PyObject_LookupAttr;0x5d251a;_PyEval_EvalFrameDefault;0x5a0bf5;_PyEval_EvalFrameDefault;PyEval_EvalCode;0x607fc2;0x6b4393;_PyRun_SimpleFileObject;_PyRun_AnyFileObject;Py_RunMain;Py_BytesMain;__libc_start_call_main;__libc_start_main@@GLIBC_2.34;_start;|, 32.004646, 200.00, 27.349000
2025-11-25T20:44:46.038543Z, 0xffffffffffffff80;0xffffffffbb0938ed;0xffffffffbb07ff3d;0xffffffffbb08172b;0xffffffffbb2c3390;0xffffffffbb1bed48;0xffffffffbb1bfc02;0xffffffffbb1bfca9;0xffffffffbac84851;0xffffffffbbed678e;0xffffffffbaa0012b;0xfffffffffffffe00;read;_Py_read;0x638a8e;0x58165a;0x63a48f;_PyEval_EvalFrameDefault;0x54a0c7;PyObject_CallMethodObjArgs;PyImport_ImportModuleLevelObject;_PyEval_EvalFrameDefault;PyEval_EvalCode;0x5d2bac;0x5818ed;_PyEval_EvalFrameDefault;0x54a0c7;PyObject_CallMethodObjArgs;PyImport_ImportModuleLevelObject;0x5d2ef4;0x5818ed;_PyEval_EvalFrameDefault;0x54a0c7;PyObject_CallMethodObjArgs;PyImport_ImportModuleLevelObject;_PyEval_EvalFrameDefault;PyEval_EvalCode;0x5d2bac;0x5818ed;_PyEval_EvalFrameDefault;0x54a0c7;PyObject_CallMethodObjArgs;PyImport_ImportModuleLevelObject;0x5d2ef4;0x5818ed;_PyEval_EvalFrameDefault;0x54a0c7;PyObject_CallMethodObjArgs;PyImport_ImportModuleLevelObject;_PyEval_EvalFrameDefault;PyEval_EvalCode;0x5d2bac;0x5818ed;_PyEval_EvalFrameDefault;0x54a0c7;PyObject_CallMethodObjArgs;PyImport_ImportModuleLevelObject;_PyEval_EvalFrameDefault;PyEval_EvalCode;0x5d2bac;0x5818ed;_PyEval_EvalFrameDefault;0x54a0c7;PyObject_CallMethodObjArgs;PyImport_ImportModuleLevelObject;_PyEval_EvalFrameDefault;PyEval_EvalCode;0x5d2bac;0x5818ed;_PyEval_EvalFrameDefault;0x54a0c7;PyObject_CallMethodObjArgs;PyImport_ImportModuleLevelObject;_PyEval_EvalFrameDefault;PyEval_EvalCode;0x5d2bac;0x5818ed;_PyEval_EvalFrameDefault;PyObject_Vectorcall;0x5a3d6d;0x5a39f2;_PyObject_LookupAttr;0x5d251a;_PyEval_EvalFrameDefault;0x5a0bf5;_PyEval_EvalFrameDefault;PyEval_EvalCode;0x607fc2;0x6b4393;_PyRun_SimpleFileObject;_PyRun_AnyFileObject;Py_RunMain;Py_BytesMain;__libc_start_call_main;__libc_start_main@@GLIBC_2.34;_start;|, 36.495121, 166.67, 27.349000
2025-11-25T20:44:46.043768Z, , 34.310240, 300.00, 27.349000
2025-11-25T20:44:46.052449Z, 0xfffffffffffffe00;_PyEval_EvalFrameDefault;PyEval_EvalCode;0x5d2bac;0x5818ed;_PyEval_EvalFrameDefault;0x54a0c7;PyObject_CallMethodObjArgs;PyImport_ImportModuleLevelObject;_PyEval_EvalFrameDefault;PyEval_EvalCode;0x5d2bac;0x5818ed;_PyEval_EvalFrameDefault;0x54a0c7;PyObject_CallMethodObjArgs;PyImport_ImportModuleLevelObject;0x5d2ef4;0x5818ed;_PyEval_EvalFrameDefault;0x54a0c7;PyObject_CallMethodObjArgs;PyImport_ImportModuleLevelObject;_PyEval_EvalFrameDefault;PyEval_EvalCode;0x5d2bac;0x5818ed;_PyEval_EvalFrameDefault;0x54a0c7;PyObject_CallMethodObjArgs;PyImport_ImportModuleLevelObject;0x5d2ef4;0x5818ed;_PyEval_EvalFrameDefault;0x54a0c7;PyObject_CallMethodObjArgs;PyImport_ImportModuleLevelObject;_PyEval_EvalFrameDefault;PyEval_EvalCode;0x5d2bac;0x5818ed;_PyEval_EvalFrameDefault;0x54a0c7;PyObject_CallMethodObjArgs;PyImport_ImportModuleLevelObject;0x5d2ef4;0x5818ed;_PyEval_EvalFrameDefault;0x54a0c7;PyObject_CallMethodObjArgs;PyImport_ImportModuleLevelObject;_PyEval_EvalFrameDefault;PyEval_EvalCode;0x5d2bac;0x5818ed;_PyEval_EvalFrameDefault;0x54a0c7;PyObject_CallMethodObjArgs;PyImport_ImportModuleLevelObject;_PyEval_EvalFrameDefault;PyEval_EvalCode;0x5d2bac;0x5818ed;_PyEval_EvalFrameDefault;0x54a0c7;PyObject_CallMethodObjArgs;PyImport_ImportModuleLevelObject;_PyEval_EvalFrameDefault;PyEval_EvalCode;0x5d2bac;0x5818ed;_PyEval_EvalFrameDefault;0x54a0c7;PyObject_CallMethodObjArgs;PyImport_ImportModuleLevelObject;_PyEval_EvalFrameDefault;PyEval_EvalCode;0x5d2bac;0x5818ed;_PyEval_EvalFrameDefault;PyObject_Vectorcall;0x5a3d6d;0x5a39f2;_PyObject_LookupAttr;0x5d251a;_PyEval_EvalFrameDefault;0x5a0bf5;_PyEval_EvalFrameDefault;PyEval_EvalCode;0x607fc2;0x6b4393;_PyRun_SimpleFileObject;_PyRun_AnyFileObject;Py_RunMain;Py_BytesMain;__libc_start_call_main;__libc_start_main@@GLIBC_2.34;_start;|, 68.582560, 350.00, 27.349000
2025-11-25T20:44:46.060229Z, 0xfffffffffffffe00;0x5e2f34;0x54cea2;_PyEval_EvalFrameDefault;0x54cea2;_PyEval_EvalFrameDefault;0x54a0c7;PyObject_CallMethodObjArgs;PyImport_ImportModuleLevelObject;_PyEval_EvalFrameDefault;PyEval_EvalCode;0x5d2bac;0x5818ed;_PyEval_EvalFrameDefault;0x54a0c7;PyObject_CallMethodObjArgs;PyImport_ImportModuleLevelObject;_PyEval_EvalFrameDefault;PyEval_EvalCode;0x5d2bac;0x5818ed;_PyEval_EvalFrameDefault;0x54a0c7;PyObject_CallMethodObjArgs;PyImport_ImportModuleLevelObject;_PyEval_EvalFrameDefault;PyEval_EvalCode;0x5d2bac;0x5818ed;_PyEval_EvalFrameDefault;0x54a0c7;PyObject_CallMethodObjArgs;PyImport_ImportModuleLevelObject;_PyEval_EvalFrameDefault;PyEval_EvalCode;0x5d2bac;0x5818ed;_PyEval_EvalFrameDefault;0x54a0c7;PyObject_CallMethodObjArgs;PyImport_ImportModuleLevelObject;_PyEval_EvalFrameDefault;PyEval_EvalCode;0x5d2bac;0x5818ed;_PyEval_EvalFrameDefault;0x54a0c7;PyObject_CallMethodObjArgs;PyImport_ImportModuleLevelObject;_PyEval_EvalFrameDefault;PyEval_EvalCode;0x5d2bac;0x5818ed;_PyEval_EvalFrameDefault;PyObject_Vectorcall;0x5a3d6d;0x5a39f2;_PyObject_LookupAttr;0x5d251a;_PyEval_EvalFrameDefault;0x5a0bf5;_PyEval_EvalFrameDefault;PyEval_EvalCode;0x607fc2;0x6b4393;_PyRun_SimpleFileObject;_PyRun_AnyFileObject;Py_RunMain;Py_BytesMain;__libc_start_call_main;__libc_start_main@@GLIBC_2.34;_start;|, 42.506789, 350.00, 27.349000
2025-11-25T20:44:46.067760Z, 0xffffffffffffff80;0xffffffffbb089f92;0xffffffffbb2198aa;0xffffffffbb21992e;0xffffffffbb219a62;0xffffffffbb21a3f0;0xffffffffbb429862;0xffffffffbb429b50;0xffffffffbb4418d6;0xffffffffbb44251d;0xffffffffbb43dead;0xffffffffbb43e027;0xffffffffbb3c872c;0xffffffffbb1c7b67;0xffffffffbb1c864e;0xffffffffbb1c86f4;0xffffffffbb1c876c;0xffffffffbac8510c;0xffffffffbbed678e;0xffffffffbaa0012b;0xfffffffffffffe00;fstatat64;_PyEval_EvalFrameDefault;0x5554a6;PyIter_Next;0x6412a0;0x5d3843;0x64128a;0x5d3afc;_PyEval_EvalFrameDefault;0x64ef83;_PyObject_MakeTpCall;_PyEval_EvalFrameDefault;PyEval_EvalCode;0x5d2bac;0x5818ed;_PyEval_EvalFrameDefault;0x54a0c7;PyObject_CallMethodObjArgs;PyImport_ImportModuleLevelObject;_PyEval_EvalFrameDefault;PyEval_EvalCode;0x5d2bac;0x5818ed;_PyEval_EvalFrameDefault;0x54a0c7;PyObject_CallMethodObjArgs;PyImport_ImportModuleLevelObject;_PyEval_EvalFrameDefault;PyEval_EvalCode;0x5d2bac;0x5818ed;_PyEval_EvalFrameDefault;0x54a0c7;PyObject_CallMethodObjArgs;PyImport_ImportModuleLevelObject;_PyEval_EvalFrameDefault;PyEval_EvalCode;0x5d2bac;0x5818ed;_PyEval_EvalFrameDefault;PyObject_Vectorcall;0x5a3d6d;0x5a39f2;_PyObject_LookupAttr;0x5d251a;_PyEval_EvalFrameDefault;0x5a0bf5;_PyEval_EvalFrameDefault;PyEval_EvalCode;0x607fc2;0x6b4393;_PyRun_SimpleFileObject;_PyRun_AnyFileObject;Py_RunMain;Py_BytesMain;__libc_start_call_main;__libc_start_main@@GLIBC_2.34;_start;|, 36.069506, 266.67, 27.349000
2025-11-25T20:44:46.074514Z, 0xfffffffffffffe00;0x59f93d;0x61c23e;0x61bbc1;0x5fba23;_PyEval_EvalFrameDefault;0x5a2de6;PyNumber_And;_PyEval_EvalFrameDefault;_PyObject_Call_Prepend;0x59da4f;0x599513;_PyObject_MakeTpCall;_PyEval_EvalFrameDefault;PyEval_EvalCode;0x5d2bac;0x5818ed;_PyEval_EvalFrameDefault;0x54a0c7;PyObject_CallMethodObjArgs;PyImport_ImportModuleLevelObject;_PyEval_EvalFrameDefault;PyEval_EvalCode;0x5d2bac;0x5818ed;_PyEval_EvalFrameDefault;PyObject_Vectorcall;0x5a3d6d;0x5a39f2;_PyObject_LookupAttr;0x5d251a;_PyEval_EvalFrameDefault;0x5a0bf5;_PyEval_EvalFrameDefault;PyEval_EvalCode;0x607fc2;0x6b4393;_PyRun_SimpleFileObject;_PyRun_AnyFileObject;Py_RunMain;Py_BytesMain;__libc_start_call_main;__libc_start_main@@GLIBC_2.34;_start;|, 33.885558, 900.00, 27.349000
2025-11-25T20:44:46.080924Z, 0xfffffffffffffe00;_PyUnicode_JoinArray;PyUnicode_Join;0x647c66;0x6475c9;0x5522fe;PyObject_Vectorcall;_PyEval_EvalFrameDefault;0x5d1fa4;0x5818ed;PyObject_Vectorcall;_PyEval_EvalFrameDefault;PyEval_EvalCode;0x5d2bac;0x5818ed;_PyEval_EvalFrameDefault;PyObject_Vectorcall;0x5a3d6d;0x5a39f2;_PyObject_LookupAttr;0x5d251a;_PyEval_EvalFrameDefault;0x5a0bf5;_PyEval_EvalFrameDefault;PyEval_EvalCode;0x607fc2;0x6b4393;_PyRun_SimpleFileObject;_PyRun_AnyFileObject;Py_RunMain;Py_BytesMain;__libc_start_call_main;__libc_start_main@@GLIBC_2.34;_start;|, 33.780319, 500.00, 27.349000
2025-11-25T20:44:46.086213Z, ί²λυ, 44.257079, 200.00, 27.349000
2025-11-25T20:44:46.091394Z, , 102.647466, 192.31, 27.349000
2025-11-25T20:44:46.096612Z, , 107.771807, 318.18, 27.349000
2025-11-25T20:44:46.101752Z, , 61.398432, 800.00, 27.349000
2025-11-25T20:44:46.106887Z, , 41.686207, 4100.00, 27.349000
2025-11-25T20:44:46.112021Z, , 31.271374, 4100.00, 27.349000
2025-11-25T20:44:46.117218Z, , 39.281050, 0.00, 27.349000
2025-11-25T20:44:46.122370Z, , 33.197576, 0.00, 27.349000
2025-11-25T20:44:46.127519Z, , 30.032369, 0.00, 27.349000
2025-11-25T20:44:46.132726Z, , 26.638341, 0.00, 27.349000
2025-11-25T20:44:46.137918Z, , 26.934342, 0.00, 27.349000
2025-11-25T20:44:46.143108Z, , 27.350755, 0.00, 27.349000
2025-11-25T20:44:46.148297Z, , 31.521503, 0.00, 27.349000
2025-11-25T20:44:46.153427Z, , 25.796803, 0.00, 27.349000
2025-11-25T20:44:46.158550Z, , 29.982495, 0.00, 27.349000
2025-11-25T20:44:46.163734Z, , 26.659369, 0.00, 27.349000
2025-11-25T20:44:46.168950Z, , 22.222701, 0.00, 27.349000
2025-11-25T20:44:46.174214Z, , 27.955376, 0.00, 27.349000
2025-11-25T20:44:46.179480Z, , 29.526721, 0.00, 27.349000
2025-11-25T20:44:46.184871Z, , 27.153600, 0.00, 27.349000
2025-11-25T20:44:46.190199Z, , 20.594368, 0.00, 27.349000
2025-11-25T20:44:46.195598Z, , 27.828875, 0.00, 27.349000
2025-11-25T20:44:46.200997Z, , 22.880771, 0.00, 27.349000
2025-11-25T20:44:46.206465Z, , 23.938738, 0.00, 27.349000
2025-11-25T20:44:46.211713Z, , 25.403098, 0.00, 27.349000
2025-11-25T20:44:46.216958Z, , 24.142767, 0.00, 27.349000
2025-11-25T20:44:46.222283Z, , 23.788052, 0.00, 27.349000
2025-11-25T20:44:46.227550Z, , 25.405219, 0.00, 27.349000
2025-11-25T20:44:46.232838Z, , 26.046765, 0.00, 27.349000
2025-11-25T20:44:46.238082Z, , 29.621212, 0.00, 27.349000
2025-11-25T20:44:46.243322Z, , 21.101969, 0.00, 27.349000
2025-11-25T20:44:46.248546Z, , 22.611017, 0.00, 27.349000
2025-11-25T20:44:46.255293Z, 0xfffffffffffffe00;PyObject_Malloc;_PyObject_GC_New;PyMethod_New;_PyObject_GenericGetAttrWithDict;0x5a372c;PyObject_GetAttr;_PyObject_GetMethod;_PyEval_EvalFrameDefault;0x54cf04;PyObject_Call;_PyEval_EvalFrameDefault;PyEval_EvalCode;0x607fc2;0x6b4393;_PyRun_SimpleFileObject;_PyRun_AnyFileObject;Py_RunMain;Py_BytesMain;__libc_start_call_main;__libc_start_main@@GLIBC_2.34;_start;|, 50.036570, 75.00, 27.349000
2025-11-25T20:44:46.260628Z, , 73.633139, 107.69, 27.349000
2025-11-25T20:44:46.267126Z, 0xfffffffffffffe00;PyObject_GenericGetDict;_PyObject_GenericGetAttrWithDict;0x5a372c;PyObject_GetAttr;_PyEval_EvalFrameDefault;PyObject_Vectorcall;0x5a379d;PyObject_GetAttr;_PyEval_EvalFrameDefault;0x54cf04;PyObject_Call;_PyEval_EvalFrameDefault;PyEval_EvalCode;0x607fc2;0x6b4393;_PyRun_SimpleFileObject;_PyRun_AnyFileObject;Py_RunMain;Py_BytesMain;__libc_start_call_main;__libc_start_main@@GLIBC_2.34;_start;|, 87.732515, 225.00, 27.349000
2025-11-25T20:44:46.272584Z, , 72.606927, 300.00, 27.349000
2025-11-25T20:44:46.278026Z, , 35.012216, 880.00, 27.349000
2025-11-25T20:44:46.283503Z, , 27.762231, 816.67, 27.349000
2025-11-25T20:44:46.288815Z, , 31.113313, 0.00, 27.349000
2025-11-25T20:44:46.294141Z, , 15.654555, 0.00, 27.349000
2025-11-25T20:44:46.299411Z, , 15.769613, 0.00, 27.349000
2025-11-25T20:44:46.304730Z, , 12.392641, 0.00, 27.349000
2025-11-25T20:44:46.310044Z, , 11.145107, 0.00, 27.349000
2025-11-25T20:44:46.315451Z, ί²λυ, 14.016473, 0.00, 27.349000
2025-11-25T20:44:46.321027Z, , 17.857930, 100.00, 27.349000
2025-11-25T20:44:46.326461Z, , 16.646512, 100.00, 27.349000
2025-11-25T20:44:46.331848Z, , 22.523089, 100.00, 27.349000
2025-11-25T20:44:46.337923Z, 0xffffffffffffff80;0xffffffffc16482f0;0xffffffffc18b210f;0xffffffffc18b21c8;0xffffffffc174c8cf;0xffffffffc1753836;0xffffffffc1755710;0xffffffffc1880ded;0xffffffffc18931bf;0xffffffffc17e8ca9;0xffffffffc18d5ed9;0xffffffffc18dcb1e;0xffffffffc1858482;0xffffffffc1858ed9;0xffffffffc18590df;0xffffffffc185b2fd;0xffffffffc16444fb;0xffffffffc164c746;0xffffffffc15116b9;0xffffffffbb1dde74;0xffffffffbac83f9e;0xffffffffbbed678e;0xffffffffbaa0012b;0xfffffffffffffe00;ioctl;0x76e32cc8e028;0x76e32cc981fc;0x76e32cc79dc7;0x76e32ca52e2b;0x76e32ca6ce43;0x76e32ca6ec36;0x76e32ca6edac;0x76e32c99af59;0x76e32cb3560a;cuDevicePrimaryCtxRetain;0x76e328a413a9;0x76e328a414a4;0x76e328a41603;0x76e328a421c0;0x76e328a3a641;0x76e328a11bd8;0x76e328a4ae0f;0x76e328dff35f;|, 31.004079, 100.00, 27.349000
2025-11-25T20:44:46.343349Z, , 26.191901, 0.00, 27.349000
2025-11-25T20:44:46.348721Z, ί²λυ, 29.174095, 50.00, 27.349000
2025-11-25T20:44:46.355024Z, 0xffffffffffffff80;0xffffffffbad590a5;0xffffffffc15232a2;0xffffffffc1522b63;0xffffffffc150fb81;0xffffffffc1647273;0xffffffffc1784a08;0xffffffffc182cd0e;0xffffffffc15995ba;0xffffffffc18cf78a;0xffffffffc184f0c7;0xffffffffc18d4a7a;0xffffffffc184e25b;0xffffffffc18d8284;0xffffffffc184ed70;0xffffffffc184f2d5;0xffffffffc185baff;0xffffffffc16446b3;0xffffffffc164c746;0xffffffffc15116b9;0xffffffffbb1dde74;0xffffffffbac83f9e;0xffffffffbbed678e;0xffffffffbaa0012b;0xfffffffffffffe00;ioctl;0x76e32cc8e028;0x76e32cc99ffa;0x76e32cc7cbfc;0x76e32cca115c;0x76e32cc1f39a;0x76e32cc20794;0x76e32cc2133b;0x76e32cc238de;0x76e32cc252bb;0x76e32cc65709;0x76e32cbbf5cd;0x76e32cc6f0d6;0x76e32ca22de2;0x76e32ca295be;0x76e32ca6c862;0x76e32ca6ec36;0x76e32ca6edac;0x76e32c99af59;0x76e32cb3560a;cuDevicePrimaryCtxRetain;0x76e328a413a9;0x76e328a414a4;0x76e328a41603;0x76e328a421c0;0x76e328a3a641;0x76e328a11bd8;0x76e328a4ae0f;0x76e328dff35f;|, 36.339511, 0.00, 27.349000
2025-11-25T20:44:46.362293Z, 0xffffffffffffff80;0xffffffffbad90e25;0xffffffffbad930b2;0xffffffffbad5f99a;0xffffffffbad6002b;0xffffffffbad5e29f;0xffffffffbad5e3b3;0xffffffffc1522e56;0xffffffffc150fb81;0xffffffffc1647273;0xffffffffc1784a08;0xffffffffc182cd0e;0xffffffffc15995ba;0xffffffffc18cf78a;0xffffffffc184f0c7;0xffffffffc18d4a7a;0xffffffffc184e25b;0xffffffffc18d8284;0xffffffffc184ed70;0xffffffffc184f2d5;0xffffffffc185baff;0xffffffffc16446b3;0xffffffffc164c746;0xffffffffc15116b9;0xffffffffbb1dde74;0xffffffffbac83f9e;0xffffffffbbed678e;0xffffffffbaa0012b;0xfffffffffffffe00;ioctl;0x76e32cc8e028;0x76e32cc99ffa;0x76e32cc7cbfc;0x76e32cca115c;0x76e32cc1f39a;0x76e32cc20794;0x76e32cc2133b;0x76e32cc238de;0x76e32cc252bb;0x76e32cc65709;0x76e32cbbf5cd;0x76e32cc6f0d6;0x76e32ca22de2;0x76e32ca295be;0x76e32ca6c862;0x76e32ca6ec36;0x76e32ca6edac;0x76e32c99af59;0x76e32cb3560a;cuDevicePrimaryCtxRetain;0x76e328a413a9;0x76e328a414a4;0x76e328a41603;0x76e328a421c0;0x76e328a3a641;0x76e328a11bd8;0x76e328a4ae0f;0x76e328dff35f;|0xffffffffffffff80;0xffffffffbad5c63c;0xffffffffbad5c7ba;0xffffffffbad5d916;0xffffffffbad5dc60;0xffffffffbad5e187;0xffffffffbad5e322;0xffffffffbad5e3b3;0xffffffffc1522e56;0xffffffffc150fb81;0xffffffffc1647273;0xffffffffc1784a08;0xffffffffc182cd0e;0xffffffffc15995ba;0xffffffffc18cf78a;0xffffffffc184f0c7;0xffffffffc18d4a7a;0xffffffffc184e25b;0xffffffffc18d8284;0xffffffffc184ed70;0xffffffffc184f2d5;0xffffffffc185baff;0xffffffffc16446b3;0xffffffffc164c746;0xffffffffc15116b9;0xffffffffbb1dde74;0xffffffffbac83f9e;0xffffffffbbed678e;0xffffffffbaa0012b;0xfffffffffffffe00;ioctl;0x76e32cc8e028;0x76e32cc99ffa;0x76e32cc7cbfc;0x76e32cca115c;0x76e32cc1f39a;0x76e32cc20794;0x76e32cc2133b;0x76e32cc238de;0x76e32cc252bb;0x76e32cc65709;0x76e32cbbf5cd;0x76e32cc6f0d6;0x76e32ca22de2;0x76e32ca295be;0x76e32ca6c862;0x76e32ca6ec36;0x76e32ca6edac;0x76e32c99af59;0x76e32cb3560a;cuDevicePrimaryCtxRetain;0x76e328a413a9;0x76e328a414a4;0x76e328a41603;0x76e328a421c0;0x76e328a3a641;0x76e328a11bd8;0x76e328a4ae0f;0x76e328dff35f;|, 33.268515, 50.00, 27.349000
2025-11-25T20:44:46.368297Z, 0xffffffffffffff80;0xffffffffc17805b5;0xffffffffc1781720;0xffffffffc1782c31;0xffffffffc178453a;0xffffffffc1868919;0xffffffffc152dd84;0xffffffffc2b6005b;0xffffffffc2b608d5;0xffffffffc2ad0cb1;0xffffffffc2ad14cb;0xffffffffc2ad15ba;0xffffffffbb1dde74;0xffffffffbac83f9e;0xffffffffbbed678e;0xffffffffbaa0012b;0xfffffffffffffe00;ioctl;0x76e32cc4200f;0x76e32d74d068;0x76e32cb208bc;0x76e32cc8ee48;0x76e32cc900b2;0x76e32cc1f40e;0x76e32cc20794;0x76e32cc2133b;0x76e32cc238de;0x76e32cc252bb;0x76e32cc8a258;0x76e32cca42c8;0x76e32cca438e;0x76e32ca23346;0x76e32ca295be;0x76e32ca6c862;0x76e32ca6ec36;0x76e32ca6edac;0x76e32c99af59;0x76e32cb3560a;cuDevicePrimaryCtxRetain;0x76e328a413a9;0x76e328a414a4;0x76e328a41603;0x76e328a421c0;0x76e328a3a641;0x76e328a11bd8;0x76e328a4ae0f;0x76e328dff35f;|, 33.846333, 100.00, 27.349000
2025-11-25T20:44:46.373477Z, , 42.120606, 0.00, 27.349000
2025-11-25T20:44:46.378640Z, , 39.805062, 50.00, 27.349000
2025-11-25T20:44:46.383794Z, , 38.716748, 0.00, 27.349000
2025-11-25T20:44:46.388963Z, , 31.700544, 50.00, 27.349000
2025-11-25T20:44:46.394803Z, 0xffffffffffffff80;0xffffffffc156d88c;0xffffffffc18b21c8;0xffffffffc174c8cf;0xffffffffc1753836;0xffffffffc1755710;0xffffffffc1880ded;0xffffffffc1893554;0xffffffffc170b486;0xffffffffc156c3b8;0xffffffffc18cf78a;0xffffffffc184f0c7;0xffffffffc18d4a7a;0xffffffffc184e25b;0xffffffffc18d8284;0xffffffffc184ed70;0xffffffffc184f2d5;0xffffffffc185baff;0xffffffffc16446b3;0xffffffffc164c746;0xffffffffc15116b9;0xffffffffbb1dde74;0xffffffffbac83f9e;0xffffffffbbed678e;0xffffffffbaa0012b;0xfffffffffffffe00;ioctl;0x76e32cc8e028;0x76e32cc7caf9;0x76e32cc67d02;0x76e32ca22b03;0x76e32ca299e4;0x76e32ca6c862;0x76e32ca6ec36;0x76e32ca6edac;0x76e32c99af59;0x76e32cb3560a;cuDevicePrimaryCtxRetain;0x76e328a413a9;0x76e328a414a4;0x76e328a41603;0x76e328a421c0;0x76e328a3a641;0x76e328a11bd8;0x76e328a4ae0f;0x76e328dff35f;|, 43.769181, 100.00, 27.349000
2025-11-25T20:44:46.399976Z, , 41.027933, 200.00, 27.349000
2025-11-25T20:44:46.406037Z, 0xfffffffffffffe00;0x76e32cc078ae;0x76e32d79d554;0x76e32ca2b9f4;0x76e32ca1f011;0x76e32ca2a463;0x76e32ca6c862;0x76e32ca6ec36;0x76e32ca6edac;0x76e32c99af59;0x76e32cb3560a;cuDevicePrimaryCtxRetain;0x76e328a413a9;0x76e328a414a4;0x76e328a41603;0x76e328a421c0;0x76e328a3a641;0x76e328a11bd8;0x76e328a4ae0f;0x76e328dff35f;|0xffffffffffffff80;0xffffffffbb0ed4e5;0xffffffffbb0ed67e;0xffffffffc2af42c5;0xffffffffc2ad318b;0xffffffffc2ad321f;0xffffffffc2ad32aa;0xffffffffbb1179ab;0xffffffffbb117fdf;0xffffffffbb118e4d;0xffffffffbb0f8d49;0xffffffffbb0b8e4e;0xffffffffbb0f7ca7;0xffffffffbace0d43;0xffffffffbac85139;0xffffffffbbed678e;0xffffffffbaa0012b;0xfffffffffffffe00;__mmap;0x76e32cc554da;0x76e32cb1fb6c;0x76e32cafce83;0x76e32cca084d;0x76e32cc1f39a;0x76e32cc20794;0x76e32cc2133b;0x76e32cc238de;0x76e32cc252bb;0x76e32cc8a258;0x76e32cca42c8;0x76e32cca438e;0x76e32d7b433e;0x76e32caeab88;0x76e32ca6c992;0x76e32ca6ec36;0x76e32ca6edac;0x76e32c99af59;0x76e32cb3560a;cuDevicePrimaryCtxRetain;0x76e328a413a9;0x76e328a414a4;0x76e328a41603;0x76e328a421c0;0x76e328a3a641;0x76e328a11bd8;0x76e328a4ae0f;0x76e328dff35f;|, 54.464483, 100.00, 27.349000
2025-11-25T20:44:46.411547Z, 0xfffffffffffffe00;0x76e32c98e9ee;0x76e32c985945;0x76e32c985a8f;0x76e32ca8bd5d;0x76e32cafe365;0x76e32cafebcf;0x76e32cafedf0;0x76e32d767cbb;0x76e32ca6e73e;0x76e32ca6ec36;0x76e32ca6edac;0x76e32c99af59;0x76e32cb3560a;cuDevicePrimaryCtxRetain;0x76e328a413a9;0x76e328a414a4;0x76e328a41603;0x76e328a421c0;0x76e328a3a641;0x76e328a11bd8;0x76e328a4ae0f;0x76e328dff35f;|, 50.591227, 300.00, 27.349000
2025-11-25T20:44:46.416722Z, , 45.383884, 300.00, 27.349000
2025-11-25T20:44:46.422646Z, 0xffffffffffffff80;0xffffffffbb196f41;0xffffffffbb197616;0xffffffffbb10576c;0xffffffffbb10722e;0xffffffffbb0f04be;0xffffffffbb0f1971;0xffffffffbb0f1fcc;0xffffffffbb0f2229;0xffffffffbad55662;0xffffffffbbedd385;0xffffffffbaa00bb7;0xfffffffffffffe00;_int_malloc;__libc_malloc;0x76e32cb1bb6f;0x76e32ca7235f;0x76e32ca7e4bd;0x76e32ca7f01f;0x76e32ca7e375;0x76e32ca8b2c1;0x76e32cafe365;0x76e32cafebcf;0x76e32cc4f756;0x76e32ca6d974;0x76e32ca6ec36;0x76e32ca6edac;0x76e32c99af59;0x76e32cb3560a;cuDevicePrimaryCtxRetain;0x76e328a413a9;0x76e328a414a4;0x76e328a41603;0x76e328a421c0;0x76e328a3a641;0x76e328a11bd8;0x76e328a4ae0f;0x76e328dff35f;|, 36.025544, 300.00, 27.349000
2025-11-25T20:44:46.427817Z, , 50.304043, 400.00, 27.349000
2025-11-25T20:44:46.432993Z, , 28.397348, 500.00, 27.349000
2025-11-25T20:44:46.438177Z, , 42.735904, 0.00, 27.349000
2025-11-25T20:44:46.443380Z, , 30.425705, 0.00, 27.349000
2025-11-25T20:44:46.448591Z, , 32.320474, 0.00, 27.349000
2025-11-25T20:44:46.453805Z, , 25.217800, 0.00, 27.349000
2025-11-25T20:44:46.458972Z, , 37.705961, 0.00, 27.349000
2025-11-25T20:44:46.464204Z, , 47.557831, 0.00, 27.349000
2025-11-25T20:44:46.469349Z, , 43.113882, 0.00, 27.349000
2025-11-25T20:44:46.474474Z, , 45.181508, 0.00, 27.349000
2025-11-25T20:44:46.479599Z, , 41.447360, 0.00, 27.349000
2025-11-25T20:44:46.484731Z, , 43.447209, 0.00, 27.349000
2025-11-25T20:44:46.489865Z, , 52.918579, 0.00, 27.349000
2025-11-25T20:44:46.494990Z, , 42.661749, 0.00, 26.441000
2025-11-25T20:44:46.500181Z, , 48.822543, 0.00, 26.441000
2025-11-25T20:44:46.505316Z, , 45.775125, 0.00, 26.441000
2025-11-25T20:44:46.510435Z, , 50.155833, 0.00, 26.441000
2025-11-25T20:44:46.515613Z, , 39.884593, 0.00, 26.441000
2025-11-25T20:44:46.520812Z, , 42.310516, 0.00, 26.441000
2025-11-25T20:44:46.525989Z, , 34.143737, 0.00, 26.441000
2025-11-25T20:44:46.531246Z, , 34.531157, 0.00, 26.441000
2025-11-25T20:44:46.536502Z, , 33.992517, 0.00, 26.441000
2025-11-25T20:44:46.541695Z, , 41.167717, 0.00, 26.441000
2025-11-25T20:44:46.546882Z, , 51.572958, 0.00, 26.441000
2025-11-25T20:44:46.552015Z, , 43.391373, 0.00, 26.441000
2025-11-25T20:44:46.557189Z, , 31.640105, 0.00, 26.441000
2025-11-25T20:44:46.562349Z, , 40.091422, 0.00, 26.441000
2025-11-25T20:44:46.567477Z, , 44.160624, 0.00, 26.441000
2025-11-25T20:44:46.572609Z, , 30.979514, 0.00, 26.441000
2025-11-25T20:44:46.577804Z, , 38.268624, 0.00, 26.441000
2025-11-25T20:44:46.582970Z, , 31.208303, 0.00, 26.441000
2025-11-25T20:44:46.588207Z, , 41.438368, 0.00, 26.441000
2025-11-25T20:44:46.593929Z, 0xffffffffffffff80;0xffffffffbb0f0454;0xffffffffbb0f1971;0xffffffffbb0f1fcc;0xffffffffbb0f2229;0xffffffffbad55662;0xffffffffbbedd385;0xffffffffbaa00bb7;0xfffffffffffffe00;_int_malloc;__libc_malloc;0x76e328a3c6cf;0x76e328a34c57;0x76e328a40444;0x76e328a4219b;0x76e328a3a641;0x76e328a11bd8;0x76e328a4ae0f;0x76e328dff35f;|, 29.809389, 0.00, 26.441000
2025-11-25T20:44:46.599205Z, , 41.310930, 0.00, 26.441000
2025-11-25T20:44:46.604441Z, , 35.359107, 100.00, 26.441000
2025-11-25T20:44:46.609618Z, , 35.644111, 200.00, 26.441000
2025-11-25T20:44:46.615117Z, 0xfffffffffffffe00;0x76e32ca211e0;0x76e32cac8c0a;0x76e32cc156ae;0x76e32cc1d73d;0x76e32d7af84a;0x76e32c9ce12c;0x76e32c9ce91a;0x76e32c9ceed4;0x76e32cb80de1;cuMemcpyHtoDAsync_v2;0x76e328a481a9;0x76e328a17058;0x76e328a768a1;0x76e2bd0a984c;0x76e2f902f8a3;0x76e2f9031187;|, 31.396010, 200.00, 26.441000
2025-11-25T20:44:46.620374Z, , 29.386669, 200.00, 26.441000
2025-11-25T20:44:46.625758Z, 0xfffffffffffffe00;0x76e32cc61bc5;0x76e32ca1f183;0x76e32ca5de3b;0x76e32d79d137;0x76e32d79d585;0x76e32ca2b9f4;0x76e32caf22c3;0x76e32d751fd5;0x76e32c9f6cbb;0x76e32cba87e1;cuStreamSynchronize;0x76e328a12683;0x76e328a79ca1;0x76e2bd0a987a;0x76e2f902f8a3;0x76e2f9031187;|, 36.892783, 300.00, 26.441000
2025-11-25T20:44:46.631203Z, 0xfffffffffffffe00;0x76e32cc61b74;0x76e32ca1f183;0x76e32ca5de3b;0x76e32d79d137;0x76e32d79d585;0x76e32ca2b9f4;0x76e32caf22c3;0x76e32d751fd5;0x76e32c9f6cbb;0x76e32cba87e1;cuStreamSynchronize;0x76e328a12683;0x76e328a79ca1;0x76e2bd0a987a;0x76e2f902f8a3;0x76e2f9031187;|, 38.550285, 150.00, 26.441000
2025-11-25T20:44:46.636555Z, , 37.695141, 400.00, 26.441000
2025-11-25T20:44:46.642145Z, 0xffffffffffffff80;0xffffffffbb080865;0xffffffffbb0ec184;0xffffffffbb0ec53b;0xffffffffbb0f18f0;0xffffffffbb0f1fcc;0xffffffffbb0f2229;0xffffffffbad55662;0xffffffffbbedd385;0xffffffffbaa00bb7;0xfffffffffffffe00;0x76e32ca211cc;0x76e32cac8c0a;0x76e32cc156ae;0x76e32cc1d73d;0x76e32d7af84a;0x76e32c9ce12c;0x76e32c9ce91a;0x76e32c9ceed4;0x76e32cb80de1;cuMemcpyHtoDAsync_v2;0x76e328a481a9;0x76e328a17058;0x76e328a768a1;0x76e2bd0a984c;0x76e2f902f8a3;0x76e2f9031187;|, 30.920851, 500.00, 26.441000
2025-11-25T20:44:46.647388Z, , 45.583704, 500.00, 26.441000
2025-11-25T20:44:46.652782Z, 0xfffffffffffffe00;0x76e32ca1f19c;0x76e32ca5de3b;0x76e32d79d137;0x76e32d79d585;0x76e32ca2b9f4;0x76e32caf22c3;0x76e32d751fd5;0x76e32c9f6cbb;0x76e32cba87e1;cuStreamSynchronize;0x76e328a12683;0x76e328a79ca1;0x76e2bd0a987a;0x76e2f902f8a3;0x76e2f9031187;|, 40.011039, 600.00, 26.441000
2025-11-25T20:44:46.657994Z, , 46.732498, 600.00, 26.441000
2025-11-25T20:44:46.663612Z, 0xffffffffffffff80;0xffffffffbb10735d;0xffffffffbb0eba8b;0xffffffffbb080852;0xffffffffbb0ec184;0xffffffffbb0ec53b;0xffffffffbb0f18f0;0xffffffffbb0f1fcc;0xffffffffbb0f2229;0xffffffffbad55662;0xffffffffbbedd385;0xffffffffbaa00bb7;0xfffffffffffffe00;0x76e32ca211cc;0x76e32cac8c0a;0x76e32cc156ae;0x76e32cc1d73d;0x76e32d7af84a;0x76e32c9ce12c;0x76e32c9ce91a;0x76e32c9ceed4;0x76e32cb80de1;cuMemcpyHtoDAsync_v2;0x76e328a481a9;0x76e328a17058;0x76e328a768a1;0x76e2bd0a984c;0x76e2f902f8a3;0x76e2f9031187;|, 30.326506, 0.00, 26.441000
2025-11-25T20:44:46.669017Z, 0xfffffffffffffe00;0x76e32ca211d0;0x76e32cac8c0a;0x76e32cc156ae;0x76e32cc1d73d;0x76e32d7af84a;0x76e32c9ce12c;0x76e32c9ce91a;0x76e32c9ceed4;0x76e32cb80de1;cuMemcpyHtoDAsync_v2;0x76e328a481a9;0x76e328a17058;0x76e328a768a1;0x76e2bd0a984c;0x76e2f902f8a3;0x76e2f9031187;|, 26.746669, 0.00, 26.441000
2025-11-25T20:44:46.674316Z, , 35.564783, 0.00, 26.441000
2025-11-25T20:44:46.679663Z, 0xfffffffffffffe00;0x76e32cb1bc31;0x76e32ca2bccc;0x76e32caf22c3;0x76e32d751fd5;0x76e32c9f6cbb;0x76e32cba87e1;cuStreamSynchronize;0x76e328a12683;0x76e328a79ca1;0x76e2bd0a987a;0x76e2f902f8a3;0x76e2f9031187;|, 37.478207, 100.00, 26.441000
2025-11-25T20:44:46.684845Z, , 43.214632, 100.00, 26.441000
2025-11-25T20:44:46.690295Z, 0xffffffffffffff80;0xffffffffbb0e882a;0xffffffffbb0e9019;0xffffffffbb0e9550;0xffffffffbb0e976b;0xffffffffbb0e9d99;0xffffffffbb0e9f79;0xffffffffbb0ea585;0xffffffffbb11494e;0xffffffffbb116473;0xffffffffbb116de1;0xffffffffbb116f33;0xffffffffbb1199cc;0xffffffffbb0f778b;0xffffffffbac84b8a;0xffffffffbbed678e;0xffffffffbaa0012b;0xfffffffffffffe00;__munmap;0x76e2f8c30ba7;|, 32.843896, 200.00, 26.441000
2025-11-25T20:44:46.695731Z, 0xffffffffffffff80;0xffffffffbb0e8737;0xffffffffbb0e9019;0xffffffffbb0e9550;0xffffffffbb0e976b;0xffffffffbb0e9d99;0xffffffffbb0e9f79;0xffffffffbb0ea585;0xffffffffbb11494e;0xffffffffbb116473;0xffffffffbb116de1;0xffffffffbb116f33;0xffffffffbb1199cc;0xffffffffbb0f778b;0xffffffffbac84b8a;0xffffffffbbed678e;0xffffffffbaa0012b;0xfffffffffffffe00;__munmap;0x76e2f8c30ba7;|, 45.792858, 200.00, 26.441000
2025-11-25T20:44:46.700896Z, ί²λυ, 48.145598, 150.00, 26.441000
2025-11-25T20:44:46.706620Z, 0xffffffffffffff80;0xffffffffc179dea4;0xffffffffc1799b3c;0xffffffffc182f606;0xffffffffc178a71c;0xffffffffc182f8cf;0xffffffffc159fd15;0xffffffffc18cf8f5;0xffffffffc18d45b3;0xffffffffc1850baf;0xffffffffc18db7a8;0xffffffffc18dc053;0xffffffffc184f45b;0xffffffffc184f629;0xffffffffc185bb5e;0xffffffffc1644039;0xffffffffc164c746;0xffffffffc15116b9;0xffffffffbb1dde74;0xffffffffbac83f9e;0xffffffffbbed678e;0xffffffffbaa0012b;0xfffffffffffffe00;ioctl;0x76e32cc8e028;0x76e32cc97143;0x76e32cc670dd;0x76e32cca0299;0x76e32cca276c;0x76e32cc15e7e;0x76e32cc1e69a;0x76e32cc23416;0x76e32cc22b77;0x76e32cc248b7;0x76e32d7b8044;0x76e32ca5ca24;0x76e32ca62399;0x76e32cae2f53;0x76e32cafe2f8;0x76e32cabff08;0x76e32cac0275;0x76e32c9b8a29;0x76e32cb3f373;cuLibraryGetModule;0x76e328a3b31a;0x76e328a3bab8;0x76e328a3bb46;0x76e328a3ea69;0x76e328a13e31;0x76e328a79f88;0x76e2bd2c1f96;0x76e2bd2b4ad8;0x76e2bd2b68f9;0x3c31a3a0;0x6e20646c756f6853;|, 45.403253, 300.00, 26.441000
2025-11-25T20:44:46.712252Z, 0xffffffffffffff80;0xffffffffbb120337;0xffffffffbb120ec7;0xffffffffbb121bb3;0xffffffffbb124870;0xffffffffbb125f24;0xffffffffbb161a0e;0xffffffffbb164924;0xffffffffbb164b38;0xffffffffbb0eff3a;0xffffffffbb0f0330;0xffffffffbb0f1971;0xffffffffbb0f1fcc;0xffffffffbb0f2229;0xffffffffbad55662;0xffffffffbbedd385;0xffffffffbaa00bb7;0xfffffffffffffe00;__memmove_sse2_unaligned_erms;0x76e32cadb78c;0x76e32cadc62a;0x76e32c9b8dd7;0x76e32cb3e2dc;cuLibraryLoadData;0x76e328a234e6;0x76e328a82418;|, 48.133933, 400.00, 26.441000
2025-11-25T20:44:46.717374Z, , 50.868457, 500.00, 26.441000
2025-11-25T20:44:46.722770Z, 0xfffffffffffffe00;__memmove_sse2_unaligned_erms;0x76e32cadb78c;0x76e32cadc62a;0x76e32c9b8dd7;0x76e32cb3e2dc;cuLibraryLoadData;0x76e328a234e6;0x76e328a82418;|, 47.509463, 250.00, 26.441000
2025-11-25T20:44:46.727884Z, , 40.379962, 0.00, 26.441000
2025-11-25T20:44:46.733002Z, , 28.113774, 0.00, 26.441000
2025-11-25T20:44:46.738256Z, , 26.040032, 0.00, 26.441000
2025-11-25T20:44:46.743468Z, , 37.214706, 100.00, 26.441000
2025-11-25T20:44:46.748800Z, 0xfffffffffffffe00;0x76e32cbe52f9;0x76e32cab8d67;0x76e32ca7e375;0x76e32cadb82b;0x76e32cadc62a;0x76e32c9b8dd7;0x76e32cb3e2dc;cuLibraryLoadData;0x76e328a234e6;0x76e328a82418;|, 28.866350, 0.00, 26.441000
2025-11-25T20:44:46.754455Z, 0xffffffffffffff80;0xffffffffbbed1577;0xffffffffbb124888;0xffffffffbb125f24;0xffffffffbb161a0e;0xffffffffbb164924;0xffffffffbb164b38;0xffffffffbb0eff3a;0xffffffffbb0f0330;0xffffffffbb0f1971;0xffffffffbb0f1fcc;0xffffffffbb0f2229;0xffffffffbad55662;0xffffffffbbedd385;0xffffffffbaa00bb7;0xfffffffffffffe00;__memmove_sse2_unaligned_erms;0x76e32cadb78c;0x76e32cadc62a;0x76e32c9b8dd7;0x76e32cb3e2dc;cuLibraryLoadData;0x76e328a234e6;0x76e328a82418;|, 33.109577, 50.00, 26.441000
2025-11-25T20:44:46.759670Z, , 32.134479, 200.00, 26.441000
2025-11-25T20:44:46.765021Z, 0xfffffffffffffe00;0x76e32ccfecf6;0x76e32cd0767b;0x76e32cd11bc2;0x76e32cab88fa;0x76e32cada079;0x76e32cadb10b;0x76e32cadb638;0x76e32cadc62a;0x76e32c9b8dd7;0x76e32cb3e2dc;cuLibraryLoadData;0x76e328a234e6;0x76e328a82418;|, 31.078895, 200.00, 26.441000
2025-11-25T20:44:46.770256Z, , 29.710970, 300.00, 26.441000
2025-11-25T20:44:46.775482Z, , 35.795465, 300.00, 26.441000
2025-11-25T20:44:46.780988Z, 0xffffffffffffff80;0xffffffffbb0e238f;0xffffffffbad555dc;0xffffffffbbedd385;0xffffffffbaa00bb7;0xfffffffffffffe00;__memset_avx2_unaligned_erms;0x76e32ca7e375;0x76e32cadb82b;0x76e32cadc62a;0x76e32c9b8dd7;0x76e32cb3e2dc;cuLibraryLoadData;0x76e328a234e6;0x76e328a82418;|, 31.365544, 300.00, 26.441000
2025-11-25T20:44:46.786347Z, 0xfffffffffffffe00;0x76e32ca7ec3b;0x76e32ca7f01f;0x76e32ca7e375;0x76e32ca8b2c1;0x76e32cafe365;0x76e32cabff08;0x76e32cac0275;0x76e32c9b8a29;0x76e32cb3f373;cuLibraryGetModule;0x76e328a3b31a;0x76e328a3bab8;0x76e328a3bb46;0x76e328a3ea69;0x76e328a13e31;0x76e328a79f88;0x76e2bd95561c;0x76e2bd79656b;0x76e2bd797004;0x76e2bed8618b;0x0;0x100000002;0x76e32895c170;0x85e38058b4818;|, 33.363024, 400.00, 26.441000
2025-11-25T20:44:46.791565Z, , 30.461571, 500.00, 26.441000
2025-11-25T20:44:46.796715Z, , 15.953681, 500.00, 26.441000
2025-11-25T20:44:46.801871Z, , 40.696540, 0.00, 26.441000
2025-11-25T20:44:46.807021Z, , 35.956541, 0.00, 26.441000
2025-11-25T20:44:46.812254Z, , 21.539956, 0.00, 26.441000
2025-11-25T20:44:46.817421Z, , 21.514907, 0.00, 26.441000
2025-11-25T20:44:46.822611Z, , 30.016609, 0.00, 26.441000
2025-11-25T20:44:46.827839Z, , 19.906623, 0.00, 26.441000
2025-11-25T20:44:46.833032Z, , 28.613680, 0.00, 26.441000
2025-11-25T20:44:46.838262Z, , 26.672208, 0.00, 26.441000
2025-11-25T20:44:46.843473Z, , 26.447489, 0.00, 26.441000
2025-11-25T20:44:46.848709Z, , 30.502662, 0.00, 26.441000
2025-11-25T20:44:46.853932Z, , 26.668818, 0.00, 26.441000
2025-11-25T20:44:46.859353Z, , 26.381564, 0.00, 26.441000
2025-11-25T20:44:46.864850Z, , 23.128616, 0.00, 26.441000
2025-11-25T20:44:46.870306Z, , 27.464037, 0.00, 26.441000
2025-11-25T20:44:46.875758Z, , 23.722451, 0.00, 26.441000
2025-11-25T20:44:46.881247Z, , 27.992700, 0.00, 26.441000
2025-11-25T20:44:46.886657Z, , 20.273346, 0.00, 26.441000
2025-11-25T20:44:46.892108Z, , 31.971136, 0.00, 26.441000
2025-11-25T20:44:46.897584Z, , 24.792751, 0.00, 26.441000
2025-11-25T20:44:46.902962Z, , 23.792245, 0.00, 26.441000
2025-11-25T20:44:46.908331Z, , 25.083410, 0.00, 26.441000
2025-11-25T20:44:46.913559Z, , 32.345506, 0.00, 26.441000
2025-11-25T20:44:46.918800Z, , 29.186691, 0.00, 26.441000
2025-11-25T20:44:46.924043Z, , 26.129874, 0.00, 26.441000
2025-11-25T20:44:46.929294Z, , 22.307609, 0.00, 26.441000
2025-11-25T20:44:46.934546Z, , 26.324832, 0.00, 26.441000
2025-11-25T20:44:46.939810Z, , 26.515414, 0.00, 26.441000
2025-11-25T20:44:46.945063Z, , 23.750040, 0.00, 26.441000
2025-11-25T20:44:46.950520Z, , 25.491726, 0.00, 26.441000
2025-11-25T20:44:46.956076Z, 0xfffffffffffffe00;0x76e32c9f91ec;0x76e32cbe69b5;0x76e32cbe7dc9;0x76e32cc247b0;0x76e32cc252bb;0x76e32ca75fbd;0x76e32ca7652b;0x76e32ca7f54e;0x76e32ca7e375;0x76e32ca8b2c1;0x76e32cafe365;0x76e32cabff08;0x76e32cac0275;0x76e32c9b8a29;0x76e32cb3f373;cuLibraryGetModule;0x76e328a3b31a;0x76e328a3bab8;0x76e328a3bb46;0x76e328a3ea69;0x76e328a13e31;0x76e328a79f88;0x76e2bd95561c;0x76e2bd79656b;0x76e2bd797004;0x76e2bed8618b;0x0;0x100000002;0x76e32895c170;0x85e38058b4818;|, 39.271295, 100.00, 26.441000
2025-11-25T20:44:46.961654Z, 0xfffffffffffffe00;0x76e32d7af2f6;0x76e32d7aff9c;0x76e32ca74c4f;0x76e32ca8be23;0x76e32cafe365;0x76e32cabff08;0x76e32cac0275;0x76e32c9b8a29;0x76e32cb3f373;cuLibraryGetModule;0x76e328a3b31a;0x76e328a3bab8;0x76e328a3bb46;0x76e328a3ea69;0x76e328a13e31;0x76e328a79f88;0x76e2bd95561c;0x76e2bd79656b;0x76e2bd797004;0x76e2bed8618b;0x0;0x100000002;0x76e32895c170;0x85e38058b4818;|, 32.229982, 100.00, 26.441000
2025-11-25T20:44:46.967173Z, , 34.073946, 100.00, 26.441000
2025-11-25T20:44:46.973133Z, 0xffffffffffffff80;0xffffffffbb1642bb;0xffffffffbb164b1c;0xffffffffbb0eff3a;0xffffffffbb0f0330;0xffffffffbb0f1971;0xffffffffbb0f1fcc;0xffffffffbb0f2229;0xffffffffbad55662;0xffffffffbbedd385;0xffffffffbaa00bb7;0xfffffffffffffe00;__memmove_sse2_unaligned_erms;0x76e32ca8c479;0x76e32cafe365;0x76e32cabff08;0x76e32cac0275;0x76e32c9b8a29;0x76e32cb3f373;cuLibraryGetModule;0x76e328a3b31a;0x76e328a3bab8;0x76e328a3bb46;0x76e328a3ea69;0x76e328a13e31;0x76e328a79f88;0x76e2bd07c75c;0x76e2bd0a899d;0x76e2f902f8a3;0x76e2f9031187;|, 28.560794, 200.00, 26.441000
2025-11-25T20:44:46.978761Z, , 36.126866, 150.00, 26.441000
2025-11-25T20:44:46.984333Z, 0xfffffffffffffe00;0x76e32c985928;0x76e32c985a8f;0x76e32ca8bd5d;0x76e32cafe365;0x76e32cabff08;0x76e32cac0275;0x76e32c9b8a29;0x76e32cb3f373;cuLibraryGetModule;0x76e328a3b31a;0x76e328a3bab8;0x76e328a3bb46;0x76e328a3ea69;0x76e328a13e31;0x76e328a79f88;0x76e2bddcda79;0x76e2f9234608;|, 33.716475, 400.00, 26.441000
2025-11-25T20:44:46.989696Z, , 36.382765, 0.00, 26.441000
2025-11-25T20:44:46.995101Z, 0xfffffffffffffe00;__libc_malloc;0x76e224f0b5e2;0x76e224ef512f;0x76e224f0fc0c;0x76e224f11449;0x76e224f119f3;0x76e224ee96a9;0x76e224f2efff;0x76e21e95c5a0;0x76e21df63145;0x76e21df63d54;0x76e24f5701c3;0x76e2bef8d53b;0x76e2bef51b21;0x76e2befc3fdf;0x76e2befc5bc2;0x76e2becdb21c;|, 28.544924, 100.00, 41.581000
2025-11-25T20:44:47.000373Z, , 32.171023, 100.00, 41.581000
2025-11-25T20:44:47.005645Z, 0xfffffffffffffe00;0x76e21e94deb6;0x76e21e95bc2c;0x76e21e95c4e0;0x76e21e93e3a5;0x76e21ed32a07;0x76e21ed33026;0x76e21e96db4a;0x76e21e96dfd8;0x76e21e96e1f2;0x76e21e96e3fe;0x76e21df797b1;0x76e21dfb8cad;0x76e21dfe8874;0x76e21e090591;0x76e21e090963;0x76e21e0c24a9;0x76e2bef51b83;0x76e2befc3fdf;0x76e2befc5bc2;0x76e2becdb21c;|, 23.475483, 0.00, 41.581000
2025-11-25T20:44:47.011254Z, 0xffffffffffffff80;0xffffffffbae38a6a;0xffffffffbad555dc;0xffffffffbbedd385;0xffffffffbaa00bb7;0xfffffffffffffe00;__memmove_sse2_unaligned_erms;0x76e32cadb78c;0x76e32cadc62a;0x76e32c9b8dd7;0x76e32cb3e2dc;cuLibraryLoadData;0x76e21e93e316;0x76e21ed32a07;0x76e21ed33026;0x76e21e96db4a;0x76e21e96dfd8;0x76e21e96e1f2;0x76e21e96e3fe;0x76e21df797b1;0x76e21dfb8cad;0x76e21dfe8874;0x76e21e090591;0x76e21e090963;0x76e21e0c24a9;0x76e2bef51b83;0x76e2befc3fdf;0x76e2befc5bc2;0x76e2becdb21c;|, 28.931629, 200.00, 41.581000
2025-11-25T20:44:47.016499Z, , 26.692980, 200.00, 41.581000
2025-11-25T20:44:47.022085Z, 0xffffffffffffff80;0xffffffffbb124794;0xffffffffbb125f24;0xffffffffbb161a0e;0xffffffffbb164924;0xffffffffbb164b38;0xffffffffbb0eff3a;0xffffffffbb0f0330;0xffffffffbb0f1971;0xffffffffbb0f1fcc;0xffffffffbb0f2229;0xffffffffbad55662;0xffffffffbbedd385;0xffffffffbaa00bb7;0xfffffffffffffe00;__memset_avx2_unaligned_erms;0x76e21e93e389;0x76e21ed33026;0x76e21e96db4a;0x76e21e96dfd8;0x76e21e96e1f2;0x76e21e96e3fe;0x76e21df797b1;0x76e21dfb8cad;0x76e21dfe8874;0x76e21e090591;0x76e21e090963;0x76e21e0c24a9;0x76e2bef51b83;0x76e2befc3fdf;0x76e2befc5bc2;0x76e2becdb21c;|, 33.614166, 200.00, 41.581000
2025-11-25T20:44:47.027346Z, , 29.513401, 150.00, 41.581000
2025-11-25T20:44:47.032901Z, 0xffffffffffffff80;0xffffffffbbeec88c;0xffffffffbb124870;0xffffffffbb125f24;0xffffffffbb161a0e;0xffffffffbb164924;0xffffffffbb164b38;0xffffffffbb0eff3a;0xffffffffbb0f0330;0xffffffffbb0f1971;0xffffffffbb0f1fcc;0xffffffffbb0f2229;0xffffffffbad55662;0xffffffffbbedd385;0xffffffffbaa00bb7;0xfffffffffffffe00;0x76e32ccfecfb;0x76e32cd0767b;0x76e32cd11bc2;0x76e32cab88fa;0x76e32cada079;0x76e32cadb10b;0x76e32cadb638;0x76e32cadc62a;0x76e32c9b8dd7;0x76e32cb3e2dc;cuLibraryLoadData;0x76e224ef24d3;0x76e224f52868;|, 32.220682, 0.00, 41.581000
2025-11-25T20:44:47.038164Z, , 34.239580, 0.00, 41.581000
2025-11-25T20:44:47.044192Z, 0xffffffffffffff80;0xffffffffbb121c06;0xffffffffbb124870;0xffffffffbb125f24;0xffffffffbb161a0e;0xffffffffbb164924;0xffffffffbb164b38;0xffffffffbb0eff3a;0xffffffffbb0f0330;0xffffffffbb0f1971;0xffffffffbb0f1fcc;0xffffffffbb0f2229;0xffffffffbad55662;0xffffffffbbedd385;0xffffffffbaa00bb7;0xfffffffffffffe00;_int_malloc;__libc_malloc;0x76e32cadd78b;0x76e32cae37b5;0x76e32ca752a8;0x76e32ca7f515;0x76e32ca7e375;0x76e32ca8b2c1;0x76e32cafe365;0x76e32cabff08;0x76e32cac0275;0x76e32c9b8a29;0x76e32cb3f373;cuLibraryGetModule;0x76e328a3b31a;0x76e328a3bab8;0x76e328a3bb46;0x76e328a3ea69;0x76e328a13e31;0x76e328a79f88;0x76e2bcf1c1d1;0x76e2bcf0b810;0x76e2becb4c0c;0x0;0x100000001;0x76e32895c170;0x85e38058b4818;|, 33.710830, 0.00, 41.581000
2025-11-25T20:44:47.049512Z, , 53.307742, 100.00, 41.581000
2025-11-25T20:44:47.054882Z, 0xfffffffffffffe00;0x76e32ccfed10;0x76e32cd0767b;0x76e32cd11bc2;0x76e32cab88fa;0x76e32cada079;0x76e32cadb10b;0x76e32cadb638;0x76e32cadc62a;0x76e32c9b8dd7;0x76e32cb3e2dc;cuLibraryLoadData;0x76e328a234e6;0x76e328a82418;|, 33.676989, 50.00, 41.581000
2025-11-25T20:44:47.060110Z, , 35.562507, 200.00, 41.581000
2025-11-25T20:44:47.066013Z, 0xffffffffffffff80;0xffffffffbb0933e2;0xffffffffbb0934fc;0xffffffffbb09413f;0xffffffffbb0f04c9;0xffffffffbb0f1971;0xffffffffbb0f1fcc;0xffffffffbb0f2229;0xffffffffbad55662;0xffffffffbbedd385;0xffffffffbaa00bb7;0xfffffffffffffe00;_int_malloc;__libc_calloc;0x76e32cbe68c1;0x76e32cbe7dc9;0x76e32cc247b0;0x76e32cc252bb;0x76e32ca75fbd;0x76e32ca7652b;0x76e32ca7f54e;0x76e32ca7e375;0x76e32ca8b2c1;0x76e32cafe365;0x76e32cabff08;0x76e32cac0275;0x76e32c9b8a29;0x76e32cb3f373;cuLibraryGetModule;0x76e328a3b31a;0x76e328a3bab8;0x76e328a3bb46;0x76e328a3ea69;0x76e328a13e31;0x76e328a79f88;0x76e2bdd1715d;0x76e2bdd35966;_PyDict_GetItem_KnownHash;0x100000003;0x76e32895c170;0x85e38058b4818;|, 33.251070, 0.00, 41.581000
2025-11-25T20:44:47.071429Z, 0xfffffffffffffe00;0x76e32d7b5f60;0x76e32cafe365;0x76e32cabff08;0x76e32cac0275;0x76e32c9b8a29;0x76e32cb3f373;cuLibraryGetModule;0x76e328a3b31a;0x76e328a3bab8;0x76e328a3bb46;0x76e328a3ea69;0x76e328a13e31;0x76e328a79f88;0x76e2bdd1715d;0x76e2bdd35966;_PyDict_GetItem_KnownHash;0x100000003;0x76e32895c170;0x85e38058b4818;|, 36.685941, 0.00, 41.581000
2025-11-25T20:44:47.076652Z, , 33.866648, 50.00, 41.581000
2025-11-25T20:44:47.081997Z, 0xfffffffffffffe00;0x76e32c985928;0x76e32c985a8f;0x76e32ca8bd5d;0x76e32cafe365;0x76e32cabff08;0x76e32cac0275;0x76e32c9b8a29;0x76e32cb3f373;cuLibraryGetModule;0x76e224f0a7ea;0x76e224f0b145;0x76e224f0b224;0x76e224f0e279;0x76e224ee3e77;0x76e224f4a3f8;0x76e21ea7109a;0x76e21ea9c560;0x76e21e9706ba;0x76e21df81c1e;0x76e21e0c0b59;0x76e21e0c4dcd;0x76e2bef51c11;0x76e2befc3fdf;0x76e2befc5bc2;0x76e2becdb21c;|, 27.405034, 0.00, 41.581000
2025-11-25T20:44:47.087244Z, , 37.728760, 50.00, 41.581000
2025-11-25T20:44:47.092761Z, 0xfffffffffffffe00;__memmove_sse2_unaligned_erms;0x76e32cadb78c;0x76e32cadc62a;0x76e32c9b8dd7;0x76e32cb3e2dc;cuLibraryLoadData;0x76e328a234e6;0x76e328a82418;|, 35.785176, 100.00, 41.581000
2025-11-25T20:44:47.097996Z, , 30.513334, 200.00, 41.581000
2025-11-25T20:44:47.103374Z, 0xfffffffffffffe00;0x76e32c985928;0x76e32c985a8f;0x76e32ca8bd5d;0x76e32cafe365;0x76e32cabff08;0x76e32cac0275;0x76e32c9b8a29;0x76e32cb3f373;cuLibraryGetModule;0x76e328a3b31a;0x76e328a3bab8;0x76e328a3bb46;0x76e328a3ea69;0x76e328a13e31;0x76e328a79f88;0x76e2bcd0132e;0x76e2bcd139a8;0x76e2becaff0c;0x1;0x100000002;0x76e32895c170;0x85e38058b4818;|, 34.629381, 300.00, 41.581000
2025-11-25T20:44:47.108624Z, , 35.200363, 150.00, 41.581000
2025-11-25T20:44:47.114369Z, 0xffffffffffffff80;0xffffffffbb091e40;0xffffffffbb093461;0xffffffffbb0934fc;0xffffffffbb09413f;0xffffffffbb0f04c9;0xffffffffbb0f1971;0xffffffffbb0f1fcc;0xffffffffbb0f2229;0xffffffffbad55662;0xffffffffbbedd385;0xffffffffbaa00bb7;0xfffffffffffffe00;__memmove_sse2_unaligned_erms;0x76e32cae37b5;0x76e32ca752a8;0x76e32ca7f515;0x76e32ca7e375;0x76e32ca8b2c1;0x76e32cafe365;0x76e32cabff08;0x76e32cac0275;0x76e32c9b8a29;0x76e32cb3f373;cuLibraryGetModule;0x76e328a3b31a;0x76e328a3bab8;0x76e328a3bb46;0x76e328a3ea69;0x76e328a13e31;0x76e328a79f88;0x76e2be5b8251;0x76e2becadbd3;0x1;0x100000002;0x76e32895c170;0x85e38058b4818;|, 30.323067, 0.00, 41.581000
2025-11-25T20:44:47.119754Z, 0xfffffffffffffe00;0x76e32ccfed0a;0x76e32cd0767b;0x76e32cd11bc2;0x76e32cab88fa;0x76e32cada079;0x76e32cadb10b;0x76e32cadb638;0x76e32cadc62a;0x76e32c9b8dd7;0x76e32cb3e2dc;cuLibraryLoadData;0x76e328a234e6;0x76e328a82418;|, 33.904901, 200.00, 41.581000
2025-11-25T20:44:47.125006Z, , 28.899925, 100.00, 41.581000
2025-11-25T20:44:47.130683Z, 0xffffffffffffff80;0xffffffffbb0932b0;0xffffffffbb093461;0xffffffffbb0934fc;0xffffffffbb09413f;0xffffffffbb0f04c9;0xffffffffbb0f1971;0xffffffffbb0f1fcc;0xffffffffbb0f2229;0xffffffffbad55662;0xffffffffbbedd385;0xffffffffbaa00bb7;0xfffffffffffffe00;__memmove_sse2_unaligned_erms;0x76e32cadb78c;0x76e32cadc62a;0x76e32c9b8dd7;0x76e32cb3e2dc;cuLibraryLoadData;0x76e328a234e6;0x76e328a82418;|, 36.813171, 200.00, 41.581000
2025-11-25T20:44:47.135909Z, , 28.529730, 0.00, 41.581000
2025-11-25T20:44:47.141305Z, , 19.148189, 0.00, 41.581000
2025-11-25T20:44:47.146505Z, , 50.491216, 0.00, 41.581000
2025-11-25T20:44:47.151761Z, , 41.631461, 0.00, 41.581000
2025-11-25T20:44:47.156985Z, , 32.869034, 0.00, 41.581000
2025-11-25T20:44:47.162242Z, , 33.567895, 0.00, 41.581000
2025-11-25T20:44:47.167468Z, , 35.157241, 0.00, 41.581000
2025-11-25T20:44:47.172710Z, , 40.728658, 0.00, 41.581000
2025-11-25T20:44:47.178135Z, , 24.766104, 0.00, 41.581000
2025-11-25T20:44:47.183537Z, , 32.535839, 0.00, 41.581000
2025-11-25T20:44:47.188827Z, , 27.873007, 0.00, 41.581000
2025-11-25T20:44:47.194229Z, , 29.018101, 0.00, 41.581000
2025-11-25T20:44:47.199608Z, , 28.508556, 0.00, 41.581000
2025-11-25T20:44:47.205045Z, , 28.086870, 0.00, 41.581000
2025-11-25T20:44:47.210492Z, , 29.702203, 0.00, 41.581000
2025-11-25T20:44:47.215915Z, , 26.224310, 0.00, 41.581000
2025-11-25T20:44:47.221448Z, , 31.565975, 0.00, 41.581000
2025-11-25T20:44:47.226881Z, , 24.773194, 0.00, 41.581000
2025-11-25T20:44:47.232193Z, , 29.474884, 0.00, 41.581000
2025-11-25T20:44:47.237445Z, , 25.446413, 0.00, 41.581000
2025-11-25T20:44:47.242705Z, , 32.415861, 0.00, 41.581000
2025-11-25T20:44:47.247922Z, , 27.793274, 0.00, 41.581000
2025-11-25T20:44:47.253172Z, , 26.043196, 0.00, 41.581000
2025-11-25T20:44:47.258408Z, , 26.747259, 0.00, 41.581000
2025-11-25T20:44:47.263629Z, , 28.486765, 0.00, 41.581000
2025-11-25T20:44:47.268877Z, , 26.358800, 0.00, 41.581000
2025-11-25T20:44:47.274061Z, , 30.361320, 0.00, 41.581000
2025-11-25T20:44:47.279799Z, 0xfffffffffffffe00;0x76e32ccfecd0;0x76e32cd0767b;0x76e32cd11bc2;0x76e32cab88fa;0x76e32cada079;0x76e32cadb10b;0x76e32cadb638;0x76e32cadc62a;0x76e32c9b8dd7;0x76e32cb3e2dc;cuLibraryLoadData;0x76e224ef24d3;0x76e224f52868;|, 29.419274, 50.00, 41.581000
2025-11-25T20:44:47.285297Z, , 38.914618, 200.00, 41.581000
2025-11-25T20:44:47.293398Z, 0xfffffffffffffe00;_PyEval_EvalFrameDefault;PyObject_Vectorcall;0x5a379d;PyObject_GetAttr;_PyEval_EvalFrameDefault;0x54ce3d;_PyEval_EvalFrameDefault;0x54ce3d;_PyEval_EvalFrameDefault;_PyObject_Call_Prepend;0x5a30c8;_PyObject_MakeTpCall;_PyEval_EvalFrameDefault;0x54cf04;PyObject_Call;_PyEval_EvalFrameDefault;0x54cf04;PyObject_Call;_PyEval_EvalFrameDefault;_PyObject_Call_Prepend;0x5a30c8;PyObject_Call;_PyEval_EvalFrameDefault;0x54cf04;PyObject_Call;_PyEval_EvalFrameDefault;0x54cf04;PyObject_Call;_PyEval_EvalFrameDefault;0x54cf04;PyObject_Call;_PyEval_EvalFrameDefault;_PyObject_Call_Prepend;0x5a30c8;PyObject_Call;_PyEval_EvalFrameDefault;0x54cf04;PyObject_Call;_PyEval_EvalFrameDefault;0x54cf04;PyObject_Call;_PyEval_EvalFrameDefault;_PyObject_Call_Prepend;0x5a30c8;_PyObject_MakeTpCall;_PyEval_EvalFrameDefault;0x54cf04;PyObject_Call;_PyEval_EvalFrameDefault;0x54cf04;PyObject_Call;_PyEval_EvalFrameDefault;0x54cf04;PyObject_Call;_PyEval_EvalFrameDefault;PyEval_EvalCode;0x607fc2;0x6b4393;_PyRun_SimpleFileObject;_PyRun_AnyFileObject;Py_RunMain;Py_BytesMain;__libc_start_call_main;__libc_start_main@@GLIBC_2.34;_start;|, 39.632459, 300.00, 41.581000
2025-11-25T20:44:47.299844Z, 0xfffffffffffffe00;_PyEval_EvalFrameDefault;0x54cf04;PyObject_Call;_PyEval_EvalFrameDefault;_PyObject_Call_Prepend;0x59da4f;0x599513;_PyObject_MakeTpCall;_PyEval_EvalFrameDefault;0x54cf04;PyObject_Call;_PyEval_EvalFrameDefault;PyEval_EvalCode;0x607fc2;0x6b4393;_PyRun_SimpleFileObject;_PyRun_AnyFileObject;Py_RunMain;Py_BytesMain;__libc_start_call_main;__libc_start_main@@GLIBC_2.34;_start;|, 53.409698, 133.33, 41.581000
2025-11-25T20:44:47.305301Z, , 60.040997, 200.00, 41.581000
2025-11-25T20:44:47.310857Z, 0xfffffffffffffe00;0x76e32c158ae9;0x76e32c10d60a;0x76e32c117c50;0x76e32ccae696;0x76e328a4f03a;0x76e328df727b;|, 62.717214, 500.00, 41.581000
2025-11-25T20:44:47.316167Z, , 52.354637, 300.00, 41.581000
2025-11-25T20:44:47.321524Z, 0xfffffffffffffe00;0x76e328a42183;0x76e328a25f9c;0x76e328a79eec;0x76e2bcf1c1d1;0x76e2bcf0b810;0x76e2becb4c0c;0x0;0x100000001;0x76e32895c170;0x85e38058b4818;|, 44.836525, 700.00, 41.581000
2025-11-25T20:44:47.326683Z, , 58.589954, 0.00, 41.581000
2025-11-25T20:44:47.331867Z, 0xfffffffffffffe00;0x76e32c11625f;0x76e32c117c50;0x76e32cb330e7;cuCtxGetDevice;0x76e328a11116;0x76e328a4f042;0x76e328df7115;0x7fff;|, 43.558112, 100.00, 41.581000
2025-11-25T20:44:47.337050Z, 0xfffffffffffffe00;0x76e32c1152fe;0x76e32c11624b;0x76e32c117c50;0x76e32cb330ab;cuCtxGetDevice;0x76e328a11116;0x76e328a4f042;0x76e328df7115;0xec1faf20000076e3;|, 59.246344, 200.00, 41.581000
2025-11-25T20:44:47.342188Z, , 59.474655, 150.00, 41.581000
2025-11-25T20:44:47.347540Z, 0xfffffffffffffe00;0x76e332b53c36;clock_gettime@@GLIBC_2.17;0x76e32cb1bc04;0x76e32ca2bccc;0x76e32caf22c3;0x76e32d751fd5;0x76e32c9f6cbb;0x76e32cba87e1;cuStreamSynchronize;0x76e328a12683;0x76e328a79ca1;0x76e2bcfcef18;0x76e2bcfd04b5;0x0;0x100000001;0x76e32895c170;0x85e38058b4818;|, 48.689139, 150.00, 41.581000
2025-11-25T20:44:47.352770Z, , 56.102197, 400.00, 41.581000
2025-11-25T20:44:47.358156Z, 0xfffffffffffffe00;_PyObject_GenericGetAttrWithDict;_PyObject_LookupAttr;0x53ecea;0x76e31d72effb;|, 61.704978, 500.00, 41.581000
2025-11-25T20:44:47.363349Z, , 62.820055, 250.00, 41.581000
2025-11-25T20:44:47.368577Z, 0xfffffffffffffe00;__tls_get_addr;|, 58.563849, 600.00, 41.581000
2025-11-25T20:44:47.373810Z, , 62.105153, 350.00, 41.581000
2025-11-25T20:44:47.379205Z, 0xfffffffffffffe00;0x76e32c355d7a;0x76e32c355c9c;0x76e32c13196f;0x76e32c131c8e;0x76e32c15d0d8;0x76e32c15d181;0x76e32c10c62b;0x76e32c117c50;0x76e32d7b98b2;0x76e32c9c9ad5;0x76e32c9d5a28;0x76e32c9d63ce;0x76e32cba98e8;cuLaunchKernel;0x76e328a13e89;0x76e328a79f88;0x76e2bcf1c1d1;0x76e2bcf0b810;0x76e2becb4c0c;0x0;0x100000001;0x76e32895c170;0x85e38058b4818;|, 59.664790, 700.00, 41.581000
2025-11-25T20:44:47.384423Z, , 56.812072, 400.00, 41.581000
2025-11-25T20:44:47.389698Z, 0xfffffffffffffe00;0x76e32c115757;0x76e32c11624b;0x76e32c117c50;0x76e32cb330ab;cuCtxGetDevice;0x76e328a11116;0x76e328a4f042;0x76e328df727b;|, 56.093941, 900.00, 41.581000
2025-11-25T20:44:47.394933Z, , 62.310000, 500.00, 41.581000
2025-11-25T20:44:47.400345Z, 0xfffffffffffffe00;0x76e32c355d7d;0x76e32c355c9c;0x76e32c13196f;0x76e32c131c8e;0x76e32c15d0d8;0x76e32c15d181;0x76e32c10c62b;0x76e32c117c50;0x76e32d7b98b2;0x76e32c9c9ad5;0x76e32c9d5a28;0x76e32c9d63ce;0x76e32cba98e8;cuLaunchKernel;0x76e328a13e89;0x76e328a79f88;0x76e2bddcda79;0x76e2f9234608;|, 55.233503, 550.00, 41.581000
2025-11-25T20:44:47.405572Z, , 58.021808, 600.00, 41.581000
2025-11-25T20:44:47.410896Z, 0xfffffffffffffe00;0x76e32cb18529;0x76e32d7ba076;0x76e32c9c9ad5;0x76e32c9d5a28;0x76e32c9d63ce;0x76e32cba98e8;cuLaunchKernel;0x76e224ee3eb6;0x76e224f4a3f8;0x76e21ec673c5;0x76e21eb5252c;0x76e21df81c1e;0x76e21e0c0b59;0x76e21e0c4dcd;0x76e2bef51c11;0x76e2befc3fdf;0x76e2befc5bc2;0x76e2becdb21c;|, 54.740890, 1300.00, 41.581000
2025-11-25T20:44:47.417600Z, 0xfffffffffffffe00;_PyEval_EvalFrameDefault;0x54cf04;PyObject_Call;_PyEval_EvalFrameDefault;0x54cf04;PyObject_Call;_PyEval_EvalFrameDefault;_PyObject_Call_Prepend;0x5a30c8;_PyObject_MakeTpCall;_PyEval_EvalFrameDefault;0x54cf04;PyObject_Call;_PyEval_EvalFrameDefault;0x54cf04;PyObject_Call;_PyEval_EvalFrameDefault;0x54cf04;PyObject_Call;_PyEval_EvalFrameDefault;PyEval_EvalCode;0x607fc2;0x6b4393;_PyRun_SimpleFileObject;_PyRun_AnyFileObject;Py_RunMain;Py_BytesMain;__libc_start_call_main;__libc_start_main@@GLIBC_2.34;_start;|, 61.987778, 650.00, 41.581000
2025-11-25T20:44:47.423028Z, , 58.741754, 700.00, 41.581000
2025-11-25T20:44:47.430741Z, 0xfffffffffffffe00;_PyObject_GetMethod;_PyEval_EvalFrameDefault;0x54ce3d;_PyEval_EvalFrameDefault;0x54ce3d;_PyEval_EvalFrameDefault;_PyObject_Call_Prepend;0x5a30c8;_PyObject_MakeTpCall;_PyEval_EvalFrameDefault;0x54cf04;PyObject_Call;_PyEval_EvalFrameDefault;0x54cf04;PyObject_Call;_PyEval_EvalFrameDefault;_PyObject_Call_Prepend;0x5a30c8;PyObject_Call;_PyEval_EvalFrameDefault;0x54cf04;PyObject_Call;_PyEval_EvalFrameDefault;0x54cf04;PyObject_Call;_PyEval_EvalFrameDefault;0x54cf04;PyObject_Call;_PyEval_EvalFrameDefault;_PyObject_Call_Prepend;0x5a30c8;PyObject_Call;_PyEval_EvalFrameDefault;0x54cf04;PyObject_Call;_PyEval_EvalFrameDefault;0x54cf04;PyObject_Call;_PyEval_EvalFrameDefault;_PyObject_Call_Prepend;0x5a30c8;_PyObject_MakeTpCall;_PyEval_EvalFrameDefault;0x54cf04;PyObject_Call;_PyEval_EvalFrameDefault;0x54cf04;PyObject_Call;_PyEval_EvalFrameDefault;0x54cf04;PyObject_Call;_PyEval_EvalFrameDefault;PyEval_EvalCode;0x607fc2;0x6b4393;_PyRun_SimpleFileObject;_PyRun_AnyFileObject;Py_RunMain;Py_BytesMain;__libc_start_call_main;__libc_start_main@@GLIBC_2.34;_start;|, 49.518661, 1500.00, 41.581000
2025-11-25T20:44:47.436356Z, 0xfffffffffffffe00;0x76e32c97b8f4;0x76e32ccb7213;0x76e32c131b7d;0x76e32c15d0d8;0x76e32c15d181;0x76e32c10c62b;0x76e32c117c50;0x76e32d7b98b2;0x76e32c9c9ad5;0x76e32c9d5a28;0x76e32c9d63ce;0x76e32cba98e8;cuLaunchKernel;0x76e328a13e89;0x76e328a79f88;0x76e2be82c47d;|, 58.535285, 800.00, 41.581000
2025-11-25T20:44:47.441785Z, , 53.408308, 1600.00, 41.581000
2025-11-25T20:44:47.448432Z, 0xfffffffffffffe00;_PyEval_EvalFrameDefault;0x54ce3d;_PyEval_EvalFrameDefault;_PyObject_Call_Prepend;0x5a30c8;_PyObject_MakeTpCall;_PyEval_EvalFrameDefault;0x54cf04;PyObject_Call;_PyEval_EvalFrameDefault;0x54cf04;PyObject_Call;_PyEval_EvalFrameDefault;_PyObject_Call_Prepend;0x5a30c8;_PyObject_MakeTpCall;_PyEval_EvalFrameDefault;0x54cf04;PyObject_Call;_PyEval_EvalFrameDefault;0x54cf04;PyObject_Call;_PyEval_EvalFrameDefault;0x54cf04;PyObject_Call;_PyEval_EvalFrameDefault;PyEval_EvalCode;0x607fc2;0x6b4393;_PyRun_SimpleFileObject;_PyRun_AnyFileObject;Py_RunMain;Py_BytesMain;__libc_start_call_main;__libc_start_main@@GLIBC_2.34;_start;|, 49.655961, 1700.00, 41.581000
2025-11-25T20:44:47.453795Z, , 62.939419, 600.00, 41.581000
2025-11-25T20:44:47.459099Z, 0xfffffffffffffe00;0x76e328dde5bb;0x76e328de0c05;0x76e2f8bd64ad;0x1;0x76e328dc7ec0;0x5554415541564100;|, 43.382601, 1900.00, 41.581000
2025-11-25T20:44:47.464350Z, , 49.462964, 0.00, 41.581000
2025-11-25T20:44:47.469570Z, , 37.884754, 0.00, 41.581000
2025-11-25T20:44:47.474806Z, , 30.328337, 0.00, 41.581000
2025-11-25T20:44:47.480033Z, , 33.195032, 0.00, 41.581000
2025-11-25T20:44:47.485275Z, , 31.154715, 0.00, 41.581000
2025-11-25T20:44:47.490495Z, , 29.002869, 0.00, 41.581000
2025-11-25T20:44:47.495722Z, , 27.995444, 0.00, 61.016000
2025-11-25T20:44:47.500951Z, , 30.307314, 0.00, 61.016000
2025-11-25T20:44:47.506118Z, , 27.889665, 0.00, 61.016000
2025-11-25T20:44:47.511382Z, , 26.574065, 0.00, 61.016000
2025-11-25T20:44:47.516616Z, , 28.845393, 0.00, 61.016000
2025-11-25T20:44:47.521845Z, , 31.135921, 0.00, 61.016000
2025-11-25T20:44:47.527061Z, , 29.193078, 0.00, 61.016000
2025-11-25T20:44:47.532300Z, , 23.407738, 0.00, 61.016000
2025-11-25T20:44:47.537518Z, , 27.453803, 0.00, 61.016000
2025-11-25T20:44:47.542896Z, , 39.415159, 0.00, 61.016000
2025-11-25T20:44:47.548124Z, , 37.581839, 0.00, 61.016000
2025-11-25T20:44:47.553322Z, , 27.445750, 0.00, 61.016000
2025-11-25T20:44:47.558537Z, , 33.007463, 0.00, 61.016000
2025-11-25T20:44:47.563763Z, , 26.659295, 0.00, 61.016000
2025-11-25T20:44:47.569008Z, , 29.817293, 0.00, 61.016000
2025-11-25T20:44:47.574264Z, , 29.886709, 0.00, 61.016000
2025-11-25T20:44:47.579494Z, , 28.456430, 0.00, 61.016000
2025-11-25T20:44:47.584718Z, , 29.692345, 0.00, 61.016000
2025-11-25T20:44:47.589945Z, , 26.685590, 0.00, 61.016000
2025-11-25T20:44:47.595180Z, , 25.398687, 0.00, 61.016000
2025-11-25T20:44:47.600414Z, , 32.422905, 0.00, 61.016000
2025-11-25T20:44:47.605599Z, , 29.561448, 0.00, 61.016000
2025-11-25T20:44:47.610873Z, , 42.619582, 0.00, 61.016000
2025-11-25T20:44:47.616311Z, 0xfffffffffffffe00;0x76e32cc61b7b;0x76e32ca1f183;0x76e32ca5de3b;0x76e32d79d137;0x76e32d79d585;0x76e32ca2b9f4;0x76e32caf22c3;0x76e32d751fd5;0x76e32c9f6cbb;0x76e32cba87e1;cuStreamSynchronize;0x76e328a12683;0x76e328a79ca1;0x76e2bcfcef18;0x76e2bcfd04b5;0x0;0x100000001;0x76e32895c170;0x85e38058b4818;|, 38.670132, 100.00, 61.016000
2025-11-25T20:44:47.621574Z, , 47.387097, 100.00, 61.016000
2025-11-25T20:44:47.628944Z, 0xfffffffffffffe00;0x76e32893e270;0x76e31d029e53;0x551768;PyObject_Vectorcall;_PyEval_EvalFrameDefault;0x54cf04;PyObject_Call;_PyEval_EvalFrameDefault;0x54cf04;PyObject_Call;_PyEval_EvalFrameDefault;_PyObject_Call_Prepend;0x5a30c8;PyObject_Call;_PyEval_EvalFrameDefault;0x54cf04;PyObject_Call;_PyEval_EvalFrameDefault;0x54cf04;PyObject_Call;_PyEval_EvalFrameDefault;0x54cf04;PyObject_Call;_PyEval_EvalFrameDefault;_PyObject_Call_Prepend;0x5a30c8;PyObject_Call;_PyEval_EvalFrameDefault;0x54cf04;PyObject_Call;_PyEval_EvalFrameDefault;0x54cf04;PyObject_Call;_PyEval_EvalFrameDefault;_PyObject_Call_Prepend;0x5a30c8;_PyObject_MakeTpCall;_PyEval_EvalFrameDefault;0x54cf04;PyObject_Call;_PyEval_EvalFrameDefault;0x54cf04;PyObject_Call;_PyEval_EvalFrameDefault;0x54cf04;PyObject_Call;_PyEval_EvalFrameDefault;PyEval_EvalCode;0x607fc2;0x6b4393;_PyRun_SimpleFileObject;_PyRun_AnyFileObject;Py_RunMain;Py_BytesMain;__libc_start_call_main;__libc_start_main@@GLIBC_2.34;_start;|, 40.143155, 100.00, 61.016000
2025-11-25T20:44:47.634222Z, , 41.232222, 150.00, 61.016000
2025-11-25T20:44:47.641972Z, 0xfffffffffffffe00;_PyType_Lookup;_PyObject_GenericGetAttrWithDict;0x5a372c;PyObject_GetAttr;_PyEval_EvalFrameDefault;0x54ce3d;_PyEval_EvalFrameDefault;_PyObject_Call_Prepend;0x5a30c8;_PyObject_MakeTpCall;_PyEval_EvalFrameDefault;0x54cf04;PyObject_Call;_PyEval_EvalFrameDefault;0x54cf04;PyObject_Call;_PyEval_EvalFrameDefault;_PyObject_Call_Prepend;0x5a30c8;PyObject_Call;_PyEval_EvalFrameDefault;0x54cf04;PyObject_Call;_PyEval_EvalFrameDefault;0x54cf04;PyObject_Call;_PyEval_EvalFrameDefault;0x54cf04;PyObject_Call;_PyEval_EvalFrameDefault;_PyObject_Call_Prepend;0x5a30c8;PyObject_Call;_PyEval_EvalFrameDefault;0x54cf04;PyObject_Call;_PyEval_EvalFrameDefault;0x54cf04;PyObject_Call;_PyEval_EvalFrameDefault;_PyObject_Call_Prepend;0x5a30c8;_PyObject_MakeTpCall;_PyEval_EvalFrameDefault;0x54cf04;PyObject_Call;_PyEval_EvalFrameDefault;0x54cf04;PyObject_Call;_PyEval_EvalFrameDefault;0x54cf04;PyObject_Call;_PyEval_EvalFrameDefault;PyEval_EvalCode;0x607fc2;0x6b4393;_PyRun_SimpleFileObject;_PyRun_AnyFileObject;Py_RunMain;Py_BytesMain;__libc_start_call_main;__libc_start_main@@GLIBC_2.34;_start;|, 45.824168, 200.00, 61.016000
2025-11-25T20:44:47.649456Z, 0xfffffffffffffe00;0x5914d4;0x5d539f;0x5d4fbf;_PyObject_Call_Prepend;0x5a30c8;_PyObject_MakeTpCall;_PyEval_EvalFrameDefault;0x54cf04;PyObject_Call;_PyEval_EvalFrameDefault;0x54cf04;PyObject_Call;_PyEval_EvalFrameDefault;_PyObject_Call_Prepend;0x5a30c8;PyObject_Call;_PyEval_EvalFrameDefault;0x54cf04;PyObject_Call;_PyEval_EvalFrameDefault;0x54cf04;PyObject_Call;_PyEval_EvalFrameDefault;0x54cf04;PyObject_Call;_PyEval_EvalFrameDefault;_PyObject_Call_Prepend;0x5a30c8;PyObject_Call;_PyEval_EvalFrameDefault;0x54cf04;PyObject_Call;_PyEval_EvalFrameDefault;0x54cf04;PyObject_Call;_PyEval_EvalFrameDefault;_PyObject_Call_Prepend;0x5a30c8;_PyObject_MakeTpCall;_PyEval_EvalFrameDefault;0x54cf04;PyObject_Call;_PyEval_EvalFrameDefault;0x54cf04;PyObject_Call;_PyEval_EvalFrameDefault;0x54cf04;PyObject_Call;_PyEval_EvalFrameDefault;PyEval_EvalCode;0x607fc2;0x6b4393;_PyRun_SimpleFileObject;_PyRun_AnyFileObject;Py_RunMain;Py_BytesMain;__libc_start_call_main;__libc_start_main@@GLIBC_2.34;_start;|, 45.598990, 166.67, 61.016000
2025-11-25T20:44:47.654665Z, 0xfffffffffffffe00;0x76e32c2cc2b0;0x76e32c103e99;0x76e32c117c21;0x76e32ccae696;0x76e328a4f03a;0x76e328df7115;0x2800000000;|, 46.924907, 600.00, 61.016000
2025-11-25T20:44:47.659865Z, , 53.532042, 350.00, 61.016000
2025-11-25T20:44:47.665151Z, 0xfffffffffffffe00;0x76e32c103eab;0x76e32c117c21;0x76e32cb330e7;cuCtxGetDevice;0x76e328a11116;0x76e328a4f042;0x76e328df6dc2;0x6475632f3031632f;|, 54.585713, 350.00, 61.016000
2025-11-25T20:44:47.670304Z, , 56.585724, 800.00, 61.016000
2025-11-25T20:44:47.675457Z, 0xfffffffffffffe00;0x76e32c1157c2;0x76e32c11624b;0x76e32c117c50;0x76e32cb330ab;cuCtxGetDevice;0x76e328a11116;0x76e328a4f042;0x76e328df727b;|, 39.750733, 900.00, 61.016000
2025-11-25T20:44:47.680607Z, , 65.910639, 900.00, 61.016000
2025-11-25T20:44:47.685843Z, 0xfffffffffffffe00;0x76e32ca2b9bb;0x76e32caf22c3;0x76e32d751fd5;0x76e32c9f6cbb;0x76e32cba87e1;cuStreamSynchronize;0x76e328a12683;0x76e328a79ca1;0x76e2bcfcef18;0x76e2bcfd04b5;0x0;0x100000001;0x76e32895c170;0x85e38058b4818;|, 52.692697, 1100.00, 61.016000
2025-11-25T20:44:47.690978Z, , 58.197392, 0.00, 61.016000
2025-11-25T20:44:47.696168Z, 0xfffffffffffffe00;0x76e32c158b94;0x76e32c10d695;0x76e32c117c50;0x76e32ccae696;0x76e328a4f082;0x76e328df7115;0xec1fb43000007fff;|, 48.399365, 0.00, 61.016000
2025-11-25T20:44:47.701301Z, , 45.256274, 100.00, 61.016000
2025-11-25T20:44:47.708716Z, 0xfffffffffffffe00;PyObject_Free;0x5a39e4;PyObject_GetAttr;_PyEval_EvalFrameDefault;0x54ce3d;_PyEval_EvalFrameDefault;0x54ce3d;_PyEval_EvalFrameDefault;_PyObject_Call_Prepend;0x5a30c8;_PyObject_MakeTpCall;_PyEval_EvalFrameDefault;0x54ce3d;_PyEval_EvalFrameDefault;0x54ce3d;_PyEval_EvalFrameDefault;_PyObject_Call_Prepend;0x5a30c8;_PyObject_MakeTpCall;_PyEval_EvalFrameDefault;0x54cf04;PyObject_Call;_PyEval_EvalFrameDefault;0x54cf04;PyObject_Call;_PyEval_EvalFrameDefault;0x54cf04;PyObject_Call;_PyEval_EvalFrameDefault;_PyObject_Call_Prepend;0x5a30c8;PyObject_Call;_PyEval_EvalFrameDefault;0x54cf04;PyObject_Call;_PyEval_EvalFrameDefault;0x54cf04;PyObject_Call;_PyEval_EvalFrameDefault;_PyObject_Call_Prepend;0x5a30c8;_PyObject_MakeTpCall;_PyEval_EvalFrameDefault;0x54cf04;PyObject_Call;_PyEval_EvalFrameDefault;0x54cf04;PyObject_Call;_PyEval_EvalFrameDefault;0x54cf04;PyObject_Call;_PyEval_EvalFrameDefault;PyEval_EvalCode;0x607fc2;0x6b4393;_PyRun_SimpleFileObject;_PyRun_AnyFileObject;Py_RunMain;Py_BytesMain;__libc_start_call_main;__libc_start_main@@GLIBC_2.34;_start;|, 61.245961, 200.00, 61.016000
2025-11-25T20:44:47.714264Z, 0xfffffffffffffe00;0x76e32cc61b7b;0x76e32ca1f183;0x76e32ca5de3b;0x76e32d79d137;0x76e32d79d585;0x76e32ca2b9f4;0x76e32caf22c3;0x76e32d751fd5;0x76e32c9f6cbb;0x76e32cba87e1;cuStreamSynchronize;0x76e328a12683;0x76e328a79ca1;0x76e2bcfcef18;0x76e2bcfd04b5;0x0;0x100000001;0x76e32895c170;0x85e38058b4818;|, 49.699055, 150.00, 61.016000
2025-11-25T20:44:47.719468Z, , 64.236229, 300.00, 61.016000
2025-11-25T20:44:47.724839Z, 0xfffffffffffffe00;0x76e328dc1872;0x76e328dc1e61;0x76e31d034a5f;|, 48.621948, 400.00, 61.016000
2025-11-25T20:44:47.730119Z, , 46.584017, 500.00, 61.016000
2025-11-25T20:44:47.735672Z, 0xfffffffffffffe00;0x76e2f8bcfb47;|, 47.759031, 600.00, 61.016000
2025-11-25T20:44:47.740995Z, , 52.336391, 600.00, 61.016000
2025-11-25T20:44:47.746530Z, 0xfffffffffffffe00;0x76e31cf6ac73;0x7fffec1fbca0;0x76e31d9878c0;0x76e31c4bc020;0x4810c08348001bae;|, 53.260683, 700.00, 61.016000
2025-11-25T20:44:47.751968Z, , 55.184418, 800.00, 61.016000
2025-11-25T20:44:47.759332Z, 0xfffffffffffffe00;_PyEval_EvalFrameDefault;PyObject_Vectorcall;0x5a379d;PyObject_GetAttr;_PyObject_GetMethod;_PyEval_EvalFrameDefault;0x54cf04;PyObject_Call;_PyEval_EvalFrameDefault;0x54cf04;PyObject_Call;_PyEval_EvalFrameDefault;_PyObject_Call_Prepend;0x5a30c8;PyObject_Call;_PyEval_EvalFrameDefault;0x54cf04;PyObject_Call;_PyEval_EvalFrameDefault;0x54cf04;PyObject_Call;_PyEval_EvalFrameDefault;0x54cf04;PyObject_Call;_PyEval_EvalFrameDefault;_PyObject_Call_Prepend;0x5a30c8;PyObject_Call;_PyEval_EvalFrameDefault;0x54cf04;PyObject_Call;_PyEval_EvalFrameDefault;0x54cf04;PyObject_Call;_PyEval_EvalFrameDefault;_PyObject_Call_Prepend;0x5a30c8;_PyObject_MakeTpCall;_PyEval_EvalFrameDefault;0x54cf04;PyObject_Call;_PyEval_EvalFrameDefault;0x54cf04;PyObject_Call;_PyEval_EvalFrameDefault;0x54cf04;PyObject_Call;_PyEval_EvalFrameDefault;PyEval_EvalCode;0x607fc2;0x6b4393;_PyRun_SimpleFileObject;_PyRun_AnyFileObject;Py_RunMain;Py_BytesMain;__libc_start_call_main;__libc_start_main@@GLIBC_2.34;_start;|, 45.938212, 800.00, 61.016000
2025-11-25T20:44:47.764723Z, , 51.978725, 900.00, 61.016000
2025-11-25T20:44:47.770115Z, 0xfffffffffffffe00;PyType_IsSubtype;0x5a3006;0x581982;PyObject_CallOneArg;PyObject_IsInstance;0x76e31d72e4dc;0x0;|, 56.456013, 500.00, 61.016000
2025-11-25T20:44:47.777721Z, 0xfffffffffffffe00;_PyEval_EvalFrameDefault;0x5a379d;PyObject_GetAttr;_PyEval_EvalFrameDefault;0x54ce3d;_PyEval_EvalFrameDefault;0x54ce3d;_PyEval_EvalFrameDefault;_PyObject_Call_Prepend;0x5a30c8;_PyObject_MakeTpCall;_PyEval_EvalFrameDefault;0x54cf04;PyObject_Call;_PyEval_EvalFrameDefault;0x54cf04;PyObject_Call;_PyEval_EvalFrameDefault;_PyObject_Call_Prepend;0x5a30c8;PyObject_Call;_PyEval_EvalFrameDefault;0x54cf04;PyObject_Call;_PyEval_EvalFrameDefault;0x54cf04;PyObject_Call;_PyEval_EvalFrameDefault;0x54cf04;PyObject_Call;_PyEval_EvalFrameDefault;_PyObject_Call_Prepend;0x5a30c8;PyObject_Call;_PyEval_EvalFrameDefault;0x54cf04;PyObject_Call;_PyEval_EvalFrameDefault;0x54cf04;PyObject_Call;_PyEval_EvalFrameDefault;_PyObject_Call_Prepend;0x5a30c8;_PyObject_MakeTpCall;_PyEval_EvalFrameDefault;0x54cf04;PyObject_Call;_PyEval_EvalFrameDefault;0x54cf04;PyObject_Call;_PyEval_EvalFrameDefault;0x54cf04;PyObject_Call;_PyEval_EvalFrameDefault;PyEval_EvalCode;0x607fc2;0x6b4393;_PyRun_SimpleFileObject;_PyRun_AnyFileObject;Py_RunMain;Py_BytesMain;__libc_start_call_main;__libc_start_main@@GLIBC_2.34;_start;|, 58.936960, 1100.00, 61.016000
2025-11-25T20:44:47.782919Z, , 54.882581, 1200.00, 61.016000
2025-11-25T20:44:47.788193Z, 0xfffffffffffffe00;0x76e32c9d63ce;0x76e32cba98e8;cuLaunchKernel;0x76e328a13e89;0x76e328a79f88;0x76e2be82c47d;|, 50.889687, 1200.00, 61.016000
2025-11-25T20:44:47.793374Z, , 53.797694, 1300.00, 61.016000
2025-11-25T20:44:47.798548Z, 0xfffffffffffffe00;0x76e2bed79f6c;0x400000002;|, 56.639453, 1400.00, 61.016000
2025-11-25T20:44:47.803733Z, , 47.388663, 1500.00, 61.016000
2025-11-25T20:44:47.808962Z, 0xfffffffffffffe00;0x76e2bdd169cf;0x76e2bdd35966;0x590e86;0x100000003;0x76e32895c170;0x85e38058b4818;|, 40.220710, 1500.00, 61.016000
2025-11-25T20:44:47.814189Z, , 59.566708, 800.00, 61.016000
2025-11-25T20:44:47.819422Z, 0xfffffffffffffe00;0x76e32c116229;0x76e32c117c50;0x76e32cb330e7;cuCtxGetDevice;0x76e328a11116;0x76e328a4f042;0x76e328df727b;|, 51.291170, 1700.00, 61.016000
2025-11-25T20:44:47.824578Z, , 44.998980, 1800.00, 61.016000
2025-11-25T20:44:47.832049Z, 0xfffffffffffffe00;_PyEval_EvalFrameDefault;PyObject_Vectorcall;0x5a379d;PyObject_GetAttr;_PyEval_EvalFrameDefault;0x54ce3d;_PyEval_EvalFrameDefault;0x54ce3d;_PyEval_EvalFrameDefault;_PyObject_Call_Prepend;0x5a30c8;_PyObject_MakeTpCall;_PyEval_EvalFrameDefault;0x54cf04;PyObject_Call;_PyEval_EvalFrameDefault;0x54cf04;PyObject_Call;_PyEval_EvalFrameDefault;_PyObject_Call_Prepend;0x5a30c8;PyObject_Call;_PyEval_EvalFrameDefault;0x54cf04;PyObject_Call;_PyEval_EvalFrameDefault;0x54cf04;PyObject_Call;_PyEval_EvalFrameDefault;0x54cf04;PyObject_Call;_PyEval_EvalFrameDefault;_PyObject_Call_Prepend;0x5a30c8;PyObject_Call;_PyEval_EvalFrameDefault;0x54cf04;PyObject_Call;_PyEval_EvalFrameDefault;0x54cf04;PyObject_Call;_PyEval_EvalFrameDefault;_PyObject_Call_Prepend;0x5a30c8;_PyObject_MakeTpCall;_PyEval_EvalFrameDefault;0x54cf04;PyObject_Call;_PyEval_EvalFrameDefault;0x54cf04;PyObject_Call;_PyEval_EvalFrameDefault;0x54cf04;PyObject_Call;_PyEval_EvalFrameDefault;PyEval_EvalCode;0x607fc2;0x6b4393;_PyRun_SimpleFileObject;_PyRun_AnyFileObject;Py_RunMain;Py_BytesMain;__libc_start_call_main;__libc_start_main@@GLIBC_2.34;_start;|, 47.023273, 1800.00, 61.016000
2025-11-25T20:44:47.837249Z, 0xfffffffffffffe00;0x76e328dc1a60;0x76e328dc1e61;0x76e31d034a5f;|, 49.114162, 1900.00, 61.016000
2025-11-25T20:44:47.842440Z, , 44.161686, 2000.00, 61.016000
2025-11-25T20:44:47.849997Z, 0xfffffffffffffe00;0x57202a;PyDict_GetItemWithError;_PyEval_EvalFrameDefault;PyObject_Vectorcall;0x5a379d;PyObject_GetAttr;_PyEval_EvalFrameDefault;0x54ce3d;_PyEval_EvalFrameDefault;0x54ce3d;_PyEval_EvalFrameDefault;_PyObject_Call_Prepend;0x5a30c8;_PyObject_MakeTpCall;_PyEval_EvalFrameDefault;0x54ce3d;_PyEval_EvalFrameDefault;0x54ce3d;_PyEval_EvalFrameDefault;_PyObject_Call_Prepend;0x5a30c8;_PyObject_MakeTpCall;_PyEval_EvalFrameDefault;0x54cf04;PyObject_Call;_PyEval_EvalFrameDefault;0x54cf04;PyObject_Call;_PyEval_EvalFrameDefault;0x54cf04;PyObject_Call;_PyEval_EvalFrameDefault;_PyObject_Call_Prepend;0x5a30c8;PyObject_Call;_PyEval_EvalFrameDefault;0x54cf04;PyObject_Call;_PyEval_EvalFrameDefault;0x54cf04;PyObject_Call;_PyEval_EvalFrameDefault;_PyObject_Call_Prepend;0x5a30c8;_PyObject_MakeTpCall;_PyEval_EvalFrameDefault;0x54cf04;PyObject_Call;_PyEval_EvalFrameDefault;0x54cf04;PyObject_Call;_PyEval_EvalFrameDefault;0x54cf04;PyObject_Call;_PyEval_EvalFrameDefault;PyEval_EvalCode;0x607fc2;0x6b4393;_PyRun_SimpleFileObject;_PyRun_AnyFileObject;Py_RunMain;Py_BytesMain;__libc_start_call_main;__libc_start_main@@GLIBC_2.34;_start;|, 49.702555, 2100.00, 61.016000
2025-11-25T20:44:47.855224Z, , 43.343016, 733.33, 61.016000
2025-11-25T20:44:47.862523Z, 0xfffffffffffffe00;0x76e2fc1caafe;0x76e31d00b79c;0x551768;PyObject_Vectorcall;_PyEval_EvalFrameDefault;0x54cf04;PyObject_Call;_PyEval_EvalFrameDefault;0x54cf04;PyObject_Call;_PyEval_EvalFrameDefault;_PyObject_Call_Prepend;0x5a30c8;PyObject_Call;_PyEval_EvalFrameDefault;0x54cf04;PyObject_Call;_PyEval_EvalFrameDefault;0x54cf04;PyObject_Call;_PyEval_EvalFrameDefault;0x54cf04;PyObject_Call;_PyEval_EvalFrameDefault;_PyObject_Call_Prepend;0x5a30c8;PyObject_Call;_PyEval_EvalFrameDefault;0x54cf04;PyObject_Call;_PyEval_EvalFrameDefault;0x54cf04;PyObject_Call;_PyEval_EvalFrameDefault;_PyObject_Call_Prepend;0x5a30c8;_PyObject_MakeTpCall;_PyEval_EvalFrameDefault;0x54cf04;PyObject_Call;_PyEval_EvalFrameDefault;0x54cf04;PyObject_Call;_PyEval_EvalFrameDefault;_PyObject_Call_Prepend;0x5a30c8;PyObject_Call;_PyEval_EvalFrameDefault;PyEval_EvalCode;0x607fc2;0x6b4393;_PyRun_SimpleFileObject;_PyRun_AnyFileObject;Py_RunMain;Py_BytesMain;__libc_start_call_main;__libc_start_main@@GLIBC_2.34;_start;|, 54.180606, 2200.00, 61.016000
2025-11-25T20:44:47.867956Z, 0xfffffffffffffe00;0x76e32c10d487;0x76e32c117c50;0x76e32ccae696;0x76e328a4f082;0x76e328df727b;|, 44.389624, 2300.00, 61.016000
2025-11-25T20:44:47.873320Z, , 53.837779, 2400.00, 61.016000
2025-11-25T20:44:47.880549Z, 0xfffffffffffffe00;__tls_get_addr;0x551768;PyObject_Vectorcall;_PyEval_EvalFrameDefault;0x54cf04;PyObject_Call;_PyEval_EvalFrameDefault;0x54cf04;PyObject_Call;_PyEval_EvalFrameDefault;_PyObject_Call_Prepend;0x5a30c8;PyObject_Call;_PyEval_EvalFrameDefault;0x54cf04;PyObject_Call;_PyEval_EvalFrameDefault;0x54cf04;PyObject_Call;_PyEval_EvalFrameDefault;0x54cf04;PyObject_Call;_PyEval_EvalFrameDefault;_PyObject_Call_Prepend;0x5a30c8;PyObject_Call;_PyEval_EvalFrameDefault;0x54cf04;PyObject_Call;_PyEval_EvalFrameDefault;0x54cf04;PyObject_Call;_PyEval_EvalFrameDefault;_PyObject_Call_Prepend;0x5a30c8;_PyObject_MakeTpCall;_PyEval_EvalFrameDefault;0x54cf04;PyObject_Call;_PyEval_EvalFrameDefault;0x54cf04;PyObject_Call;_PyEval_EvalFrameDefault;0x54cf04;PyObject_Call;_PyEval_EvalFrameDefault;PyEval_EvalCode;0x607fc2;0x6b4393;_PyRun_SimpleFileObject;_PyRun_AnyFileObject;Py_RunMain;Py_BytesMain;__libc_start_call_main;__libc_start_main@@GLIBC_2.34;_start;|, 41.953115, 2500.00, 61.016000
2025-11-25T20:44:47.885836Z, 0xfffffffffffffe00;pthread_rwlock_rdlock@GLIBC_2.2.5;0x76e32c9a235c;0x76e32cb65a49;cuFuncGetAttribute;0x76e224ee4a14;0x76e224f260cc;0x76e21eb4f2f5;0x76e21eb53bc0;0x76e21eb543d6;0x76e21df7f33c;0x76e21df81b91;0x76e21e0c0b59;0x76e21e0c4dcd;0x76e2bef51c11;0x76e2befc3fdf;0x76e2befc5bc2;0x76e2becdb21c;|, 63.117667, 2600.00, 61.016000
2025-11-25T20:44:47.891098Z, , 51.752337, 2600.00, 61.016000
2025-11-25T20:44:47.898528Z, 0xfffffffffffffe00;_PyEval_EvalFrameDefault;PyObject_Vectorcall;0x5a3d6d;0x5a39f2;PyObject_GetAttr;_PyEval_EvalFrameDefault;0x54ce3d;_PyEval_EvalFrameDefault;0x54ce3d;_PyEval_EvalFrameDefault;_PyObject_Call_Prepend;0x5a30c8;_PyObject_MakeTpCall;_PyEval_EvalFrameDefault;0x54ce3d;_PyEval_EvalFrameDefault;0x54ce3d;_PyEval_EvalFrameDefault;_PyObject_Call_Prepend;0x5a30c8;_PyObject_MakeTpCall;_PyEval_EvalFrameDefault;0x54cf04;PyObject_Call;_PyEval_EvalFrameDefault;0x54cf04;PyObject_Call;_PyEval_EvalFrameDefault;0x54cf04;PyObject_Call;_PyEval_EvalFrameDefault;_PyObject_Call_Prepend;0x5a30c8;PyObject_Call;_PyEval_EvalFrameDefault;0x54cf04;PyObject_Call;_PyEval_EvalFrameDefault;0x54cf04;PyObject_Call;_PyEval_EvalFrameDefault;_PyObject_Call_Prepend;0x5a30c8;_PyObject_MakeTpCall;_PyEval_EvalFrameDefault;0x54cf04;PyObject_Call;_PyEval_EvalFrameDefault;0x54cf04;PyObject_Call;_PyEval_EvalFrameDefault;0x54cf04;PyObject_Call;_PyEval_EvalFrameDefault;PyEval_EvalCode;0x607fc2;0x6b4393;_PyRun_SimpleFileObject;_PyRun_AnyFileObject;Py_RunMain;Py_BytesMain;__libc_start_call_main;__libc_start_main@@GLIBC_2.34;_start;|, 50.422747, 2700.00, 61.016000
2025-11-25T20:44:47.903746Z, , 51.343258, 1400.00, 61.016000
2025-11-25T20:44:47.909017Z, 0xfffffffffffffe00;0x76e32d79ea3e;0x76e32cb32feb;cuCtxGetDevice;0x76e328a11116;0x76e328a4f042;0x76e328df7115;0x7fff;|, 46.070190, 0.00, 61.016000
2025-11-25T20:44:47.914276Z, , 40.182235, 0.00, 61.016000
2025-11-25T20:44:47.919562Z, 0xfffffffffffffe00;0x76e32ca1f186;0x76e32ca5de3b;0x76e32d79d137;0x76e32d79d585;0x76e32ca2b9f4;0x76e32caf22c3;0x76e32d751fd5;0x76e32c9f6cbb;0x76e32cba87e1;cuStreamSynchronize;0x76e328a12683;0x76e328a79ca1;0x76e2bcfcef18;0x76e2bcfd04b5;0x0;0x100000001;0x76e32895c170;0x85e38058b4818;|, 55.224850, 100.00, 61.016000
2025-11-25T20:44:47.924780Z, , 49.457457, 200.00, 61.016000
2025-11-25T20:44:47.929962Z, 0xfffffffffffffe00;0x76e2f8c80f24;0x76e3289ea380;0x5f5f6563616672;|, 50.239810, 200.00, 61.016000
2025-11-25T20:44:47.935120Z, , 43.877785, 300.00, 61.016000
2025-11-25T20:44:47.940468Z, 0xfffffffffffffe00;_PyObject_GC_New;PyCMethod_New;PyObject_IsInstance;0x76e31d72e4dc;0x0;|, 40.191926, 400.00, 61.016000
2025-11-25T20:44:47.945732Z, 0xfffffffffffffe00;pthread_mutex_unlock@@GLIBC_2.2.5;0x76e328a438b3;0x76e328a405e1;0x76e328a4219b;0x76e328a13d9c;0x76e328a79f88;0x76e2be82c47d;|, 49.251428, 400.00, 61.016000
2025-11-25T20:44:47.950883Z, , 47.134531, 500.00, 61.016000
2025-11-25T20:44:47.956202Z, 0xfffffffffffffe00;__memset_avx2_unaligned_erms;|, 46.051180, 300.00, 61.016000
2025-11-25T20:44:47.961374Z, , 44.871003, 700.00, 61.016000
2025-11-25T20:44:47.968123Z, 0xfffffffffffffe00;0x5757f0;0x54cb85;0x5f705d;0x5e2a34;_PyEval_EvalFrameDefault;0x54cf04;PyObject_Call;_PyEval_EvalFrameDefault;0x54cf04;PyObject_Call;_PyEval_EvalFrameDefault;_PyObject_Call_Prepend;0x5a30c8;PyObject_Call;_PyEval_EvalFrameDefault;0x54cf04;PyObject_Call;_PyEval_EvalFrameDefault;0x54cf04;PyObject_Call;_PyEval_EvalFrameDefault;_PyObject_Call_Prepend;0x5a30c8;_PyObject_MakeTpCall;_PyEval_EvalFrameDefault;0x54cf04;PyObject_Call;_PyEval_EvalFrameDefault;0x54cf04;PyObject_Call;_PyEval_EvalFrameDefault;0x54cf04;PyObject_Call;_PyEval_EvalFrameDefault;PyEval_EvalCode;0x607fc2;0x6b4393;_PyRun_SimpleFileObject;_PyRun_AnyFileObject;Py_RunMain;Py_BytesMain;__libc_start_call_main;__libc_start_main@@GLIBC_2.34;_start;|, 44.991096, 700.00, 61.016000
2025-11-25T20:44:47.973282Z, , 50.477650, 800.00, 61.016000
2025-11-25T20:44:47.978465Z, 0xfffffffffffffe00;0x76e31d204f60;0x76e1baf4f7f0;0x0;0x0;0x76e31d204440;0x1f0f0000000000;|, 42.180575, 900.00, 61.016000
2025-11-25T20:44:47.983644Z, , 52.983018, 0.00, 61.016000
2025-11-25T20:44:47.989480Z, 0xfffffffffffffe00;0x5721fa;0x5792c9;_PyEval_EvalFrameDefault;0x54cf04;PyObject_Call;_PyEval_EvalFrameDefault;PyEval_EvalCode;0x607fc2;0x6b4393;_PyRun_SimpleFileObject;_PyRun_AnyFileObject;Py_RunMain;Py_BytesMain;__libc_start_call_main;__libc_start_main@@GLIBC_2.34;_start;|, 43.494511, 0.00, 61.016000
2025-11-25T20:44:47.994664Z, , 53.156474, 100.00, 73.890000
2025-11-25T20:44:48.001299Z, 0xfffffffffffffe00;PyDict_SetItem;0x5d5639;0x5d4fbf;0x54cf04;PyObject_Call;_PyEval_EvalFrameDefault;_PyObject_Call_Prepend;0x5a30c8;PyObject_Call;_PyEval_EvalFrameDefault;0x54cf04;PyObject_Call;_PyEval_EvalFrameDefault;0x54cf04;PyObject_Call;_PyEval_EvalFrameDefault;_PyObject_Call_Prepend;0x5a30c8;_PyObject_MakeTpCall;_PyEval_EvalFrameDefault;0x54cf04;PyObject_Call;_PyEval_EvalFrameDefault;0x54cf04;PyObject_Call;_PyEval_EvalFrameDefault;0x54cf04;PyObject_Call;_PyEval_EvalFrameDefault;PyEval_EvalCode;0x607fc2;0x6b4393;_PyRun_SimpleFileObject;_PyRun_AnyFileObject;Py_RunMain;Py_BytesMain;__libc_start_call_main;__libc_start_main@@GLIBC_2.34;_start;|, 51.867031, 200.00, 73.890000
2025-11-25T20:44:48.008530Z, 0xfffffffffffffe00;_PyEval_EvalFrameDefault;PyObject_Vectorcall;0x5a379d;PyObject_GetAttr;_PyObject_GetMethod;_PyEval_EvalFrameDefault;0x54cf04;PyObject_Call;_PyEval_EvalFrameDefault;0x54cf04;PyObject_Call;_PyEval_EvalFrameDefault;_PyObject_Call_Prepend;0x5a30c8;PyObject_Call;_PyEval_EvalFrameDefault;0x54cf04;PyObject_Call;_PyEval_EvalFrameDefault;0x54cf04;PyObject_Call;_PyEval_EvalFrameDefault;0x54cf04;PyObject_Call;_PyEval_EvalFrameDefault;_PyObject_Call_Prepend;0x5a30c8;PyObject_Call;_PyEval_EvalFrameDefault;0x54cf04;PyObject_Call;_PyEval_EvalFrameDefault;0x54cf04;PyObject_Call;_PyEval_EvalFrameDefault;_PyObject_Call_Prepend;0x5a30c8;_PyObject_MakeTpCall;_PyEval_EvalFrameDefault;0x54cf04;PyObject_Call;_PyEval_EvalFrameDefault;0x54cf04;PyObject_Call;_PyEval_EvalFrameDefault;0x54cf04;PyObject_Call;_PyEval_EvalFrameDefault;PyEval_EvalCode;0x607fc2;0x6b4393;_PyRun_SimpleFileObject;_PyRun_AnyFileObject;Py_RunMain;Py_BytesMain;__libc_start_call_main;__libc_start_main@@GLIBC_2.34;_start;|, 45.552097, 150.00, 73.890000
2025-11-25T20:44:48.013714Z, , 50.995908, 400.00, 73.890000
2025-11-25T20:44:48.021269Z, 0xfffffffffffffe00;0x590441;0x55171f;PyObject_Vectorcall;_PyEval_EvalFrameDefault;0x54ce3d;_PyEval_EvalFrameDefault;0x54ce3d;_PyEval_EvalFrameDefault;_PyObject_Call_Prepend;0x5a30c8;_PyObject_MakeTpCall;_PyEval_EvalFrameDefault;0x54ce3d;_PyEval_EvalFrameDefault;0x54ce3d;_PyEval_EvalFrameDefault;_PyObject_Call_Prepend;0x5a30c8;_PyObject_MakeTpCall;_PyEval_EvalFrameDefault;0x54cf04;PyObject_Call;_PyEval_EvalFrameDefault;0x54cf04;PyObject_Call;_PyEval_EvalFrameDefault;0x54cf04;PyObject_Call;_PyEval_EvalFrameDefault;_PyObject_Call_Prepend;0x5a30c8;PyObject_Call;_PyEval_EvalFrameDefault;0x54cf04;PyObject_Call;_PyEval_EvalFrameDefault;0x54cf04;PyObject_Call;_PyEval_EvalFrameDefault;_PyObject_Call_Prepend;0x5a30c8;_PyObject_MakeTpCall;_PyEval_EvalFrameDefault;0x54cf04;PyObject_Call;_PyEval_EvalFrameDefault;0x54cf04;PyObject_Call;_PyEval_EvalFrameDefault;0x54cf04;PyObject_Call;_PyEval_EvalFrameDefault;PyEval_EvalCode;0x607fc2;0x6b4393;_PyRun_SimpleFileObject;_PyRun_AnyFileObject;Py_RunMain;Py_BytesMain;__libc_start_call_main;__libc_start_main@@GLIBC_2.34;_start;|, 56.769777, 400.00, 73.890000
2025-11-25T20:44:48.028750Z, 0xfffffffffffffe00;_PyTrash_begin;0x590e86;_PyObject_MakeTpCall;_PyEval_EvalFrameDefault;0x54ce3d;_PyEval_EvalFrameDefault;0x54ce3d;_PyEval_EvalFrameDefault;_PyObject_Call_Prepend;0x5a30c8;_PyObject_MakeTpCall;_PyEval_EvalFrameDefault;0x54cf04;PyObject_Call;_PyEval_EvalFrameDefault;0x54cf04;PyObject_Call;_PyEval_EvalFrameDefault;_PyObject_Call_Prepend;0x5a30c8;PyObject_Call;_PyEval_EvalFrameDefault;0x54cf04;PyObject_Call;_PyEval_EvalFrameDefault;0x54cf04;PyObject_Call;_PyEval_EvalFrameDefault;0x54cf04;PyObject_Call;_PyEval_EvalFrameDefault;_PyObject_Call_Prepend;0x5a30c8;PyObject_Call;_PyEval_EvalFrameDefault;0x54cf04;PyObject_Call;_PyEval_EvalFrameDefault;0x54cf04;PyObject_Call;_PyEval_EvalFrameDefault;_PyObject_Call_Prepend;0x5a30c8;_PyObject_MakeTpCall;_PyEval_EvalFrameDefault;0x54cf04;PyObject_Call;_PyEval_EvalFrameDefault;0x54cf04;PyObject_Call;_PyEval_EvalFrameDefault;0x54cf04;PyObject_Call;_PyEval_EvalFrameDefault;PyEval_EvalCode;0x607fc2;0x6b4393;_PyRun_SimpleFileObject;_PyRun_AnyFileObject;Py_RunMain;Py_BytesMain;__libc_start_call_main;__libc_start_main@@GLIBC_2.34;_start;|, 52.551498, 250.00, 73.890000
2025-11-25T20:44:48.034006Z, , 42.702313, 700.00, 73.890000
2025-11-25T20:44:48.039364Z, 0xfffffffffffffe00;pthread_rwlock_unlock@@GLIBC_2.34;0x76e32cc9d5dc;0x76e32d7baa86;0x76e32c9c9ad5;0x76e32c9d5a28;0x76e32c9d63ce;0x76e32cba98e8;cuLaunchKernel;0x76e328a13e89;0x76e328a79f88;0x76e2bd92c715;0x1;|, 46.233871, 400.00, 73.890000
2025-11-25T20:44:48.044580Z, , 65.055396, 900.00, 73.890000
2025-11-25T20:44:48.049766Z, 0xfffffffffffffe00;0x76e328a42179;0x76e328a25f9c;0x76e328a79eec;0x76e2bec85d62;|, 59.240949, 1000.00, 73.890000
2025-11-25T20:44:48.054963Z, , 49.595430, 500.00, 73.890000
2025-11-25T20:44:48.060311Z, 0xfffffffffffffe00;_PyObject_LookupAttr;0x53ecea;0x76e31d2d892b;0x0;PyUnicode_Type;|, 52.148302, 1100.00, 73.890000
2025-11-25T20:44:48.065512Z, , 44.990170, 1200.00, 73.890000
2025-11-25T20:44:48.070775Z, 0xfffffffffffffe00;0x76e32c150870;0x76e32c117c50;0x76e32ccae696;0x76e328a4d472;0x76e2bef119e6;0x76e2beeebab6;0x76e2beeec4f9;0x0;0x100000001;0x76e32895c170;0x85e38058b4818;|, 40.187331, 1300.00, 73.890000
2025-11-25T20:44:48.077937Z, 0xfffffffffffffe00;PyObject_Free;0x5f7035;0x5e2a34;_PyEval_EvalFrameDefault;0x54ce3d;_PyEval_EvalFrameDefault;_PyObject_Call_Prepend;0x5a30c8;_PyObject_MakeTpCall;_PyEval_EvalFrameDefault;0x54cf04;PyObject_Call;_PyEval_EvalFrameDefault;0x54cf04;PyObject_Call;_PyEval_EvalFrameDefault;0x54cf04;PyObject_Call;_PyEval_EvalFrameDefault;_PyObject_Call_Prepend;0x5a30c8;PyObject_Call;_PyEval_EvalFrameDefault;0x54cf04;PyObject_Call;_PyEval_EvalFrameDefault;0x54cf04;PyObject_Call;_PyEval_EvalFrameDefault;_PyObject_Call_Prepend;0x5a30c8;_PyObject_MakeTpCall;_PyEval_EvalFrameDefault;0x54cf04;PyObject_Call;_PyEval_EvalFrameDefault;0x54cf04;PyObject_Call;_PyEval_EvalFrameDefault;0x54cf04;PyObject_Call;_PyEval_EvalFrameDefault;PyEval_EvalCode;0x607fc2;0x6b4393;_PyRun_SimpleFileObject;_PyRun_AnyFileObject;Py_RunMain;Py_BytesMain;__libc_start_call_main;__libc_start_main@@GLIBC_2.34;_start;|, 38.711228, 1300.00, 73.890000
2025-11-25T20:44:48.083189Z, , 38.883470, 700.00, 73.890000
2025-11-25T20:44:48.090736Z, 0xfffffffffffffe00;0x572025;PyDict_GetItemWithError;_PyObject_GenericGetAttrWithDict;0x5a372c;PyObject_GetAttr;_PyEval_EvalFrameDefault;0x54ce3d;_PyEval_EvalFrameDefault;_PyObject_Call_Prepend;0x5a30c8;_PyObject_MakeTpCall;_PyEval_EvalFrameDefault;0x54cf04;PyObject_Call;_PyEval_EvalFrameDefault;0x54cf04;PyObject_Call;_PyEval_EvalFrameDefault;_PyObject_Call_Prepend;0x5a30c8;PyObject_Call;_PyEval_EvalFrameDefault;0x54cf04;PyObject_Call;_PyEval_EvalFrameDefault;0x54cf04;PyObject_Call;_PyEval_EvalFrameDefault;0x54cf04;PyObject_Call;_PyEval_EvalFrameDefault;_PyObject_Call_Prepend;0x5a30c8;PyObject_Call;_PyEval_EvalFrameDefault;0x54cf04;PyObject_Call;_PyEval_EvalFrameDefault;0x54cf04;PyObject_Call;_PyEval_EvalFrameDefault;_PyObject_Call_Prepend;0x5a30c8;_PyObject_MakeTpCall;_PyEval_EvalFrameDefault;0x54cf04;PyObject_Call;_PyEval_EvalFrameDefault;0x54cf04;PyObject_Call;_PyEval_EvalFrameDefault;0x54cf04;PyObject_Call;_PyEval_EvalFrameDefault;PyEval_EvalCode;0x607fc2;0x6b4393;_PyRun_SimpleFileObject;_PyRun_AnyFileObject;Py_RunMain;Py_BytesMain;__libc_start_call_main;__libc_start_main@@GLIBC_2.34;_start;|, 35.741881, 1500.00, 73.890000
2025-11-25T20:44:48.095968Z, 0xfffffffffffffe00;0x76e2f8c83f20;0x7fffec1fb608;0x76e2becea6a0;0x441f0f6690c3;|, 38.247409, 1600.00, 73.890000
2025-11-25T20:44:48.101182Z, , 38.445431, 1700.00, 73.890000
2025-11-25T20:44:48.106479Z, 0xfffffffffffffe00;PyObject_Free;PyObject_IsInstance;0x76e31d72f050;|, 33.893966, 1700.00, 73.890000
2025-11-25T20:44:48.111693Z, , 37.383811, 1800.00, 73.890000
2025-11-25T20:44:48.116948Z, 0xfffffffffffffe00;0x76e328dc1c7f;0x76e2bef51c36;0x76e2befc3fdf;0x76e2befc5bc2;0x76e2becdb21c;|, 32.799600, 1900.00, 73.890000
2025-11-25T20:44:48.122157Z, , 42.420831, 2000.00, 73.890000
2025-11-25T20:44:48.127404Z, 0xfffffffffffffe00;0x76e32c158bb8;0x76e32c10d695;0x76e32c117c50;0x76e32ccae696;0x76e224f1d925;0x76e21ea9bee0;0x76e21eb52d3a;0x76e21df81c1e;0x76e21e0c0b59;0x76e21e0c4dcd;0x76e2bef51c11;0x76e2befc3fdf;0x76e2befc5bc2;0x76e2becdb21c;|, 36.270738, 2000.00, 73.890000
2025-11-25T20:44:48.132610Z, , 31.810184, 2100.00, 73.890000
2025-11-25T20:44:48.137893Z, 0xfffffffffffffe00;pthread_mutex_unlock@@GLIBC_2.2.5;0x76e328dc1dee;0x76e31d034a5f;|, 35.559019, 2200.00, 73.890000
2025-11-25T20:44:48.143136Z, , 37.144905, 0.00, 73.890000
2025-11-25T20:44:48.148447Z, 0xfffffffffffffe00;PyObject_GC_UnTrack;PyObject_IsInstance;0x76e31d72f050;|, 31.529035, 100.00, 73.890000
2025-11-25T20:44:48.153655Z, , 36.754545, 100.00, 73.890000
2025-11-25T20:44:48.158960Z, 0xfffffffffffffe00;0x76e2f8be3706;0x1;|, 39.074599, 200.00, 73.890000
2025-11-25T20:44:48.164189Z, , 64.133021, 150.00, 73.890000
2025-11-25T20:44:48.171428Z, 0xfffffffffffffe00;0x590358;_PyObject_MakeTpCall;_PyEval_EvalFrameDefault;0x54cf04;PyObject_Call;_PyEval_EvalFrameDefault;0x54cf04;PyObject_Call;_PyEval_EvalFrameDefault;_PyObject_Call_Prepend;0x5a30c8;PyObject_Call;_PyEval_EvalFrameDefault;0x54cf04;PyObject_Call;_PyEval_EvalFrameDefault;0x54cf04;PyObject_Call;_PyEval_EvalFrameDefault;0x54cf04;PyObject_Call;_PyEval_EvalFrameDefault;_PyObject_Call_Prepend;0x5a30c8;PyObject_Call;_PyEval_EvalFrameDefault;0x54cf04;PyObject_Call;_PyEval_EvalFrameDefault;0x54cf04;PyObject_Call;_PyEval_EvalFrameDefault;_PyObject_Call_Prepend;0x5a30c8;_PyObject_MakeTpCall;_PyEval_EvalFrameDefault;0x54cf04;PyObject_Call;_PyEval_EvalFrameDefault;0x54cf04;PyObject_Call;_PyEval_EvalFrameDefault;0x54cf04;PyObject_Call;_PyEval_EvalFrameDefault;PyEval_EvalCode;0x607fc2;0x6b4393;_PyRun_SimpleFileObject;_PyRun_AnyFileObject;Py_RunMain;Py_BytesMain;__libc_start_call_main;__libc_start_main@@GLIBC_2.34;_start;|, 37.447447, 300.00, 73.890000
2025-11-25T20:44:48.176655Z, 0xfffffffffffffe00;0x76e2f943b1db;0xa;0x7765;|, 65.081985, 200.00, 73.890000
2025-11-25T20:44:48.181900Z, , 35.245143, 0.00, 73.890000
2025-11-25T20:44:48.187278Z, 0xfffffffffffffe00;0x76e32cc61bae;0x76e32ca1f183;0x76e32ca5de3b;0x76e32d79d137;0x76e32d79d585;0x76e32ca2b9f4;0x76e32caf22c3;0x76e32d751fd5;0x76e32c9f6cbb;0x76e32cba87e1;cuStreamSynchronize;0x76e328a12683;0x76e328a79ca1;0x76e2bcfcef18;0x76e2bcfd04b5;0x0;0x100000001;0x76e32895c170;0x85e38058b4818;|, 52.772478, 50.00, 73.890000
2025-11-25T20:44:48.192541Z, , 43.663710, 100.00, 73.890000
2025-11-25T20:44:48.197832Z, 0xfffffffffffffe00;PyObject_Free;0x76e31d2ca244;0x0;|, 39.679953, 200.00, 73.890000
2025-11-25T20:44:48.203042Z, , 44.105550, 0.00, 73.890000
2025-11-25T20:44:48.208386Z, 0xfffffffffffffe00;0x76e32c2cc2b0;0x76e32c103e99;0x76e32c117c21;0x76e32ccae696;0x76e328a4f082;0x76e328df7115;0xec1fb43000007fff;|, 44.512553, 50.00, 73.890000
2025-11-25T20:44:48.213593Z, , 45.012094, 100.00, 73.890000
2025-11-25T20:44:48.218904Z, 0xfffffffffffffe00;0x76e332b53c36;clock_gettime@@GLIBC_2.17;cuptiGetTimestamp;0x76e32c158bc9;0x76e32c10d695;0x76e32c117c50;0x76e32ccae696;0x76e328a4f082;0x76e328df7115;0x400000000000000;|, 40.110961, 0.00, 73.890000
2025-11-25T20:44:48.224191Z, , 50.759373, 100.00, 73.890000
2025-11-25T20:44:48.232159Z, 0xfffffffffffffe00;PyObject_Free;0x5f7099;0x5e2a34;_PyEval_EvalFrameDefault;0x54ce3d;_PyEval_EvalFrameDefault;_PyObject_Call_Prepend;0x5a30c8;_PyObject_MakeTpCall;_PyEval_EvalFrameDefault;0x54cf04;PyObject_Call;_PyEval_EvalFrameDefault;0x54cf04;PyObject_Call;_PyEval_EvalFrameDefault;_PyObject_Call_Prepend;0x5a30c8;PyObject_Call;_PyEval_EvalFrameDefault;0x54cf04;PyObject_Call;_PyEval_EvalFrameDefault;0x54cf04;PyObject_Call;_PyEval_EvalFrameDefault;0x54cf04;PyObject_Call;_PyEval_EvalFrameDefault;_PyObject_Call_Prepend;0x5a30c8;PyObject_Call;_PyEval_EvalFrameDefault;0x54cf04;PyObject_Call;_PyEval_EvalFrameDefault;0x54cf04;PyObject_Call;_PyEval_EvalFrameDefault;_PyObject_Call_Prepend;0x5a30c8;_PyObject_MakeTpCall;_PyEval_EvalFrameDefault;0x54cf04;PyObject_Call;_PyEval_EvalFrameDefault;0x54cf04;PyObject_Call;_PyEval_EvalFrameDefault;0x54cf04;PyObject_Call;_PyEval_EvalFrameDefault;PyEval_EvalCode;0x607fc2;0x6b4393;_PyRun_SimpleFileObject;_PyRun_AnyFileObject;Py_RunMain;Py_BytesMain;__libc_start_call_main;__libc_start_main@@GLIBC_2.34;_start;|, 39.273547, 50.00, 73.890000
2025-11-25T20:44:48.237384Z, 0xfffffffffffffe00;__tls_get_addr;0x76e328a22c1a;0x76e2bcf029cd;0x76e2bcf0ba48;0x76e2becb4c0c;0x0;0x100000001;0x76e32895c170;0x85e38058b4818;|, 44.639205, 100.00, 73.890000
2025-11-25T20:44:48.242597Z, , 53.828172, 0.00, 73.890000
2025-11-25T20:44:48.248040Z, 0xfffffffffffffe00;0x76e32cae66e8;0x76e32c97eac5;0x76e32cabe5ee;0x76e32d7b94c3;0x76e32c9c9ad5;0x76e32c9d5a28;0x76e32c9d63ce;0x76e32cba98e8;cuLaunchKernel;0x76e328a13e89;0x76e328a79f88;0x76e2bdd1715d;0x76e2bdd35966;0x590e86;0x100000003;0x76e32895c170;0x85e38058b4818;|, 45.591483, 100.00, 73.890000
2025-11-25T20:44:48.253285Z, , 45.205001, 100.00, 73.890000
2025-11-25T20:44:48.258603Z, 0xfffffffffffffe00;0x76e332b53c36;clock_gettime@@GLIBC_2.17;cuptiGetTimestamp;0x76e32c158b21;0x76e32c10d60a;0x76e32c117c50;0x76e32ccae696;0x76e328a4f03a;0x76e328df7115;0x3d5b7bf0000076e3;|, 57.048624, 100.00, 73.890000
2025-11-25T20:44:48.263837Z, , 31.807451, 300.00, 73.890000
2025-11-25T20:44:48.271874Z, 0xfffffffffffffe00;PyDict_GetItemWithError;_PyEval_EvalFrameDefault;PyObject_Vectorcall;0x5a379d;PyObject_GetAttr;_PyEval_EvalFrameDefault;0x54ce3d;_PyEval_EvalFrameDefault;0x54ce3d;_PyEval_EvalFrameDefault;_PyObject_Call_Prepend;0x5a30c8;_PyObject_MakeTpCall;_PyEval_EvalFrameDefault;0x54cf04;PyObject_Call;_PyEval_EvalFrameDefault;0x54cf04;PyObject_Call;_PyEval_EvalFrameDefault;_PyObject_Call_Prepend;0x5a30c8;PyObject_Call;_PyEval_EvalFrameDefault;0x54cf04;PyObject_Call;_PyEval_EvalFrameDefault;0x54cf04;PyObject_Call;_PyEval_EvalFrameDefault;0x54cf04;PyObject_Call;_PyEval_EvalFrameDefault;_PyObject_Call_Prepend;0x5a30c8;PyObject_Call;_PyEval_EvalFrameDefault;0x54cf04;PyObject_Call;_PyEval_EvalFrameDefault;0x54cf04;PyObject_Call;_PyEval_EvalFrameDefault;_PyObject_Call_Prepend;0x5a30c8;_PyObject_MakeTpCall;_PyEval_EvalFrameDefault;0x54cf04;PyObject_Call;_PyEval_EvalFrameDefault;0x54cf04;PyObject_Call;_PyEval_EvalFrameDefault;0x54cf04;PyObject_Call;_PyEval_EvalFrameDefault;PyEval_EvalCode;0x607fc2;0x6b4393;_PyRun_SimpleFileObject;_PyRun_AnyFileObject;Py_RunMain;Py_BytesMain;__libc_start_call_main;__libc_start_main@@GLIBC_2.34;_start;|, 58.382540, 0.00, 73.890000
2025-11-25T20:44:48.277242Z, 0xfffffffffffffe00;0x76e32ca1f7b8;0x76e32d798116;0x76e32d7baf14;0x76e32c9c9ad5;0x76e32c9d5a28;0x76e32c9d63ce;0x76e32cba98e8;cuLaunchKernel;0x76e328a13e89;0x76e328a79f88;0x76e2be075840;|, 42.375291, 50.00, 73.890000
2025-11-25T20:44:48.282457Z, , 40.898777, 100.00, 73.890000
2025-11-25T20:44:48.287667Z, 0xfffffffffffffe00;0x76e328df5684;0x76e328df71a3;|, 50.457668, 200.00, 73.890000
2025-11-25T20:44:48.292883Z, , 48.477527, 300.00, 73.890000
2025-11-25T20:44:48.299841Z, 0xfffffffffffffe00;_PyObject_GenericGetAttrWithDict;PyObject_GetAttr;_PyEval_EvalFrameDefault;_PyObject_Call_Prepend;0x59da4f;0x599513;_PyObject_MakeTpCall;_PyEval_EvalFrameDefault;0x54cf04;PyObject_Call;_PyEval_EvalFrameDefault;0x54cf04;PyObject_Call;_PyEval_EvalFrameDefault;_PyObject_Call_Prepend;0x5a30c8;_PyObject_MakeTpCall;_PyEval_EvalFrameDefault;0x54cf04;PyObject_Call;_PyEval_EvalFrameDefault;0x54cf04;PyObject_Call;_PyEval_EvalFrameDefault;0x54cf04;PyObject_Call;_PyEval_EvalFrameDefault;PyEval_EvalCode;0x607fc2;0x6b4393;_PyRun_SimpleFileObject;_PyRun_AnyFileObject;Py_RunMain;Py_BytesMain;__libc_start_call_main;__libc_start_main@@GLIBC_2.34;_start;|, 36.702043, 0.00, 73.890000
2025-11-25T20:44:48.305077Z, , 53.782474, 50.00, 73.890000
2025-11-25T20:44:48.310420Z, 0xfffffffffffffe00;0x76e32ca2453c;0x76e32d79ccc9;0x76e32cc9d809;0x76e32d7baa6f;0x76e32c9c9ad5;0x76e32c9d5a28;0x76e32c9d63ce;0x76e32cba98e8;cuLaunchKernel;0x76e328a13e89;0x76e328a79f88;0x76e2bcf1c1d1;0x76e2bcf0b810;0x76e2becb4c0c;0x0;0x100000001;0x76e32895c170;0x85e38058b4818;|, 45.446295, 100.00, 73.890000
2025-11-25T20:44:48.315666Z, 0xfffffffffffffe00;0x76e32c103eab;0x76e32c117c21;0x76e32cb330e7;cuCtxGetDevice;0x76e328a11116;0x76e328a4f042;0x76e328df727b;|, 35.592726, 200.00, 73.890000
2025-11-25T20:44:48.320880Z, , 58.688329, 300.00, 73.890000
2025-11-25T20:44:48.326104Z, 0xfffffffffffffe00;0x76e328dc2721;0x76e328dde944;0x76e328de0c05;0x76e2bef381f9;0x76e2befc3fdf;0x76e2befc5bc2;0x76e2becdb21c;|, 41.719974, 0.00, 73.890000
2025-11-25T20:44:48.331330Z, , 35.712994, 0.00, 73.890000
2025-11-25T20:44:48.336563Z, 0xfffffffffffffe00;0x76e2f8bef290;0x76e2fa0ef352;0x76e2bea986d4;0x76e2beabd372;0x76e2beda901a;0x76e2beda90e1;|, 48.847655, 200.00, 73.890000
2025-11-25T20:44:48.341784Z, , 38.752791, 300.00, 73.890000
2025-11-25T20:44:48.349508Z, 0xfffffffffffffe00;PyObject_RichCompareBool;0x5d55e4;0x5d5229;_PyEval_EvalFrameDefault;0x54cf04;PyObject_Call;_PyEval_EvalFrameDefault;0x54cf04;PyObject_Call;_PyEval_EvalFrameDefault;_PyObject_Call_Prepend;0x5a30c8;PyObject_Call;_PyEval_EvalFrameDefault;0x54cf04;PyObject_Call;_PyEval_EvalFrameDefault;0x54cf04;PyObject_Call;_PyEval_EvalFrameDefault;0x54cf04;PyObject_Call;_PyEval_EvalFrameDefault;_PyObject_Call_Prepend;0x5a30c8;PyObject_Call;_PyEval_EvalFrameDefault;0x54cf04;PyObject_Call;_PyEval_EvalFrameDefault;0x54cf04;PyObject_Call;_PyEval_EvalFrameDefault;_PyObject_Call_Prepend;0x5a30c8;_PyObject_MakeTpCall;_PyEval_EvalFrameDefault;0x54cf04;PyObject_Call;_PyEval_EvalFrameDefault;0x54cf04;PyObject_Call;_PyEval_EvalFrameDefault;0x54cf04;PyObject_Call;_PyEval_EvalFrameDefault;PyEval_EvalCode;0x607fc2;0x6b4393;_PyRun_SimpleFileObject;_PyRun_AnyFileObject;Py_RunMain;Py_BytesMain;__libc_start_call_main;__libc_start_main@@GLIBC_2.34;_start;|, 38.473204, 300.00, 73.890000
2025-11-25T20:44:48.354676Z, , 57.005553, 200.00, 73.890000
2025-11-25T20:44:48.362067Z, 0xfffffffffffffe00;_PyEval_EvalFrameDefault;PyObject_Vectorcall;0x5a379d;PyObject_GetAttr;_PyObject_GetMethod;_PyEval_EvalFrameDefault;0x54cf04;PyObject_Call;_PyEval_EvalFrameDefault;0x54cf04;PyObject_Call;_PyEval_EvalFrameDefault;_PyObject_Call_Prepend;0x5a30c8;PyObject_Call;_PyEval_EvalFrameDefault;0x54cf04;PyObject_Call;_PyEval_EvalFrameDefault;0x54cf04;PyObject_Call;_PyEval_EvalFrameDefault;0x54cf04;PyObject_Call;_PyEval_EvalFrameDefault;_PyObject_Call_Prepend;0x5a30c8;PyObject_Call;_PyEval_EvalFrameDefault;0x54cf04;PyObject_Call;_PyEval_EvalFrameDefault;0x54cf04;PyObject_Call;_PyEval_EvalFrameDefault;_PyObject_Call_Prepend;0x5a30c8;_PyObject_MakeTpCall;_PyEval_EvalFrameDefault;0x54cf04;PyObject_Call;_PyEval_EvalFrameDefault;0x54cf04;PyObject_Call;_PyEval_EvalFrameDefault;0x54cf04;PyObject_Call;_PyEval_EvalFrameDefault;PyEval_EvalCode;0x607fc2;0x6b4393;_PyRun_SimpleFileObject;_PyRun_AnyFileObject;Py_RunMain;Py_BytesMain;__libc_start_call_main;__libc_start_main@@GLIBC_2.34;_start;|, 52.085741, 500.00, 73.890000
2025-11-25T20:44:48.367414Z, 0xfffffffffffffe00;0x76e32caef340;0x76e32c9d63ce;0x76e32cba98e8;cuLaunchKernel;0x76e328a13e89;0x76e328a79f88;0x76e2be82c47d;|, 53.439706, 300.00, 73.890000
2025-11-25T20:44:48.372658Z, , 45.516628, 0.00, 73.890000
2025-11-25T20:44:48.377965Z, 0xfffffffffffffe00;pthread_getspecific@@GLIBC_2.34;0x76e224f1d875;0x76e21ea9bee0;0x76e21eb52d3a;0x76e21df81c1e;0x76e21e0c0b59;0x76e21e0c4dcd;0x76e2bef51c11;0x76e2befc3fdf;0x76e2befc5bc2;0x76e2becdb21c;|, 42.594590, 0.00, 73.890000
2025-11-25T20:44:48.383417Z, , 39.830671, 100.00, 73.890000
2025-11-25T20:44:48.388837Z, 0xfffffffffffffe00;0x76e32c2cc2b0;0x76e32c10d420;0x76e32c117c50;0x76e32ccae696;0x76e328a4f03a;0x76e328df6dc2;0x6475632f3031632f;|, 50.956088, 200.00, 73.890000
2025-11-25T20:44:48.394075Z, , 38.766699, 100.00, 73.890000
2025-11-25T20:44:48.399399Z, 0xfffffffffffffe00;0x76e328dc1e05;0x76e31d034a5f;|, 40.916801, 0.00, 73.890000
2025-11-25T20:44:48.404737Z, , 50.361516, 100.00, 73.890000
2025-11-25T20:44:48.410035Z, 0xfffffffffffffe00;0x76e32cabb00b;0x76e32cb3315f;cuCtxGetDevice;0x76e328a11116;0x76e328a4f042;0x76e328df7115;0x7fff;|, 53.633194, 200.00, 73.890000
2025-11-25T20:44:48.415504Z, , 40.064656, 200.00, 73.890000
2025-11-25T20:44:48.423265Z, 0xfffffffffffffe00;PyObject_Malloc;_PyUnicodeWriter_PrepareInternal;PyUnicode_FromFormatV;PyErr_Format;_PyObject_GenericGetAttrWithDict;0x58277a;0x552162;_PyObject_MakeTpCall;0x5a3d6d;0x5a39aa;PyObject_GetAttr;_PyObject_GetMethod;_PyEval_EvalFrameDefault;0x54cf04;PyObject_Call;_PyEval_EvalFrameDefault;0x54cf04;PyObject_Call;_PyEval_EvalFrameDefault;_PyObject_Call_Prepend;0x5a30c8;PyObject_Call;_PyEval_EvalFrameDefault;0x54cf04;PyObject_Call;_PyEval_EvalFrameDefault;0x54cf04;PyObject_Call;_PyEval_EvalFrameDefault;0x54cf04;PyObject_Call;_PyEval_EvalFrameDefault;_PyObject_Call_Prepend;0x5a30c8;PyObject_Call;_PyEval_EvalFrameDefault;0x54cf04;PyObject_Call;_PyEval_EvalFrameDefault;0x54cf04;PyObject_Call;_PyEval_EvalFrameDefault;_PyObject_Call_Prepend;0x5a30c8;_PyObject_MakeTpCall;_PyEval_EvalFrameDefault;0x54cf04;PyObject_Call;_PyEval_EvalFrameDefault;0x54cf04;PyObject_Call;_PyEval_EvalFrameDefault;0x54cf04;PyObject_Call;_PyEval_EvalFrameDefault;PyEval_EvalCode;0x607fc2;0x6b4393;_PyRun_SimpleFileObject;_PyRun_AnyFileObject;Py_RunMain;Py_BytesMain;__libc_start_call_main;__libc_start_main@@GLIBC_2.34;_start;|, 40.477321, 300.00, 73.890000
2025-11-25T20:44:48.428853Z, 0xfffffffffffffe00;0x76e32cc61b40;0x76e32ca5de3b;0x76e32d79d137;0x76e32d79d585;0x76e32ca2b9f4;0x76e32caf22c3;0x76e32d751fd5;0x76e32c9f6cbb;0x76e32cba87e1;cuStreamSynchronize;0x76e328a12683;0x76e328a79ca1;0x76e2bcfcef18;0x76e2bcfd04b5;0x0;0x100000001;0x76e32895c170;0x85e38058b4818;|, 48.282935, 200.00, 73.890000
2025-11-25T20:44:48.434240Z, , 41.325899, 500.00, 73.890000
2025-11-25T20:44:48.439671Z, 0xfffffffffffffe00;0x76e32cabb00b;0x76e32cb3315f;cuCtxGetDevice;0x76e328a11116;0x76e328a4f042;0x76e328df7115;0x7fff;|, 40.039461, 600.00, 73.890000
2025-11-25T20:44:48.445106Z, , 38.497005, 0.00, 73.890000
2025-11-25T20:44:48.450568Z, 0xfffffffffffffe00;0x76e2f90df472;|, 37.163453, 100.00, 73.890000
2025-11-25T20:44:48.455996Z, , 51.809048, 200.00, 73.890000
2025-11-25T20:44:48.461520Z, 0xfffffffffffffe00;0x76e32c9835a6;0x76e32d7b94c3;0x76e32c9c9ad5;0x76e32c9d5a28;0x76e32c9d63ce;0x76e32cba98e8;cuLaunchKernel;0x76e224ee3eb6;0x76e224f4a3f8;0x76e21eb4e285;0x76e21eb52a19;0x76e21df81c1e;0x76e21e0c0b59;0x76e21e0c4dcd;0x76e2bef51c11;0x76e2befc3fdf;0x76e2befc5bc2;0x76e2becdb21c;|, 36.732363, 200.00, 73.890000
2025-11-25T20:44:48.469209Z, 0xfffffffffffffe00;0x5994fc;_PyObject_MakeTpCall;PyObject_CallOneArg;_PyErr_SetObject;PyErr_Format;_PyObject_GenericGetAttrWithDict;0x58277a;0x552162;_PyObject_MakeTpCall;0x5a3d6d;0x5a39aa;PyObject_GetAttr;_PyObject_GetMethod;_PyEval_EvalFrameDefault;0x54cf04;PyObject_Call;_PyEval_EvalFrameDefault;0x54cf04;PyObject_Call;_PyEval_EvalFrameDefault;_PyObject_Call_Prepend;0x5a30c8;PyObject_Call;_PyEval_EvalFrameDefault;0x54cf04;PyObject_Call;_PyEval_EvalFrameDefault;0x54cf04;PyObject_Call;_PyEval_EvalFrameDefault;0x54cf04;PyObject_Call;_PyEval_EvalFrameDefault;_PyObject_Call_Prepend;0x5a30c8;PyObject_Call;_PyEval_EvalFrameDefault;0x54cf04;PyObject_Call;_PyEval_EvalFrameDefault;0x54cf04;PyObject_Call;_PyEval_EvalFrameDefault;_PyObject_Call_Prepend;0x5a30c8;_PyObject_MakeTpCall;_PyEval_EvalFrameDefault;0x54cf04;PyObject_Call;_PyEval_EvalFrameDefault;0x54cf04;PyObject_Call;_PyEval_EvalFrameDefault;0x54cf04;PyObject_Call;_PyEval_EvalFrameDefault;PyEval_EvalCode;0x607fc2;0x6b4393;_PyRun_SimpleFileObject;_PyRun_AnyFileObject;Py_RunMain;Py_BytesMain;__libc_start_call_main;__libc_start_main@@GLIBC_2.34;_start;|, 46.930381, 300.00, 73.890000
2025-11-25T20:44:48.474633Z, , 49.591570, 133.33, 73.890000
2025-11-25T20:44:48.480218Z, 0xfffffffffffffe00;0x76e32cc61b74;0x76e32ca1f183;0x76e32ca5de3b;0x76e32d79d137;0x76e32d79d585;0x76e32ca2b9f4;0x76e32caf22c3;0x76e32d751fd5;0x76e32c9f6cbb;0x76e32cba87e1;cuStreamSynchronize;0x76e328a12683;0x76e328a79ca1;0x76e2bcfcef18;0x76e2bcfd04b5;0x0;0x100000001;0x76e32895c170;0x85e38058b4818;|, 51.868897, 0.00, 73.890000
2025-11-25T20:44:48.485655Z, , 38.479947, 0.00, 73.890000
2025-11-25T20:44:48.491165Z, 0xfffffffffffffe00;0x76e32c1508b2;0x76e32c117c21;0x76e32cb330e7;cuCtxGetDevice;0x76e328a11116;0x76e328a4f042;0x76e328df727b;|, 48.267069, 100.00, 73.890000
2025-11-25T20:44:48.496619Z, , 33.989568, 200.00, 98.847000
2025-11-25T20:44:48.502123Z, 0xfffffffffffffe00;0x76e32cae66c7;0x76e32c97eac5;0x76e32cabe5ee;0x76e32d7b94c3;0x76e32c9c9ad5;0x76e32c9d5a28;0x76e32c9d63ce;0x76e32cba98e8;cuLaunchKernel;0x76e328a13e89;0x76e328a79f88;0x76e2be82c47d;|, 42.218130, 300.00, 98.847000
2025-11-25T20:44:48.507626Z, 0xfffffffffffffe00;0x76e32c9ce36f;0x76e32c9cf2d4;0x76e32cb80fd1;cuMemcpyDtoHAsync_v2;0x76e328a481c1;0x76e328a17058;0x76e328a768a1;0x76e2bcfceeea;0x76e2bcfd04b5;0x0;0x100000001;0x76e32895c170;0x85e38058b4818;|, 55.044453, 400.00, 98.847000
2025-11-25T20:44:48.512953Z, , 33.639016, 0.00, 98.847000
2025-11-25T20:44:48.520434Z, 0xfffffffffffffe00;PyObject_GenericGetDict;_PyObject_GenericGetAttrWithDict;0x5a372c;PyObject_GetAttr;_PyEval_EvalFrameDefault;PyObject_Vectorcall;0x5a379d;PyObject_GetAttr;_PyObject_GetMethod;_PyEval_EvalFrameDefault;0x54ce3d;_PyEval_EvalFrameDefault;0x54ce3d;_PyEval_EvalFrameDefault;_PyObject_Call_Prepend;0x5a30c8;_PyObject_MakeTpCall;_PyEval_EvalFrameDefault;0x54cf04;PyObject_Call;_PyEval_EvalFrameDefault;0x54cf04;PyObject_Call;_PyEval_EvalFrameDefault;0x54cf04;PyObject_Call;_PyEval_EvalFrameDefault;_PyObject_Call_Prepend;0x5a30c8;PyObject_Call;_PyEval_EvalFrameDefault;0x54cf04;PyObject_Call;_PyEval_EvalFrameDefault;0x54cf04;PyObject_Call;_PyEval_EvalFrameDefault;_PyObject_Call_Prepend;0x5a30c8;_PyObject_MakeTpCall;_PyEval_EvalFrameDefault;0x54cf04;PyObject_Call;_PyEval_EvalFrameDefault;0x54cf04;PyObject_Call;_PyEval_EvalFrameDefault;0x54cf04;PyObject_Call;_PyEval_EvalFrameDefault;PyEval_EvalCode;0x607fc2;0x6b4393;_PyRun_SimpleFileObject;_PyRun_AnyFileObject;Py_RunMain;Py_BytesMain;__libc_start_call_main;__libc_start_main@@GLIBC_2.34;_start;|, 46.847469, 0.00, 98.847000
2025-11-25T20:44:48.525723Z, , 41.694354, 50.00, 98.847000
2025-11-25T20:44:48.533054Z, 0xfffffffffffffe00;PyDict_GetItemWithError;0x5a372c;PyObject_GetAttr;_PyEval_EvalFrameDefault;0x54ce3d;_PyEval_EvalFrameDefault;_PyObject_Call_Prepend;0x5a30c8;_PyObject_MakeTpCall;_PyEval_EvalFrameDefault;0x54cf04;PyObject_Call;_PyEval_EvalFrameDefault;0x54cf04;PyObject_Call;_PyEval_EvalFrameDefault;0x54cf04;PyObject_Call;_PyEval_EvalFrameDefault;_PyObject_Call_Prepend;0x5a30c8;PyObject_Call;_PyEval_EvalFrameDefault;0x54cf04;PyObject_Call;_PyEval_EvalFrameDefault;0x54cf04;PyObject_Call;_PyEval_EvalFrameDefault;_PyObject_Call_Prepend;0x5a30c8;_PyObject_MakeTpCall;_PyEval_EvalFrameDefault;0x54cf04;PyObject_Call;_PyEval_EvalFrameDefault;0x54cf04;PyObject_Call;_PyEval_EvalFrameDefault;_PyObject_Call_Prepend;0x5a30c8;PyObject_Call;_PyEval_EvalFrameDefault;PyEval_EvalCode;0x607fc2;0x6b4393;_PyRun_SimpleFileObject;_PyRun_AnyFileObject;Py_RunMain;Py_BytesMain;__libc_start_call_main;__libc_start_main@@GLIBC_2.34;_start;|, 38.595336, 0.00, 98.847000
2025-11-25T20:44:48.538524Z, 0xfffffffffffffe00;pthread_getspecific@@GLIBC_2.34;0x76e32cb32f67;cuCtxGetDevice;0x76e328a11116;0x76e328a4f042;0x76e328df727b;|, 44.158385, 33.33, 98.847000
2025-11-25T20:44:48.543673Z, , 67.089440, 200.00, 98.847000
2025-11-25T20:44:48.548993Z, 0xfffffffffffffe00;0x76e32cc61bae;0x76e32ca1f183;0x76e32ca5de3b;0x76e32d79d137;0x76e32d79d585;0x76e32ca2b9f4;0x76e32caf22c3;0x76e32d751fd5;0x76e32c9f6cbb;0x76e32cba87e1;cuStreamSynchronize;0x76e328a12683;0x76e328a79ca1;0x76e2bcfcef18;0x76e2bcfd04b5;0x0;0x100000001;0x76e32895c170;0x85e38058b4818;|, 53.900003, 200.00, 98.847000
2025-11-25T20:44:48.554135Z, , 39.445890, 300.00, 98.847000
2025-11-25T20:44:48.559317Z, 0xfffffffffffffe00;0x76e32c10d43a;0x76e32c117c50;0x76e32ccae696;0x76e224f1d8e2;0x76e21ea9bee0;0x76e21eb52d3a;0x76e21df81c1e;0x76e21e0c0b59;0x76e21e0c4dcd;0x76e2bef51c11;0x76e2befc3fdf;0x76e2befc5bc2;0x76e2becdb21c;|, 52.024030, 400.00, 98.847000
2025-11-25T20:44:48.564422Z, , 46.078905, 400.00, 98.847000
2025-11-25T20:44:48.569688Z, 0xfffffffffffffe00;0x76e32cca7d50;0x76e32c10af8c;0x76e32c117c50;0x76e32d7bceeb;0x76e32d7ba772;0x76e32c9c9ad5;0x76e32c9d5a28;0x76e32c9d63ce;0x76e32cba98e8;cuLaunchKernel;0x76e328a13e89;0x76e328a79f88;0x76e2bef12f5a;0x76e2beeec366;0x76e2beeec4f9;0x0;0x100000001;0x76e32895c170;0x85e38058b4818;|, 50.817642, 0.00, 98.847000
2025-11-25T20:44:48.574796Z, , 40.122010, 50.00, 98.847000
2025-11-25T20:44:48.580043Z, 0xfffffffffffffe00;0x76e32d7ba8f4;0x76e32c9c9ad5;0x76e32c9d5a28;0x76e32c9d63ce;0x76e32cba98e8;cuLaunchKernel;0x76e224ee3eb6;0x76e224f4a3f8;0x76e21ea715fa;0x76e21ea9cc13;0x76e21eb52d3a;0x76e21df81c1e;0x76e21e0c0b59;0x76e21e0c4dcd;0x76e2bef51c11;0x76e2befc3fdf;0x76e2befc5bc2;0x76e2becdb21c;|, 38.154713, 100.00, 98.847000
2025-11-25T20:44:48.585264Z, , 49.570363, 200.00, 98.847000
2025-11-25T20:44:48.590512Z, 0xfffffffffffffe00;0x76e2f8bd5f50;0x76e2f8bd2887;0x76e2f8bd30f3;0x76e2bc67129e;0x7fffec1fc018;0x100000001;0x76e32895c170;0x85e38058b4818;|, 43.888440, 300.00, 98.847000
2025-11-25T20:44:48.595880Z, , 35.263362, 400.00, 98.847000
2025-11-25T20:44:48.602093Z, 0xfffffffffffffe00;_PyEval_EvalFrameDefault;_PyObject_Call_Prepend;0x59da4f;0x599513;_PyObject_MakeTpCall;_PyEval_EvalFrameDefault;PyObject_Call;0x64e874;_PyObject_MakeTpCall;PyObject_Vectorcall;_PyEval_EvalFrameDefault;0x54cf04;PyObject_Call;_PyEval_EvalFrameDefault;PyEval_EvalCode;0x607fc2;0x6b4393;_PyRun_SimpleFileObject;_PyRun_AnyFileObject;Py_RunMain;Py_BytesMain;__libc_start_call_main;__libc_start_main@@GLIBC_2.34;_start;|, 45.582788, 400.00, 98.847000
2025-11-25T20:44:48.607369Z, , 36.956231, 500.00, 98.847000
2025-11-25T20:44:48.612605Z, 0xfffffffffffffe00;0x76e32895a9c0;|, 55.358896, 600.00, 98.847000
2025-11-25T20:44:48.617809Z, , 44.169278, 600.00, 98.847000
2025-11-25T20:44:48.624737Z, 0xfffffffffffffe00;0x55155c;_PyObject_GenericGetAttrWithDict;0x5a372c;PyObject_GetAttr;_PyEval_EvalFrameDefault;PyObject_Vectorcall;0x5a379d;PyObject_GetAttr;_PyEval_EvalFrameDefault;0x54ce3d;_PyEval_EvalFrameDefault;0x54ce3d;_PyEval_EvalFrameDefault;_PyObject_Call_Prepend;0x5a30c8;_PyObject_MakeTpCall;_PyEval_EvalFrameDefault;0x54cf04;PyObject_Call;_PyEval_EvalFrameDefault;0x54cf04;PyObject_Call;_PyEval_EvalFrameDefault;_PyObject_Call_Prepend;0x5a30c8;_PyObject_MakeTpCall;_PyEval_EvalFrameDefault;0x54cf04;PyObject_Call;_PyEval_EvalFrameDefault;0x54cf04;PyObject_Call;_PyEval_EvalFrameDefault;0x54cf04;PyObject_Call;_PyEval_EvalFrameDefault;PyEval_EvalCode;0x607fc2;0x6b4393;_PyRun_SimpleFileObject;_PyRun_AnyFileObject;Py_RunMain;Py_BytesMain;__libc_start_call_main;__libc_start_main@@GLIBC_2.34;_start;|, 61.695659, 0.00, 98.847000
2025-11-25T20:44:48.629917Z, 0xfffffffffffffe00;0x76e32cabafd4;0x76e32cb3315f;cuCtxGetDevice;0x76e328a11116;0x76e328a4f042;0x76e328df6dc2;0x6475632f3031632f;|, 44.561481, 50.00, 98.847000
2025-11-25T20:44:48.635082Z, , 46.527565, 0.00, 98.847000
2025-11-25T20:44:48.640512Z, 0xfffffffffffffe00;0x76e32c117c44;0x76e32ccae696;0x76e328a4f082;0x76e328df6dc2;0x6475632f3031632f;|, 51.850329, 0.00, 98.847000
2025-11-25T20:44:48.645743Z, , 38.129017, 0.00, 98.847000
2025-11-25T20:44:48.651306Z, 0xfffffffffffffe00;__pthread_mutex_lock@GLIBC_2.2.5;0x76e32c155c95;0x76e32c116cd0;0x76e32c117353;0x76e32c117c50;0x76e32d7b93e3;0x76e32c9c9ad5;0x76e32c9d5a28;0x76e32c9d63ce;0x76e32cba98e8;cuLaunchKernel;0x76e224ee3eb6;0x76e224f4a3f8;0x76e21ec673c5;0x76e21eb5252c;0x76e21df81c1e;0x76e21e0c0b59;0x76e21e0c4dcd;0x76e2bef51c11;0x76e2befc3fdf;0x76e2befc5bc2;0x76e2becdb21c;|, 46.895591, 200.00, 98.847000
2025-11-25T20:44:48.656551Z, , 47.888748, 66.67, 98.847000
2025-11-25T20:44:48.665030Z, 0xfffffffffffffe00;0x76e31d029e26;0x551768;PyObject_Vectorcall;_PyEval_EvalFrameDefault;0x54ce3d;_PyEval_EvalFrameDefault;0x54ce3d;_PyEval_EvalFrameDefault;_PyObject_Call_Prepend;0x5a30c8;_PyObject_MakeTpCall;_PyEval_EvalFrameDefault;0x54cf04;PyObject_Call;_PyEval_EvalFrameDefault;0x54cf04;PyObject_Call;_PyEval_EvalFrameDefault;_PyObject_Call_Prepend;0x5a30c8;PyObject_Call;_PyEval_EvalFrameDefault;0x54cf04;PyObject_Call;_PyEval_EvalFrameDefault;0x54cf04;PyObject_Call;_PyEval_EvalFrameDefault;0x54cf04;PyObject_Call;_PyEval_EvalFrameDefault;_PyObject_Call_Prepend;0x5a30c8;PyObject_Call;_PyEval_EvalFrameDefault;0x54cf04;PyObject_Call;_PyEval_EvalFrameDefault;0x54cf04;PyObject_Call;_PyEval_EvalFrameDefault;_PyObject_Call_Prepend;0x5a30c8;_PyObject_MakeTpCall;_PyEval_EvalFrameDefault;0x54cf04;PyObject_Call;_PyEval_EvalFrameDefault;0x54cf04;PyObject_Call;_PyEval_EvalFrameDefault;0x54cf04;PyObject_Call;_PyEval_EvalFrameDefault;PyEval_EvalCode;0x607fc2;0x6b4393;_PyRun_SimpleFileObject;_PyRun_AnyFileObject;Py_RunMain;Py_BytesMain;__libc_start_call_main;__libc_start_main@@GLIBC_2.34;_start;|, 48.527030, 300.00, 98.847000
2025-11-25T20:44:48.673056Z, 0xfffffffffffffe00;0x76e2f9368c22;0x76e2fa1e6f62;0x76e31d02bb55;0x581a6f;PyObject_Call;_PyEval_EvalFrameDefault;0x54cf04;PyObject_Call;_PyEval_EvalFrameDefault;0x54cf04;PyObject_Call;_PyEval_EvalFrameDefault;_PyObject_Call_Prepend;0x5a30c8;PyObject_Call;_PyEval_EvalFrameDefault;0x54cf04;PyObject_Call;_PyEval_EvalFrameDefault;0x54cf04;PyObject_Call;_PyEval_EvalFrameDefault;0x54cf04;PyObject_Call;_PyEval_EvalFrameDefault;_PyObject_Call_Prepend;0x5a30c8;PyObject_Call;_PyEval_EvalFrameDefault;0x54cf04;PyObject_Call;_PyEval_EvalFrameDefault;0x54cf04;PyObject_Call;_PyEval_EvalFrameDefault;_PyObject_Call_Prepend;0x5a30c8;_PyObject_MakeTpCall;_PyEval_EvalFrameDefault;0x54cf04;PyObject_Call;_PyEval_EvalFrameDefault;0x54cf04;PyObject_Call;_PyEval_EvalFrameDefault;0x54cf04;PyObject_Call;_PyEval_EvalFrameDefault;PyEval_EvalCode;0x607fc2;0x6b4393;_PyRun_SimpleFileObject;_PyRun_AnyFileObject;Py_RunMain;Py_BytesMain;__libc_start_call_main;__libc_start_main@@GLIBC_2.34;_start;|, 53.734331, 200.00, 98.847000
2025-11-25T20:44:48.678574Z, 0xfffffffffffffe00;0x76e32ca8e72f;0x76e32cae6710;0x76e32c97eac5;0x76e32cabe5ee;0x76e32d7b94c3;0x76e32c9c9ad5;0x76e32c9d5a28;0x76e32c9d63ce;0x76e32cba98e8;cuLaunchKernel;0x76e328a13e89;0x76e328a79f88;0x76e2bcf1c1d1;0x76e2bcf0b810;0x76e2becb4c0c;0x0;0x100000001;0x76e32895c170;0x85e38058b4818;|, 47.389484, 250.00, 98.847000
2025-11-25T20:44:48.683799Z, , 56.475429, 600.00, 98.847000
2025-11-25T20:44:48.692165Z, 0xfffffffffffffe00;0x590453;_PyObject_MakeTpCall;_PyEval_EvalFrameDefault;0x54ce3d;_PyEval_EvalFrameDefault;0x54ce3d;_PyEval_EvalFrameDefault;_PyObject_Call_Prepend;0x5a30c8;_PyObject_MakeTpCall;_PyEval_EvalFrameDefault;0x54ce3d;_PyEval_EvalFrameDefault;0x54ce3d;_PyEval_EvalFrameDefault;_PyObject_Call_Prepend;0x5a30c8;_PyObject_MakeTpCall;_PyEval_EvalFrameDefault;0x54cf04;PyObject_Call;_PyEval_EvalFrameDefault;0x54cf04;PyObject_Call;_PyEval_EvalFrameDefault;0x54cf04;PyObject_Call;_PyEval_EvalFrameDefault;_PyObject_Call_Prepend;0x5a30c8;PyObject_Call;_PyEval_EvalFrameDefault;0x54cf04;PyObject_Call;_PyEval_EvalFrameDefault;0x54cf04;PyObject_Call;_PyEval_EvalFrameDefault;_PyObject_Call_Prepend;0x5a30c8;_PyObject_MakeTpCall;_PyEval_EvalFrameDefault;0x54cf04;PyObject_Call;_PyEval_EvalFrameDefault;0x54cf04;PyObject_Call;_PyEval_EvalFrameDefault;0x54cf04;PyObject_Call;_PyEval_EvalFrameDefault;PyEval_EvalCode;0x607fc2;0x6b4393;_PyRun_SimpleFileObject;_PyRun_AnyFileObject;Py_RunMain;Py_BytesMain;__libc_start_call_main;__libc_start_main@@GLIBC_2.34;_start;|, 51.864378, 600.00, 98.847000
2025-11-25T20:44:48.697527Z, , 42.281914, 400.00, 98.847000
2025-11-25T20:44:48.705907Z, 0xfffffffffffffe00;_PyDict_GetItem_KnownHash;0x598f25;_PyType_Lookup;_PyObject_GenericGetAttrWithDict;0x5a372c;PyObject_GetAttr;_PyEval_EvalFrameDefault;0x54ce3d;_PyEval_EvalFrameDefault;_PyObject_Call_Prepend;0x5a30c8;_PyObject_MakeTpCall;_PyEval_EvalFrameDefault;0x54ce3d;_PyEval_EvalFrameDefault;0x54ce3d;_PyEval_EvalFrameDefault;_PyObject_Call_Prepend;0x5a30c8;_PyObject_MakeTpCall;_PyEval_EvalFrameDefault;0x54cf04;PyObject_Call;_PyEval_EvalFrameDefault;0x54cf04;PyObject_Call;_PyEval_EvalFrameDefault;0x54cf04;PyObject_Call;_PyEval_EvalFrameDefault;_PyObject_Call_Prepend;0x5a30c8;PyObject_Call;_PyEval_EvalFrameDefault;0x54cf04;PyObject_Call;_PyEval_EvalFrameDefault;0x54cf04;PyObject_Call;_PyEval_EvalFrameDefault;_PyObject_Call_Prepend;0x5a30c8;_PyObject_MakeTpCall;_PyEval_EvalFrameDefault;0x54cf04;PyObject_Call;_PyEval_EvalFrameDefault;0x54cf04;PyObject_Call;_PyEval_EvalFrameDefault;0x54cf04;PyObject_Call;_PyEval_EvalFrameDefault;PyEval_EvalCode;0x607fc2;0x6b4393;_PyRun_SimpleFileObject;_PyRun_AnyFileObject;Py_RunMain;Py_BytesMain;__libc_start_call_main;__libc_start_main@@GLIBC_2.34;_start;|, 58.276279, 800.00, 98.847000
2025-11-25T20:44:48.711334Z, 0xfffffffffffffe00;0x76e32c117d61;0x76e32ccae696;0x76e328a4f082;0x76e328df7115;0x3d5b7bf0000076e3;|, 51.666778, 500.00, 98.847000
2025-11-25T20:44:48.716574Z, , 49.109094, 1000.00, 98.847000
2025-11-25T20:44:48.722999Z, 0xfffffffffffffe00;0x5d520b;_PyEval_EvalFrameDefault;0x54cf04;PyObject_Call;_PyEval_EvalFrameDefault;0x54cf04;PyObject_Call;_PyEval_EvalFrameDefault;_PyObject_Call_Prepend;0x5a30c8;_PyObject_MakeTpCall;_PyEval_EvalFrameDefault;0x54cf04;PyObject_Call;_PyEval_EvalFrameDefault;0x54cf04;PyObject_Call;_PyEval_EvalFrameDefault;0x54cf04;PyObject_Call;_PyEval_EvalFrameDefault;PyEval_EvalCode;0x607fc2;0x6b4393;_PyRun_SimpleFileObject;_PyRun_AnyFileObject;Py_RunMain;Py_BytesMain;__libc_start_call_main;__libc_start_main@@GLIBC_2.34;_start;|, 54.611556, 1100.00, 98.847000
2025-11-25T20:44:48.728257Z, 0xfffffffffffffe00;0x76e328df668b;0x76e328df71a3;|, 35.491261, 1200.00, 98.847000
2025-11-25T20:44:48.733496Z, , 45.822851, 1300.00, 98.847000
2025-11-25T20:44:48.738764Z, 0xfffffffffffffe00;0x76e32ccdb6ad;0x76e224f1d875;0x76e21eb52845;0x76e21df81c1e;0x76e21e0c0b59;0x76e21e0c4dcd;0x76e2bef51c11;0x76e2befc3fdf;0x76e2befc5bc2;0x76e2becdb21c;|, 44.787627, 1300.00, 98.847000
2025-11-25T20:44:48.743997Z, , 40.503701, 1400.00, 98.847000
2025-11-25T20:44:48.751595Z, 0xfffffffffffffe00;pthread_mutex_unlock@@GLIBC_2.2.5;0x5fb389;PyEval_RestoreThread;0x76e31d03931d;0x551768;PyObject_Vectorcall;_PyEval_EvalFrameDefault;0x54cf04;PyObject_Call;_PyEval_EvalFrameDefault;0x54cf04;PyObject_Call;_PyEval_EvalFrameDefault;_PyObject_Call_Prepend;0x5a30c8;PyObject_Call;_PyEval_EvalFrameDefault;0x54cf04;PyObject_Call;_PyEval_EvalFrameDefault;0x54cf04;PyObject_Call;_PyEval_EvalFrameDefault;0x54cf04;PyObject_Call;_PyEval_EvalFrameDefault;_PyObject_Call_Prepend;0x5a30c8;PyObject_Call;_PyEval_EvalFrameDefault;0x54cf04;PyObject_Call;_PyEval_EvalFrameDefault;0x54cf04;PyObject_Call;_PyEval_EvalFrameDefault;_PyObject_Call_Prepend;0x5a30c8;_PyObject_MakeTpCall;_PyEval_EvalFrameDefault;0x54cf04;PyObject_Call;_PyEval_EvalFrameDefault;0x54cf04;PyObject_Call;_PyEval_EvalFrameDefault;0x54cf04;PyObject_Call;_PyEval_EvalFrameDefault;PyEval_EvalCode;0x607fc2;0x6b4393;_PyRun_SimpleFileObject;_PyRun_AnyFileObject;Py_RunMain;Py_BytesMain;__libc_start_call_main;__libc_start_main@@GLIBC_2.34;_start;|, 41.605050, 1500.00, 98.847000
2025-11-25T20:44:48.756718Z, , 59.264726, 800.00, 98.847000
2025-11-25T20:44:48.762012Z, 0xfffffffffffffe00;pthread_getspecific@@GLIBC_2.34;0x76e32cb32f67;cuCtxGetDevice;0x76e328a11116;0x76e328a4f042;0x76e328df6dc2;0x6475632f3031632f;|, 46.986884, 1600.00, 98.847000
2025-11-25T20:44:48.767188Z, , 44.484522, 1700.00, 98.847000
2025-11-25T20:44:48.772540Z, 0xfffffffffffffe00;_int_free;free;0x76e328dbf7d3;0x0;|, 53.325440, 1800.00, 98.847000
2025-11-25T20:44:48.777647Z, , 43.345781, 1800.00, 98.847000
2025-11-25T20:44:48.782775Z, 0xfffffffffffffe00;0x76e328dffc60;0x76e2becad873;0x0;0x100000002;0x76e32895c170;0x85e38058b4818;|, 39.729173, 1900.00, 98.847000
2025-11-25T20:44:48.787891Z, , 52.221049, 2000.00, 98.847000
2025-11-25T20:44:48.793280Z, 0xfffffffffffffe00;0x76e32cc61bc9;0x76e32ca1f183;0x76e32ca5de3b;0x76e32d79d137;0x76e32d79d585;0x76e32ca2b9f4;0x76e32caf22c3;0x76e32d751fd5;0x76e32c9f6cbb;0x76e32cba87e1;cuStreamSynchronize;0x76e328a12683;0x76e328a79ca1;0x76e2bcfcef18;0x76e2bcfd04b5;0x0;0x100000001;0x76e32895c170;0x85e38058b4818;|, 38.786090, 2000.00, 98.847000
2025-11-25T20:44:48.798400Z, , 36.594831, 2100.00, 98.847000
2025-11-25T20:44:48.803622Z, 0xfffffffffffffe00;0x76e32c1152f1;0x76e32c11624b;0x76e32c117c50;0x76e32cb35b64;cuDevicePrimaryCtxGetState;0x76e2bc672e9a;|, 37.278669, 2200.00, 98.847000
2025-11-25T20:44:48.808907Z, 0xfffffffffffffe00;pthread_mutex_unlock@@GLIBC_2.2.5;0x76e328a44263;0x76e328a3fee0;0x76e328a4219b;0x76e328a13d9c;0x76e328a79f88;0x76e2be56dbfc;0x76e2becad873;0x0;0x100000002;0x76e32895c170;0x85e38058b4818;|, 59.073285, 2200.00, 98.847000
2025-11-25T20:44:48.814115Z, , 45.231394, 2300.00, 98.847000
2025-11-25T20:44:48.821905Z, 0xfffffffffffffe00;_PyEval_EvalFrameDefault;0x54cf04;PyObject_Call;_PyEval_EvalFrameDefault;0x54cf04;PyObject_Call;_PyEval_EvalFrameDefault;_PyObject_Call_Prepend;0x5a30c8;PyObject_Call;_PyEval_EvalFrameDefault;0x54cf04;PyObject_Call;_PyEval_EvalFrameDefault;0x54cf04;PyObject_Call;_PyEval_EvalFrameDefault;0x54cf04;PyObject_Call;_PyEval_EvalFrameDefault;_PyObject_Call_Prepend;0x5a30c8;PyObject_Call;_PyEval_EvalFrameDefault;0x54cf04;PyObject_Call;_PyEval_EvalFrameDefault;0x54cf04;PyObject_Call;_PyEval_EvalFrameDefault;_PyObject_Call_Prepend;0x5a30c8;_PyObject_MakeTpCall;_PyEval_EvalFrameDefault;0x54cf04;PyObject_Call;_PyEval_EvalFrameDefault;0x54cf04;PyObject_Call;_PyEval_EvalFrameDefault;0x54cf04;PyObject_Call;_PyEval_EvalFrameDefault;PyEval_EvalCode;0x607fc2;0x6b4393;_PyRun_SimpleFileObject;_PyRun_AnyFileObject;Py_RunMain;Py_BytesMain;__libc_start_call_main;__libc_start_main@@GLIBC_2.34;_start;|, 47.265435, 2400.00, 98.847000
2025-11-25T20:44:48.827161Z, , 66.748210, 1250.00, 98.847000
2025-11-25T20:44:48.832651Z, 0xfffffffffffffe00;0x76e32cbbffe0;0x76e32ca240ab;0x76e32ca244b1;0x76e32d79ccc9;0x76e32cc9d809;0x76e32d7baa6f;0x76e32c9c9ad5;0x76e32c9d5a28;0x76e32c9d63ce;0x76e32cba98e8;cuLaunchKernel;0x76e328a13e89;0x76e328a79f88;0x76e2bcf1c1d1;0x76e2bcf0b810;0x76e2becb4c0c;0x0;0x100000001;0x76e32895c170;0x85e38058b4818;|, 49.027544, 2500.00, 98.847000
2025-11-25T20:44:48.837897Z, , 60.180916, 2600.00, 98.847000
2025-11-25T20:44:48.845735Z, 0xfffffffffffffe00;_PyEval_EvalFrameDefault;PyObject_Vectorcall;0x5a379d;PyObject_GetAttr;_PyObject_GetMethod;_PyEval_EvalFrameDefault;0x54ce3d;_PyEval_EvalFrameDefault;0x54ce3d;_PyEval_EvalFrameDefault;_PyObject_Call_Prepend;0x5a30c8;_PyObject_MakeTpCall;_PyEval_EvalFrameDefault;0x54cf04;PyObject_Call;_PyEval_EvalFrameDefault;0x54cf04;PyObject_Call;_PyEval_EvalFrameDefault;0x54cf04;PyObject_Call;_PyEval_EvalFrameDefault;_PyObject_Call_Prepend;0x5a30c8;PyObject_Call;_PyEval_EvalFrameDefault;0x54cf04;PyObject_Call;_PyEval_EvalFrameDefault;0x54cf04;PyObject_Call;_PyEval_EvalFrameDefault;_PyObject_Call_Prepend;0x5a30c8;_PyObject_MakeTpCall;_PyEval_EvalFrameDefault;0x54cf04;PyObject_Call;_PyEval_EvalFrameDefault;0x54cf04;PyObject_Call;_PyEval_EvalFrameDefault;0x54cf04;PyObject_Call;_PyEval_EvalFrameDefault;PyEval_EvalCode;0x607fc2;0x6b4393;_PyRun_SimpleFileObject;_PyRun_AnyFileObject;Py_RunMain;Py_BytesMain;__libc_start_call_main;__libc_start_main@@GLIBC_2.34;_start;|, 48.286201, 2700.00, 98.847000
2025-11-25T20:44:48.850989Z, 0xfffffffffffffe00;0x76e31c4d43c8;0xf5974e2b00000000;0x9066c3c0920f0674;|, 42.962652, 1400.00, 98.847000
2025-11-25T20:44:48.856229Z, , 50.349252, 2900.00, 98.847000
2025-11-25T20:44:48.861557Z, 0xfffffffffffffe00;0x76e32c1152fe;0x76e32c11624b;0x76e32c117c50;0x76e32cb330ab;cuCtxGetDevice;0x76e328a11116;0x76e328a4f042;0x76e328df7115;0xec1fbbd000000000;|, 42.883740, 1500.00, 98.847000
2025-11-25T20:44:48.866762Z, , 39.686623, 0.00, 98.847000
2025-11-25T20:44:48.875102Z, 0xfffffffffffffe00;PyObject_Realloc;PyUnicode_FromFormatV;PyErr_Format;_PyObject_GenericGetAttrWithDict;PyObject_GetAttr;0x5829b4;0x552162;_PyObject_MakeTpCall;0x5a3d6d;0x5a39aa;PyObject_GetAttr;_PyEval_EvalFrameDefault;0x54ce3d;_PyEval_EvalFrameDefault;0x54ce3d;_PyEval_EvalFrameDefault;_PyObject_Call_Prepend;0x5a30c8;_PyObject_MakeTpCall;_PyEval_EvalFrameDefault;0x54cf04;PyObject_Call;_PyEval_EvalFrameDefault;0x54cf04;PyObject_Call;_PyEval_EvalFrameDefault;_PyObject_Call_Prepend;0x5a30c8;PyObject_Call;_PyEval_EvalFrameDefault;0x54cf04;PyObject_Call;_PyEval_EvalFrameDefault;0x54cf04;PyObject_Call;_PyEval_EvalFrameDefault;0x54cf04;PyObject_Call;_PyEval_EvalFrameDefault;_PyObject_Call_Prepend;0x5a30c8;PyObject_Call;_PyEval_EvalFrameDefault;0x54cf04;PyObject_Call;_PyEval_EvalFrameDefault;0x54cf04;PyObject_Call;_PyEval_EvalFrameDefault;_PyObject_Call_Prepend;0x5a30c8;_PyObject_MakeTpCall;_PyEval_EvalFrameDefault;0x54cf04;PyObject_Call;_PyEval_EvalFrameDefault;0x54cf04;PyObject_Call;_PyEval_EvalFrameDefault;0x54cf04;PyObject_Call;_PyEval_EvalFrameDefault;PyEval_EvalCode;0x607fc2;0x6b4393;_PyRun_SimpleFileObject;_PyRun_AnyFileObject;Py_RunMain;Py_BytesMain;__libc_start_call_main;__libc_start_main@@GLIBC_2.34;_start;|, 50.133639, 100.00, 98.847000
2025-11-25T20:44:48.880404Z, 0xfffffffffffffe00;0x76e32c2cf569;0x76e32c117c50;0x76e32ccae696;0x76e328a79f5d;0x76e2bdd1715d;0x76e2bdd35966;0x590e86;0x100000003;0x76e32895c170;0x85e38058b4818;|, 34.564298, 100.00, 98.847000
2025-11-25T20:44:48.885623Z, , 40.982800, 200.00, 98.847000
2025-11-25T20:44:48.890874Z, 0xfffffffffffffe00;0x76e32c10d43a;0x76e32c117c50;0x76e32ccae696;0x76e328a4f03a;0x76e328df7115;0xec1fa7b000000000;|, 65.106881, 300.00, 98.847000
2025-11-25T20:44:48.896110Z, , 36.305460, 400.00, 98.847000
2025-11-25T20:44:48.901418Z, 0xfffffffffffffe00;0x76e32c1490fa;0x76e32c131360;0x76e32c158bee;0x76e32c10d695;0x76e32c117c50;0x76e32ccae696;0x76e224f1d925;0x76e21eb52845;0x76e21df81c1e;0x76e21e0c0b59;0x76e21e0c4dcd;0x76e2bef51c11;0x76e2befc3fdf;0x76e2befc5bc2;0x76e2becdb21c;|, 47.334097, 200.00, 98.847000
2025-11-25T20:44:48.906610Z, , 60.214960, 250.00, 98.847000
2025-11-25T20:44:48.911866Z, 0xfffffffffffffe00;0x76e32c2cc2b0;0x76e32c1152d7;0x76e32c11624b;0x76e32c117c50;0x76e32cba9802;cuLaunchKernel;0x76e328a13e89;0x76e328a79f88;0x76e2bd92c715;0x1;|, 50.511016, 600.00, 98.847000
2025-11-25T20:44:48.917060Z, , 58.156682, 700.00, 98.847000
2025-11-25T20:44:48.922340Z, 0xfffffffffffffe00;0x76e2f8c7ce7d;0x76e2f8c801fb;0x7fffec1fb608;0x76e2becea6a0;0x441f0f6690c3;|, 42.780142, 700.00, 98.847000
2025-11-25T20:44:48.927560Z, , 40.102983, 0.00, 98.847000
2025-11-25T20:44:48.932824Z, 0xfffffffffffffe00;0x76e32895d783;|, 41.792673, 0.00, 98.847000
2025-11-25T20:44:48.938057Z, , 37.208504, 100.00, 98.847000
2025-11-25T20:44:48.943290Z, 0xfffffffffffffe00;0x76e3289853c7;|, 38.503760, 200.00, 98.847000
2025-11-25T20:44:48.948501Z, , 37.060362, 200.00, 98.847000
2025-11-25T20:44:48.955803Z, 0xfffffffffffffe00;_PyObject_GenericGetAttrWithDict;0x5a372c;PyObject_GetAttr;_PyEval_EvalFrameDefault;PyObject_Vectorcall;0x5a379d;PyObject_GetAttr;_PyObject_GetMethod;_PyEval_EvalFrameDefault;0x54cf04;PyObject_Call;_PyEval_EvalFrameDefault;0x54cf04;PyObject_Call;_PyEval_EvalFrameDefault;0x54cf04;PyObject_Call;_PyEval_EvalFrameDefault;_PyObject_Call_Prepend;0x5a30c8;PyObject_Call;_PyEval_EvalFrameDefault;0x54cf04;PyObject_Call;_PyEval_EvalFrameDefault;0x54cf04;PyObject_Call;_PyEval_EvalFrameDefault;_PyObject_Call_Prepend;0x5a30c8;_PyObject_MakeTpCall;_PyEval_EvalFrameDefault;0x54cf04;PyObject_Call;_PyEval_EvalFrameDefault;0x54cf04;PyObject_Call;_PyEval_EvalFrameDefault;0x54cf04;PyObject_Call;_PyEval_EvalFrameDefault;PyEval_EvalCode;0x607fc2;0x6b4393;_PyRun_SimpleFileObject;_PyRun_AnyFileObject;Py_RunMain;Py_BytesMain;__libc_start_call_main;__libc_start_main@@GLIBC_2.34;_start;|, 33.916696, 300.00, 98.847000
2025-11-25T20:44:48.961068Z, 0xfffffffffffffe00;0x76e32cabaffe;0x76e32ca0f556;0x76e328a42189;0x76e328a13d9c;0x76e328a79f88;0x76e2bcfef954;0x76e2bd024fba;|, 36.061701, 400.00, 98.847000
2025-11-25T20:44:48.966267Z, , 38.050881, 500.00, 98.847000
2025-11-25T20:44:48.971472Z, 0xfffffffffffffe00;0x76e2f9d420cb;0x76e2bea9864d;0x76e2beabd372;0x76e2beda901a;0x76e2beda90e1;|, 39.471792, 600.00, 98.847000
2025-11-25T20:44:48.976670Z, , 36.063357, 0.00, 98.847000
2025-11-25T20:44:48.982027Z, 0xfffffffffffffe00;0x76e32d7ba9fa;0x76e32c9c9ad5;0x76e32c9d5a28;0x76e32c9d63ce;0x76e32cba98e8;cuLaunchKernel;0x76e328a13e89;0x76e328a79f88;0x76e2be075840;|, 34.452818, 100.00, 98.847000
2025-11-25T20:44:48.987233Z, , 37.292793, 200.00, 98.847000
2025-11-25T20:44:48.995244Z, 0xfffffffffffffe00;PyObject_GetAttr;_PyEval_EvalFrameDefault;0x54ce3d;_PyEval_EvalFrameDefault;_PyObject_Call_Prepend;0x5a30c8;_PyObject_MakeTpCall;_PyEval_EvalFrameDefault;0x54cf04;PyObject_Call;_PyEval_EvalFrameDefault;0x54cf04;PyObject_Call;_PyEval_EvalFrameDefault;_PyObject_Call_Prepend;0x5a30c8;PyObject_Call;_PyEval_EvalFrameDefault;0x54cf04;PyObject_Call;_PyEval_EvalFrameDefault;0x54cf04;PyObject_Call;_PyEval_EvalFrameDefault;0x54cf04;PyObject_Call;_PyEval_EvalFrameDefault;_PyObject_Call_Prepend;0x5a30c8;PyObject_Call;_PyEval_EvalFrameDefault;0x54cf04;PyObject_Call;_PyEval_EvalFrameDefault;0x54cf04;PyObject_Call;_PyEval_EvalFrameDefault;_PyObject_Call_Prepend;0x5a30c8;_PyObject_MakeTpCall;_PyEval_EvalFrameDefault;0x54cf04;PyObject_Call;_PyEval_EvalFrameDefault;0x54cf04;PyObject_Call;_PyEval_EvalFrameDefault;0x54cf04;PyObject_Call;_PyEval_EvalFrameDefault;PyEval_EvalCode;0x607fc2;0x6b4393;_PyRun_SimpleFileObject;_PyRun_AnyFileObject;Py_RunMain;Py_BytesMain;__libc_start_call_main;__libc_start_main@@GLIBC_2.34;_start;|, 32.699313, 200.00, 98.847000
2025-11-25T20:44:49.000450Z, , 37.319913, 150.00, 115.312000
2025-11-25T20:44:49.005661Z, 0xfffffffffffffe00;0x76e224ee3e5d;0x76e224f4a3f8;0x76e21eb4e285;0x76e21eb52a19;0x76e21df81c1e;0x76e21e0c0b59;0x76e21e0c4dcd;0x76e2bef51c11;0x76e2befc3fdf;0x76e2befc5bc2;0x76e2becdb21c;|, 33.996906, 400.00, 115.312000
2025-11-25T20:44:49.010886Z, , 32.263418, 500.00, 115.312000
2025-11-25T20:44:49.016195Z, 0xfffffffffffffe00;0x76e32c1158ea;0x76e32c11624b;0x76e32c117c50;0x76e32cb330ab;cuCtxGetDevice;0x76e328a11116;0x76e328a4f042;0x76e328df727b;|, 36.117645, 250.00, 115.312000
2025-11-25T20:44:49.022140Z, 0xfffffffffffffe00;_PyEval_EvalFrameDefault;_PyObject_Call_Prepend;0x59da4f;0x599513;_PyObject_MakeTpCall;_PyEval_EvalFrameDefault;0x54cf04;PyObject_Call;_PyEval_EvalFrameDefault;PyEval_EvalCode;0x607fc2;0x6b4393;_PyRun_SimpleFileObject;_PyRun_AnyFileObject;Py_RunMain;Py_BytesMain;__libc_start_call_main;__libc_start_main@@GLIBC_2.34;_start;|, 42.323153, 600.00, 115.312000
2025-11-25T20:44:49.027323Z, , 32.891810, 0.00, 115.312000
2025-11-25T20:44:49.034948Z, 0xfffffffffffffe00;_PyTrash_cond;0x5f705d;0x5e2a34;_PyEval_EvalFrameDefault;_PyObject_Call_Prepend;0x5a30c8;_PyObject_MakeTpCall;_PyEval_EvalFrameDefault;0x54ce3d;_PyEval_EvalFrameDefault;0x54ce3d;_PyEval_EvalFrameDefault;_PyObject_Call_Prepend;0x5a30c8;_PyObject_MakeTpCall;_PyEval_EvalFrameDefault;0x54cf04;PyObject_Call;_PyEval_EvalFrameDefault;0x54cf04;PyObject_Call;_PyEval_EvalFrameDefault;0x54cf04;PyObject_Call;_PyEval_EvalFrameDefault;_PyObject_Call_Prepend;0x5a30c8;PyObject_Call;_PyEval_EvalFrameDefault;0x54cf04;PyObject_Call;_PyEval_EvalFrameDefault;0x54cf04;PyObject_Call;_PyEval_EvalFrameDefault;_PyObject_Call_Prepend;0x5a30c8;_PyObject_MakeTpCall;_PyEval_EvalFrameDefault;0x54cf04;PyObject_Call;_PyEval_EvalFrameDefault;0x54cf04;PyObject_Call;_PyEval_EvalFrameDefault;0x54cf04;PyObject_Call;_PyEval_EvalFrameDefault;PyEval_EvalCode;0x607fc2;0x6b4393;_PyRun_SimpleFileObject;_PyRun_AnyFileObject;Py_RunMain;Py_BytesMain;__libc_start_call_main;__libc_start_main@@GLIBC_2.34;_start;|, 38.304283, 0.00, 115.312000
2025-11-25T20:44:49.040059Z, , 37.188451, 50.00, 115.312000
2025-11-25T20:44:49.045516Z, 0xfffffffffffffe00;__pthread_mutex_lock@GLIBC_2.2.5;|, 44.174336, 100.00, 115.312000
2025-11-25T20:44:49.050910Z, , 54.601304, 300.00, 115.312000
2025-11-25T20:44:49.056353Z, 0xfffffffffffffe00;0x76e32c150f10;0x76e32c11624b;0x76e32c117c50;0x76e32cb330ab;cuCtxGetDevice;0x76e328a11116;0x76e328a4f042;0x76e328df6dc2;0x6475632f3031632f;|, 54.066582, 300.00, 115.312000
2025-11-25T20:44:49.061937Z, 0xfffffffffffffe00;__memset_avx2_unaligned_erms;0x76e21e0c24a9;0x76e2bef51b83;0x76e2befc3fdf;0x76e2befc5bc2;0x76e2becdb21c;|, 37.679309, 400.00, 115.312000
2025-11-25T20:44:49.067363Z, , 41.256275, 250.00, 115.312000
2025-11-25T20:44:49.073123Z, 0xfffffffffffffe00;__strcmp_avx2;0x76e32c355ce4;0x76e32c13196f;0x76e32c131c8e;0x76e32c15d0d8;0x76e32c15d181;0x76e32c10c62b;0x76e32c117c50;0x76e32d7b98b2;0x76e32c9c9ad5;0x76e32c9d5a28;0x76e32c9d63ce;0x76e32cba98e8;cuLaunchKernel;0x76e328a13e89;0x76e328a79f88;0x76e2bd2c90c6;0x76e2bd2b4977;0x76e2bd2b68f9;0x3d4c74e0;0x6e20646c756f6853;|, 37.283184, 500.00, 115.312000
2025-11-25T20:44:49.078575Z, , 38.661579, 600.00, 115.312000
2025-11-25T20:44:49.087565Z, 0xfffffffffffffe00;0x5867d8;PyObject_Realloc;PyUnicode_FromFormatV;PyErr_Format;_PyObject_GenericGetAttrWithDict;0x58277a;0x552162;_PyObject_MakeTpCall;0x5a3d6d;0x5a39aa;PyObject_GetAttr;_PyEval_EvalFrameDefault;0x54ce3d;_PyEval_EvalFrameDefault;0x54ce3d;_PyEval_EvalFrameDefault;_PyObject_Call_Prepend;0x5a30c8;_PyObject_MakeTpCall;_PyEval_EvalFrameDefault;0x54ce3d;_PyEval_EvalFrameDefault;0x54ce3d;_PyEval_EvalFrameDefault;_PyObject_Call_Prepend;0x5a30c8;_PyObject_MakeTpCall;_PyEval_EvalFrameDefault;0x54cf04;PyObject_Call;_PyEval_EvalFrameDefault;0x54cf04;PyObject_Call;_PyEval_EvalFrameDefault;0x54cf04;PyObject_Call;_PyEval_EvalFrameDefault;_PyObject_Call_Prepend;0x5a30c8;PyObject_Call;_PyEval_EvalFrameDefault;0x54cf04;PyObject_Call;_PyEval_EvalFrameDefault;0x54cf04;PyObject_Call;_PyEval_EvalFrameDefault;_PyObject_Call_Prepend;0x5a30c8;_PyObject_MakeTpCall;_PyEval_EvalFrameDefault;0x54cf04;PyObject_Call;_PyEval_EvalFrameDefault;0x54cf04;PyObject_Call;_PyEval_EvalFrameDefault;0x54cf04;PyObject_Call;_PyEval_EvalFrameDefault;PyEval_EvalCode;0x607fc2;0x6b4393;_PyRun_SimpleFileObject;_PyRun_AnyFileObject;Py_RunMain;Py_BytesMain;__libc_start_call_main;__libc_start_main@@GLIBC_2.34;_start;|, 33.920103, 700.00, 115.312000
2025-11-25T20:44:49.093230Z, 0xfffffffffffffe00;pthread_getspecific@@GLIBC_2.34;0x76e32c103e99;0x76e32c117c21;0x76e32cb330e7;cuCtxGetDevice;0x76e328a11116;0x76e328a4f042;0x76e328df6dc2;0x6475632f3031632f;|, 42.400947, 400.00, 115.312000
2025-11-25T20:44:49.098673Z, , 35.193026, 900.00, 115.312000
2025-11-25T20:44:49.106499Z, 0xfffffffffffffe00;_PyTrash_begin;0x590e86;_PyObject_MakeTpCall;_PyEval_EvalFrameDefault;0x54cf04;PyObject_Call;_PyEval_EvalFrameDefault;0x54cf04;PyObject_Call;_PyEval_EvalFrameDefault;0x54cf04;PyObject_Call;_PyEval_EvalFrameDefault;_PyObject_Call_Prepend;0x5a30c8;PyObject_Call;_PyEval_EvalFrameDefault;0x54cf04;PyObject_Call;_PyEval_EvalFrameDefault;0x54cf04;PyObject_Call;_PyEval_EvalFrameDefault;_PyObject_Call_Prepend;0x5a30c8;_PyObject_MakeTpCall;_PyEval_EvalFrameDefault;0x54cf04;PyObject_Call;_PyEval_EvalFrameDefault;0x54cf04;PyObject_Call;_PyEval_EvalFrameDefault;0x54cf04;PyObject_Call;_PyEval_EvalFrameDefault;PyEval_EvalCode;0x607fc2;0x6b4393;_PyRun_SimpleFileObject;_PyRun_AnyFileObject;Py_RunMain;Py_BytesMain;__libc_start_call_main;__libc_start_main@@GLIBC_2.34;_start;|, 38.295092, 1000.00, 115.312000
2025-11-25T20:44:49.111994Z, 0xfffffffffffffe00;0x76e21eb4f5fa;0x76e21eb53bc0;0x76e21eb543d6;0x76e21df7f33c;0x76e21df81b91;0x76e21e0c0b59;0x76e21e0c4dcd;0x76e2bef51c11;0x76e2befc3fdf;0x76e2befc5bc2;0x76e2becdb21c;|, 44.705872, 1100.00, 115.312000
2025-11-25T20:44:49.117645Z, , 33.274446, 1200.00, 115.312000
2025-11-25T20:44:49.123083Z, 0xfffffffffffffe00;pthread_rwlock_rdlock@GLIBC_2.2.5;0x76e328a88dd1;0x76e328a79dac;0x76e2bef12f5a;0x76e2beeec366;0x76e2beeec4f9;0x0;0x100000001;0x76e32895c170;0x85e38058b4818;|, 39.534027, 1200.00, 115.312000
2025-11-25T20:44:49.128480Z, , 35.103506, 1300.00, 115.312000
2025-11-25T20:44:49.133741Z, 0xfffffffffffffe00;0x76e32c10d684;0x76e32c117c50;0x76e32ccae696;0x76e328a4f03a;0x76e328df6dc2;0x6475632f3031632f;|, 44.710924, 0.00, 115.312000
2025-11-25T20:44:49.138962Z, , 36.912183, 100.00, 115.312000
2025-11-25T20:44:49.144232Z, 0xfffffffffffffe00;0x76e32ca6a2a0;0x76e32cb3271c;cuDeviceGetAttribute;0x76e328a11732;0x76e328a4de9c;0x76e2bd13d3ae;0x76e2bd13fe66;0x76e2bd1408fd;0x76e2befe0ac6;0x7fffec1fe110;0x100000002;0x76e32895c170;0x85e38058b4818;|, 36.321228, 100.00, 115.312000
2025-11-25T20:44:49.149431Z, , 36.088999, 300.00, 115.312000
2025-11-25T20:44:49.156939Z, 0xfffffffffffffe00;_PyObject_GC_New;PyMethod_New;_PyObject_GenericGetAttrWithDict;0x5a372c;PyObject_GetAttr;_PyEval_EvalFrameDefault;0x54ce3d;_PyEval_EvalFrameDefault;_PyObject_Call_Prepend;0x5a30c8;_PyObject_MakeTpCall;_PyEval_EvalFrameDefault;0x54cf04;PyObject_Call;_PyEval_EvalFrameDefault;0x54cf04;PyObject_Call;_PyEval_EvalFrameDefault;_PyObject_Call_Prepend;0x5a30c8;PyObject_Call;_PyEval_EvalFrameDefault;0x54cf04;PyObject_Call;_PyEval_EvalFrameDefault;0x54cf04;PyObject_Call;_PyEval_EvalFrameDefault;0x54cf04;PyObject_Call;_PyEval_EvalFrameDefault;_PyObject_Call_Prepend;0x5a30c8;PyObject_Call;_PyEval_EvalFrameDefault;0x54cf04;PyObject_Call;_PyEval_EvalFrameDefault;0x54cf04;PyObject_Call;_PyEval_EvalFrameDefault;_PyObject_Call_Prepend;0x5a30c8;_PyObject_MakeTpCall;_PyEval_EvalFrameDefault;0x54cf04;PyObject_Call;_PyEval_EvalFrameDefault;0x54cf04;PyObject_Call;_PyEval_EvalFrameDefault;0x54cf04;PyObject_Call;_PyEval_EvalFrameDefault;PyEval_EvalCode;0x607fc2;0x6b4393;_PyRun_SimpleFileObject;_PyRun_AnyFileObject;Py_RunMain;Py_BytesMain;__libc_start_call_main;__libc_start_main@@GLIBC_2.34;_start;|, 38.511330, 300.00, 115.312000
2025-11-25T20:44:49.162301Z, 0xfffffffffffffe00;0x76e32cca6dc6;0x76e32c11576a;0x76e32c11624b;0x76e32c117c50;0x76e32cb330ab;cuCtxGetDevice;0x76e328a11116;0x76e328a4f042;0x76e328df6dc2;0x6475632f3031632f;|, 39.363886, 400.00, 115.312000
2025-11-25T20:44:49.167519Z, , 33.514189, 500.00, 115.312000
2025-11-25T20:44:49.172831Z, 0xfffffffffffffe00;0x76e32caf7c1f;0x76e32cb33143;cuCtxGetDevice;0x76e328a11116;0x76e328a4f042;0x76e328df7115;0x0;|, 36.841579, 600.00, 115.312000
2025-11-25T20:44:49.178038Z, , 44.290837, 600.00, 115.312000
2025-11-25T20:44:49.183322Z, 0xfffffffffffffe00;pthread_getspecific@@GLIBC_2.34;0x76e32c994f91;0x76e32cb35c19;cuDevicePrimaryCtxGetState;0x76e2bc672e9a;|, 31.749849, 700.00, 115.312000
2025-11-25T20:44:49.188544Z, , 37.694267, 800.00, 115.312000
2025-11-25T20:44:49.194032Z, 0xfffffffffffffe00;0x76e32cae5d53;0x76e32cae67e1;0x76e32c97eac5;0x76e32cabe5ee;0x76e32d7b94c3;0x76e32c9c9ad5;0x76e32c9d5a28;0x76e32c9d63ce;0x76e32cba98e8;cuLaunchKernel;0x76e224ee3eb6;0x76e224f4a3f8;0x76e21ec671c5;0x76e21eb52a19;0x76e21df81c1e;0x76e21e0c0b59;0x76e21e0c4dcd;0x76e2bef51c11;0x76e2befc3fdf;0x76e2befc5bc2;0x76e2becdb21c;|, 34.026241, 800.00, 115.312000
2025-11-25T20:44:49.199292Z, , 34.535534, 900.00, 115.312000
2025-11-25T20:44:49.204528Z, 0xfffffffffffffe00;0x76e32c10d432;0x76e32c117c50;0x76e32ccae696;0x76e328a79f5d;0x76e2be82c47d;|, 40.201753, 0.00, 115.312000
2025-11-25T20:44:49.209734Z, , 34.091204, 0.00, 115.312000
2025-11-25T20:44:49.215064Z, 0xfffffffffffffe00;0x76e32ca8e853;0x76e32cabeea0;0x76e32c980369;0x76e32d7ba55c;0x76e32c9c9ad5;0x76e32c9d5a28;0x76e32c9d63ce;0x76e32cba98e8;cuLaunchKernel;0x76e328a13e89;0x76e328a79f88;0x76e2be82c47d;|, 35.265710, 100.00, 115.312000
2025-11-25T20:44:49.220285Z, , 36.263711, 100.00, 115.312000
2025-11-25T20:44:49.227890Z, 0xfffffffffffffe00;PyDict_Contains;_PyEval_EvalFrameDefault;PyObject_Vectorcall;0x5a379d;PyObject_GetAttr;_PyEval_EvalFrameDefault;0x54ce3d;_PyEval_EvalFrameDefault;0x54ce3d;_PyEval_EvalFrameDefault;_PyObject_Call_Prepend;0x5a30c8;_PyObject_MakeTpCall;_PyEval_EvalFrameDefault;0x54cf04;PyObject_Call;_PyEval_EvalFrameDefault;0x54cf04;PyObject_Call;_PyEval_EvalFrameDefault;_PyObject_Call_Prepend;0x5a30c8;PyObject_Call;_PyEval_EvalFrameDefault;0x54cf04;PyObject_Call;_PyEval_EvalFrameDefault;0x54cf04;PyObject_Call;_PyEval_EvalFrameDefault;0x54cf04;PyObject_Call;_PyEval_EvalFrameDefault;_PyObject_Call_Prepend;0x5a30c8;PyObject_Call;_PyEval_EvalFrameDefault;0x54cf04;PyObject_Call;_PyEval_EvalFrameDefault;0x54cf04;PyObject_Call;_PyEval_EvalFrameDefault;_PyObject_Call_Prepend;0x5a30c8;_PyObject_MakeTpCall;_PyEval_EvalFrameDefault;0x54cf04;PyObject_Call;_PyEval_EvalFrameDefault;0x54cf04;PyObject_Call;_PyEval_EvalFrameDefault;0x54cf04;PyObject_Call;_PyEval_EvalFrameDefault;PyEval_EvalCode;0x607fc2;0x6b4393;_PyRun_SimpleFileObject;_PyRun_AnyFileObject;Py_RunMain;Py_BytesMain;__libc_start_call_main;__libc_start_main@@GLIBC_2.34;_start;|, 42.461285, 0.00, 115.312000
2025-11-25T20:44:49.233105Z, 0xfffffffffffffe00;0x76e2f8e3edf3;|, 36.674561, 50.00, 115.312000
2025-11-25T20:44:49.238330Z, , 32.965204, 200.00, 115.312000
2025-11-25T20:44:49.243614Z, 0xfffffffffffffe00;0x76e32c994fe5;0x76e32cb35c19;cuDevicePrimaryCtxGetState;0x76e2bc672e9a;|, 37.304566, 0.00, 115.312000
2025-11-25T20:44:49.248780Z, , 37.727803, 0.00, 115.312000
2025-11-25T20:44:49.254107Z, 0xfffffffffffffe00;pthread_getspecific@@GLIBC_2.34;0x76e32c10d420;0x76e32c117c50;0x76e32ccae696;0x76e328a4f03a;0x76e328df727b;|, 38.931618, 100.00, 115.312000
2025-11-25T20:44:49.259338Z, , 39.112466, 200.00, 115.312000
2025-11-25T20:44:49.264590Z, 0xfffffffffffffe00;0x76e32c10d684;0x76e32c117c50;0x76e32ccae696;0x76e328a4d612;0x76e2bd13d328;0x76e2bd13fe66;0x76e2bd1408fd;0x76e2befe0ac6;0x7fffec1fe110;0x100000002;0x76e32895c170;0x85e38058b4818;|, 37.450769, 300.00, 115.312000
2025-11-25T20:44:49.269859Z, , 26.788713, 400.00, 115.312000
2025-11-25T20:44:49.276691Z, 0xfffffffffffffe00;0x5a307c;PyObject_Call;_PyEval_EvalFrameDefault;0x54cf04;PyObject_Call;_PyEval_EvalFrameDefault;0x54cf04;PyObject_Call;_PyEval_EvalFrameDefault;0x54cf04;PyObject_Call;_PyEval_EvalFrameDefault;_PyObject_Call_Prepend;0x5a30c8;PyObject_Call;_PyEval_EvalFrameDefault;0x54cf04;PyObject_Call;_PyEval_EvalFrameDefault;0x54cf04;PyObject_Call;_PyEval_EvalFrameDefault;_PyObject_Call_Prepend;0x5a30c8;_PyObject_MakeTpCall;_PyEval_EvalFrameDefault;0x54cf04;PyObject_Call;_PyEval_EvalFrameDefault;0x54cf04;PyObject_Call;_PyEval_EvalFrameDefault;0x54cf04;PyObject_Call;_PyEval_EvalFrameDefault;PyEval_EvalCode;0x607fc2;0x6b4393;_PyRun_SimpleFileObject;_PyRun_AnyFileObject;Py_RunMain;Py_BytesMain;__libc_start_call_main;__libc_start_main@@GLIBC_2.34;_start;|, 40.480342, 0.00, 115.312000
2025-11-25T20:44:49.282013Z, 0xfffffffffffffe00;0x76e32ca211dc;0x76e32c9799f3;0x76e32c980311;0x76e32d7ba55c;0x76e32c9c9ad5;0x76e32c9d5a28;0x76e32c9d63ce;0x76e32cba98e8;cuLaunchKernel;0x76e328a13e89;0x76e328a79f88;0x76e2bd2c1f96;0x76e2bd2b4ad8;0x76e2bd2b68f9;0x58501c50;0x6e20646c756f6853;|, 39.941113, 50.00, 115.312000
2025-11-25T20:44:49.287245Z, , 36.054098, 100.00, 115.312000
2025-11-25T20:44:49.292460Z, 0xfffffffffffffe00;0x76e2f8c7cbad;0x500000003;0x0;|, 39.448022, 100.00, 115.312000
2025-11-25T20:44:49.297657Z, , 34.580469, 0.00, 115.312000
2025-11-25T20:44:49.302934Z, 0xfffffffffffffe00;0x76e328a3a8eb;0x76e328a3ea45;0x76e328a13e31;0x76e328a79f88;0x76e2bef11da1;0x76e2beeebab6;0x76e2beeec4f9;0x0;0x100000001;0x76e32895c170;0x85e38058b4818;|, 34.669073, 0.00, 115.312000
2025-11-25T20:44:49.308169Z, , 41.078542, 100.00, 115.312000
2025-11-25T20:44:49.313400Z, 0xfffffffffffffe00;0x76e2bc31f330;0x7fffec1fb608;0x76e2f8c83c40;0x4800000002bf0000;|, 57.229600, 200.00, 115.312000
2025-11-25T20:44:49.318607Z, , 34.211850, 200.00, 115.312000
2025-11-25T20:44:49.325955Z, 0xfffffffffffffe00;__tls_get_addr;0x76e31cf767d2;_PyObject_MakeTpCall;_PyEval_EvalFrameDefault;0x54ce3d;_PyEval_EvalFrameDefault;_PyObject_Call_Prepend;0x5a30c8;_PyObject_MakeTpCall;_PyEval_EvalFrameDefault;0x54ce3d;_PyEval_EvalFrameDefault;0x54ce3d;_PyEval_EvalFrameDefault;_PyObject_Call_Prepend;0x5a30c8;_PyObject_MakeTpCall;_PyEval_EvalFrameDefault;0x54cf04;PyObject_Call;_PyEval_EvalFrameDefault;0x54cf04;PyObject_Call;_PyEval_EvalFrameDefault;0x54cf04;PyObject_Call;_PyEval_EvalFrameDefault;_PyObject_Call_Prepend;0x5a30c8;PyObject_Call;_PyEval_EvalFrameDefault;0x54cf04;PyObject_Call;_PyEval_EvalFrameDefault;0x54cf04;PyObject_Call;_PyEval_EvalFrameDefault;_PyObject_Call_Prepend;0x5a30c8;_PyObject_MakeTpCall;_PyEval_EvalFrameDefault;0x54cf04;PyObject_Call;_PyEval_EvalFrameDefault;0x54cf04;PyObject_Call;_PyEval_EvalFrameDefault;0x54cf04;PyObject_Call;_PyEval_EvalFrameDefault;PyEval_EvalCode;0x607fc2;0x6b4393;_PyRun_SimpleFileObject;_PyRun_AnyFileObject;Py_RunMain;Py_BytesMain;__libc_start_call_main;__libc_start_main@@GLIBC_2.34;_start;|, 49.550511, 300.00, 115.312000
2025-11-25T20:44:49.331255Z, , 50.088430, 400.00, 115.312000
2025-11-25T20:44:49.336663Z, 0xfffffffffffffe00;__libc_malloc;0x76e32c15cd73;0x76e32c10c9d7;0x76e32c117c50;0x76e32d7ba891;0x76e32c9c9ad5;0x76e32c9d5a28;0x76e32c9d63ce;0x76e32cba98e8;cuLaunchKernel;0x76e328a13e89;0x76e328a79f88;0x76e2be07ef1b;0x5e40b650;0x3431e828;0x3b902f60;0x100000003;0x76e32895c170;0x85e38058b4818;|, 38.790994, 500.00, 115.312000
2025-11-25T20:44:49.341968Z, 0xfffffffffffffe00;__libc_malloc;0x76e31c4bb904;0x76e328dc27fe;0x76e328dde944;0x76e328de0c05;0x76e2f8bd64ad;0x1;0x76e328dc7ec0;0x5554415541564100;|, 43.535912, 600.00, 115.312000
2025-11-25T20:44:49.347223Z, , 38.715435, 600.00, 115.312000
2025-11-25T20:44:49.352599Z, 0xfffffffffffffe00;0x76e32c117cda;0x76e32c97edf9;0x76e32cabe5ee;0x76e32d7b94c3;0x76e32c9c9ad5;0x76e32c9d5a28;0x76e32c9d63ce;0x76e32cba98e8;cuLaunchKernel;0x76e328a13e89;0x76e328a79f88;0x76e2bdd1715d;0x76e2bdd35966;0x590e86;0x100000003;0x76e32895c170;0x85e38058b4818;|, 41.735363, 700.00, 115.312000
2025-11-25T20:44:49.357827Z, , 44.340539, 800.00, 115.312000
2025-11-25T20:44:49.363218Z, 0xfffffffffffffe00;__pthread_mutex_lock@GLIBC_2.2.5;0x5fb352;PyEval_RestoreThread;0x76e31d2c9bca;0x386c4760;|, 46.255993, 800.00, 115.312000
2025-11-25T20:44:49.368447Z, , 28.791871, 900.00, 115.312000
2025-11-25T20:44:49.373715Z, 0xfffffffffffffe00;0x76e32c1508ab;0x76e32c10d420;0x76e32c117c50;0x76e32ccae696;0x76e328a4f03a;0x76e328df7115;0xec1fab8000000000;|, 58.743928, 1000.00, 115.312000
2025-11-25T20:44:49.378911Z, , 43.165443, 0.00, 115.312000
2025-11-25T20:44:49.386059Z, 0xfffffffffffffe00;PyObject_Malloc;_PyObject_GC_New;PyCell_New;_PyEval_EvalFrameDefault;0x54ce3d;_PyEval_EvalFrameDefault;_PyObject_Call_Prepend;0x5a30c8;_PyObject_MakeTpCall;_PyEval_EvalFrameDefault;0x54cf04;PyObject_Call;_PyEval_EvalFrameDefault;0x54cf04;PyObject_Call;_PyEval_EvalFrameDefault;0x54cf04;PyObject_Call;_PyEval_EvalFrameDefault;_PyObject_Call_Prepend;0x5a30c8;PyObject_Call;_PyEval_EvalFrameDefault;0x54cf04;PyObject_Call;_PyEval_EvalFrameDefault;0x54cf04;PyObject_Call;_PyEval_EvalFrameDefault;_PyObject_Call_Prepend;0x5a30c8;_PyObject_MakeTpCall;_PyEval_EvalFrameDefault;0x54cf04;PyObject_Call;_PyEval_EvalFrameDefault;0x54cf04;PyObject_Call;_PyEval_EvalFrameDefault;0x54cf04;PyObject_Call;_PyEval_EvalFrameDefault;PyEval_EvalCode;0x607fc2;0x6b4393;_PyRun_SimpleFileObject;_PyRun_AnyFileObject;Py_RunMain;Py_BytesMain;__libc_start_call_main;__libc_start_main@@GLIBC_2.34;_start;|, 56.798066, 50.00, 115.312000
2025-11-25T20:44:49.391281Z, , 51.398290, 200.00, 115.312000
2025-11-25T20:44:49.397488Z, 0xfffffffffffffe00;0x5a3020;_PyEval_EvalFrameDefault;_PyObject_Call_Prepend;0x59da4f;0x599513;_PyObject_MakeTpCall;_PyEval_EvalFrameDefault;PyObject_Call;0x64e874;_PyObject_MakeTpCall;PyObject_Vectorcall;_PyEval_EvalFrameDefault;0x54cf04;PyObject_Call;_PyEval_EvalFrameDefault;PyEval_EvalCode;0x607fc2;0x6b4393;_PyRun_SimpleFileObject;_PyRun_AnyFileObject;Py_RunMain;Py_BytesMain;__libc_start_call_main;__libc_start_main@@GLIBC_2.34;_start;|, 46.215951, 300.00, 115.312000
2025-11-25T20:44:49.404759Z, 0xfffffffffffffe00;_PyEval_EvalFrameDefault;PyObject_Vectorcall;0x5a379d;PyObject_GetAttr;_PyObject_GetMethod;_PyEval_EvalFrameDefault;0x54cf04;PyObject_Call;_PyEval_EvalFrameDefault;0x54cf04;PyObject_Call;_PyEval_EvalFrameDefault;_PyObject_Call_Prepend;0x5a30c8;PyObject_Call;_PyEval_EvalFrameDefault;0x54cf04;PyObject_Call;_PyEval_EvalFrameDefault;0x54cf04;PyObject_Call;_PyEval_EvalFrameDefault;0x54cf04;PyObject_Call;_PyEval_EvalFrameDefault;_PyObject_Call_Prepend;0x5a30c8;PyObject_Call;_PyEval_EvalFrameDefault;0x54cf04;PyObject_Call;_PyEval_EvalFrameDefault;0x54cf04;PyObject_Call;_PyEval_EvalFrameDefault;_PyObject_Call_Prepend;0x5a30c8;_PyObject_MakeTpCall;_PyEval_EvalFrameDefault;0x54cf04;PyObject_Call;_PyEval_EvalFrameDefault;0x54cf04;PyObject_Call;_PyEval_EvalFrameDefault;0x54cf04;PyObject_Call;_PyEval_EvalFrameDefault;PyEval_EvalCode;0x607fc2;0x6b4393;_PyRun_SimpleFileObject;_PyRun_AnyFileObject;Py_RunMain;Py_BytesMain;__libc_start_call_main;__libc_start_main@@GLIBC_2.34;_start;|, 43.401993, 300.00, 115.312000
2025-11-25T20:44:49.409963Z, , 35.522912, 200.00, 115.312000
2025-11-25T20:44:49.415227Z, 0xfffffffffffffe00;0x76e21eb4f5e1;0x76e21eb53bc0;0x76e21eb543d6;0x76e21df7f33c;0x76e21df81b91;0x76e21e0c0b59;0x76e21e0c4dcd;0x76e2bef51c11;0x76e2befc3fdf;0x76e2befc5bc2;0x76e2becdb21c;|, 47.271198, 500.00, 115.312000
2025-11-25T20:44:49.420449Z, , 43.658048, 600.00, 115.312000
2025-11-25T20:44:49.425725Z, 0xfffffffffffffe00;0x76e32c16a4c0;0x76e32c117c50;0x76e32d7ba9a0;0x76e32c9c9ad5;0x76e32c9d5a28;0x76e32c9d63ce;0x76e32cba98e8;cuLaunchKernel;0x76e328a13e89;0x76e328a79f88;0x76e2be82c47d;|, 44.513867, 600.00, 115.312000
2025-11-25T20:44:49.430927Z, , 55.640496, 0.00, 115.312000
2025-11-25T20:44:49.437953Z, 0xfffffffffffffe00;_PyObject_GenericGetAttrWithDict;0x5a372c;PyObject_GetAttr;_PyEval_EvalFrameDefault;PyObject_Vectorcall;0x5a379d;PyObject_GetAttr;_PyObject_GetMethod;_PyEval_EvalFrameDefault;0x54cf04;PyObject_Call;_PyEval_EvalFrameDefault;0x54cf04;PyObject_Call;_PyEval_EvalFrameDefault;0x54cf04;PyObject_Call;_PyEval_EvalFrameDefault;_PyObject_Call_Prepend;0x5a30c8;PyObject_Call;_PyEval_EvalFrameDefault;0x54cf04;PyObject_Call;_PyEval_EvalFrameDefault;0x54cf04;PyObject_Call;_PyEval_EvalFrameDefault;_PyObject_Call_Prepend;0x5a30c8;_PyObject_MakeTpCall;_PyEval_EvalFrameDefault;0x54cf04;PyObject_Call;_PyEval_EvalFrameDefault;0x54cf04;PyObject_Call;_PyEval_EvalFrameDefault;0x54cf04;PyObject_Call;_PyEval_EvalFrameDefault;PyEval_EvalCode;0x607fc2;0x6b4393;_PyRun_SimpleFileObject;_PyRun_AnyFileObject;Py_RunMain;Py_BytesMain;__libc_start_call_main;__libc_start_main@@GLIBC_2.34;_start;|, 30.848406, 100.00, 115.312000
2025-11-25T20:44:49.443337Z, 0xfffffffffffffe00;0x76e32cc61b7b;0x76e32ca1f183;0x76e32ca5de3b;0x76e32d79d137;0x76e32d79d585;0x76e32ca2b9f4;0x76e32caf22c3;0x76e32d751fd5;0x76e32c9f6cbb;0x76e32cba87e1;cuStreamSynchronize;0x76e328a12683;0x76e328a79ca1;0x76e2bcfcef18;0x76e2bcfd04b5;0x0;0x100000001;0x76e32895c170;0x85e38058b4818;|, 66.015936, 66.67, 115.312000
2025-11-25T20:44:49.448529Z, , 41.467121, 200.00, 115.312000
2025-11-25T20:44:49.455808Z, 0xfffffffffffffe00;0x572051;_PyDict_Contains_KnownHash;0x575151;_PyEval_EvalFrameDefault;0x54cf04;PyObject_Call;_PyEval_EvalFrameDefault;0x54cf04;PyObject_Call;_PyEval_EvalFrameDefault;_PyObject_Call_Prepend;0x5a30c8;PyObject_Call;_PyEval_EvalFrameDefault;0x54cf04;PyObject_Call;_PyEval_EvalFrameDefault;0x54cf04;PyObject_Call;_PyEval_EvalFrameDefault;0x54cf04;PyObject_Call;_PyEval_EvalFrameDefault;_PyObject_Call_Prepend;0x5a30c8;PyObject_Call;_PyEval_EvalFrameDefault;0x54cf04;PyObject_Call;_PyEval_EvalFrameDefault;0x54cf04;PyObject_Call;_PyEval_EvalFrameDefault;_PyObject_Call_Prepend;0x5a30c8;_PyObject_MakeTpCall;_PyEval_EvalFrameDefault;0x54cf04;PyObject_Call;_PyEval_EvalFrameDefault;0x54cf04;PyObject_Call;_PyEval_EvalFrameDefault;0x54cf04;PyObject_Call;_PyEval_EvalFrameDefault;PyEval_EvalCode;0x607fc2;0x6b4393;_PyRun_SimpleFileObject;_PyRun_AnyFileObject;Py_RunMain;Py_BytesMain;__libc_start_call_main;__libc_start_main@@GLIBC_2.34;_start;|, 34.025953, 300.00, 115.312000
2025-11-25T20:44:49.461003Z, , 56.433737, 500.00, 115.312000
2025-11-25T20:44:49.466392Z, 0xfffffffffffffe00;0x76e332b53c36;clock_gettime@@GLIBC_2.17;cuptiGetTimestamp;0x76e32c1586c1;0x76e32c1157e8;0x76e32c11624b;0x76e32c117c50;0x76e32cb35b64;cuDevicePrimaryCtxGetState;0x76e2bc672e9a;|, 46.209634, 250.00, 115.312000
2025-11-25T20:44:49.471589Z, , 52.337370, 300.00, 115.312000
2025-11-25T20:44:49.476871Z, 0xfffffffffffffe00;0x76e32c2cf569;0x76e32c117c50;0x76e32ccae696;0x76e328a4f03a;0x76e328df7115;0xec1fb36000007fff;|, 39.685623, 700.00, 115.312000
2025-11-25T20:44:49.482194Z, 0xfffffffffffffe00;free;0x76e2f93e3680;0x0;0x76e328966b30;0x2de907894810c083;|, 55.018771, 700.00, 115.312000
2025-11-25T20:44:49.487396Z, , 45.195987, 800.00, 115.312000
2025-11-25T20:44:49.492674Z, 0xfffffffffffffe00;0x76e2f943b1f8;0x9;0x64;|, 39.438898, 900.00, 115.312000
2025-11-25T20:44:49.497899Z, , 43.944850, 1000.00, 115.486000
2025-11-25T20:44:49.505273Z, 0xfffffffffffffe00;0x5516c0;_PyEval_EvalFrameDefault;0x54ce3d;_PyEval_EvalFrameDefault;0x54ce3d;_PyEval_EvalFrameDefault;_PyObject_Call_Prepend;0x5a30c8;_PyObject_MakeTpCall;_PyEval_EvalFrameDefault;0x54ce3d;_PyEval_EvalFrameDefault;0x54ce3d;_PyEval_EvalFrameDefault;_PyObject_Call_Prepend;0x5a30c8;_PyObject_MakeTpCall;_PyEval_EvalFrameDefault;0x54cf04;PyObject_Call;_PyEval_EvalFrameDefault;0x54cf04;PyObject_Call;_PyEval_EvalFrameDefault;0x54cf04;PyObject_Call;_PyEval_EvalFrameDefault;_PyObject_Call_Prepend;0x5a30c8;PyObject_Call;_PyEval_EvalFrameDefault;0x54cf04;PyObject_Call;_PyEval_EvalFrameDefault;0x54cf04;PyObject_Call;_PyEval_EvalFrameDefault;_PyObject_Call_Prepend;0x5a30c8;_PyObject_MakeTpCall;_PyEval_EvalFrameDefault;0x54cf04;PyObject_Call;_PyEval_EvalFrameDefault;0x54cf04;PyObject_Call;_PyEval_EvalFrameDefault;0x54cf04;PyObject_Call;_PyEval_EvalFrameDefault;PyEval_EvalCode;0x607fc2;0x6b4393;_PyRun_SimpleFileObject;_PyRun_AnyFileObject;Py_RunMain;Py_BytesMain;__libc_start_call_main;__libc_start_main@@GLIBC_2.34;_start;|, 33.353509, 1000.00, 115.486000
2025-11-25T20:44:49.510561Z, , 62.988131, 550.00, 115.486000
2025-11-25T20:44:49.515907Z, 0xfffffffffffffe00;0x76e32ca21122;0x76e32c9799f3;0x76e32c980311;0x76e32d7ba55c;0x76e32c9c9ad5;0x76e32c9d5a28;0x76e32c9d63ce;0x76e32cba98e8;cuLaunchKernel;0x76e224ee3eb6;0x76e224f4a3f8;0x76e21eb4e285;0x76e21eb52a19;0x76e21df81c1e;0x76e21e0c0b59;0x76e21e0c4dcd;0x76e2bef51c11;0x76e2befc3fdf;0x76e2befc5bc2;0x76e2becdb21c;|, 46.130884, 0.00, 115.486000
2025-11-25T20:44:49.521131Z, , 49.203059, 100.00, 115.486000
2025-11-25T20:44:49.526353Z, 0xfffffffffffffe00;0x76e32895aa10;|, 40.288219, 50.00, 115.486000
2025-11-25T20:44:49.531621Z, , 48.088267, 0.00, 115.486000
2025-11-25T20:44:49.538761Z, 0xfffffffffffffe00;PyMem_Free;_PyEval_EvalFrameDefault;0x54cf04;PyObject_Call;_PyEval_EvalFrameDefault;0x54cf04;PyObject_Call;_PyEval_EvalFrameDefault;_PyObject_Call_Prepend;0x5a30c8;PyObject_Call;_PyEval_EvalFrameDefault;0x54cf04;PyObject_Call;_PyEval_EvalFrameDefault;0x54cf04;PyObject_Call;_PyEval_EvalFrameDefault;0x54cf04;PyObject_Call;_PyEval_EvalFrameDefault;_PyObject_Call_Prepend;0x5a30c8;PyObject_Call;_PyEval_EvalFrameDefault;0x54cf04;PyObject_Call;_PyEval_EvalFrameDefault;0x54cf04;PyObject_Call;_PyEval_EvalFrameDefault;_PyObject_Call_Prepend;0x5a30c8;_PyObject_MakeTpCall;_PyEval_EvalFrameDefault;0x54cf04;PyObject_Call;_PyEval_EvalFrameDefault;0x54cf04;PyObject_Call;_PyEval_EvalFrameDefault;0x54cf04;PyObject_Call;_PyEval_EvalFrameDefault;PyEval_EvalCode;0x607fc2;0x6b4393;_PyRun_SimpleFileObject;_PyRun_AnyFileObject;Py_RunMain;Py_BytesMain;__libc_start_call_main;__libc_start_main@@GLIBC_2.34;_start;|, 35.304793, 100.00, 115.486000
2025-11-25T20:44:49.544019Z, 0xfffffffffffffe00;0x76e32c2cf569;0x76e32c11624b;0x76e32c117c50;0x76e32cb35b64;cuDevicePrimaryCtxGetState;0x76e2bc672e9a;|, 46.281223, 66.67, 115.486000
2025-11-25T20:44:49.549257Z, , 75.367113, 100.00, 115.486000
2025-11-25T20:44:49.554587Z, 0xfffffffffffffe00;0x76e32d79d2f8;0x76e32ca2b9f4;0x76e32caf22c3;0x76e32d751fd5;0x76e32c9f6cbb;0x76e32cba87e1;cuStreamSynchronize;0x76e328a12683;0x76e328a79ca1;0x76e2bcfcef18;0x76e2bcfd04b5;0x0;0x100000001;0x76e32895c170;0x85e38058b4818;|, 46.365856, 300.00, 115.486000
2025-11-25T20:44:49.559780Z, , 56.356996, 0.00, 115.486000
2025-11-25T20:44:49.564998Z, 0xfffffffffffffe00;getenv;0x76e328988408;0x76e32c15879e;|, 59.306132, 0.00, 115.486000
2025-11-25T20:44:49.570166Z, , 55.273748, 100.00, 115.486000
2025-11-25T20:44:49.577602Z, 0xfffffffffffffe00;0x76e31d035adb;0x581a6f;_PyObject_MakeTpCall;_PyEval_EvalFrameDefault;0x54ce3d;_PyEval_EvalFrameDefault;0x54ce3d;_PyEval_EvalFrameDefault;_PyObject_Call_Prepend;0x5a30c8;_PyObject_MakeTpCall;_PyEval_EvalFrameDefault;0x54ce3d;_PyEval_EvalFrameDefault;0x54ce3d;_PyEval_EvalFrameDefault;_PyObject_Call_Prepend;0x5a30c8;_PyObject_MakeTpCall;_PyEval_EvalFrameDefault;0x54cf04;PyObject_Call;_PyEval_EvalFrameDefault;0x54cf04;PyObject_Call;_PyEval_EvalFrameDefault;0x54cf04;PyObject_Call;_PyEval_EvalFrameDefault;_PyObject_Call_Prepend;0x5a30c8;PyObject_Call;_PyEval_EvalFrameDefault;0x54cf04;PyObject_Call;_PyEval_EvalFrameDefault;0x54cf04;PyObject_Call;_PyEval_EvalFrameDefault;_PyObject_Call_Prepend;0x5a30c8;_PyObject_MakeTpCall;_PyEval_EvalFrameDefault;0x54cf04;PyObject_Call;_PyEval_EvalFrameDefault;0x54cf04;PyObject_Call;_PyEval_EvalFrameDefault;0x54cf04;PyObject_Call;_PyEval_EvalFrameDefault;PyEval_EvalCode;0x607fc2;0x6b4393;_PyRun_SimpleFileObject;_PyRun_AnyFileObject;Py_RunMain;Py_BytesMain;__libc_start_call_main;__libc_start_main@@GLIBC_2.34;_start;|, 50.623031, 200.00, 115.486000
2025-11-25T20:44:49.582793Z, 0xfffffffffffffe00;0x76e32c103eab;0x76e32c117c21;0x76e32cb35b64;cuDevicePrimaryCtxGetState;0x76e2bc672e9a;|, 47.476904, 300.00, 115.486000
2025-11-25T20:44:49.587905Z, , 47.545625, 300.00, 115.486000
2025-11-25T20:44:49.593067Z, 0xfffffffffffffe00;0x76e32c9a21d6;0x76e32cb65a49;cuFuncGetAttribute;0x76e224ee48eb;0x76e224f260cc;0x76e21eb4f2f5;0x76e21eb53bc0;0x76e21eb543d6;0x76e21df7f33c;0x76e21df81b91;0x76e21e0c0b59;0x76e21e0c4dcd;0x76e2bef51c11;0x76e2befc3fdf;0x76e2befc5bc2;0x76e2becdb21c;|, 31.598539, 400.00, 115.486000
2025-11-25T20:44:49.598201Z, , 55.139502, 500.00, 115.486000
2025-11-25T20:44:49.605171Z, 0xfffffffffffffe00;0x5a3656;PyObject_GetAttr;_PyEval_EvalFrameDefault;PyObject_Vectorcall;0x5a379d;PyObject_GetAttr;_PyEval_EvalFrameDefault;0x54cf04;PyObject_Call;_PyEval_EvalFrameDefault;0x54cf04;PyObject_Call;_PyEval_EvalFrameDefault;0x54cf04;PyObject_Call;_PyEval_EvalFrameDefault;_PyObject_Call_Prepend;0x5a30c8;PyObject_Call;_PyEval_EvalFrameDefault;0x54cf04;PyObject_Call;_PyEval_EvalFrameDefault;0x54cf04;PyObject_Call;_PyEval_EvalFrameDefault;_PyObject_Call_Prepend;0x5a30c8;_PyObject_MakeTpCall;_PyEval_EvalFrameDefault;0x54cf04;PyObject_Call;_PyEval_EvalFrameDefault;0x54cf04;PyObject_Call;_PyEval_EvalFrameDefault;_PyObject_Call_Prepend;0x5a30c8;PyObject_Call;_PyEval_EvalFrameDefault;PyEval_EvalCode;0x607fc2;0x6b4393;_PyRun_SimpleFileObject;_PyRun_AnyFileObject;Py_RunMain;Py_BytesMain;__libc_start_call_main;__libc_start_main@@GLIBC_2.34;_start;|, 35.410516, 600.00, 115.486000
2025-11-25T20:44:49.610278Z, , 48.985530, 700.00, 115.486000
2025-11-25T20:44:49.615392Z, 0xfffffffffffffe00;__tls_get_addr;|, 46.160645, 700.00, 115.486000
2025-11-25T20:44:49.620608Z, , 38.487965, 800.00, 115.486000
2025-11-25T20:44:49.625927Z, 0xfffffffffffffe00;0x76e32c2cc2b0;0x76e32c1152d7;0x76e32c11624b;0x76e32c117c50;0x76e32cb330ab;cuCtxGetDevice;0x76e328a11116;0x76e328a4f042;0x76e328df6dc2;0x6475632f3031632f;|, 54.134875, 800.00, 115.486000
2025-11-25T20:44:49.631158Z, , 47.708421, 1000.00, 115.486000
2025-11-25T20:44:49.636456Z, 0xfffffffffffffe00;0x76e32d7b94dc;0x76e32c9c9ad5;0x76e32c9d5a28;0x76e32c9d63ce;0x76e32cba98e8;cuLaunchKernel;0x76e224ee3eb6;0x76e224f4a3f8;0x76e21eb4e285;0x76e21eb52a19;0x76e21df81c1e;0x76e21e0c0b59;0x76e21e0c4dcd;0x76e2bef51c11;0x76e2befc3fdf;0x76e2befc5bc2;0x76e2becdb21c;|, 44.270638, 1100.00, 115.486000
2025-11-25T20:44:49.641686Z, , 61.833854, 1100.00, 115.486000
2025-11-25T20:44:49.646925Z, 0xfffffffffffffe00;0x76e2fa1ff3d0;0x76e2f8f8a15d;0x300;|, 46.476406, 1200.00, 115.486000
2025-11-25T20:44:49.652092Z, , 38.767844, 1300.00, 115.486000
2025-11-25T20:44:49.657314Z, 0xfffffffffffffe00;0x76e31c4bb8e0;0x76e2f8bd30f3;0x76e2bc67129e;0x7fffec1fb5f0;|, 47.752798, 1400.00, 115.486000
2025-11-25T20:44:49.662550Z, 0xfffffffffffffe00;0x76e32cb35b5f;cuDevicePrimaryCtxGetState;0x76e2bc672e9a;|, 41.017767, 1400.00, 115.486000
2025-11-25T20:44:49.667759Z, , 48.506049, 1500.00, 115.486000
2025-11-25T20:44:49.673064Z, 0xfffffffffffffe00;0x76e32c1490fa;0x76e32c131360;0x76e32c15879e;0x76e32c116364;0x76e32c117c50;0x76e32cb35ba7;cuDevicePrimaryCtxGetState;0x76e2bc672e9a;|, 48.774697, 1500.00, 115.486000
2025-11-25T20:44:49.678315Z, , 52.253162, 1600.00, 115.486000
2025-11-25T20:44:49.684528Z, 0xfffffffffffffe00;_PyObject_GetMethod;_PyEval_EvalFrameDefault;_PyObject_Call_Prepend;0x59da4f;0x599513;_PyObject_MakeTpCall;_PyEval_EvalFrameDefault;0x54cf04;PyObject_Call;_PyEval_EvalFrameDefault;0x54cf04;PyObject_Call;_PyEval_EvalFrameDefault;0x54cf04;PyObject_Call;_PyEval_EvalFrameDefault;PyEval_EvalCode;0x607fc2;0x6b4393;_PyRun_SimpleFileObject;_PyRun_AnyFileObject;Py_RunMain;Py_BytesMain;__libc_start_call_main;__libc_start_main@@GLIBC_2.34;_start;|, 49.281902, 1700.00, 115.486000
2025-11-25T20:44:49.689757Z, , 48.508472, 1800.00, 115.486000
2025-11-25T20:44:49.696923Z, 0xfffffffffffffe00;0x76e2f9b6ce9d;0x76e31d14310d;0x581a6f;_PyObject_MakeTpCall;_PyEval_EvalFrameDefault;0x54ce3d;_PyEval_EvalFrameDefault;0x54ce3d;_PyEval_EvalFrameDefault;_PyObject_Call_Prepend;0x5a30c8;_PyObject_MakeTpCall;_PyEval_EvalFrameDefault;0x54cf04;PyObject_Call;_PyEval_EvalFrameDefault;0x54cf04;PyObject_Call;_PyEval_EvalFrameDefault;0x54cf04;PyObject_Call;_PyEval_EvalFrameDefault;_PyObject_Call_Prepend;0x5a30c8;PyObject_Call;_PyEval_EvalFrameDefault;0x54cf04;PyObject_Call;_PyEval_EvalFrameDefault;0x54cf04;PyObject_Call;_PyEval_EvalFrameDefault;_PyObject_Call_Prepend;0x5a30c8;_PyObject_MakeTpCall;_PyEval_EvalFrameDefault;0x54cf04;PyObject_Call;_PyEval_EvalFrameDefault;0x54cf04;PyObject_Call;_PyEval_EvalFrameDefault;0x54cf04;PyObject_Call;_PyEval_EvalFrameDefault;PyEval_EvalCode;0x607fc2;0x6b4393;_PyRun_SimpleFileObject;_PyRun_AnyFileObject;Py_RunMain;Py_BytesMain;__libc_start_call_main;__libc_start_main@@GLIBC_2.34;_start;|, 37.967383, 1800.00, 115.486000
2025-11-25T20:44:49.702132Z, , 43.098876, 1900.00, 115.486000
2025-11-25T20:44:49.707358Z, 0xfffffffffffffe00;0x76e31d787c48;|, 52.192969, 2000.00, 115.486000
2025-11-25T20:44:49.712563Z, , 46.854194, 2100.00, 115.486000
2025-11-25T20:44:49.717770Z, 0xfffffffffffffe00;0x76e2f8417940;|, 38.569155, 2200.00, 115.486000
2025-11-25T20:44:49.723086Z, 0xfffffffffffffe00;pthread_getspecific@@GLIBC_2.34;0x76e32c103e99;0x76e32c117c21;0x76e32ccae696;0x76e328a4f082;0x76e328df7115;0xec1faf20000076e3;|, 41.125772, 0.00, 115.486000
2025-11-25T20:44:49.728291Z, , 41.672082, 100.00, 115.486000
2025-11-25T20:44:49.733568Z, 0xfffffffffffffe00;0x76e32cb3303d;cuCtxGetDevice;0x76e328a11116;0x76e328a4f042;0x76e328df6dc2;0x6475632f3031632f;|, 35.081114, 200.00, 115.486000
2025-11-25T20:44:49.738821Z, , 37.499528, 200.00, 115.486000
2025-11-25T20:44:49.744191Z, 0xfffffffffffffe00;__pthread_mutex_lock@GLIBC_2.2.5;0x76e32c1519bc;0x76e32c116a17;0x76e32c117353;0x76e32c117c50;0x76e32d7b93e3;0x76e32c9c9ad5;0x76e32c9d5a28;0x76e32c9d63ce;0x76e32cba98e8;cuLaunchKernel;0x76e328a13e89;0x76e328a79f88;0x76e2bceff3f5;0x76e2bcf0b9c8;0x76e2becb4c0c;0x0;0x100000001;0x76e32895c170;0x85e38058b4818;|, 44.154590, 300.00, 115.486000
2025-11-25T20:44:49.749389Z, , 42.034502, 400.00, 115.486000
2025-11-25T20:44:49.754742Z, 0xfffffffffffffe00;0x76e32ccb737e;0x76e32c131b7d;0x76e32c15d0d8;0x76e32c15d181;0x76e32c10c62b;0x76e32c117c50;0x76e32d7b98b2;0x76e32c9c9ad5;0x76e32c9d5a28;0x76e32c9d63ce;0x76e32cba98e8;cuLaunchKernel;0x76e328a13e89;0x76e328a79f88;0x76e2bef12f5a;0x76e2beeec366;0x76e2beeec4f9;0x0;0x100000001;0x76e32895c170;0x85e38058b4818;|, 59.511475, 400.00, 115.486000
2025-11-25T20:44:49.759962Z, , 46.043825, 500.00, 115.486000
2025-11-25T20:44:49.765361Z, 0xfffffffffffffe00;pthread_mutex_unlock@@GLIBC_2.2.5;0x5fb43c;PyEval_RestoreThread;0x76e31d2c9bca;0x386c4760;|, 54.674057, 600.00, 115.486000
2025-11-25T20:44:49.770588Z, , 46.293129, 600.00, 115.486000
2025-11-25T20:44:49.775881Z, 0xfffffffffffffe00;0x76e32c983613;0x76e32d7b94c3;0x76e32c9c9ad5;0x76e32c9d5a28;0x76e32c9d63ce;0x76e32cba98e8;cuLaunchKernel;0x76e224ee3eb6;0x76e224f4a3f8;0x76e21ea715fa;0x76e21ea9cc13;0x76e21eb52d3a;0x76e21df81c1e;0x76e21e0c0b59;0x76e21e0c4dcd;0x76e2bef51c11;0x76e2befc3fdf;0x76e2befc5bc2;0x76e2becdb21c;|, 31.030135, 0.00, 115.486000
2025-11-25T20:44:49.781104Z, , 48.538349, 50.00, 115.486000
2025-11-25T20:44:49.786419Z, 0xfffffffffffffe00;0x76e32c15112d;0x76e32c131b0a;0x76e32c15d0d8;0x76e32c15d181;0x76e32c10c62b;0x76e32c117c50;0x76e32d7b98b2;0x76e32c9c9ad5;0x76e32c9d5a28;0x76e32c9d63ce;0x76e32cba98e8;cuLaunchKernel;0x76e328a13e89;0x76e328a79f88;0x76e2be075840;|, 36.990439, 200.00, 115.486000
2025-11-25T20:44:49.791650Z, , 43.692527, 200.00, 115.486000
2025-11-25T20:44:49.796938Z, 0xfffffffffffffe00;0x76e32cb1bbe0;0x76e32caf22c3;0x76e32d751fd5;0x76e32c9f6cbb;0x76e32cba87e1;cuStreamSynchronize;0x76e328a12683;0x76e328a79ca1;0x76e2bcfcef18;0x76e2bcfd04b5;0x0;0x100000001;0x76e32895c170;0x85e38058b4818;|, 47.308689, 300.00, 115.486000
2025-11-25T20:44:49.802136Z, , 34.360493, 400.00, 115.486000
2025-11-25T20:44:49.807473Z, 0xfffffffffffffe00;0x76e32c355d7a;0x76e32c355c9c;0x76e32c13196f;0x76e32c131c8e;0x76e32c15d0d8;0x76e32c15d181;0x76e32c10c62b;0x76e32c117c50;0x76e32d7b98b2;0x76e32c9c9ad5;0x76e32c9d5a28;0x76e32c9d63ce;0x76e32cba98e8;cuLaunchKernel;0x76e224ee3eb6;0x76e224f4a3f8;0x76e21ec673c5;0x76e21eb5252c;0x76e21df81c1e;0x76e21e0c0b59;0x76e21e0c4dcd;0x76e2bef51c11;0x76e2befc3fdf;0x76e2befc5bc2;0x76e2becdb21c;|, 54.876344, 400.00, 115.486000
2025-11-25T20:44:49.812751Z, 0xfffffffffffffe00;0x76e32c158ae9;0x76e32c10d60a;0x76e32c117c50;0x76e32ccae696;0x76e328a4f03a;0x76e328df7115;0x78000076e3;|, 50.874356, 500.00, 115.486000
2025-11-25T20:44:49.818000Z, , 36.691089, 600.00, 115.486000
2025-11-25T20:44:49.823277Z, 0xfffffffffffffe00;0x76e328dba377;0xf5974e2b00000000;0x9066c3c0920f0674;|, 56.015785, 700.00, 115.486000
2025-11-25T20:44:49.828476Z, , 42.392204, 700.00, 115.486000
2025-11-25T20:44:49.833741Z, 0xfffffffffffffe00;0x76e32cabb00b;0x76e32cb3315f;cuCtxGetDevice;0x76e328a11116;0x76e328a4f042;0x76e328df727b;|, 52.877660, 800.00, 115.486000
2025-11-25T20:44:49.838950Z, , 47.421010, 0.00, 115.486000
2025-11-25T20:44:49.844403Z, 0xfffffffffffffe00;pthread_mutex_unlock@@GLIBC_2.2.5;0x5fb389;PyEval_RestoreThread;0x76e31d2c9bca;0x386c4760;|, 33.282842, 0.00, 115.486000
2025-11-25T20:44:49.849634Z, , 39.259486, 100.00, 115.486000
2025-11-25T20:44:49.854986Z, 0xfffffffffffffe00;0x76e32ca2453c;0x76e32d79ccc9;0x76e32cc9d809;0x76e32d7baa6f;0x76e32c9c9ad5;0x76e32c9d5a28;0x76e32c9d63ce;0x76e32cba98e8;cuLaunchKernel;0x76e328a13e89;0x76e328a79f88;0x76e2bec85d62;|, 40.046087, 300.00, 115.486000
2025-11-25T20:44:49.860212Z, , 30.300750, 0.00, 115.486000
2025-11-25T20:44:49.865553Z, 0xfffffffffffffe00;__libc_malloc;0x76e31c4bb904;0x76e328dba3bd;0xf5974e2b00000000;0x9066c3c0920f0674;|, 42.201189, 50.00, 115.486000
2025-11-25T20:44:49.870728Z, , 40.470215, 200.00, 115.486000
2025-11-25T20:44:49.875963Z, 0xfffffffffffffe00;pthread_rwlock_wrlock@@GLIBC_2.34;0x76e32d79ddd4;0x76e32c9d58db;0x76e32c9d63ce;0x76e32cba98e8;cuLaunchKernel;0x76e224ee3eb6;0x76e224f4a3f8;0x76e21eac5c54;0x76e21ead564e;0x76e21eb52d80;0x76e21df81c1e;0x76e21e0c0b59;0x76e21e0c4dcd;0x76e2bef51c11;0x76e2befc3fdf;0x76e2befc5bc2;0x76e2becdb21c;|, 36.727263, 200.00, 115.486000
2025-11-25T20:44:49.881174Z, , 37.781539, 300.00, 115.486000
2025-11-25T20:44:49.886488Z, 0xfffffffffffffe00;pthread_getspecific@@GLIBC_2.34;0x76e32c103e99;0x76e32c117c21;0x76e32cb330e7;cuCtxGetDevice;0x76e328a11116;0x76e328a4f042;0x76e328df6dc2;0x6475632f3031632f;|, 38.251883, 400.00, 115.486000
2025-11-25T20:44:49.891678Z, , 40.505680, 400.00, 115.486000
2025-11-25T20:44:49.896882Z, 0xfffffffffffffe00;0x76e32c2cf569;0x76e32c117c50;0x76e32ccae696;0x76e328a4d472;0x76e2bcf1be16;0x76e2bcf0b810;0x76e2becb4c0c;0x0;0x100000001;0x76e32895c170;0x85e38058b4818;|, 40.465663, 0.00, 115.486000
2025-11-25T20:44:49.902228Z, , 35.846588, 50.00, 115.486000
2025-11-25T20:44:49.909857Z, 0xfffffffffffffe00;0x54cb20;0x5e2a34;_PyEval_EvalFrameDefault;0x54cf04;PyObject_Call;_PyEval_EvalFrameDefault;0x54cf04;PyObject_Call;_PyEval_EvalFrameDefault;_PyObject_Call_Prepend;0x5a30c8;PyObject_Call;_PyEval_EvalFrameDefault;0x54cf04;PyObject_Call;_PyEval_EvalFrameDefault;0x54cf04;PyObject_Call;_PyEval_EvalFrameDefault;_PyObject_Call_Prepend;0x5a30c8;_PyObject_MakeTpCall;_PyEval_EvalFrameDefault;0x54cf04;PyObject_Call;_PyEval_EvalFrameDefault;0x54cf04;PyObject_Call;_PyEval_EvalFrameDefault;0x54cf04;PyObject_Call;_PyEval_EvalFrameDefault;PyEval_EvalCode;0x607fc2;0x6b4393;_PyRun_SimpleFileObject;_PyRun_AnyFileObject;Py_RunMain;Py_BytesMain;__libc_start_call_main;__libc_start_main@@GLIBC_2.34;_start;|, 43.514893, 200.00, 115.486000
2025-11-25T20:44:49.915522Z, 0xfffffffffffffe00;0x76e32cc61b74;0x76e32ca1f183;0x76e32ca5de3b;0x76e32d79d137;0x76e32d79d585;0x76e32ca2b9f4;0x76e32caf22c3;0x76e32d751fd5;0x76e32c9f6cbb;0x76e32cba87e1;cuStreamSynchronize;0x76e328a12683;0x76e328a79ca1;0x76e2bcfcef18;0x76e2bcfd04b5;0x0;0x100000001;0x76e32895c170;0x85e38058b4818;|, 38.890803, 300.00, 115.486000
2025-11-25T20:44:49.920794Z, , 33.782949, 300.00, 115.486000
2025-11-25T20:44:49.926196Z, 0xfffffffffffffe00;0x76e31c4a2c64;0x386c4760;|, 43.266589, 400.00, 115.486000
2025-11-25T20:44:49.931661Z, , 45.100093, 500.00, 115.486000
2025-11-25T20:44:49.937322Z, 0xfffffffffffffe00;pthread_mutex_unlock@@GLIBC_2.2.5;0x76e32caebd25;0x76e32cc9cd92;0x76e32d79813f;0x76e32d7baf14;0x76e32c9c9ad5;0x76e32c9d5a28;0x76e32c9d63ce;0x76e32cba98e8;cuLaunchKernel;0x76e328a13e89;0x76e328a79f88;0x76e2be075840;|, 32.753860, 500.00, 115.486000
2025-11-25T20:44:49.942673Z, , 51.611094, 600.00, 115.486000
2025-11-25T20:44:49.950078Z, 0xfffffffffffffe00;0x575adc;0x57586c;_PyEval_EvalFrameDefault;0x54cf04;PyObject_Call;_PyEval_EvalFrameDefault;_PyObject_Call_Prepend;0x5a30c8;PyObject_Call;_PyEval_EvalFrameDefault;0x54cf04;PyObject_Call;_PyEval_EvalFrameDefault;0x54cf04;PyObject_Call;_PyEval_EvalFrameDefault;_PyObject_Call_Prepend;0x5a30c8;_PyObject_MakeTpCall;_PyEval_EvalFrameDefault;0x54cf04;PyObject_Call;_PyEval_EvalFrameDefault;0x54cf04;PyObject_Call;_PyEval_EvalFrameDefault;0x54cf04;PyObject_Call;_PyEval_EvalFrameDefault;PyEval_EvalCode;0x607fc2;0x6b4393;_PyRun_SimpleFileObject;_PyRun_AnyFileObject;Py_RunMain;Py_BytesMain;__libc_start_call_main;__libc_start_main@@GLIBC_2.34;_start;|, 39.675314, 700.00, 115.486000
2025-11-25T20:44:49.957953Z, 0xfffffffffffffe00;pthread_mutex_unlock@@GLIBC_2.2.5;0x5fb389;PyEval_RestoreThread;0x76e31d03931d;0x551768;PyObject_Vectorcall;_PyEval_EvalFrameDefault;0x54ce3d;_PyEval_EvalFrameDefault;0x54ce3d;_PyEval_EvalFrameDefault;_PyObject_Call_Prepend;0x5a30c8;_PyObject_MakeTpCall;_PyEval_EvalFrameDefault;0x54ce3d;_PyEval_EvalFrameDefault;0x54ce3d;_PyEval_EvalFrameDefault;_PyObject_Call_Prepend;0x5a30c8;_PyObject_MakeTpCall;_PyEval_EvalFrameDefault;0x54cf04;PyObject_Call;_PyEval_EvalFrameDefault;0x54cf04;PyObject_Call;_PyEval_EvalFrameDefault;0x54cf04;PyObject_Call;_PyEval_EvalFrameDefault;_PyObject_Call_Prepend;0x5a30c8;PyObject_Call;_PyEval_EvalFrameDefault;0x54cf04;PyObject_Call;_PyEval_EvalFrameDefault;0x54cf04;PyObject_Call;_PyEval_EvalFrameDefault;_PyObject_Call_Prepend;0x5a30c8;_PyObject_MakeTpCall;_PyEval_EvalFrameDefault;0x54cf04;PyObject_Call;_PyEval_EvalFrameDefault;0x54cf04;PyObject_Call;_PyEval_EvalFrameDefault;0x54cf04;PyObject_Call;_PyEval_EvalFrameDefault;PyEval_EvalCode;0x607fc2;0x6b4393;_PyRun_SimpleFileObject;_PyRun_AnyFileObject;Py_RunMain;Py_BytesMain;__libc_start_call_main;__libc_start_main@@GLIBC_2.34;_start;|, 53.831335, 800.00, 115.486000
2025-11-25T20:44:49.964270Z, 0xfffffffffffffe00;PyDict_Next;_PyObject_Call_Prepend;0x59da4f;0x599513;_PyObject_MakeTpCall;_PyEval_EvalFrameDefault;PyObject_Call;0x64e874;_PyObject_MakeTpCall;PyObject_Vectorcall;_PyEval_EvalFrameDefault;0x54cf04;PyObject_Call;_PyEval_EvalFrameDefault;PyEval_EvalCode;0x607fc2;0x6b4393;_PyRun_SimpleFileObject;_PyRun_AnyFileObject;Py_RunMain;Py_BytesMain;__libc_start_call_main;__libc_start_main@@GLIBC_2.34;_start;|, 52.656079, 450.00, 115.486000
2025-11-25T20:44:49.969529Z, , 44.499054, 500.00, 115.486000
2025-11-25T20:44:49.975042Z, 0xfffffffffffffe00;memcpy@GLIBC_2.2.5;0x76e32c9c9cd3;0x76e32c9d5a28;0x76e32c9d63ce;0x76e32cba98e8;cuLaunchKernel;0x76e328a13e89;0x76e328a79f88;0x76e2bef12f5a;0x76e2beeec366;0x76e2beeec4f9;0x0;0x100000001;0x76e32895c170;0x85e38058b4818;|, 56.042430, 0.00, 115.486000
2025-11-25T20:44:49.980507Z, , 52.952770, 0.00, 115.486000
2025-11-25T20:44:49.985921Z, 0xfffffffffffffe00;0x76e328df5684;0x76e328df6dda;0x6475632f3031632f;|, 36.150416, 100.00, 115.486000
2025-11-25T20:44:49.991204Z, , 49.057712, 200.00, 115.486000
2025-11-25T20:44:49.996582Z, 0xfffffffffffffe00;__libc_malloc;0x76e31c4bb904;0x76e328dde524;0x76e328de0c05;0x76e2f8bd64ad;0x1;0x76e328dc7ec0;0x5554415541564100;|, 50.660829, 200.00, 115.850000
2025-11-25T20:44:50.001758Z, , 38.840318, 0.00, 115.850000
2025-11-25T20:44:50.009746Z, 0xfffffffffffffe00;0x5d543e;0x5d5229;_PyEval_EvalFrameDefault;0x54cf04;PyObject_Call;_PyEval_EvalFrameDefault;0x54cf04;PyObject_Call;_PyEval_EvalFrameDefault;_PyObject_Call_Prepend;0x5a30c8;PyObject_Call;_PyEval_EvalFrameDefault;0x54cf04;PyObject_Call;_PyEval_EvalFrameDefault;0x54cf04;PyObject_Call;_PyEval_EvalFrameDefault;0x54cf04;PyObject_Call;_PyEval_EvalFrameDefault;_PyObject_Call_Prepend;0x5a30c8;PyObject_Call;_PyEval_EvalFrameDefault;0x54cf04;PyObject_Call;_PyEval_EvalFrameDefault;0x54cf04;PyObject_Call;_PyEval_EvalFrameDefault;_PyObject_Call_Prepend;0x5a30c8;_PyObject_MakeTpCall;_PyEval_EvalFrameDefault;0x54cf04;PyObject_Call;_PyEval_EvalFrameDefault;0x54cf04;PyObject_Call;_PyEval_EvalFrameDefault;_PyObject_Call_Prepend;0x5a30c8;PyObject_Call;_PyEval_EvalFrameDefault;PyEval_EvalCode;0x607fc2;0x6b4393;_PyRun_SimpleFileObject;_PyRun_AnyFileObject;Py_RunMain;Py_BytesMain;__libc_start_call_main;__libc_start_main@@GLIBC_2.34;_start;|, 56.171380, 100.00, 115.850000
2025-11-25T20:44:50.015050Z, 0xfffffffffffffe00;0x76e31d03b422;0x3ba85e28;|, 46.720607, 100.00, 115.850000
2025-11-25T20:44:50.020256Z, , 43.622108, 300.00, 115.850000
2025-11-25T20:44:50.025418Z, 0xfffffffffffffe00;__tls_get_addr;0x3c3472c0;0x100000001;0x76e32895c170;0x85e38058b4818;|, 67.183641, 300.00, 115.850000
2025-11-25T20:44:50.030623Z, , 45.555701, 400.00, 115.850000
2025-11-25T20:44:50.037346Z, 0xfffffffffffffe00;0x590f47;_PyEval_EvalFrameDefault;0x54cf04;PyObject_Call;_PyEval_EvalFrameDefault;0x54cf04;PyObject_Call;_PyEval_EvalFrameDefault;_PyObject_Call_Prepend;0x5a30c8;_PyObject_MakeTpCall;_PyEval_EvalFrameDefault;0x54cf04;PyObject_Call;_PyEval_EvalFrameDefault;0x54cf04;PyObject_Call;_PyEval_EvalFrameDefault;0x54cf04;PyObject_Call;_PyEval_EvalFrameDefault;PyEval_EvalCode;0x607fc2;0x6b4393;_PyRun_SimpleFileObject;_PyRun_AnyFileObject;Py_RunMain;Py_BytesMain;__libc_start_call_main;__libc_start_main@@GLIBC_2.34;_start;|, 38.879725, 500.00, 115.850000
2025-11-25T20:44:50.042581Z, , 65.307651, 200.00, 115.850000
2025-11-25T20:44:50.047976Z, 0xfffffffffffffe00;0x76e332b53c36;clock_gettime@@GLIBC_2.17;cuptiGetTimestamp;0x76e32c158b21;0x76e32c10d60a;0x76e32c117c50;0x76e32ccae696;0x76e328a79f5d;0x76e2bd2c1f96;0x76e2bd2b4ad8;0x76e2bd2b68f9;0x47c935c0;0x6e20646c756f6853;|, 65.034821, 300.00, 115.850000
2025-11-25T20:44:50.053427Z, 0xfffffffffffffe00;0x76e332b53c36;clock_gettime@@GLIBC_2.17;cuptiGetTimestamp;0x76e32c158bc9;0x76e32c10d695;0x76e32c117c50;0x76e32ccae696;0x76e328a4f082;0x76e328df6dc2;0x6475632f3031632f;|, 52.264593, 700.00, 115.850000
2025-11-25T20:44:50.058569Z, , 58.442593, 0.00, 115.850000
2025-11-25T20:44:50.064088Z, 0xfffffffffffffe00;0x76e32c2cc2b0;0x76e32c10d475;0x76e32c117c50;0x76e32ccae696;0x76e328a4f082;0x76e328df727b;|, 40.139668, 100.00, 115.850000
2025-11-25T20:44:50.069410Z, , 39.684339, 200.00, 115.850000
2025-11-25T20:44:50.074961Z, 0xfffffffffffffe00;0x76e32c150870;0x76e32c117c50;0x76e32ccae696;0x76e328a4f082;0x76e328df727b;|, 54.703241, 300.00, 115.850000
2025-11-25T20:44:50.080453Z, , 41.200949, 150.00, 115.850000
2025-11-25T20:44:50.086235Z, 0xfffffffffffffe00;pthread_mutex_unlock@@GLIBC_2.2.5;0x76e32c155ce1;0x76e32c116cd0;0x76e32c117353;0x76e32c117c50;0x76e32d7b93e3;0x76e32c9c9ad5;0x76e32c9d5a28;0x76e32c9d63ce;0x76e32cba98e8;cuLaunchKernel;0x76e328a13e89;0x76e328a79f88;0x76e2be075840;|, 38.817717, 0.00, 115.850000
2025-11-25T20:44:50.091523Z, , 33.661007, 100.00, 115.850000
2025-11-25T20:44:50.097170Z, 0xfffffffffffffe00;0x76e332b53c36;clock_gettime@@GLIBC_2.17;cuptiGetTimestamp;0x76e32c158bc9;0x76e32c10d695;0x76e32c117c50;0x76e32ccae696;0x76e328a4f082;0x76e328df7115;0x7fff;|, 52.247002, 100.00, 115.850000
2025-11-25T20:44:50.102632Z, , 35.747635, 200.00, 115.850000
2025-11-25T20:44:50.110403Z, 0xfffffffffffffe00;_PyEval_EvalFrameDefault;0x54cf04;PyObject_Call;_PyEval_EvalFrameDefault;0x54cf04;PyObject_Call;_PyEval_EvalFrameDefault;_PyObject_Call_Prepend;0x5a30c8;PyObject_Call;_PyEval_EvalFrameDefault;0x54cf04;PyObject_Call;_PyEval_EvalFrameDefault;0x54cf04;PyObject_Call;_PyEval_EvalFrameDefault;0x54cf04;PyObject_Call;_PyEval_EvalFrameDefault;_PyObject_Call_Prepend;0x5a30c8;PyObject_Call;_PyEval_EvalFrameDefault;0x54cf04;PyObject_Call;_PyEval_EvalFrameDefault;0x54cf04;PyObject_Call;_PyEval_EvalFrameDefault;_PyObject_Call_Prepend;0x5a30c8;_PyObject_MakeTpCall;_PyEval_EvalFrameDefault;0x54cf04;PyObject_Call;_PyEval_EvalFrameDefault;0x54cf04;PyObject_Call;_PyEval_EvalFrameDefault;0x54cf04;PyObject_Call;_PyEval_EvalFrameDefault;PyEval_EvalCode;0x607fc2;0x6b4393;_PyRun_SimpleFileObject;_PyRun_AnyFileObject;Py_RunMain;Py_BytesMain;__libc_start_call_main;__libc_start_main@@GLIBC_2.34;_start;|, 42.784484, 300.00, 115.850000
2025-11-25T20:44:50.117782Z, 0xfffffffffffffe00;0x5e2a10;PyObject_CallOneArg;_PyObject_GenericGetAttrWithDict;_PyObject_MakeTpCall;_PyEval_EvalFrameDefault;0x54cf04;PyObject_Call;_PyEval_EvalFrameDefault;0x54cf04;PyObject_Call;_PyEval_EvalFrameDefault;_PyObject_Call_Prepend;0x5a30c8;PyObject_Call;_PyEval_EvalFrameDefault;0x54cf04;PyObject_Call;_PyEval_EvalFrameDefault;0x54cf04;PyObject_Call;_PyEval_EvalFrameDefault;0x54cf04;PyObject_Call;_PyEval_EvalFrameDefault;_PyObject_Call_Prepend;0x5a30c8;PyObject_Call;_PyEval_EvalFrameDefault;0x54cf04;PyObject_Call;_PyEval_EvalFrameDefault;0x54cf04;PyObject_Call;_PyEval_EvalFrameDefault;_PyObject_Call_Prepend;0x5a30c8;_PyObject_MakeTpCall;_PyEval_EvalFrameDefault;0x54cf04;PyObject_Call;_PyEval_EvalFrameDefault;0x54cf04;PyObject_Call;_PyEval_EvalFrameDefault;0x54cf04;PyObject_Call;_PyEval_EvalFrameDefault;PyEval_EvalCode;0x607fc2;0x6b4393;_PyRun_SimpleFileObject;_PyRun_AnyFileObject;Py_RunMain;Py_BytesMain;__libc_start_call_main;__libc_start_main@@GLIBC_2.34;_start;|, 47.965490, 400.00, 115.850000
2025-11-25T20:44:50.123045Z, 0xfffffffffffffe00;0x76e31c4b98a0;0xf5974e2b00000000;0x9066c3c0920f0674;|, 45.009380, 250.00, 115.850000
2025-11-25T20:44:50.128295Z, , 37.978671, 600.00, 115.850000
2025-11-25T20:44:50.135536Z, 0xfffffffffffffe00;_PyEval_EvalFrameDefault;_PyObject_Call_Prepend;0x5a30c8;_PyObject_MakeTpCall;_PyEval_EvalFrameDefault;0x54ce3d;_PyEval_EvalFrameDefault;0x54ce3d;_PyEval_EvalFrameDefault;_PyObject_Call_Prepend;0x5a30c8;_PyObject_MakeTpCall;_PyEval_EvalFrameDefault;0x54cf04;PyObject_Call;_PyEval_EvalFrameDefault;0x54cf04;PyObject_Call;_PyEval_EvalFrameDefault;0x54cf04;PyObject_Call;_PyEval_EvalFrameDefault;_PyObject_Call_Prepend;0x5a30c8;PyObject_Call;_PyEval_EvalFrameDefault;0x54cf04;PyObject_Call;_PyEval_EvalFrameDefault;0x54cf04;PyObject_Call;_PyEval_EvalFrameDefault;_PyObject_Call_Prepend;0x5a30c8;_PyObject_MakeTpCall;_PyEval_EvalFrameDefault;0x54cf04;PyObject_Call;_PyEval_EvalFrameDefault;0x54cf04;PyObject_Call;_PyEval_EvalFrameDefault;0x54cf04;PyObject_Call;_PyEval_EvalFrameDefault;PyEval_EvalCode;0x607fc2;0x6b4393;_PyRun_SimpleFileObject;_PyRun_AnyFileObject;Py_RunMain;Py_BytesMain;__libc_start_call_main;__libc_start_main@@GLIBC_2.34;_start;|, 34.869363, 600.00, 115.850000
2025-11-25T20:44:50.140865Z, , 39.946494, 700.00, 115.850000
2025-11-25T20:44:50.146146Z, 0xfffffffffffffe00;0x76e31d2c9cc5;0x386c4760;|, 53.501405, 400.00, 115.850000
2025-11-25T20:44:50.151514Z, , 51.061169, 900.00, 115.850000
2025-11-25T20:44:50.156814Z, 0xfffffffffffffe00;free;0x76e328dbf7c6;0x0;|, 61.885266, 450.00, 115.850000
2025-11-25T20:44:50.161955Z, , 60.269378, 0.00, 115.850000
2025-11-25T20:44:50.167308Z, 0xfffffffffffffe00;0x76e32c1519a7;0x76e32c116a17;0x76e32c117353;0x76e32c117c50;0x76e32d7b93e3;0x76e32c9c9ad5;0x76e32c9d5a28;0x76e32c9d63ce;0x76e32cba98e8;cuLaunchKernel;0x76e224ee3eb6;0x76e224f4a3f8;0x76e21eb4e285;0x76e21eb52a19;0x76e21df81c1e;0x76e21e0c0b59;0x76e21e0c4dcd;0x76e2bef51c11;0x76e2befc3fdf;0x76e2befc5bc2;0x76e2becdb21c;|, 50.678824, 100.00, 115.850000
2025-11-25T20:44:50.172488Z, 0xfffffffffffffe00;0x76e328df7640;|, 54.265153, 100.00, 115.850000
2025-11-25T20:44:50.177626Z, , 44.293583, 200.00, 115.850000
2025-11-25T20:44:50.182905Z, 0xfffffffffffffe00;0x76e32c983641;0x76e32d7b94c3;0x76e32c9c9ad5;0x76e32c9d5a28;0x76e32c9d63ce;0x76e32cba98e8;cuLaunchKernel;0x76e328a13e89;0x76e328a79f88;0x76e2bceff3f5;0x76e2bcf0b9c8;0x76e2becb4c0c;0x0;0x100000001;0x76e32895c170;0x85e38058b4818;|, 67.671845, 300.00, 115.850000
2025-11-25T20:44:50.188053Z, , 50.652993, 300.00, 115.850000
2025-11-25T20:44:50.196412Z, 0xfffffffffffffe00;0x76e2fc21bd6e;0x76e31d029e53;0x551768;PyObject_Vectorcall;_PyEval_EvalFrameDefault;0x54ce3d;_PyEval_EvalFrameDefault;0x54ce3d;_PyEval_EvalFrameDefault;_PyObject_Call_Prepend;0x5a30c8;_PyObject_MakeTpCall;_PyEval_EvalFrameDefault;0x54cf04;PyObject_Call;_PyEval_EvalFrameDefault;0x54cf04;PyObject_Call;_PyEval_EvalFrameDefault;_PyObject_Call_Prepend;0x5a30c8;PyObject_Call;_PyEval_EvalFrameDefault;0x54cf04;PyObject_Call;_PyEval_EvalFrameDefault;0x54cf04;PyObject_Call;_PyEval_EvalFrameDefault;0x54cf04;PyObject_Call;_PyEval_EvalFrameDefault;_PyObject_Call_Prepend;0x5a30c8;PyObject_Call;_PyEval_EvalFrameDefault;0x54cf04;PyObject_Call;_PyEval_EvalFrameDefault;0x54cf04;PyObject_Call;_PyEval_EvalFrameDefault;_PyObject_Call_Prepend;0x5a30c8;_PyObject_MakeTpCall;_PyEval_EvalFrameDefault;0x54cf04;PyObject_Call;_PyEval_EvalFrameDefault;0x54cf04;PyObject_Call;_PyEval_EvalFrameDefault;0x54cf04;PyObject_Call;_PyEval_EvalFrameDefault;PyEval_EvalCode;0x607fc2;0x6b4393;_PyRun_SimpleFileObject;_PyRun_AnyFileObject;Py_RunMain;Py_BytesMain;__libc_start_call_main;__libc_start_main@@GLIBC_2.34;_start;|, 42.851977, 400.00, 115.850000
2025-11-25T20:44:50.201624Z, , 56.205407, 250.00, 115.850000
2025-11-25T20:44:50.209575Z, 0xfffffffffffffe00;PyMem_Realloc;0x55bac6;_PyEval_EvalFrameDefault;0x54cf04;PyObject_Call;_PyEval_EvalFrameDefault;0x54cf04;PyObject_Call;_PyEval_EvalFrameDefault;_PyObject_Call_Prepend;0x5a30c8;PyObject_Call;_PyEval_EvalFrameDefault;0x54cf04;PyObject_Call;_PyEval_EvalFrameDefault;0x54cf04;PyObject_Call;_PyEval_EvalFrameDefault;0x54cf04;PyObject_Call;_PyEval_EvalFrameDefault;_PyObject_Call_Prepend;0x5a30c8;PyObject_Call;_PyEval_EvalFrameDefault;0x54cf04;PyObject_Call;_PyEval_EvalFrameDefault;0x54cf04;PyObject_Call;_PyEval_EvalFrameDefault;_PyObject_Call_Prepend;0x5a30c8;_PyObject_MakeTpCall;_PyEval_EvalFrameDefault;0x54cf04;PyObject_Call;_PyEval_EvalFrameDefault;0x54cf04;PyObject_Call;_PyEval_EvalFrameDefault;0x54cf04;PyObject_Call;_PyEval_EvalFrameDefault;PyEval_EvalCode;0x607fc2;0x6b4393;_PyRun_SimpleFileObject;_PyRun_AnyFileObject;Py_RunMain;Py_BytesMain;__libc_start_call_main;__libc_start_main@@GLIBC_2.34;_start;|, 57.211975, 600.00, 115.850000
2025-11-25T20:44:50.214905Z, 0xfffffffffffffe00;0x76e32ccdb6bb;0x76e328a4efd2;0x76e328df6dc2;0x6475632f3031632f;|, 50.701339, 350.00, 115.850000
2025-11-25T20:44:50.220045Z, , 43.288414, 800.00, 115.850000
2025-11-25T20:44:50.225466Z, 0xfffffffffffffe00;0x76e32cc9db8b;0x76e32d7baa7e;0x76e32c9c9ad5;0x76e32c9d5a28;0x76e32c9d63ce;0x76e32cba98e8;cuLaunchKernel;0x76e224ee3eb6;0x76e224f4a3f8;0x76e21eac5c54;0x76e21ead564e;0x76e21eb52d80;0x76e21df81c1e;0x76e21e0c0b59;0x76e21e0c4dcd;0x76e2bef51c11;0x76e2befc3fdf;0x76e2befc5bc2;0x76e2becdb21c;|, 60.359662, 900.00, 115.850000
2025-11-25T20:44:50.230608Z, , 58.824939, 0.00, 115.850000
2025-11-25T20:44:50.235832Z, 0xfffffffffffffe00;0x76e32c9808d0;0x76e32c9c9ad5;0x76e32c9d5a28;0x76e32c9d63ce;0x76e32cba98e8;cuLaunchKernel;0x76e328a13e89;0x76e328a79f88;0x76e2bef12f5a;0x76e2beeec366;0x76e2beeec4f9;0x0;0x100000001;0x76e32895c170;0x85e38058b4818;|, 49.098113, 100.00, 115.850000
2025-11-25T20:44:50.241073Z, , 46.857706, 200.00, 115.850000
2025-11-25T20:44:50.246343Z, 0xfffffffffffffe00;0x76e32c1508a2;0x76e32c10d420;0x76e32c117c50;0x76e32ccae696;0x76e328a4f03a;0x76e328df727b;|, 50.683377, 200.00, 115.850000
2025-11-25T20:44:50.251533Z, , 56.622809, 150.00, 115.850000
2025-11-25T20:44:50.258897Z, 0xfffffffffffffe00;0x5a3620;_PyEval_EvalFrameDefault;_PyObject_Call_Prepend;0x5a30c8;_PyObject_MakeTpCall;_PyEval_EvalFrameDefault;0x54cf04;PyObject_Call;_PyEval_EvalFrameDefault;0x54cf04;PyObject_Call;_PyEval_EvalFrameDefault;_PyObject_Call_Prepend;0x5a30c8;PyObject_Call;_PyEval_EvalFrameDefault;0x54cf04;PyObject_Call;_PyEval_EvalFrameDefault;0x54cf04;PyObject_Call;_PyEval_EvalFrameDefault;0x54cf04;PyObject_Call;_PyEval_EvalFrameDefault;_PyObject_Call_Prepend;0x5a30c8;PyObject_Call;_PyEval_EvalFrameDefault;0x54cf04;PyObject_Call;_PyEval_EvalFrameDefault;0x54cf04;PyObject_Call;_PyEval_EvalFrameDefault;_PyObject_Call_Prepend;0x5a30c8;_PyObject_MakeTpCall;_PyEval_EvalFrameDefault;0x54cf04;PyObject_Call;_PyEval_EvalFrameDefault;0x54cf04;PyObject_Call;_PyEval_EvalFrameDefault;0x54cf04;PyObject_Call;_PyEval_EvalFrameDefault;PyEval_EvalCode;0x607fc2;0x6b4393;_PyRun_SimpleFileObject;_PyRun_AnyFileObject;Py_RunMain;Py_BytesMain;__libc_start_call_main;__libc_start_main@@GLIBC_2.34;_start;|, 60.145633, 200.00, 115.850000
2025-11-25T20:44:50.264118Z, 0xfffffffffffffe00;pthread_mutex_unlock@@GLIBC_2.2.5;0x76e328dc20ea;0x0;0xfc80003f06270;|, 51.557892, 500.00, 115.850000
2025-11-25T20:44:50.269274Z, , 57.630074, 500.00, 115.850000
2025-11-25T20:44:50.274687Z, 0xfffffffffffffe00;_int_free;free;0x76e328dbf7c6;0x0;0x7800000077;|, 48.779611, 600.00, 115.850000
2025-11-25T20:44:50.279925Z, , 61.393394, 0.00, 115.850000
2025-11-25T20:44:50.285236Z, 0xfffffffffffffe00;0x76e32cb33170;cuCtxGetDevice;0x76e328a11116;0x76e328a4f042;0x76e328df727b;|, 42.909313, 0.00, 115.850000
2025-11-25T20:44:50.290480Z, , 57.231333, 100.00, 115.850000
2025-11-25T20:44:50.297984Z, 0xfffffffffffffe00;PyObject_Free;0x5f7035;0x5e2a34;_PyEval_EvalFrameDefault;0x54ce3d;_PyEval_EvalFrameDefault;_PyObject_Call_Prepend;0x5a30c8;_PyObject_MakeTpCall;_PyEval_EvalFrameDefault;0x54ce3d;_PyEval_EvalFrameDefault;0x54ce3d;_PyEval_EvalFrameDefault;_PyObject_Call_Prepend;0x5a30c8;_PyObject_MakeTpCall;_PyEval_EvalFrameDefault;0x54cf04;PyObject_Call;_PyEval_EvalFrameDefault;0x54cf04;PyObject_Call;_PyEval_EvalFrameDefault;0x54cf04;PyObject_Call;_PyEval_EvalFrameDefault;_PyObject_Call_Prepend;0x5a30c8;PyObject_Call;_PyEval_EvalFrameDefault;0x54cf04;PyObject_Call;_PyEval_EvalFrameDefault;0x54cf04;PyObject_Call;_PyEval_EvalFrameDefault;_PyObject_Call_Prepend;0x5a30c8;_PyObject_MakeTpCall;_PyEval_EvalFrameDefault;0x54cf04;PyObject_Call;_PyEval_EvalFrameDefault;0x54cf04;PyObject_Call;_PyEval_EvalFrameDefault;0x54cf04;PyObject_Call;_PyEval_EvalFrameDefault;PyEval_EvalCode;0x607fc2;0x6b4393;_PyRun_SimpleFileObject;_PyRun_AnyFileObject;Py_RunMain;Py_BytesMain;__libc_start_call_main;__libc_start_main@@GLIBC_2.34;_start;|, 34.503404, 0.00, 115.850000
2025-11-25T20:44:50.303370Z, 0xfffffffffffffe00;0x76e2f943b20c;0x11;0x7079745f746c7573;|, 51.774094, 50.00, 115.850000
2025-11-25T20:44:50.308612Z, , 55.124152, 200.00, 115.850000
2025-11-25T20:44:50.313887Z, 0xfffffffffffffe00;0x76e32895bfa0;0x7fffec1fdc98;0x76e2f8c83c40;0x4800000002bf0000;|, 46.390378, 200.00, 115.850000
2025-11-25T20:44:50.319211Z, , 43.152686, 300.00, 115.850000
2025-11-25T20:44:50.324618Z, 0xfffffffffffffe00;0x76e32cae61af;0x76e32cae67e1;0x76e32c97eac5;0x76e32cabe5ee;0x76e32d7b94c3;0x76e32c9c9ad5;0x76e32c9d5a28;0x76e32c9d63ce;0x76e32cba98e8;cuLaunchKernel;0x76e328a13e89;0x76e328a79f88;0x76e2be82c47d;|, 51.800210, 400.00, 115.850000
2025-11-25T20:44:50.329891Z, , 54.693249, 0.00, 115.850000
2025-11-25T20:44:50.336584Z, 0xfffffffffffffe00;PyObject_Malloc;_PyObject_GC_New;PyCell_New;_PyEval_EvalFrameDefault;0x54ce3d;_PyEval_EvalFrameDefault;_PyObject_Call_Prepend;0x5a30c8;_PyObject_MakeTpCall;_PyEval_EvalFrameDefault;0x54cf04;PyObject_Call;_PyEval_EvalFrameDefault;0x54cf04;PyObject_Call;_PyEval_EvalFrameDefault;_PyObject_Call_Prepend;0x5a30c8;_PyObject_MakeTpCall;_PyEval_EvalFrameDefault;0x54cf04;PyObject_Call;_PyEval_EvalFrameDefault;0x54cf04;PyObject_Call;_PyEval_EvalFrameDefault;0x54cf04;PyObject_Call;_PyEval_EvalFrameDefault;PyEval_EvalCode;0x607fc2;0x6b4393;_PyRun_SimpleFileObject;_PyRun_AnyFileObject;Py_RunMain;Py_BytesMain;__libc_start_call_main;__libc_start_main@@GLIBC_2.34;_start;|, 53.836168, 100.00, 115.850000
2025-11-25T20:44:50.341956Z, , 52.289901, 300.00, 115.850000
2025-11-25T20:44:50.349556Z, 0xfffffffffffffe00;0x609403;_PyEval_EvalFrameDefault;0x54ce3d;_PyEval_EvalFrameDefault;0x54ce3d;_PyEval_EvalFrameDefault;_PyObject_Call_Prepend;0x5a30c8;_PyObject_MakeTpCall;_PyEval_EvalFrameDefault;0x54cf04;PyObject_Call;_PyEval_EvalFrameDefault;0x54cf04;PyObject_Call;_PyEval_EvalFrameDefault;_PyObject_Call_Prepend;0x5a30c8;PyObject_Call;_PyEval_EvalFrameDefault;0x54cf04;PyObject_Call;_PyEval_EvalFrameDefault;0x54cf04;PyObject_Call;_PyEval_EvalFrameDefault;0x54cf04;PyObject_Call;_PyEval_EvalFrameDefault;_PyObject_Call_Prepend;0x5a30c8;PyObject_Call;_PyEval_EvalFrameDefault;0x54cf04;PyObject_Call;_PyEval_EvalFrameDefault;0x54cf04;PyObject_Call;_PyEval_EvalFrameDefault;_PyObject_Call_Prepend;0x5a30c8;_PyObject_MakeTpCall;_PyEval_EvalFrameDefault;0x54cf04;PyObject_Call;_PyEval_EvalFrameDefault;0x54cf04;PyObject_Call;_PyEval_EvalFrameDefault;0x54cf04;PyObject_Call;_PyEval_EvalFrameDefault;PyEval_EvalCode;0x607fc2;0x6b4393;_PyRun_SimpleFileObject;_PyRun_AnyFileObject;Py_RunMain;Py_BytesMain;__libc_start_call_main;__libc_start_main@@GLIBC_2.34;_start;|, 47.448393, 200.00, 115.850000
2025-11-25T20:44:50.355066Z, 0xfffffffffffffe00;0x76e32c103eb4;0x76e32c117c21;0x76e32cb330e7;cuCtxGetDevice;0x76e328a11116;0x76e328a4f042;0x76e328df7115;0x28000076e3;|, 45.559984, 500.00, 115.850000
2025-11-25T20:44:50.360422Z, , 43.894360, 600.00, 115.850000
2025-11-25T20:44:50.365876Z, 0xfffffffffffffe00;__libc_malloc;0x76e31c4bb904;0x76e2f8bd6762;0x76e3289ea380;0x7fffec1fbc40;0x854853fc89495441;|, 52.656168, 600.00, 115.850000
2025-11-25T20:44:50.371326Z, , 42.345102, 700.00, 115.850000
2025-11-25T20:44:50.376730Z, 0xfffffffffffffe00;0x76e32c158b71;0x76e32c10d695;0x76e32c117c50;0x76e32ccae696;0x76e328a4f082;0x76e328df727b;|, 50.971142, 800.00, 115.850000
2025-11-25T20:44:50.382182Z, , 52.627490, 800.00, 115.850000
2025-11-25T20:44:50.387611Z, 0xfffffffffffffe00;0x76e32c11625d;0x76e32c117c50;0x76e32cb330e7;cuCtxGetDevice;0x76e328a11116;0x76e328a4f042;0x76e328df7115;0x400000000000000;|, 42.015398, 0.00, 115.850000
2025-11-25T20:44:50.395232Z, 0xfffffffffffffe00;0x590f73;0x5f7049;0x5e2a34;_PyEval_EvalFrameDefault;_PyObject_Call_Prepend;0x5a30c8;_PyObject_MakeTpCall;_PyEval_EvalFrameDefault;0x54cf04;PyObject_Call;_PyEval_EvalFrameDefault;0x54cf04;PyObject_Call;_PyEval_EvalFrameDefault;_PyObject_Call_Prepend;0x5a30c8;PyObject_Call;_PyEval_EvalFrameDefault;0x54cf04;PyObject_Call;_PyEval_EvalFrameDefault;0x54cf04;PyObject_Call;_PyEval_EvalFrameDefault;0x54cf04;PyObject_Call;_PyEval_EvalFrameDefault;_PyObject_Call_Prepend;0x5a30c8;PyObject_Call;_PyEval_EvalFrameDefault;0x54cf04;PyObject_Call;_PyEval_EvalFrameDefault;0x54cf04;PyObject_Call;_PyEval_EvalFrameDefault;_PyObject_Call_Prepend;0x5a30c8;_PyObject_MakeTpCall;_PyEval_EvalFrameDefault;0x54cf04;PyObject_Call;_PyEval_EvalFrameDefault;0x54cf04;PyObject_Call;_PyEval_EvalFrameDefault;0x54cf04;PyObject_Call;_PyEval_EvalFrameDefault;PyEval_EvalCode;0x607fc2;0x6b4393;_PyRun_SimpleFileObject;_PyRun_AnyFileObject;Py_RunMain;Py_BytesMain;__libc_start_call_main;__libc_start_main@@GLIBC_2.34;_start;|, 57.584716, 100.00, 115.850000
2025-11-25T20:44:50.400687Z, , 47.303615, 100.00, 115.850000
2025-11-25T20:44:50.406677Z, 0xfffffffffffffe00;0x5792e8;_PyEval_EvalFrameDefault;PyObject_Vectorcall;0x5a379d;PyObject_GetAttr;_PyEval_EvalFrameDefault;PyEval_EvalCode;0x607fc2;0x6b4393;_PyRun_SimpleFileObject;_PyRun_AnyFileObject;Py_RunMain;Py_BytesMain;__libc_start_call_main;__libc_start_main@@GLIBC_2.34;_start;|, 50.563832, 200.00, 115.850000
2025-11-25T20:44:50.411985Z, , 42.079734, 150.00, 115.850000
2025-11-25T20:44:50.417408Z, 0xfffffffffffffe00;0x76e31d0394db;0x4bac8840;|, 48.776694, 400.00, 115.850000
2025-11-25T20:44:50.422585Z, , 53.541836, 0.00, 115.850000
2025-11-25T20:44:50.429510Z, 0xfffffffffffffe00;_PyObject_GenericGetAttrWithDict;0x5a372c;PyObject_GetAttr;_PyEval_EvalFrameDefault;0x54cf04;PyObject_Call;_PyEval_EvalFrameDefault;0x54cf04;PyObject_Call;_PyEval_EvalFrameDefault;0x54cf04;PyObject_Call;_PyEval_EvalFrameDefault;_PyObject_Call_Prepend;0x5a30c8;PyObject_Call;_PyEval_EvalFrameDefault;0x54cf04;PyObject_Call;_PyEval_EvalFrameDefault;0x54cf04;PyObject_Call;_PyEval_EvalFrameDefault;_PyObject_Call_Prepend;0x5a30c8;_PyObject_MakeTpCall;_PyEval_EvalFrameDefault;0x54cf04;PyObject_Call;_PyEval_EvalFrameDefault;0x54cf04;PyObject_Call;_PyEval_EvalFrameDefault;0x54cf04;PyObject_Call;_PyEval_EvalFrameDefault;PyEval_EvalCode;0x607fc2;0x6b4393;_PyRun_SimpleFileObject;_PyRun_AnyFileObject;Py_RunMain;Py_BytesMain;__libc_start_call_main;__libc_start_main@@GLIBC_2.34;_start;|, 62.118741, 0.00, 115.850000
2025-11-25T20:44:50.434900Z, 0xfffffffffffffe00;0x76e2fc7797d0;|, 47.506626, 50.00, 115.850000
2025-11-25T20:44:50.440177Z, , 72.375511, 200.00, 115.850000
2025-11-25T20:44:50.447574Z, 0xfffffffffffffe00;_PyObject_GenericGetAttrWithDict;0x5a372c;PyObject_GetAttr;_PyEval_EvalFrameDefault;PyObject_Vectorcall;0x5a379d;PyObject_GetAttr;_PyObject_GetMethod;_PyEval_EvalFrameDefault;0x54cf04;PyObject_Call;_PyEval_EvalFrameDefault;0x54cf04;PyObject_Call;_PyEval_EvalFrameDefault;0x54cf04;PyObject_Call;_PyEval_EvalFrameDefault;_PyObject_Call_Prepend;0x5a30c8;PyObject_Call;_PyEval_EvalFrameDefault;0x54cf04;PyObject_Call;_PyEval_EvalFrameDefault;0x54cf04;PyObject_Call;_PyEval_EvalFrameDefault;_PyObject_Call_Prepend;0x5a30c8;_PyObject_MakeTpCall;_PyEval_EvalFrameDefault;0x54cf04;PyObject_Call;_PyEval_EvalFrameDefault;0x54cf04;PyObject_Call;_PyEval_EvalFrameDefault;0x54cf04;PyObject_Call;_PyEval_EvalFrameDefault;PyEval_EvalCode;0x607fc2;0x6b4393;_PyRun_SimpleFileObject;_PyRun_AnyFileObject;Py_RunMain;Py_BytesMain;__libc_start_call_main;__libc_start_main@@GLIBC_2.34;_start;|, 63.550692, 100.00, 115.850000
2025-11-25T20:44:50.453852Z, 0xfffffffffffffe00;0x573420;0x57309b;0x5d5639;0x5d4fbf;_PyObject_Call_Prepend;0x5a30c8;_PyObject_MakeTpCall;_PyEval_EvalFrameDefault;0x54cf04;PyObject_Call;_PyEval_EvalFrameDefault;0x54cf04;PyObject_Call;_PyEval_EvalFrameDefault;0x54cf04;PyObject_Call;_PyEval_EvalFrameDefault;PyEval_EvalCode;0x607fc2;0x6b4393;_PyRun_SimpleFileObject;_PyRun_AnyFileObject;Py_RunMain;Py_BytesMain;__libc_start_call_main;__libc_start_main@@GLIBC_2.34;_start;|, 64.783345, 400.00, 115.850000
2025-11-25T20:44:50.459100Z, , 58.363273, 400.00, 115.850000
2025-11-25T20:44:50.466632Z, 0xfffffffffffffe00;_PyEval_EvalFrameDefault;0x54ce3d;_PyEval_EvalFrameDefault;_PyObject_Call_Prepend;0x5a30c8;_PyObject_MakeTpCall;_PyEval_EvalFrameDefault;0x54cf04;PyObject_Call;_PyEval_EvalFrameDefault;0x54cf04;PyObject_Call;_PyEval_EvalFrameDefault;_PyObject_Call_Prepend;0x5a30c8;PyObject_Call;_PyEval_EvalFrameDefault;0x54cf04;PyObject_Call;_PyEval_EvalFrameDefault;0x54cf04;PyObject_Call;_PyEval_EvalFrameDefault;0x54cf04;PyObject_Call;_PyEval_EvalFrameDefault;_PyObject_Call_Prepend;0x5a30c8;PyObject_Call;_PyEval_EvalFrameDefault;0x54cf04;PyObject_Call;_PyEval_EvalFrameDefault;0x54cf04;PyObject_Call;_PyEval_EvalFrameDefault;_PyObject_Call_Prepend;0x5a30c8;_PyObject_MakeTpCall;_PyEval_EvalFrameDefault;0x54cf04;PyObject_Call;_PyEval_EvalFrameDefault;0x54cf04;PyObject_Call;_PyEval_EvalFrameDefault;0x54cf04;PyObject_Call;_PyEval_EvalFrameDefault;PyEval_EvalCode;0x607fc2;0x6b4393;_PyRun_SimpleFileObject;_PyRun_AnyFileObject;Py_RunMain;Py_BytesMain;__libc_start_call_main;__libc_start_main@@GLIBC_2.34;_start;|, 63.444113, 500.00, 115.850000
2025-11-25T20:44:50.471876Z, , 57.302544, 200.00, 115.850000
2025-11-25T20:44:50.477314Z, 0xfffffffffffffe00;0x76e2f936f484;|, 53.879407, 700.00, 115.850000
2025-11-25T20:44:50.482617Z, , 49.936658, 0.00, 115.850000
2025-11-25T20:44:50.490078Z, 0xfffffffffffffe00;_PyObject_GetMethod;_PyEval_EvalFrameDefault;0x54ce3d;_PyEval_EvalFrameDefault;0x54ce3d;_PyEval_EvalFrameDefault;_PyObject_Call_Prepend;0x5a30c8;_PyObject_MakeTpCall;_PyEval_EvalFrameDefault;0x54cf04;PyObject_Call;_PyEval_EvalFrameDefault;0x54cf04;PyObject_Call;_PyEval_EvalFrameDefault;_PyObject_Call_Prepend;0x5a30c8;PyObject_Call;_PyEval_EvalFrameDefault;0x54cf04;PyObject_Call;_PyEval_EvalFrameDefault;0x54cf04;PyObject_Call;_PyEval_EvalFrameDefault;0x54cf04;PyObject_Call;_PyEval_EvalFrameDefault;_PyObject_Call_Prepend;0x5a30c8;PyObject_Call;_PyEval_EvalFrameDefault;0x54cf04;PyObject_Call;_PyEval_EvalFrameDefault;0x54cf04;PyObject_Call;_PyEval_EvalFrameDefault;_PyObject_Call_Prepend;0x5a30c8;_PyObject_MakeTpCall;_PyEval_EvalFrameDefault;0x54cf04;PyObject_Call;_PyEval_EvalFrameDefault;0x54cf04;PyObject_Call;_PyEval_EvalFrameDefault;0x54cf04;PyObject_Call;_PyEval_EvalFrameDefault;PyEval_EvalCode;0x607fc2;0x6b4393;_PyRun_SimpleFileObject;_PyRun_AnyFileObject;Py_RunMain;Py_BytesMain;__libc_start_call_main;__libc_start_main@@GLIBC_2.34;_start;|, 55.718546, 100.00, 115.850000
2025-11-25T20:44:50.495561Z, 0xfffffffffffffe00;0x76e32c11531a;0x76e32c11624b;0x76e32c117c50;0x76e32cb330ab;cuCtxGetDevice;0x76e328a11116;0x76e328a4f042;0x76e328df7115;0x2800000000;|, 35.379692, 100.00, 116.773000
2025-11-25T20:44:50.500964Z, , 38.909115, 0.00, 116.773000
2025-11-25T20:44:50.506376Z, 0xfffffffffffffe00;0x76e21eb4f586;0x76e21eb53bc0;0x76e21eb543d6;0x76e21df7f33c;0x76e21df81b91;0x76e21e0c0b59;0x76e21e0c4dcd;0x76e2bef51c11;0x76e2befc3fdf;0x76e2befc5bc2;0x76e2becdb21c;|, 35.858447, 100.00, 116.773000
2025-11-25T20:44:50.511599Z, , 34.675291, 100.00, 116.773000
2025-11-25T20:44:50.516906Z, 0xfffffffffffffe00;PyObject_Malloc;PyType_GenericAlloc;0x76e31d2c82f3;0x76e1baff4b40;0x100000001;0x76e32895c170;0x85e38058b4818;|, 36.988941, 200.00, 116.773000
2025-11-25T20:44:50.522156Z, , 41.699495, 300.00, 116.773000
2025-11-25T20:44:50.527468Z, 0xfffffffffffffe00;0x76e32c10c966;0x76e32c117c50;0x76e32d7ba891;0x76e32c9c9ad5;0x76e32c9d5a28;0x76e32c9d63ce;0x76e32cba98e8;cuLaunchKernel;0x76e328a13e89;0x76e328a79f88;0x76e2bef11da1;0x76e2beeebab6;0x76e2beeec4f9;0x0;0x100000001;0x76e32895c170;0x85e38058b4818;|, 33.313392, 400.00, 116.773000
2025-11-25T20:44:50.532776Z, , 38.568639, 400.00, 116.773000
2025-11-25T20:44:50.537997Z, 0xfffffffffffffe00;0x76e328df66a0;0x76e2bef8ecfe;0x76e2bef51b21;0x76e2befc3fdf;0x76e2befc5bc2;0x76e2becdb21c;|, 38.655236, 500.00, 116.773000
2025-11-25T20:44:50.543293Z, 0xfffffffffffffe00;0x76e32ccdb6bb;0x76e328a4efd2;0x76e328df6dc2;0x6475632f3031632f;|, 45.582192, 300.00, 116.773000
2025-11-25T20:44:50.548439Z, , 71.674049, 600.00, 116.773000
2025-11-25T20:44:50.553744Z, 0xfffffffffffffe00;0x76e332b53c36;clock_gettime@@GLIBC_2.17;cuptiGetTimestamp;0x76e32c158b21;0x76e32c10d60a;0x76e32c117c50;0x76e32ccae696;0x76e328a4f03a;0x76e328df7115;0xec1fbbd000000000;|, 55.750406, 700.00, 116.773000
2025-11-25T20:44:50.558942Z, , 48.568167, 800.00, 116.773000
2025-11-25T20:44:50.564190Z, 0xfffffffffffffe00;0x76e2fc992340;0x0;0x100000001;0x76e32895c170;0x85e38058b4818;|, 43.720323, 800.00, 116.773000
2025-11-25T20:44:50.569432Z, , 33.535794, 900.00, 116.773000
2025-11-25T20:44:50.574670Z, 0xfffffffffffffe00;0x76e2be56d198;0x76e2becad873;0x0;0x100000002;0x76e32895c170;0x85e38058b4818;|, 45.030167, 1000.00, 116.773000
2025-11-25T20:44:50.579883Z, , 33.632722, 1100.00, 116.773000
2025-11-25T20:44:50.585227Z, 0xfffffffffffffe00;0x76e332b53c36;clock_gettime@@GLIBC_2.17;cuptiGetTimestamp;0x76e32c158bc9;0x76e32c10d695;0x76e32c117c50;0x76e32ccae696;0x76e328a4f082;0x76e328df7115;0x2800000000;|, 38.219943, 1100.00, 116.773000
2025-11-25T20:44:50.590443Z, , 39.594130, 1200.00, 116.773000
2025-11-25T20:44:50.595766Z, 0xfffffffffffffe00;pthread_getspecific@@GLIBC_2.34;0x76e32c103e99;0x76e32c117c21;0x76e32cb330ab;cuCtxGetDevice;0x76e328a11116;0x76e328a4f042;0x76e328df6dc2;0x6475632f3031632f;|, 33.100923, 1300.00, 116.773000
2025-11-25T20:44:50.600973Z, , 36.422632, 1400.00, 116.773000
2025-11-25T20:44:50.606244Z, 0xfffffffffffffe00;0x76e328dbf821;0x0;0x6173202020202020;|, 38.564733, 1500.00, 116.773000
2025-11-25T20:44:50.611451Z, , 35.511185, 0.00, 116.773000
2025-11-25T20:44:50.616888Z, 0xfffffffffffffe00;PyObject_CallOneArg;_PyErr_SetObject;PyErr_Format;_PyObject_GenericGetAttrWithDict;0x76e31d787b89;PyType_Type;|, 33.375357, 0.00, 116.773000
2025-11-25T20:44:50.622094Z, , 38.932358, 100.00, 116.773000
2025-11-25T20:44:50.627404Z, 0xfffffffffffffe00;__libc_malloc;0x76e31c4bb904;0x76e32895dc24;|, 40.188655, 200.00, 116.773000
2025-11-25T20:44:50.632588Z, , 34.771866, 200.00, 116.773000
2025-11-25T20:44:50.637879Z, 0xfffffffffffffe00;PyObject_IsInstance;0x76e31d72f050;|, 42.095734, 300.00, 116.773000
2025-11-25T20:44:50.643155Z, 0xfffffffffffffe00;0x76e32c116313;0x76e32c117c50;0x76e32cb330e7;cuCtxGetDevice;0x76e328a11116;0x76e328a4f042;0x76e328df727b;|, 37.536695, 400.00, 116.773000
2025-11-25T20:44:50.648332Z, , 49.504701, 400.00, 116.773000
2025-11-25T20:44:50.653553Z, 0xfffffffffffffe00;0x76e332b53c36;clock_gettime@@GLIBC_2.17;cuptiGetTimestamp;0x76e32c158bc9;0x76e32c10d695;0x76e32c117c50;0x76e32ccae696;0x76e328a4f082;0x76e328df7115;0xec1fb5d800007fff;|, 41.904206, 500.00, 116.773000
2025-11-25T20:44:50.658689Z, , 61.636247, 600.00, 116.773000
2025-11-25T20:44:50.663841Z, 0xfffffffffffffe00;0x76e2f8c800a1;0x7fffec1fb6d8;0x76e2becf1550;0x441f0f6690c3;|, 45.495966, 600.00, 116.773000
2025-11-25T20:44:50.668997Z, , 44.456097, 0.00, 116.773000
2025-11-25T20:44:50.676111Z, 0xfffffffffffffe00;PyObject_Vectorcall;_PyEval_EvalFrameDefault;0x54ce3d;_PyEval_EvalFrameDefault;0x54ce3d;_PyEval_EvalFrameDefault;_PyObject_Call_Prepend;0x5a30c8;_PyObject_MakeTpCall;_PyEval_EvalFrameDefault;0x54cf04;PyObject_Call;_PyEval_EvalFrameDefault;0x54cf04;PyObject_Call;_PyEval_EvalFrameDefault;0x54cf04;PyObject_Call;_PyEval_EvalFrameDefault;_PyObject_Call_Prepend;0x5a30c8;PyObject_Call;_PyEval_EvalFrameDefault;0x54cf04;PyObject_Call;_PyEval_EvalFrameDefault;0x54cf04;PyObject_Call;_PyEval_EvalFrameDefault;_PyObject_Call_Prepend;0x5a30c8;_PyObject_MakeTpCall;_PyEval_EvalFrameDefault;0x54cf04;PyObject_Call;_PyEval_EvalFrameDefault;0x54cf04;PyObject_Call;_PyEval_EvalFrameDefault;_PyObject_Call_Prepend;0x5a30c8;PyObject_Call;_PyEval_EvalFrameDefault;PyEval_EvalCode;0x607fc2;0x6b4393;_PyRun_SimpleFileObject;_PyRun_AnyFileObject;Py_RunMain;Py_BytesMain;__libc_start_call_main;__libc_start_main@@GLIBC_2.34;_start;|, 56.429839, 100.00, 116.773000
2025-11-25T20:44:50.681289Z, , 42.027926, 100.00, 116.773000
2025-11-25T20:44:50.686525Z, 0xfffffffffffffe00;0x76e32c150870;0x76e32c117c50;0x76e32d7b98b2;0x76e32c9c9ad5;0x76e32c9d5a28;0x76e32c9d63ce;0x76e32cba98e8;cuLaunchKernel;0x76e328a13e89;0x76e328a79f88;0x76e2bef11da1;0x76e2beeebab6;0x76e2beeec4f9;0x0;0x100000001;0x76e32895c170;0x85e38058b4818;|, 59.142402, 100.00, 116.773000
2025-11-25T20:44:50.691770Z, , 32.870710, 300.00, 116.773000
2025-11-25T20:44:50.697055Z, 0xfffffffffffffe00;0x76e32c1157c2;0x76e32c11624b;0x76e32c117c50;0x76e32cb330ab;cuCtxGetDevice;0x76e328a11116;0x76e328a4f042;0x76e328df727b;|, 36.702782, 400.00, 116.773000
2025-11-25T20:44:50.702302Z, , 45.189054, 400.00, 116.773000
2025-11-25T20:44:50.709706Z, 0xfffffffffffffe00;0x5e2a10;PyObject_Vectorcall;0x5a379d;PyObject_GetAttr;_PyObject_GetMethod;_PyEval_EvalFrameDefault;0x54cf04;PyObject_Call;_PyEval_EvalFrameDefault;0x54cf04;PyObject_Call;_PyEval_EvalFrameDefault;_PyObject_Call_Prepend;0x5a30c8;PyObject_Call;_PyEval_EvalFrameDefault;0x54cf04;PyObject_Call;_PyEval_EvalFrameDefault;0x54cf04;PyObject_Call;_PyEval_EvalFrameDefault;0x54cf04;PyObject_Call;_PyEval_EvalFrameDefault;_PyObject_Call_Prepend;0x5a30c8;PyObject_Call;_PyEval_EvalFrameDefault;0x54cf04;PyObject_Call;_PyEval_EvalFrameDefault;0x54cf04;PyObject_Call;_PyEval_EvalFrameDefault;_PyObject_Call_Prepend;0x5a30c8;_PyObject_MakeTpCall;_PyEval_EvalFrameDefault;0x54cf04;PyObject_Call;_PyEval_EvalFrameDefault;0x54cf04;PyObject_Call;_PyEval_EvalFrameDefault;0x54cf04;PyObject_Call;_PyEval_EvalFrameDefault;PyEval_EvalCode;0x607fc2;0x6b4393;_PyRun_SimpleFileObject;_PyRun_AnyFileObject;Py_RunMain;Py_BytesMain;__libc_start_call_main;__libc_start_main@@GLIBC_2.34;_start;|, 38.853624, 250.00, 116.773000
2025-11-25T20:44:50.715864Z, 0xfffffffffffffe00;_PyEval_EvalFrameDefault;_PyObject_Call_Prepend;0x59da4f;0x599513;_PyObject_MakeTpCall;_PyEval_EvalFrameDefault;PyObject_Call;0x64e874;_PyObject_MakeTpCall;PyObject_Vectorcall;_PyEval_EvalFrameDefault;0x54cf04;PyObject_Call;_PyEval_EvalFrameDefault;PyEval_EvalCode;0x607fc2;0x6b4393;_PyRun_SimpleFileObject;_PyRun_AnyFileObject;Py_RunMain;Py_BytesMain;__libc_start_call_main;__libc_start_main@@GLIBC_2.34;_start;|, 39.193230, 600.00, 116.773000
2025-11-25T20:44:50.721099Z, , 49.168975, 700.00, 116.773000
2025-11-25T20:44:50.728445Z, 0xfffffffffffffe00;_PyObject_GC_New;PyCell_New;_PyEval_EvalFrameDefault;0x54ce3d;_PyEval_EvalFrameDefault;_PyObject_Call_Prepend;0x5a30c8;_PyObject_MakeTpCall;_PyEval_EvalFrameDefault;0x54ce3d;_PyEval_EvalFrameDefault;0x54ce3d;_PyEval_EvalFrameDefault;_PyObject_Call_Prepend;0x5a30c8;_PyObject_MakeTpCall;_PyEval_EvalFrameDefault;0x54cf04;PyObject_Call;_PyEval_EvalFrameDefault;0x54cf04;PyObject_Call;_PyEval_EvalFrameDefault;0x54cf04;PyObject_Call;_PyEval_EvalFrameDefault;_PyObject_Call_Prepend;0x5a30c8;PyObject_Call;_PyEval_EvalFrameDefault;0x54cf04;PyObject_Call;_PyEval_EvalFrameDefault;0x54cf04;PyObject_Call;_PyEval_EvalFrameDefault;_PyObject_Call_Prepend;0x5a30c8;_PyObject_MakeTpCall;_PyEval_EvalFrameDefault;0x54cf04;PyObject_Call;_PyEval_EvalFrameDefault;0x54cf04;PyObject_Call;_PyEval_EvalFrameDefault;0x54cf04;PyObject_Call;_PyEval_EvalFrameDefault;PyEval_EvalCode;0x607fc2;0x6b4393;_PyRun_SimpleFileObject;_PyRun_AnyFileObject;Py_RunMain;Py_BytesMain;__libc_start_call_main;__libc_start_main@@GLIBC_2.34;_start;|, 44.196595, 400.00, 116.773000
2025-11-25T20:44:50.734048Z, 0xfffffffffffffe00;__strlen_avx2;0x76e32c355c9c;0x76e32c13196f;0x76e32c131c8e;0x76e32c15d0d8;0x76e32c15d181;0x76e32c10c62b;0x76e32c117c50;0x76e32d7b98b2;0x76e32c9c9ad5;0x76e32c9d5a28;0x76e32c9d63ce;0x76e32cba98e8;cuLaunchKernel;0x76e328a13e89;0x76e328a79f88;0x76e2bceff3f5;0x76e2bcf0b9c8;0x76e2becb4c0c;0x0;0x100000001;0x76e32895c170;0x85e38058b4818;|, 46.925110, 800.00, 116.773000
2025-11-25T20:44:50.739456Z, , 57.158566, 450.00, 116.773000
2025-11-25T20:44:50.745045Z, 0xfffffffffffffe00;__pthread_mutex_lock@GLIBC_2.2.5;0x76e32c995085;0x76e32cb35c19;cuDevicePrimaryCtxGetState;0x76e2bc672e9a;|, 32.613527, 0.00, 116.773000
2025-11-25T20:44:50.750591Z, , 35.749926, 100.00, 116.773000
2025-11-25T20:44:50.756023Z, 0xfffffffffffffe00;0x76e328df668b;0x76e2be823db9;0x76e2beda8c10;data_start;0x100000002;0x76e32895c170;0x85e38058b4818;|, 59.976911, 200.00, 116.773000
2025-11-25T20:44:50.761475Z, , 39.529819, 300.00, 116.773000
2025-11-25T20:44:50.767077Z, 0xfffffffffffffe00;0x76e32cc61b74;0x76e32ca1f183;0x76e32ca5de3b;0x76e32d79d137;0x76e32d79d585;0x76e32ca2b9f4;0x76e32caf22c3;0x76e32d751fd5;0x76e32c9f6cbb;0x76e32cba87e1;cuStreamSynchronize;0x76e328a12683;0x76e328a79ca1;0x76e2bcfcef18;0x76e2bcfd04b5;0x0;0x100000001;0x76e32895c170;0x85e38058b4818;|, 41.377387, 200.00, 116.773000
2025-11-25T20:44:50.772494Z, , 50.506996, 500.00, 116.773000
2025-11-25T20:44:50.777892Z, 0xfffffffffffffe00;__libc_malloc;0x76e32c10c9d7;0x76e32c117c50;0x76e32d7ba891;0x76e32c9c9ad5;0x76e32c9d5a28;0x76e32c9d63ce;0x76e32cba98e8;cuLaunchKernel;0x76e328a13e89;0x76e328a79f88;0x76e2bceff3f5;0x76e2bcf0b9c8;0x76e2becb4c0c;0x0;0x100000001;0x76e32895c170;0x85e38058b4818;|, 31.412502, 500.00, 116.773000
2025-11-25T20:44:50.783201Z, 0xfffffffffffffe00;0x76e32cabb00b;0x76e32cb3315f;cuCtxGetDevice;0x76e328a11116;0x76e328a4f042;0x76e328df6dc2;0x6475632f3031632f;|, 50.017619, 600.00, 116.773000
2025-11-25T20:44:50.788434Z, , 45.363395, 700.00, 116.773000
2025-11-25T20:44:50.793681Z, 0xfffffffffffffe00;cuptiGetTimestamp;0x76e32c10d695;0x76e32c117c50;0x76e32ccae696;0x76e328a4f082;0x76e328df727b;|, 43.742402, 700.00, 116.773000
2025-11-25T20:44:50.798958Z, , 47.517127, 800.00, 116.773000
2025-11-25T20:44:50.804327Z, 0xfffffffffffffe00;0x76e32c1490fa;0x76e32c131360;0x76e32c158bee;0x76e32c10d695;0x76e32c117c50;0x76e32ccae696;0x76e328a79fcb;0x76e2bef12f5a;0x76e2beeec366;0x76e2beeec4f9;0x0;0x100000001;0x76e32895c170;0x85e38058b4818;|, 45.439037, 900.00, 116.773000
2025-11-25T20:44:50.809589Z, , 40.980036, 900.00, 116.773000
2025-11-25T20:44:50.814929Z, 0xfffffffffffffe00;__pthread_mutex_lock@GLIBC_2.2.5;0x76e328dde3a5;0x76e328de0c05;0x76e2f8bd64ad;0x1;0x76e328dc7ec0;0x5554415541564100;|, 34.777216, 1000.00, 116.773000
2025-11-25T20:44:50.820163Z, , 54.225675, 1100.00, 116.773000
2025-11-25T20:44:50.827368Z, 0xfffffffffffffe00;_PyType_Lookup;_PyObject_GetMethod;_PyEval_EvalFrameDefault;0x54cf04;PyObject_Call;_PyEval_EvalFrameDefault;0x54cf04;PyObject_Call;_PyEval_EvalFrameDefault;_PyObject_Call_Prepend;0x5a30c8;PyObject_Call;_PyEval_EvalFrameDefault;0x54cf04;PyObject_Call;_PyEval_EvalFrameDefault;0x54cf04;PyObject_Call;_PyEval_EvalFrameDefault;0x54cf04;PyObject_Call;_PyEval_EvalFrameDefault;_PyObject_Call_Prepend;0x5a30c8;PyObject_Call;_PyEval_EvalFrameDefault;0x54cf04;PyObject_Call;_PyEval_EvalFrameDefault;0x54cf04;PyObject_Call;_PyEval_EvalFrameDefault;_PyObject_Call_Prepend;0x5a30c8;_PyObject_MakeTpCall;_PyEval_EvalFrameDefault;0x54cf04;PyObject_Call;_PyEval_EvalFrameDefault;0x54cf04;PyObject_Call;_PyEval_EvalFrameDefault;0x54cf04;PyObject_Call;_PyEval_EvalFrameDefault;PyEval_EvalCode;0x607fc2;0x6b4393;_PyRun_SimpleFileObject;_PyRun_AnyFileObject;Py_RunMain;Py_BytesMain;__libc_start_call_main;__libc_start_main@@GLIBC_2.34;_start;|, 49.551592, 600.00, 116.773000
2025-11-25T20:44:50.834333Z, 0xfffffffffffffe00;0x572c95;0x5d5639;0x5d4fbf;_PyObject_Call_Prepend;0x5a30c8;PyObject_Call;_PyEval_EvalFrameDefault;0x54cf04;PyObject_Call;_PyEval_EvalFrameDefault;0x54cf04;PyObject_Call;_PyEval_EvalFrameDefault;0x54cf04;PyObject_Call;_PyEval_EvalFrameDefault;_PyObject_Call_Prepend;0x5a30c8;PyObject_Call;_PyEval_EvalFrameDefault;0x54cf04;PyObject_Call;_PyEval_EvalFrameDefault;0x54cf04;PyObject_Call;_PyEval_EvalFrameDefault;_PyObject_Call_Prepend;0x5a30c8;_PyObject_MakeTpCall;_PyEval_EvalFrameDefault;0x54cf04;PyObject_Call;_PyEval_EvalFrameDefault;0x54cf04;PyObject_Call;_PyEval_EvalFrameDefault;0x54cf04;PyObject_Call;_PyEval_EvalFrameDefault;PyEval_EvalCode;0x607fc2;0x6b4393;_PyRun_SimpleFileObject;_PyRun_AnyFileObject;Py_RunMain;Py_BytesMain;__libc_start_call_main;__libc_start_main@@GLIBC_2.34;_start;|, 43.649568, 1300.00, 116.773000
2025-11-25T20:44:50.839556Z, , 52.934050, 650.00, 116.773000
2025-11-25T20:44:50.844841Z, 0xfffffffffffffe00;0x76e2bee5fe27;0x3c1a3ee0;0x100000002;0x76e32895c170;0x85e38058b4818;|, 38.081511, 1400.00, 116.773000
2025-11-25T20:44:50.850083Z, , 42.681631, 0.00, 116.773000
2025-11-25T20:44:50.855404Z, 0xfffffffffffffe00;0x76e32d79ea6c;0x76e32cb32feb;cuCtxGetDevice;0x76e328a11116;0x76e328a4f042;0x76e328df7115;0xec1fb36000007fff;|, 60.873088, 50.00, 116.773000
2025-11-25T20:44:50.860626Z, , 37.175313, 0.00, 116.773000
2025-11-25T20:44:50.866047Z, 0xfffffffffffffe00;0x76e32cc61c70;0x76e32ca1f183;0x76e32ca5de3b;0x76e32d79d137;0x76e32d79d585;0x76e32ca2b9f4;0x76e32caf22c3;0x76e32d751fd5;0x76e32c9f6cbb;0x76e32cba87e1;cuStreamSynchronize;0x76e328a12683;0x76e328a79ca1;0x76e2bcfcef18;0x76e2bcfd04b5;0x0;0x100000001;0x76e32895c170;0x85e38058b4818;|, 44.789799, 100.00, 116.773000
2025-11-25T20:44:50.871278Z, , 51.705002, 200.00, 116.773000
2025-11-25T20:44:50.876815Z, 0xfffffffffffffe00;_PyType_Lookup;_PyObject_GenericGetAttrWithDict;_PyObject_LookupAttr;_PyObject_RealIsInstance;0x5a3006;0x581982;PyObject_CallOneArg;PyObject_IsInstance;0x76e31d72f050;|, 36.401229, 200.00, 116.773000
2025-11-25T20:44:50.882028Z, , 38.425879, 300.00, 116.773000
2025-11-25T20:44:50.889187Z, 0xfffffffffffffe00;0x57203e;0x572ccb;0x5d5639;0x5d4fbf;0x54cf04;PyObject_Call;_PyEval_EvalFrameDefault;_PyObject_Call_Prepend;0x5a30c8;PyObject_Call;_PyEval_EvalFrameDefault;0x54cf04;PyObject_Call;_PyEval_EvalFrameDefault;0x54cf04;PyObject_Call;_PyEval_EvalFrameDefault;0x54cf04;PyObject_Call;_PyEval_EvalFrameDefault;_PyObject_Call_Prepend;0x5a30c8;PyObject_Call;_PyEval_EvalFrameDefault;0x54cf04;PyObject_Call;_PyEval_EvalFrameDefault;0x54cf04;PyObject_Call;_PyEval_EvalFrameDefault;_PyObject_Call_Prepend;0x5a30c8;_PyObject_MakeTpCall;_PyEval_EvalFrameDefault;0x54cf04;PyObject_Call;_PyEval_EvalFrameDefault;0x54cf04;PyObject_Call;_PyEval_EvalFrameDefault;0x54cf04;PyObject_Call;_PyEval_EvalFrameDefault;PyEval_EvalCode;0x607fc2;0x6b4393;_PyRun_SimpleFileObject;_PyRun_AnyFileObject;Py_RunMain;Py_BytesMain;__libc_start_call_main;__libc_start_main@@GLIBC_2.34;_start;|, 57.558653, 400.00, 116.773000
2025-11-25T20:44:50.894473Z, 0xfffffffffffffe00;0x76e31d1f2529;0x0;0x0;0x76e31d204440;0x1f0f0000000000;|, 40.359616, 500.00, 116.773000
2025-11-25T20:44:50.899749Z, , 56.301789, 500.00, 116.773000
2025-11-25T20:44:50.906818Z, 0xfffffffffffffe00;0x5f6f28;0x5e2a34;_PyEval_EvalFrameDefault;0x54cf04;PyObject_Call;_PyEval_EvalFrameDefault;_PyObject_Call_Prepend;0x5a30c8;PyObject_Call;_PyEval_EvalFrameDefault;0x54cf04;PyObject_Call;_PyEval_EvalFrameDefault;0x54cf04;PyObject_Call;_PyEval_EvalFrameDefault;0x54cf04;PyObject_Call;_PyEval_EvalFrameDefault;_PyObject_Call_Prepend;0x5a30c8;PyObject_Call;_PyEval_EvalFrameDefault;0x54cf04;PyObject_Call;_PyEval_EvalFrameDefault;0x54cf04;PyObject_Call;_PyEval_EvalFrameDefault;_PyObject_Call_Prepend;0x5a30c8;_PyObject_MakeTpCall;_PyEval_EvalFrameDefault;0x54cf04;PyObject_Call;_PyEval_EvalFrameDefault;0x54cf04;PyObject_Call;_PyEval_EvalFrameDefault;0x54cf04;PyObject_Call;_PyEval_EvalFrameDefault;PyEval_EvalCode;0x607fc2;0x6b4393;_PyRun_SimpleFileObject;_PyRun_AnyFileObject;Py_RunMain;Py_BytesMain;__libc_start_call_main;__libc_start_main@@GLIBC_2.34;_start;|, 46.740076, 600.00, 116.773000
2025-11-25T20:44:50.912043Z, , 40.605872, 233.33, 116.773000
2025-11-25T20:44:50.917303Z, 0xfffffffffffffe00;0x76e328df7632;0x0;0x100000001;0x76e32895c170;0x85e38058b4818;|, 56.009964, 800.00, 116.773000
2025-11-25T20:44:50.922512Z, , 55.735911, 800.00, 116.773000
2025-11-25T20:44:50.927791Z, 0xfffffffffffffe00;0x76e32c117c33;0x76e32ccae696;0x76e328a4f03a;0x76e328df6dc2;0x6475632f3031632f;|, 38.846819, 900.00, 116.773000
2025-11-25T20:44:50.935345Z, 0xfffffffffffffe00;__pthread_mutex_lock@GLIBC_2.2.5;0x5fb352;PyEval_RestoreThread;0x76e31d03931d;0x581a6f;_PyObject_MakeTpCall;_PyEval_EvalFrameDefault;0x54ce3d;_PyEval_EvalFrameDefault;0x54ce3d;_PyEval_EvalFrameDefault;_PyObject_Call_Prepend;0x5a30c8;_PyObject_MakeTpCall;_PyEval_EvalFrameDefault;0x54ce3d;_PyEval_EvalFrameDefault;0x54ce3d;_PyEval_EvalFrameDefault;_PyObject_Call_Prepend;0x5a30c8;_PyObject_MakeTpCall;_PyEval_EvalFrameDefault;0x54cf04;PyObject_Call;_PyEval_EvalFrameDefault;0x54cf04;PyObject_Call;_PyEval_EvalFrameDefault;0x54cf04;PyObject_Call;_PyEval_EvalFrameDefault;_PyObject_Call_Prepend;0x5a30c8;PyObject_Call;_PyEval_EvalFrameDefault;0x54cf04;PyObject_Call;_PyEval_EvalFrameDefault;0x54cf04;PyObject_Call;_PyEval_EvalFrameDefault;_PyObject_Call_Prepend;0x5a30c8;_PyObject_MakeTpCall;_PyEval_EvalFrameDefault;0x54cf04;PyObject_Call;_PyEval_EvalFrameDefault;0x54cf04;PyObject_Call;_PyEval_EvalFrameDefault;0x54cf04;PyObject_Call;_PyEval_EvalFrameDefault;PyEval_EvalCode;0x607fc2;0x6b4393;_PyRun_SimpleFileObject;_PyRun_AnyFileObject;Py_RunMain;Py_BytesMain;__libc_start_call_main;__libc_start_main@@GLIBC_2.34;_start;|, 31.755187, 1000.00, 116.773000
2025-11-25T20:44:50.940559Z, , 63.445392, 1100.00, 116.773000
2025-11-25T20:44:50.945845Z, 0xfffffffffffffe00;0x76e32c1508ab;0x76e32c103e99;0x76e32c117c21;0x76e32cb35b64;cuDevicePrimaryCtxGetState;0x76e2bc672e9a;|, 41.691244, 600.00, 116.773000
2025-11-25T20:44:50.951069Z, , 49.245723, 0.00, 116.773000
2025-11-25T20:44:50.958549Z, 0xfffffffffffffe00;0x76e2fc21bd10;0x76e31d029e53;0x551768;PyObject_Vectorcall;_PyEval_EvalFrameDefault;0x54ce3d;_PyEval_EvalFrameDefault;0x54ce3d;_PyEval_EvalFrameDefault;_PyObject_Call_Prepend;0x5a30c8;_PyObject_MakeTpCall;_PyEval_EvalFrameDefault;0x54cf04;PyObject_Call;_PyEval_EvalFrameDefault;0x54cf04;PyObject_Call;_PyEval_EvalFrameDefault;_PyObject_Call_Prepend;0x5a30c8;PyObject_Call;_PyEval_EvalFrameDefault;0x54cf04;PyObject_Call;_PyEval_EvalFrameDefault;0x54cf04;PyObject_Call;_PyEval_EvalFrameDefault;0x54cf04;PyObject_Call;_PyEval_EvalFrameDefault;_PyObject_Call_Prepend;0x5a30c8;PyObject_Call;_PyEval_EvalFrameDefault;0x54cf04;PyObject_Call;_PyEval_EvalFrameDefault;0x54cf04;PyObject_Call;_PyEval_EvalFrameDefault;_PyObject_Call_Prepend;0x5a30c8;_PyObject_MakeTpCall;_PyEval_EvalFrameDefault;0x54cf04;PyObject_Call;_PyEval_EvalFrameDefault;0x54cf04;PyObject_Call;_PyEval_EvalFrameDefault;0x54cf04;PyObject_Call;_PyEval_EvalFrameDefault;PyEval_EvalCode;0x607fc2;0x6b4393;_PyRun_SimpleFileObject;_PyRun_AnyFileObject;Py_RunMain;Py_BytesMain;__libc_start_call_main;__libc_start_main@@GLIBC_2.34;_start;|, 55.641980, 50.00, 116.773000
2025-11-25T20:44:50.963975Z, 0xfffffffffffffe00;0x76e332b53c36;clock_gettime@@GLIBC_2.17;0x76e32cb1bc04;0x76e32ca2bccc;0x76e32caf22c3;0x76e32d751fd5;0x76e32c9f6cbb;0x76e32cba87e1;cuStreamSynchronize;0x76e328a12683;0x76e328a79ca1;0x76e2bcfcef18;0x76e2bcfd04b5;0x0;0x100000001;0x76e32895c170;0x85e38058b4818;|, 39.600125, 300.00, 116.773000
2025-11-25T20:44:50.969224Z, , 48.098545, 400.00, 116.773000
2025-11-25T20:44:50.974576Z, 0xfffffffffffffe00;__pthread_mutex_lock@GLIBC_2.2.5;0x76e32c155c95;0x76e32c116cd0;0x76e32c117353;0x76e32c117c50;0x76e32d7b93e3;0x76e32c9c9ad5;0x76e32c9d5a28;0x76e32c9d63ce;0x76e32cba98e8;cuLaunchKernel;0x76e224ee3eb6;0x76e224f4a3f8;0x76e21ec673c5;0x76e21eb5252c;0x76e21df81c1e;0x76e21e0c0b59;0x76e21e0c4dcd;0x76e2bef51c11;0x76e2befc3fdf;0x76e2befc5bc2;0x76e2becdb21c;|, 56.774516, 400.00, 116.773000
2025-11-25T20:44:50.979819Z, , 33.077434, 500.00, 116.773000
2025-11-25T20:44:50.985142Z, 0xfffffffffffffe00;0x76e32ca2130e;0x76e32c9799f3;0x76e32c980311;0x76e32d7ba55c;0x76e32c9c9ad5;0x76e32c9d5a28;0x76e32c9d63ce;0x76e32cba98e8;cuLaunchKernel;0x76e328a13e89;0x76e328a79f88;0x76e2bcf1c1d1;0x76e2bcf0b810;0x76e2becb4c0c;0x0;0x100000001;0x76e32895c170;0x85e38058b4818;|, 52.740606, 600.00, 116.773000
2025-11-25T20:44:50.990390Z, , 52.534127, 600.00, 116.773000
2025-11-25T20:44:50.995668Z, 0xfffffffffffffe00;0x76e32c117bdc;0x76e32cb330ab;cuCtxGetDevice;0x76e328a11116;0x76e328a4f042;0x76e328df7115;0x7fff;|, 34.492371, 700.00, 115.903000
2025-11-25T20:44:51.000974Z, , 49.938495, 0.00, 115.903000
2025-11-25T20:44:51.006563Z, 0xfffffffffffffe00;pthread_getspecific@@GLIBC_2.34;0x76e32c1162e7;0x76e32c117c50;0x76e32cb330e7;cuCtxGetDevice;0x76e328a11116;0x76e328a4f042;0x76e328df727b;|, 48.210747, 0.00, 115.903000
2025-11-25T20:44:51.012019Z, , 45.615348, 50.00, 115.903000
2025-11-25T20:44:51.017723Z, 0xfffffffffffffe00;_int_free;free;0x76e328dde964;0x76e328de0c05;0x76e2bef381f9;0x76e2befc3fdf;0x76e2befc5bc2;0x76e2becdb21c;|, 44.893681, 200.00, 115.903000
2025-11-25T20:44:51.023109Z, 0xfffffffffffffe00;0x76e31cf6ac73;0x7fffec1fbca0;0x76e31d9878c0;0x76e31c4bc020;0x4810c08348001bae;|, 50.713182, 200.00, 115.903000
2025-11-25T20:44:51.028709Z, , 33.253455, 300.00, 115.903000
2025-11-25T20:44:51.034151Z, 0xfffffffffffffe00;PySequence_GetItem;|, 61.009087, 400.00, 115.903000
2025-11-25T20:44:51.039423Z, , 38.305587, 400.00, 115.903000
2025-11-25T20:44:51.046890Z, 0xfffffffffffffe00;0x76e2f8438830;0x551768;PyObject_Vectorcall;_PyEval_EvalFrameDefault;0x54ce3d;_PyEval_EvalFrameDefault;0x54ce3d;_PyEval_EvalFrameDefault;_PyObject_Call_Prepend;0x5a30c8;_PyObject_MakeTpCall;_PyEval_EvalFrameDefault;0x54ce3d;_PyEval_EvalFrameDefault;0x54ce3d;_PyEval_EvalFrameDefault;_PyObject_Call_Prepend;0x5a30c8;_PyObject_MakeTpCall;_PyEval_EvalFrameDefault;0x54cf04;PyObject_Call;_PyEval_EvalFrameDefault;0x54cf04;PyObject_Call;_PyEval_EvalFrameDefault;0x54cf04;PyObject_Call;_PyEval_EvalFrameDefault;_PyObject_Call_Prepend;0x5a30c8;PyObject_Call;_PyEval_EvalFrameDefault;0x54cf04;PyObject_Call;_PyEval_EvalFrameDefault;0x54cf04;PyObject_Call;_PyEval_EvalFrameDefault;_PyObject_Call_Prepend;0x5a30c8;_PyObject_MakeTpCall;_PyEval_EvalFrameDefault;0x54cf04;PyObject_Call;_PyEval_EvalFrameDefault;0x54cf04;PyObject_Call;_PyEval_EvalFrameDefault;0x54cf04;PyObject_Call;_PyEval_EvalFrameDefault;PyEval_EvalCode;0x607fc2;0x6b4393;_PyRun_SimpleFileObject;_PyRun_AnyFileObject;Py_RunMain;Py_BytesMain;__libc_start_call_main;__libc_start_main@@GLIBC_2.34;_start;|, 58.572118, 250.00, 115.903000
2025-11-25T20:44:51.052163Z, , 60.258646, 600.00, 115.903000
2025-11-25T20:44:51.057576Z, 0xfffffffffffffe00;PyUnicode_FromFormatV;PyErr_Format;_PyObject_GenericGetAttrWithDict;0x76e31d787b89;PyType_Type;|, 56.702047, 700.00, 115.903000
2025-11-25T20:44:51.062797Z, , 61.256306, 800.00, 115.903000
2025-11-25T20:44:51.068244Z, 0xfffffffffffffe00;0x76e32ca8e856;0x76e32cabeea0;0x76e32c980369;0x76e32d7ba55c;0x76e32c9c9ad5;0x76e32c9d5a28;0x76e32c9d63ce;0x76e32cba98e8;cuLaunchKernel;0x76e328a13e89;0x76e328a79f88;0x76e2bcb1c6b4;0x7fffec1fdb84;|, 40.835194, 900.00, 115.903000
2025-11-25T20:44:51.073496Z, , 48.713635, 1000.00, 115.903000
2025-11-25T20:44:51.078741Z, 0xfffffffffffffe00;0x76e32cba96f9;cuLaunchKernel;0x76e328a13e89;0x76e328a79f88;0x76e2be82c47d;|, 40.286084, 1000.00, 115.903000
2025-11-25T20:44:51.084012Z, 0xfffffffffffffe00;0x76e32c10d43c;0x76e32c117c50;0x76e32ccae696;0x76e328a4f03a;0x76e328df7115;0x28a97d7000007fff;|, 53.116207, 1100.00, 115.903000
2025-11-25T20:44:51.089239Z, , 45.021370, 1200.00, 115.903000
2025-11-25T20:44:51.096290Z, 0xfffffffffffffe00;_PyEval_EvalFrameDefault;0x54ce3d;_PyEval_EvalFrameDefault;0x54ce3d;_PyEval_EvalFrameDefault;_PyObject_Call_Prepend;0x5a30c8;_PyObject_MakeTpCall;_PyEval_EvalFrameDefault;0x54cf04;PyObject_Call;_PyEval_EvalFrameDefault;0x54cf04;PyObject_Call;_PyEval_EvalFrameDefault;0x54cf04;PyObject_Call;_PyEval_EvalFrameDefault;_PyObject_Call_Prepend;0x5a30c8;PyObject_Call;_PyEval_EvalFrameDefault;0x54cf04;PyObject_Call;_PyEval_EvalFrameDefault;0x54cf04;PyObject_Call;_PyEval_EvalFrameDefault;_PyObject_Call_Prepend;0x5a30c8;_PyObject_MakeTpCall;_PyEval_EvalFrameDefault;0x54cf04;PyObject_Call;_PyEval_EvalFrameDefault;0x54cf04;PyObject_Call;_PyEval_EvalFrameDefault;0x54cf04;PyObject_Call;_PyEval_EvalFrameDefault;PyEval_EvalCode;0x607fc2;0x6b4393;_PyRun_SimpleFileObject;_PyRun_AnyFileObject;Py_RunMain;Py_BytesMain;__libc_start_call_main;__libc_start_main@@GLIBC_2.34;_start;|, 48.042878, 1300.00, 115.903000
2025-11-25T20:44:51.101456Z, , 47.525440, 650.00, 115.903000
2025-11-25T20:44:51.106756Z, 0xfffffffffffffe00;pthread_mutex_unlock@@GLIBC_2.2.5;0x76e328de0d13;0x0;|, 58.051987, 0.00, 115.903000
2025-11-25T20:44:51.111938Z, , 59.128890, 100.00, 115.903000
2025-11-25T20:44:51.117235Z, 0xfffffffffffffe00;0x76e332b53c36;clock_gettime@@GLIBC_2.17;cuptiGetTimestamp;0x76e32c158779;0x76e32c116364;0x76e32c117c50;0x76e32cb36d63;cuCtxGetCurrent;0x76e2bef8ed28;0x76e2bef51b21;0x76e2befc3fdf;0x76e2befc5bc2;0x76e2becdb21c;|, 46.898381, 200.00, 115.903000
2025-11-25T20:44:51.122539Z, , 56.903980, 200.00, 115.903000
2025-11-25T20:44:51.127802Z, 0xfffffffffffffe00;0x76e32c0b0b40;0x76e32c158bc9;0x76e32c10d695;0x76e32c117c50;0x76e32ccae696;0x76e328a4f082;0x76e328df7115;0x28a97d7000007fff;|, 50.905816, 150.00, 115.903000
2025-11-25T20:44:51.133056Z, , 48.133997, 400.00, 115.903000
2025-11-25T20:44:51.138309Z, 0xfffffffffffffe00;0x76e32c116331;0x76e32c117c50;0x76e32cb330e7;cuCtxGetDevice;0x76e328a11116;0x76e328a4f042;0x76e328df7115;0x300000000;|, 54.510448, 400.00, 115.903000
2025-11-25T20:44:51.143541Z, , 45.348155, 500.00, 115.903000
2025-11-25T20:44:51.148796Z, 0xfffffffffffffe00;0x76e32c2cf569;0x76e32c117c50;0x76e32ccae696;0x76e328a4f03a;0x76e328df7115;0x3d5b7bf0000076e3;|, 51.987613, 600.00, 115.903000
2025-11-25T20:44:51.154000Z, 0xfffffffffffffe00;0x76e2f8c7b324;0x7fffec1fb748;0x76e2becf75a0;0x441f0f6690c3;|, 60.194282, 0.00, 115.903000
2025-11-25T20:44:51.159189Z, , 52.897945, 100.00, 115.903000
2025-11-25T20:44:51.164419Z, 0xfffffffffffffe00;0x76e32c2cf569;0x76e32c117c50;0x76e32ccae696;0x76e328a4d472;0x76e2bd13cd5e;0x76e2bd13fe66;0x76e2bd1408fd;0x76e2befe0ac6;0x7fffec1fe110;0x100000002;0x76e32895c170;0x85e38058b4818;|, 42.307668, 200.00, 115.903000
2025-11-25T20:44:51.169562Z, , 46.234096, 200.00, 115.903000
2025-11-25T20:44:51.174790Z, 0xfffffffffffffe00;0x76e31d72f6e0;PyFloat_Type;|, 62.774250, 300.00, 115.903000
2025-11-25T20:44:51.179943Z, , 57.087564, 400.00, 115.903000
2025-11-25T20:44:51.185227Z, 0xfffffffffffffe00;0x76e32c1162f9;0x76e32c117c50;0x76e32cb65a1d;cuFuncGetAttribute;0x76e224ee49ff;0x76e224f260cc;0x76e21eb4f2f5;0x76e21eb53bc0;0x76e21eb543d6;0x76e21df7f33c;0x76e21df81b91;0x76e21e0c0b59;0x76e21e0c4dcd;0x76e2bef51c11;0x76e2befc3fdf;0x76e2befc5bc2;0x76e2becdb21c;|, 55.916302, 400.00, 115.903000
2025-11-25T20:44:51.190384Z, , 48.077967, 250.00, 115.903000
2025-11-25T20:44:51.195604Z, 0xfffffffffffffe00;0x76e32c1490fa;0x76e32c131360;0x76e32c158bee;0x76e32c10d695;0x76e32c117c50;0x76e32ccae696;0x76e328a4f082;0x76e328df727b;|, 50.302521, 0.00, 115.903000
2025-11-25T20:44:51.200756Z, , 45.878813, 0.00, 115.903000
2025-11-25T20:44:51.206003Z, 0xfffffffffffffe00;0x76e328986c09;0x0;0x76e31d1c4980;0x8b485355fc894900;|, 57.091337, 100.00, 115.903000
2025-11-25T20:44:51.211188Z, , 54.153207, 200.00, 115.903000
2025-11-25T20:44:51.216380Z, 0xfffffffffffffe00;0x76e2f8bef297;0x76e2fa0ef352;0x0;0x2;|, 46.610175, 300.00, 115.903000
2025-11-25T20:44:51.221552Z, , 57.216097, 400.00, 115.903000
2025-11-25T20:44:51.226789Z, 0xfffffffffffffe00;0x76e31c4d4816;0x5e45fa90;|, 49.445201, 0.00, 115.903000
2025-11-25T20:44:51.231942Z, , 42.692833, 0.00, 115.903000
2025-11-25T20:44:51.237304Z, 0xfffffffffffffe00;0x76e332b53c36;clock_gettime@@GLIBC_2.17;cuptiGetTimestamp;0x76e32c158b21;0x76e32c10d60a;0x76e32c117c50;0x76e32ccae696;0x76e328a4f03a;0x76e328df7115;0xec1fa5f400007fff;|, 57.245887, 100.00, 115.903000
2025-11-25T20:44:51.242461Z, , 50.522950, 100.00, 115.903000
2025-11-25T20:44:51.247621Z, 0xfffffffffffffe00;0x76e2f9367cd3;0x76e2fa0ef352;0x0;0x2;|, 54.827812, 200.00, 115.903000
2025-11-25T20:44:51.252805Z, , 54.868326, 300.00, 115.903000
2025-11-25T20:44:51.258108Z, 0xfffffffffffffe00;0x76e32c355d7a;0x76e32c355c9c;0x76e32c13196f;0x76e32c131c8e;0x76e32c15d0d8;0x76e32c15d181;0x76e32c10c62b;0x76e32c117c50;0x76e32d7b98b2;0x76e32c9c9ad5;0x76e32c9d5a28;0x76e32c9d63ce;0x76e32cba98e8;cuLaunchKernel;0x76e328a13e89;0x76e328a79f88;0x76e2be56dbfc;0x76e2becad873;0x0;0x100000002;0x76e32895c170;0x85e38058b4818;|, 54.540744, 400.00, 115.903000
2025-11-25T20:44:51.263301Z, , 36.959457, 400.00, 115.903000
2025-11-25T20:44:51.268555Z, 0xfffffffffffffe00;0x76e21eb4f653;0x76e21eb53bc0;0x76e21eb543d6;0x76e21df7f33c;0x76e21df81b91;0x76e21e0c0b59;0x76e21e0c4dcd;0x76e2bef51c11;0x76e2befc3fdf;0x76e2befc5bc2;0x76e2becdb21c;|, 58.434089, 500.00, 115.903000
2025-11-25T20:44:51.273740Z, , 45.463925, 600.00, 115.903000
2025-11-25T20:44:51.279070Z, 0xfffffffffffffe00;0x76e332b53c36;clock_gettime@@GLIBC_2.17;0x76e32cb1bc04;0x76e32ca2bccc;0x76e32caf22c3;0x76e32d751fd5;0x76e32c9f6cbb;0x76e32cba87e1;cuStreamSynchronize;0x76e328a12683;0x76e328a79ca1;0x76e2bcfcef18;0x76e2bcfd04b5;0x0;0x100000001;0x76e32895c170;0x85e38058b4818;|, 45.049257, 0.00, 115.903000
2025-11-25T20:44:51.284291Z, , 48.770990, 50.00, 115.903000
2025-11-25T20:44:51.291419Z, 0xfffffffffffffe00;_PyEval_EvalFrameDefault;0x54cf04;PyObject_Call;_PyEval_EvalFrameDefault;0x54cf04;PyObject_Call;_PyEval_EvalFrameDefault;_PyObject_Call_Prepend;0x5a30c8;PyObject_Call;_PyEval_EvalFrameDefault;0x54cf04;PyObject_Call;_PyEval_EvalFrameDefault;0x54cf04;PyObject_Call;_PyEval_EvalFrameDefault;0x54cf04;PyObject_Call;_PyEval_EvalFrameDefault;_PyObject_Call_Prepend;0x5a30c8;PyObject_Call;_PyEval_EvalFrameDefault;0x54cf04;PyObject_Call;_PyEval_EvalFrameDefault;0x54cf04;PyObject_Call;_PyEval_EvalFrameDefault;_PyObject_Call_Prepend;0x5a30c8;_PyObject_MakeTpCall;_PyEval_EvalFrameDefault;0x54cf04;PyObject_Call;_PyEval_EvalFrameDefault;0x54cf04;PyObject_Call;_PyEval_EvalFrameDefault;0x54cf04;PyObject_Call;_PyEval_EvalFrameDefault;PyEval_EvalCode;0x607fc2;0x6b4393;_PyRun_SimpleFileObject;_PyRun_AnyFileObject;Py_RunMain;Py_BytesMain;__libc_start_call_main;__libc_start_main@@GLIBC_2.34;_start;|, 40.429777, 100.00, 115.903000
2025-11-25T20:44:51.296672Z, 0xfffffffffffffe00;__pthread_mutex_lock@GLIBC_2.2.5;0x76e328dde3a5;0x76e328de0c05;0x76e2bef381f9;0x76e2befc3fdf;0x76e2befc5bc2;0x76e2becdb21c;|, 55.406581, 300.00, 115.903000
2025-11-25T20:44:51.301851Z, , 50.385690, 300.00, 115.903000
2025-11-25T20:44:51.307122Z, 0xfffffffffffffe00;PyObject_Free;0x581772;PyObject_IsInstance;0x76e31d72f050;|, 42.803901, 400.00, 115.903000
2025-11-25T20:44:51.312334Z, , 58.701473, 500.00, 115.903000
2025-11-25T20:44:51.317647Z, 0xfffffffffffffe00;0x76e32c117bff;0x76e32cb65a1d;cuFuncGetAttribute;0x76e224ee492e;0x76e224f260cc;0x76e21eb4f2f5;0x76e21eb53bc0;0x76e21eb543d6;0x76e21df7f33c;0x76e21df81b91;0x76e21e0c0b59;0x76e21e0c4dcd;0x76e2bef51c11;0x76e2befc3fdf;0x76e2befc5bc2;0x76e2becdb21c;|, 49.854829, 500.00, 115.903000
2025-11-25T20:44:51.322841Z, , 48.914996, 600.00, 115.903000
2025-11-25T20:44:51.328033Z, 0xfffffffffffffe00;0x76e32c10d577;0x76e32c117c50;0x76e32ccae696;0x76e328a4f03a;0x76e328df727b;|, 58.209590, 700.00, 115.903000
2025-11-25T20:44:51.333260Z, , 46.711722, 800.00, 115.903000
2025-11-25T20:44:51.338504Z, 0xfffffffffffffe00;0x76e2bee5fea1;0x76e2becdb21c;|, 52.891103, 800.00, 115.903000
2025-11-25T20:44:51.343723Z, , 46.137477, 0.00, 115.903000
2025-11-25T20:44:51.349010Z, 0xfffffffffffffe00;pthread_getspecific@@GLIBC_2.34;0x76e32c994f91;0x76e32cb35c19;cuDevicePrimaryCtxGetState;0x76e2bc672e9a;|, 50.478034, 100.00, 115.903000
2025-11-25T20:44:51.354191Z, , 36.117290, 200.00, 115.903000
2025-11-25T20:44:51.359353Z, 0xfffffffffffffe00;0x76e2f935caf5;|, 66.192442, 200.00, 115.903000
2025-11-25T20:44:51.364561Z, , 37.617190, 300.00, 115.903000
2025-11-25T20:44:51.369844Z, 0xfffffffffffffe00;0x76e332b53c36;clock_gettime@@GLIBC_2.17;cuptiGetTimestamp;0x76e32c158bc9;0x76e32c10d695;0x76e32c117c50;0x76e32ccae696;0x76e328a4f082;0x76e328df7115;0x3d5b7bf0000076e3;|, 38.924081, 300.00, 115.903000
2025-11-25T20:44:51.375030Z, , 65.555746, 0.00, 115.903000
2025-11-25T20:44:51.380256Z, 0xfffffffffffffe00;0x76e32c1152b6;0x76e32c11624b;0x76e32c117c50;0x76e32cb330ab;cuCtxGetDevice;0x76e328a11116;0x76e328a4f042;0x76e328df727b;|, 47.264000, 100.00, 115.903000
2025-11-25T20:44:51.385438Z, , 51.958661, 100.00, 115.903000
2025-11-25T20:44:51.390762Z, 0xfffffffffffffe00;0x76e32cc61bae;0x76e32ca1f183;0x76e32ca5de3b;0x76e32d79d137;0x76e32d79d585;0x76e32ca2b9f4;0x76e32caf22c3;0x76e32d751fd5;0x76e32c9f6cbb;0x76e32cba87e1;cuStreamSynchronize;0x76e328a12683;0x76e328a79ca1;0x76e2bcfcef18;0x76e2bcfd04b5;0x0;0x100000001;0x76e32895c170;0x85e38058b4818;|, 43.354818, 200.00, 115.903000
2025-11-25T20:44:51.395942Z, , 47.319971, 150.00, 115.903000
2025-11-25T20:44:51.403343Z, 0xfffffffffffffe00;0x76e31cf698a2;0x551768;PyObject_Vectorcall;_PyEval_EvalFrameDefault;0x54ce3d;_PyEval_EvalFrameDefault;0x54ce3d;_PyEval_EvalFrameDefault;_PyObject_Call_Prepend;0x5a30c8;_PyObject_MakeTpCall;_PyEval_EvalFrameDefault;0x54ce3d;_PyEval_EvalFrameDefault;0x54ce3d;_PyEval_EvalFrameDefault;_PyObject_Call_Prepend;0x5a30c8;_PyObject_MakeTpCall;_PyEval_EvalFrameDefault;0x54cf04;PyObject_Call;_PyEval_EvalFrameDefault;0x54cf04;PyObject_Call;_PyEval_EvalFrameDefault;0x54cf04;PyObject_Call;_PyEval_EvalFrameDefault;_PyObject_Call_Prepend;0x5a30c8;PyObject_Call;_PyEval_EvalFrameDefault;0x54cf04;PyObject_Call;_PyEval_EvalFrameDefault;0x54cf04;PyObject_Call;_PyEval_EvalFrameDefault;_PyObject_Call_Prepend;0x5a30c8;_PyObject_MakeTpCall;_PyEval_EvalFrameDefault;0x54cf04;PyObject_Call;_PyEval_EvalFrameDefault;0x54cf04;PyObject_Call;_PyEval_EvalFrameDefault;0x54cf04;PyObject_Call;_PyEval_EvalFrameDefault;PyEval_EvalCode;0x607fc2;0x6b4393;_PyRun_SimpleFileObject;_PyRun_AnyFileObject;Py_RunMain;Py_BytesMain;__libc_start_call_main;__libc_start_main@@GLIBC_2.34;_start;|, 59.838730, 0.00, 115.903000
2025-11-25T20:44:51.408610Z, 0xfffffffffffffe00;0x76e32c117d56;0x76e32cb35b64;cuDevicePrimaryCtxGetState;0x76e2bc672e9a;|, 44.932144, 50.00, 115.903000
2025-11-25T20:44:51.413764Z, , 51.318882, 200.00, 115.903000
2025-11-25T20:44:51.418999Z, 0xfffffffffffffe00;free;0x386c4760;|, 53.436350, 300.00, 115.903000
2025-11-25T20:44:51.424233Z, , 56.538759, 400.00, 115.903000
2025-11-25T20:44:51.429442Z, 0xfffffffffffffe00;0x76e328db9f34;0xf5974e2b00000000;0x9066c3c0920f0674;|, 57.055836, 400.00, 115.903000
2025-11-25T20:44:51.434594Z, , 55.115920, 500.00, 115.903000
2025-11-25T20:44:51.442025Z, 0xfffffffffffffe00;PyUnicode_FromFormatV;PyErr_Format;_PyObject_GenericGetAttrWithDict;0x58277a;0x552162;_PyObject_MakeTpCall;0x5a3d6d;0x5a39aa;PyObject_GetAttr;_PyObject_GetMethod;_PyEval_EvalFrameDefault;0x54cf04;PyObject_Call;_PyEval_EvalFrameDefault;0x54cf04;PyObject_Call;_PyEval_EvalFrameDefault;_PyObject_Call_Prepend;0x5a30c8;PyObject_Call;_PyEval_EvalFrameDefault;0x54cf04;PyObject_Call;_PyEval_EvalFrameDefault;0x54cf04;PyObject_Call;_PyEval_EvalFrameDefault;0x54cf04;PyObject_Call;_PyEval_EvalFrameDefault;_PyObject_Call_Prepend;0x5a30c8;PyObject_Call;_PyEval_EvalFrameDefault;0x54cf04;PyObject_Call;_PyEval_EvalFrameDefault;0x54cf04;PyObject_Call;_PyEval_EvalFrameDefault;_PyObject_Call_Prepend;0x5a30c8;_PyObject_MakeTpCall;_PyEval_EvalFrameDefault;0x54cf04;PyObject_Call;_PyEval_EvalFrameDefault;0x54cf04;PyObject_Call;_PyEval_EvalFrameDefault;0x54cf04;PyObject_Call;_PyEval_EvalFrameDefault;PyEval_EvalCode;0x607fc2;0x6b4393;_PyRun_SimpleFileObject;_PyRun_AnyFileObject;Py_RunMain;Py_BytesMain;__libc_start_call_main;__libc_start_main@@GLIBC_2.34;_start;|, 52.266459, 600.00, 115.903000
2025-11-25T20:44:51.447302Z, 0xfffffffffffffe00;pthread_mutex_unlock@@GLIBC_2.2.5;0x76e328a13e51;0x76e328a79f88;0x76e2bcf1c1d1;0x76e2bcf0b810;0x76e2becb4c0c;0x0;0x100000001;0x76e32895c170;0x85e38058b4818;|, 65.539303, 400.00, 115.903000
2025-11-25T20:44:51.452464Z, , 41.708928, 800.00, 115.903000
2025-11-25T20:44:51.457657Z, 0xfffffffffffffe00;0x76e32c117b90;0x76e328a4f082;0x76e328df6dc2;0x6475632f3031632f;|, 69.113578, 450.00, 115.903000
2025-11-25T20:44:51.462809Z, , 64.444845, 0.00, 115.903000
2025-11-25T20:44:51.468017Z, 0xfffffffffffffe00;0x76e332b53c36;clock_gettime@@GLIBC_2.17;cuptiGetTimestamp;0x76e32c158b21;0x76e32c10d60a;0x76e32c117c50;0x76e32ccae696;0x76e328a4f03a;0x76e328df727b;|, 56.913745, 0.00, 115.903000
2025-11-25T20:44:51.473157Z, , 67.498534, 100.00, 115.903000
2025-11-25T20:44:51.480451Z, 0xfffffffffffffe00;_PyEval_EvalFrameDefault;0x54ce3d;_PyEval_EvalFrameDefault;_PyObject_Call_Prepend;0x5a30c8;_PyObject_MakeTpCall;_PyEval_EvalFrameDefault;0x54cf04;PyObject_Call;_PyEval_EvalFrameDefault;0x54cf04;PyObject_Call;_PyEval_EvalFrameDefault;_PyObject_Call_Prepend;0x5a30c8;PyObject_Call;_PyEval_EvalFrameDefault;0x54cf04;PyObject_Call;_PyEval_EvalFrameDefault;0x54cf04;PyObject_Call;_PyEval_EvalFrameDefault;0x54cf04;PyObject_Call;_PyEval_EvalFrameDefault;_PyObject_Call_Prepend;0x5a30c8;PyObject_Call;_PyEval_EvalFrameDefault;0x54cf04;PyObject_Call;_PyEval_EvalFrameDefault;0x54cf04;PyObject_Call;_PyEval_EvalFrameDefault;_PyObject_Call_Prepend;0x5a30c8;_PyObject_MakeTpCall;_PyEval_EvalFrameDefault;0x54cf04;PyObject_Call;_PyEval_EvalFrameDefault;0x54cf04;PyObject_Call;_PyEval_EvalFrameDefault;0x54cf04;PyObject_Call;_PyEval_EvalFrameDefault;PyEval_EvalCode;0x607fc2;0x6b4393;_PyRun_SimpleFileObject;_PyRun_AnyFileObject;Py_RunMain;Py_BytesMain;__libc_start_call_main;__libc_start_main@@GLIBC_2.34;_start;|, 57.106733, 200.00, 115.903000
2025-11-25T20:44:51.485593Z, , 56.078074, 150.00, 115.903000
2025-11-25T20:44:51.490768Z, 0xfffffffffffffe00;0x76e21eb4f5e1;0x76e21eb53bc0;0x76e21eb543d6;0x76e21df7f33c;0x76e21df81b91;0x76e21e0c0b59;0x76e21e0c4dcd;0x76e2bef51c11;0x76e2befc3fdf;0x76e2befc5bc2;0x76e2becdb21c;|, 76.333917, 300.00, 115.903000
2025-11-25T20:44:51.495890Z, , 77.958972, 400.00, 115.707000
2025-11-25T20:44:51.501458Z, 0xfffffffffffffe00;_int_malloc;__libc_malloc;0x76e32c131852;0x76e32c116b6e;0x76e32c117353;0x76e32c117c50;0x76e32d7b93e3;0x76e32c9c9ad5;0x76e32c9d5a28;0x76e32c9d63ce;0x76e32cba98e8;cuLaunchKernel;0x76e328a13e89;0x76e328a79f88;0x76e2bef11da1;0x76e2beeebab6;0x76e2beeec4f9;0x0;0x100000001;0x76e32895c170;0x85e38058b4818;|, 64.256519, 500.00, 115.707000
2025-11-25T20:44:51.506603Z, , 68.432402, 600.00, 115.707000
2025-11-25T20:44:51.513833Z, 0xfffffffffffffe00;0x76e2fc00b0e0;0x76e2fc22f564;0x76e2f974c335;0x76e2fa1eae35;0x76e31d157f62;0x581a6f;PyObject_Call;_PyEval_EvalFrameDefault;0x54cf04;PyObject_Call;_PyEval_EvalFrameDefault;0x54cf04;PyObject_Call;_PyEval_EvalFrameDefault;_PyObject_Call_Prepend;0x5a30c8;PyObject_Call;_PyEval_EvalFrameDefault;0x54cf04;PyObject_Call;_PyEval_EvalFrameDefault;0x54cf04;PyObject_Call;_PyEval_EvalFrameDefault;0x54cf04;PyObject_Call;_PyEval_EvalFrameDefault;_PyObject_Call_Prepend;0x5a30c8;PyObject_Call;_PyEval_EvalFrameDefault;0x54cf04;PyObject_Call;_PyEval_EvalFrameDefault;0x54cf04;PyObject_Call;_PyEval_EvalFrameDefault;_PyObject_Call_Prepend;0x5a30c8;_PyObject_MakeTpCall;_PyEval_EvalFrameDefault;0x54cf04;PyObject_Call;_PyEval_EvalFrameDefault;0x54cf04;PyObject_Call;_PyEval_EvalFrameDefault;0x54cf04;PyObject_Call;_PyEval_EvalFrameDefault;PyEval_EvalCode;0x607fc2;0x6b4393;_PyRun_SimpleFileObject;_PyRun_AnyFileObject;Py_RunMain;Py_BytesMain;__libc_start_call_main;__libc_start_main@@GLIBC_2.34;_start;|, 66.356031, 600.00, 115.707000
2025-11-25T20:44:51.519075Z, 0xfffffffffffffe00;0x76e2bd2c9400;0x76e2bd2b68f9;0x62b6ceb0;0x6e20646c756f6853;|, 50.507320, 350.00, 115.707000
2025-11-25T20:44:51.524297Z, , 57.846897, 400.00, 115.707000
2025-11-25T20:44:51.529465Z, 0xfffffffffffffe00;0x76e32cabafd4;0x76e32cb3315f;cuCtxGetDevice;0x76e328a11116;0x76e328a4f042;0x76e328df6dc2;0x6475632f3031632f;|, 55.361231, 900.00, 115.707000
2025-11-25T20:44:51.534564Z, , 50.695426, 1000.00, 115.707000
2025-11-25T20:44:51.539695Z, 0xfffffffffffffe00;0x76e2bc6712fd;|, 59.542823, 1000.00, 115.707000
2025-11-25T20:44:51.544884Z, , 67.753912, 550.00, 115.707000
2025-11-25T20:44:51.550130Z, 0xfffffffffffffe00;0x76e32cc61b40;0x76e32ca5de3b;0x76e32d79d137;0x76e32d79d585;0x76e32ca2b9f4;0x76e32caf22c3;0x76e32d751fd5;0x76e32c9f6cbb;0x76e32cba87e1;cuStreamSynchronize;0x76e328a12683;0x76e328a79ca1;0x76e2bcfcef18;0x76e2bcfd04b5;0x0;0x100000001;0x76e32895c170;0x85e38058b4818;|, 48.862927, 1200.00, 115.707000
2025-11-25T20:44:51.555257Z, , 43.182107, 1200.00, 115.707000
2025-11-25T20:44:51.562668Z, 0xfffffffffffffe00;PyMethod_New;_PyObject_GenericGetAttrWithDict;0x5a372c;PyObject_GetAttr;_PyEval_EvalFrameDefault;_PyObject_Call_Prepend;0x5a30c8;_PyObject_MakeTpCall;_PyEval_EvalFrameDefault;0x54cf04;PyObject_Call;_PyEval_EvalFrameDefault;0x54cf04;PyObject_Call;_PyEval_EvalFrameDefault;_PyObject_Call_Prepend;0x5a30c8;PyObject_Call;_PyEval_EvalFrameDefault;0x54cf04;PyObject_Call;_PyEval_EvalFrameDefault;0x54cf04;PyObject_Call;_PyEval_EvalFrameDefault;0x54cf04;PyObject_Call;_PyEval_EvalFrameDefault;_PyObject_Call_Prepend;0x5a30c8;PyObject_Call;_PyEval_EvalFrameDefault;0x54cf04;PyObject_Call;_PyEval_EvalFrameDefault;0x54cf04;PyObject_Call;_PyEval_EvalFrameDefault;_PyObject_Call_Prepend;0x5a30c8;_PyObject_MakeTpCall;_PyEval_EvalFrameDefault;0x54cf04;PyObject_Call;_PyEval_EvalFrameDefault;0x54cf04;PyObject_Call;_PyEval_EvalFrameDefault;0x54cf04;PyObject_Call;_PyEval_EvalFrameDefault;PyEval_EvalCode;0x607fc2;0x6b4393;_PyRun_SimpleFileObject;_PyRun_AnyFileObject;Py_RunMain;Py_BytesMain;__libc_start_call_main;__libc_start_main@@GLIBC_2.34;_start;|, 64.627284, 1300.00, 115.707000
2025-11-25T20:44:51.567821Z, 0xfffffffffffffe00;0x76e21eb4f5e1;0x76e21eb53bc0;0x76e21eb543d6;0x76e21df7f33c;0x76e21df81b91;0x76e21e0c0b59;0x76e21e0c4dcd;0x76e2bef51c11;0x76e2befc3fdf;0x76e2befc5bc2;0x76e2becdb21c;|, 54.614259, 1400.00, 115.707000
2025-11-25T20:44:51.572924Z, , 66.252985, 1500.00, 115.707000
2025-11-25T20:44:51.578032Z, 0xfffffffffffffe00;0x76e21eb4f5cc;0x76e21eb53bc0;0x76e21eb543d6;0x76e21df7f33c;0x76e21df81b91;0x76e21e0c0b59;0x76e21e0c4dcd;0x76e2bef51c11;0x76e2befc3fdf;0x76e2befc5bc2;0x76e2becdb21c;|, 53.575197, 0.00, 115.707000
2025-11-25T20:44:51.583177Z, , 51.258811, 100.00, 115.707000
2025-11-25T20:44:51.588414Z, 0xfffffffffffffe00;0x76e32cabe604;0x76e32d7b94c3;0x76e32c9c9ad5;0x76e32c9d5a28;0x76e32c9d63ce;0x76e32cba98e8;cuLaunchKernel;0x76e328a13e89;0x76e328a79f88;0x76e2bec85d62;|, 55.523593, 66.67, 115.707000
2025-11-25T20:44:51.593517Z, , 40.119646, 0.00, 115.707000
2025-11-25T20:44:51.598661Z, 0xfffffffffffffe00;0x76e32d79ea3e;0x76e32cb32feb;cuCtxGetDevice;0x76e328a11116;0x76e328a4f042;0x76e328df7115;0x7fff;|, 54.012436, 100.00, 115.707000
2025-11-25T20:44:51.603794Z, , 51.214369, 100.00, 115.707000
2025-11-25T20:44:51.609106Z, 0xfffffffffffffe00;0x76e332b53c36;clock_gettime@@GLIBC_2.17;0x76e32cb1bc04;0x76e32ca2bccc;0x76e32caf22c3;0x76e32d751fd5;0x76e32c9f6cbb;0x76e32cba87e1;cuStreamSynchronize;0x76e328a12683;0x76e328a79ca1;0x76e2bcfcef18;0x76e2bcfd04b5;0x0;0x100000001;0x76e32895c170;0x85e38058b4818;|, 60.143537, 200.00, 115.707000
2025-11-25T20:44:51.614246Z, , 51.723674, 300.00, 115.707000
2025-11-25T20:44:51.619437Z, 0xfffffffffffffe00;0x76e32ccae75f;0x76e328df7115;0x3d5b7bf0000076e3;|, 47.796758, 400.00, 115.707000
2025-11-25T20:44:51.624581Z, , 52.240630, 400.00, 115.707000
2025-11-25T20:44:51.631798Z, 0xfffffffffffffe00;_PyEval_EvalFrameDefault;0x54ce3d;_PyEval_EvalFrameDefault;_PyObject_Call_Prepend;0x5a30c8;_PyObject_MakeTpCall;_PyEval_EvalFrameDefault;0x54cf04;PyObject_Call;_PyEval_EvalFrameDefault;0x54cf04;PyObject_Call;_PyEval_EvalFrameDefault;0x54cf04;PyObject_Call;_PyEval_EvalFrameDefault;_PyObject_Call_Prepend;0x5a30c8;PyObject_Call;_PyEval_EvalFrameDefault;0x54cf04;PyObject_Call;_PyEval_EvalFrameDefault;0x54cf04;PyObject_Call;_PyEval_EvalFrameDefault;_PyObject_Call_Prepend;0x5a30c8;_PyObject_MakeTpCall;_PyEval_EvalFrameDefault;0x54cf04;PyObject_Call;_PyEval_EvalFrameDefault;0x54cf04;PyObject_Call;_PyEval_EvalFrameDefault;0x54cf04;PyObject_Call;_PyEval_EvalFrameDefault;PyEval_EvalCode;0x607fc2;0x6b4393;_PyRun_SimpleFileObject;_PyRun_AnyFileObject;Py_RunMain;Py_BytesMain;__libc_start_call_main;__libc_start_main@@GLIBC_2.34;_start;|, 54.235515, 0.00, 115.707000
2025-11-25T20:44:51.638325Z, 0xfffffffffffffe00;_PyEval_EvalFrameDefault;0x5554a6;PyIter_Next;0x57d4c1;0x6719f8;0x67193b;0x6718d1;0x599513;_PyObject_MakeTpCall;_PyEval_EvalFrameDefault;_PyObject_Call_Prepend;0x59da4f;0x599513;_PyObject_MakeTpCall;_PyEval_EvalFrameDefault;PyObject_Call;0x64e874;_PyObject_MakeTpCall;PyObject_Vectorcall;_PyEval_EvalFrameDefault;0x54cf04;PyObject_Call;_PyEval_EvalFrameDefault;PyEval_EvalCode;0x607fc2;0x6b4393;_PyRun_SimpleFileObject;_PyRun_AnyFileObject;Py_RunMain;Py_BytesMain;__libc_start_call_main;__libc_start_main@@GLIBC_2.34;_start;|, 51.858646, 100.00, 115.707000
2025-11-25T20:44:51.643564Z, , 49.880452, 150.00, 115.707000
2025-11-25T20:44:51.651502Z, 0xfffffffffffffe00;0x575b81;_PyEval_EvalFrameDefault;0x54cf04;PyObject_Call;_PyEval_EvalFrameDefault;0x54cf04;PyObject_Call;_PyEval_EvalFrameDefault;_PyObject_Call_Prepend;0x5a30c8;PyObject_Call;_PyEval_EvalFrameDefault;0x54cf04;PyObject_Call;_PyEval_EvalFrameDefault;0x54cf04;PyObject_Call;_PyEval_EvalFrameDefault;0x54cf04;PyObject_Call;_PyEval_EvalFrameDefault;_PyObject_Call_Prepend;0x5a30c8;PyObject_Call;_PyEval_EvalFrameDefault;0x54cf04;PyObject_Call;_PyEval_EvalFrameDefault;0x54cf04;PyObject_Call;_PyEval_EvalFrameDefault;_PyObject_Call_Prepend;0x5a30c8;_PyObject_MakeTpCall;_PyEval_EvalFrameDefault;0x54cf04;PyObject_Call;_PyEval_EvalFrameDefault;0x54cf04;PyObject_Call;_PyEval_EvalFrameDefault;0x54cf04;PyObject_Call;_PyEval_EvalFrameDefault;PyEval_EvalCode;0x607fc2;0x6b4393;_PyRun_SimpleFileObject;_PyRun_AnyFileObject;Py_RunMain;Py_BytesMain;__libc_start_call_main;__libc_start_main@@GLIBC_2.34;_start;|, 46.190356, 300.00, 115.707000
2025-11-25T20:44:51.656664Z, , 52.754227, 200.00, 115.707000
2025-11-25T20:44:51.661873Z, 0xfffffffffffffe00;0x76e32c10d57c;0x76e32c117c50;0x76e32ccae696;0x76e328a4f03a;0x76e328df727b;|, 44.101173, 500.00, 115.707000
2025-11-25T20:44:51.667130Z, 0xfffffffffffffe00;0x76e32c158870;0x76e32c11624b;0x76e32c117c50;0x76e32cb659de;cuFuncGetAttribute;0x76e224ee48b3;0x76e224f260cc;0x76e21eb4f2f5;0x76e21eb53bc0;0x76e21eb543d6;0x76e21df7f33c;0x76e21df81b91;0x76e21e0c0b59;0x76e21e0c4dcd;0x76e2bef51c11;0x76e2befc3fdf;0x76e2befc5bc2;0x76e2becdb21c;|, 49.171757, 600.00, 115.707000
2025-11-25T20:44:51.672230Z, , 49.425750, 700.00, 115.707000
2025-11-25T20:44:51.677355Z, 0xfffffffffffffe00;0x76e2bc7d0e52;0x40d03400;0x100000003;0x76e32895c170;0x85e38058b4818;|, 49.801789, 700.00, 115.707000
2025-11-25T20:44:51.682453Z, , 35.122825, 800.00, 115.707000
2025-11-25T20:44:51.687585Z, 0xfffffffffffffe00;__tls_get_addr;0x76e328a10e31;0x76e328a4d477;0x76e2be074c1a;|, 50.160078, 0.00, 115.707000
2025-11-25T20:44:51.692718Z, , 47.368016, 0.00, 115.707000
2025-11-25T20:44:51.697940Z, 0xfffffffffffffe00;0x76e32c10c9c2;0x76e32c117c50;0x76e32d7ba891;0x76e32c9c9ad5;0x76e32c9d5a28;0x76e32c9d63ce;0x76e32cba98e8;cuLaunchKernel;0x76e328a13e89;0x76e328a79f88;0x76e2bcf1c1d1;0x76e2bcf0b810;0x76e2becb4c0c;0x0;0x100000001;0x76e32895c170;0x85e38058b4818;|, 42.229790, 100.00, 115.707000
2025-11-25T20:44:51.703039Z, , 42.276304, 100.00, 115.707000
2025-11-25T20:44:51.710302Z, 0xfffffffffffffe00;0x76e32893e270;0x76e2fc2917a6;0x76e2f9e1becf;0x76e31d063b90;0x581a6f;_PyObject_MakeTpCall;_PyEval_EvalFrameDefault;0x54ce3d;_PyEval_EvalFrameDefault;0x54ce3d;_PyEval_EvalFrameDefault;_PyObject_Call_Prepend;0x5a30c8;_PyObject_MakeTpCall;_PyEval_EvalFrameDefault;0x54cf04;PyObject_Call;_PyEval_EvalFrameDefault;0x54cf04;PyObject_Call;_PyEval_EvalFrameDefault;_PyObject_Call_Prepend;0x5a30c8;_PyObject_MakeTpCall;_PyEval_EvalFrameDefault;0x54cf04;PyObject_Call;_PyEval_EvalFrameDefault;0x54cf04;PyObject_Call;_PyEval_EvalFrameDefault;0x54cf04;PyObject_Call;_PyEval_EvalFrameDefault;PyEval_EvalCode;0x607fc2;0x6b4393;_PyRun_SimpleFileObject;_PyRun_AnyFileObject;Py_RunMain;Py_BytesMain;__libc_start_call_main;__libc_start_main@@GLIBC_2.34;_start;|, 44.162913, 200.00, 115.707000
2025-11-25T20:44:51.715409Z, , 49.903033, 300.00, 115.707000
2025-11-25T20:44:51.723490Z, 0xfffffffffffffe00;0x76e32897a020;0x581a6f;_PyObject_MakeTpCall;_PyEval_EvalFrameDefault;0x54cf04;PyObject_Call;_PyEval_EvalFrameDefault;0x54cf04;PyObject_Call;_PyEval_EvalFrameDefault;_PyObject_Call_Prepend;0x5a30c8;PyObject_Call;_PyEval_EvalFrameDefault;0x54cf04;PyObject_Call;_PyEval_EvalFrameDefault;0x54cf04;PyObject_Call;_PyEval_EvalFrameDefault;0x54cf04;PyObject_Call;_PyEval_EvalFrameDefault;_PyObject_Call_Prepend;0x5a30c8;PyObject_Call;_PyEval_EvalFrameDefault;0x54cf04;PyObject_Call;_PyEval_EvalFrameDefault;0x54cf04;PyObject_Call;_PyEval_EvalFrameDefault;_PyObject_Call_Prepend;0x5a30c8;_PyObject_MakeTpCall;_PyEval_EvalFrameDefault;0x54cf04;PyObject_Call;_PyEval_EvalFrameDefault;0x54cf04;PyObject_Call;_PyEval_EvalFrameDefault;0x54cf04;PyObject_Call;_PyEval_EvalFrameDefault;PyEval_EvalCode;0x607fc2;0x6b4393;_PyRun_SimpleFileObject;_PyRun_AnyFileObject;Py_RunMain;Py_BytesMain;__libc_start_call_main;__libc_start_main@@GLIBC_2.34;_start;|, 42.581754, 400.00, 115.707000
2025-11-25T20:44:51.729950Z, 0xfffffffffffffe00;_PyEval_EvalFrameDefault;0x54ce3d;_PyEval_EvalFrameDefault;_PyObject_Call_Prepend;0x5a30c8;_PyObject_MakeTpCall;_PyEval_EvalFrameDefault;0x54cf04;PyObject_Call;_PyEval_EvalFrameDefault;0x54cf04;PyObject_Call;_PyEval_EvalFrameDefault;_PyObject_Call_Prepend;0x5a30c8;_PyObject_MakeTpCall;_PyEval_EvalFrameDefault;0x54cf04;PyObject_Call;_PyEval_EvalFrameDefault;0x54cf04;PyObject_Call;_PyEval_EvalFrameDefault;0x54cf04;PyObject_Call;_PyEval_EvalFrameDefault;PyEval_EvalCode;0x607fc2;0x6b4393;_PyRun_SimpleFileObject;_PyRun_AnyFileObject;Py_RunMain;Py_BytesMain;__libc_start_call_main;__libc_start_main@@GLIBC_2.34;_start;|, 51.954901, 250.00, 115.707000
2025-11-25T20:44:51.735054Z, , 53.018275, 300.00, 115.707000
2025-11-25T20:44:51.740266Z, 0xfffffffffffffe00;0x76e32c228530;0x76e32ccae696;0x76e224f4a3cd;0x76e21ec671c5;0x76e21eb52a19;0x76e21df81c1e;0x76e21e0c0b59;0x76e21e0c4dcd;0x76e2bef51c11;0x76e2befc3fdf;0x76e2befc5bc2;0x76e2becdb21c;|, 47.004209, 700.00, 115.707000
2025-11-25T20:44:51.745397Z, , 47.657345, 700.00, 115.707000
2025-11-25T20:44:51.753043Z, 0xfffffffffffffe00;0x76e2bec86870;0x76e2becda881;0x76e2becda91f;0x76e2fbfe1a6a;0x76e2fbfe22e2;0x76e31d132733;0x581a6f;_PyObject_MakeTpCall;_PyEval_EvalFrameDefault;0x54cf04;PyObject_Call;_PyEval_EvalFrameDefault;0x54cf04;PyObject_Call;_PyEval_EvalFrameDefault;_PyObject_Call_Prepend;0x5a30c8;PyObject_Call;_PyEval_EvalFrameDefault;0x54cf04;PyObject_Call;_PyEval_EvalFrameDefault;0x54cf04;PyObject_Call;_PyEval_EvalFrameDefault;0x54cf04;PyObject_Call;_PyEval_EvalFrameDefault;_PyObject_Call_Prepend;0x5a30c8;PyObject_Call;_PyEval_EvalFrameDefault;0x54cf04;PyObject_Call;_PyEval_EvalFrameDefault;0x54cf04;PyObject_Call;_PyEval_EvalFrameDefault;_PyObject_Call_Prepend;0x5a30c8;_PyObject_MakeTpCall;_PyEval_EvalFrameDefault;0x54cf04;PyObject_Call;_PyEval_EvalFrameDefault;0x54cf04;PyObject_Call;_PyEval_EvalFrameDefault;0x54cf04;PyObject_Call;_PyEval_EvalFrameDefault;PyEval_EvalCode;0x607fc2;0x6b4393;_PyRun_SimpleFileObject;_PyRun_AnyFileObject;Py_RunMain;Py_BytesMain;__libc_start_call_main;__libc_start_main@@GLIBC_2.34;_start;|, 39.918533, 800.00, 115.707000
2025-11-25T20:44:51.758554Z, 0xfffffffffffffe00;0x76e32d7ba853;0x76e32c9c9ad5;0x76e32c9d5a28;0x76e32c9d63ce;0x76e32cba98e8;cuLaunchKernel;0x76e224ee3eb6;0x76e224f4a3f8;0x76e21ea715fa;0x76e21ea9cc13;0x76e21eb52d3a;0x76e21df81c1e;0x76e21e0c0b59;0x76e21e0c4dcd;0x76e2bef51c11;0x76e2befc3fdf;0x76e2befc5bc2;0x76e2becdb21c;|, 56.977043, 450.00, 115.707000
2025-11-25T20:44:51.763793Z, , 48.231618, 1000.00, 115.707000
2025-11-25T20:44:51.769242Z, 0xfffffffffffffe00;0x76e32c116344;0x76e32c117c50;0x76e32cb330e7;cuCtxGetDevice;0x76e328a11116;0x76e328a4f042;0x76e328df7115;0x0;|, 48.041307, 1000.00, 115.707000
2025-11-25T20:44:51.774638Z, , 31.866948, 0.00, 115.707000
2025-11-25T20:44:51.779940Z, 0xfffffffffffffe00;0x76e32895de06;0x7fffec1fe198;0x10001;0x76e2bc667cb0;0x841f0f;|, 56.540866, 100.00, 115.707000
2025-11-25T20:44:51.785131Z, , 54.944762, 100.00, 115.707000
2025-11-25T20:44:51.790506Z, 0xfffffffffffffe00;0x76e31c4bb7a0;0x3000;0x76e31d9878c0;0x76e31c4bc020;0x4810c08348001bae;|, 37.963044, 200.00, 115.707000
2025-11-25T20:44:51.795775Z, , 53.423412, 300.00, 115.707000
2025-11-25T20:44:51.801140Z, 0xfffffffffffffe00;0x76e328dc26c3;0x76e328dde944;0x76e328de0c05;0x76e2f8bd64ad;0x1;0x76e328dc7ec0;0x5554415541564100;|, 42.868798, 300.00, 115.707000
2025-11-25T20:44:51.806536Z, , 47.737551, 0.00, 115.707000
2025-11-25T20:44:51.811874Z, 0xfffffffffffffe00;0x76e32c115325;0x76e32c11624b;0x76e32c117c50;0x76e32cb330ab;cuCtxGetDevice;0x76e328a11116;0x76e328a4f042;0x76e328df6dc2;0x6475632f3031632f;|, 52.070739, 100.00, 115.707000
2025-11-25T20:44:51.817472Z, 0xfffffffffffffe00;pthread_getspecific@@GLIBC_2.34;0x76e32c9a21b3;0x76e32cb65a49;cuFuncGetAttribute;0x76e224ee49d5;0x76e224f260cc;0x76e21eb4f2f5;0x76e21eb53bc0;0x76e21eb543d6;0x76e21df7f33c;0x76e21df81b91;0x76e21e0c0b59;0x76e21e0c4dcd;0x76e2bef51c11;0x76e2befc3fdf;0x76e2befc5bc2;0x76e2becdb21c;|, 44.238558, 100.00, 115.707000
2025-11-25T20:44:51.822830Z, , 53.022869, 0.00, 115.707000
2025-11-25T20:44:51.828244Z, 0xfffffffffffffe00;0x76e21e01326f;0x76e21e0c0849;0x76e21e0c4dcd;0x76e2bef51c11;0x76e2befc3fdf;0x76e2befc5bc2;0x76e2becdb21c;|, 44.814033, 33.33, 115.707000
2025-11-25T20:44:51.833646Z, , 50.818136, 0.00, 115.707000
2025-11-25T20:44:51.839006Z, 0xfffffffffffffe00;0x76e2f935c828;0x76e2f935cb76;|, 46.653694, 100.00, 115.707000
2025-11-25T20:44:51.844445Z, , 43.335765, 200.00, 115.707000
2025-11-25T20:44:51.849907Z, 0xfffffffffffffe00;0x76e32ca2bca0;0x76e32caf22c3;0x76e32d751fd5;0x76e32c9f6cbb;0x76e32cba87e1;cuStreamSynchronize;0x76e328a12683;0x76e328a79ca1;0x76e2bcfcef18;0x76e2bcfd04b5;0x0;0x100000001;0x76e32895c170;0x85e38058b4818;|, 49.765319, 300.00, 115.707000
2025-11-25T20:44:51.855255Z, , 52.373056, 400.00, 115.707000
2025-11-25T20:44:51.860661Z, 0xfffffffffffffe00;0x76e32c150870;0x76e32c11624b;0x76e32c117c50;0x76e32cb330ab;cuCtxGetDevice;0x76e328a11116;0x76e328a4f042;0x76e328df7115;0x78000076e3;|, 48.073164, 400.00, 115.707000
2025-11-25T20:44:51.865912Z, , 40.364933, 0.00, 115.707000
2025-11-25T20:44:51.873378Z, 0xfffffffffffffe00;_PyEval_EvalFrameDefault;0x54ce3d;_PyEval_EvalFrameDefault;_PyObject_Call_Prepend;0x5a30c8;_PyObject_MakeTpCall;_PyEval_EvalFrameDefault;0x54ce3d;_PyEval_EvalFrameDefault;0x54ce3d;_PyEval_EvalFrameDefault;_PyObject_Call_Prepend;0x5a30c8;_PyObject_MakeTpCall;_PyEval_EvalFrameDefault;0x54cf04;PyObject_Call;_PyEval_EvalFrameDefault;0x54cf04;PyObject_Call;_PyEval_EvalFrameDefault;0x54cf04;PyObject_Call;_PyEval_EvalFrameDefault;_PyObject_Call_Prepend;0x5a30c8;PyObject_Call;_PyEval_EvalFrameDefault;0x54cf04;PyObject_Call;_PyEval_EvalFrameDefault;0x54cf04;PyObject_Call;_PyEval_EvalFrameDefault;_PyObject_Call_Prepend;0x5a30c8;_PyObject_MakeTpCall;_PyEval_EvalFrameDefault;0x54cf04;PyObject_Call;_PyEval_EvalFrameDefault;0x54cf04;PyObject_Call;_PyEval_EvalFrameDefault;0x54cf04;PyObject_Call;_PyEval_EvalFrameDefault;PyEval_EvalCode;0x607fc2;0x6b4393;_PyRun_SimpleFileObject;_PyRun_AnyFileObject;Py_RunMain;Py_BytesMain;__libc_start_call_main;__libc_start_main@@GLIBC_2.34;_start;|, 49.890464, 50.00, 115.707000
2025-11-25T20:44:51.878733Z, 0xfffffffffffffe00;0x76e32895ab8d;|, 49.314948, 200.00, 115.707000
2025-11-25T20:44:51.884074Z, , 46.537644, 300.00, 115.707000
2025-11-25T20:44:51.889470Z, 0xfffffffffffffe00;0x76e2f90df3e3;|, 48.547392, 150.00, 115.707000
2025-11-25T20:44:51.894817Z, , 45.352821, 0.00, 115.707000
2025-11-25T20:44:51.901286Z, 0xfffffffffffffe00;_PyObject_GenericGetAttrWithDict;PyObject_GetAttr;_PyEval_EvalFrameDefault;_PyObject_Call_Prepend;0x59da4f;0x599513;_PyObject_MakeTpCall;_PyEval_EvalFrameDefault;0x54cf04;PyObject_Call;_PyEval_EvalFrameDefault;0x54cf04;PyObject_Call;_PyEval_EvalFrameDefault;0x54cf04;PyObject_Call;_PyEval_EvalFrameDefault;PyEval_EvalCode;0x607fc2;0x6b4393;_PyRun_SimpleFileObject;_PyRun_AnyFileObject;Py_RunMain;Py_BytesMain;__libc_start_call_main;__libc_start_main@@GLIBC_2.34;_start;|, 40.875385, 50.00, 115.707000
2025-11-25T20:44:51.906635Z, , 48.343117, 100.00, 115.707000
2025-11-25T20:44:51.912036Z, 0xfffffffffffffe00;free;0x76e328dbba86;0xf5974e2b00000000;0x9066c3c0920f0674;|, 50.347098, 200.00, 115.707000
2025-11-25T20:44:51.919595Z, 0xfffffffffffffe00;PyDict_New;0x5d4fbf;0x54ce3d;_PyEval_EvalFrameDefault;_PyObject_Call_Prepend;0x5a30c8;_PyObject_MakeTpCall;_PyEval_EvalFrameDefault;0x54cf04;PyObject_Call;_PyEval_EvalFrameDefault;0x54cf04;PyObject_Call;_PyEval_EvalFrameDefault;_PyObject_Call_Prepend;0x5a30c8;PyObject_Call;_PyEval_EvalFrameDefault;0x54cf04;PyObject_Call;_PyEval_EvalFrameDefault;0x54cf04;PyObject_Call;_PyEval_EvalFrameDefault;0x54cf04;PyObject_Call;_PyEval_EvalFrameDefault;_PyObject_Call_Prepend;0x5a30c8;PyObject_Call;_PyEval_EvalFrameDefault;0x54cf04;PyObject_Call;_PyEval_EvalFrameDefault;0x54cf04;PyObject_Call;_PyEval_EvalFrameDefault;_PyObject_Call_Prepend;0x5a30c8;_PyObject_MakeTpCall;_PyEval_EvalFrameDefault;0x54cf04;PyObject_Call;_PyEval_EvalFrameDefault;0x54cf04;PyObject_Call;_PyEval_EvalFrameDefault;0x54cf04;PyObject_Call;_PyEval_EvalFrameDefault;PyEval_EvalCode;0x607fc2;0x6b4393;_PyRun_SimpleFileObject;_PyRun_AnyFileObject;Py_RunMain;Py_BytesMain;__libc_start_call_main;__libc_start_main@@GLIBC_2.34;_start;|, 46.251909, 300.00, 115.707000
2025-11-25T20:44:51.924962Z, , 46.249407, 400.00, 115.707000
2025-11-25T20:44:51.930443Z, 0xfffffffffffffe00;0x76e2f9cf06dd;0x76e2bea98563;0x76e2beabd372;0x76e2beda901a;0x76e2beda90e1;|, 47.913134, 500.00, 115.707000
2025-11-25T20:44:51.935827Z, , 51.647687, 500.00, 115.707000
2025-11-25T20:44:51.943157Z, 0xfffffffffffffe00;0x5a3620;_PyEval_EvalFrameDefault;0x54ce3d;_PyEval_EvalFrameDefault;0x54ce3d;_PyEval_EvalFrameDefault;_PyObject_Call_Prepend;0x5a30c8;_PyObject_MakeTpCall;_PyEval_EvalFrameDefault;0x54cf04;PyObject_Call;_PyEval_EvalFrameDefault;0x54cf04;PyObject_Call;_PyEval_EvalFrameDefault;0x54cf04;PyObject_Call;_PyEval_EvalFrameDefault;_PyObject_Call_Prepend;0x5a30c8;PyObject_Call;_PyEval_EvalFrameDefault;0x54cf04;PyObject_Call;_PyEval_EvalFrameDefault;0x54cf04;PyObject_Call;_PyEval_EvalFrameDefault;_PyObject_Call_Prepend;0x5a30c8;_PyObject_MakeTpCall;_PyEval_EvalFrameDefault;0x54cf04;PyObject_Call;_PyEval_EvalFrameDefault;0x54cf04;PyObject_Call;_PyEval_EvalFrameDefault;0x54cf04;PyObject_Call;_PyEval_EvalFrameDefault;PyEval_EvalCode;0x607fc2;0x6b4393;_PyRun_SimpleFileObject;_PyRun_AnyFileObject;Py_RunMain;Py_BytesMain;__libc_start_call_main;__libc_start_main@@GLIBC_2.34;_start;|, 47.493144, 600.00, 115.707000
2025-11-25T20:44:51.949523Z, 0xfffffffffffffe00;0x571fcf;0x572ccb;0x576e4e;_PyObject_MakeTpCall;_PyEval_EvalFrameDefault;PyObject_Call;0x64e874;_PyObject_MakeTpCall;PyObject_Vectorcall;_PyEval_EvalFrameDefault;0x54cf04;PyObject_Call;_PyEval_EvalFrameDefault;PyEval_EvalCode;0x607fc2;0x6b4393;_PyRun_SimpleFileObject;_PyRun_AnyFileObject;Py_RunMain;Py_BytesMain;__libc_start_call_main;__libc_start_main@@GLIBC_2.34;_start;|, 44.559067, 700.00, 115.707000
2025-11-25T20:44:51.954870Z, , 53.680059, 400.00, 115.707000
2025-11-25T20:44:51.960313Z, 0xfffffffffffffe00;pthread_rwlock_wrlock@@GLIBC_2.34;0x76e32c9d58db;0x76e32c9d63ce;0x76e32cba98e8;cuLaunchKernel;0x76e224ee3eb6;0x76e224f4a3f8;0x76e21ec673c5;0x76e21eb5252c;0x76e21df81c1e;0x76e21e0c0b59;0x76e21e0c4dcd;0x76e2bef51c11;0x76e2befc3fdf;0x76e2befc5bc2;0x76e2becdb21c;|, 52.006485, 0.00, 115.707000
2025-11-25T20:44:51.965558Z, , 44.664674, 0.00, 115.707000
2025-11-25T20:44:51.970745Z, 0xfffffffffffffe00;0x76e328a0d860;0x76e328a4ef2a;0x76e328df7115;0x0;|, 59.171571, 100.00, 115.707000
2025-11-25T20:44:51.975930Z, , 40.951326, 200.00, 115.707000
2025-11-25T20:44:51.981124Z, 0xfffffffffffffe00;0x76e31c4bb8e0;|, 55.732556, 200.00, 115.707000
2025-11-25T20:44:51.986315Z, , 43.674425, 300.00, 115.707000
2025-11-25T20:44:51.991652Z, 0xfffffffffffffe00;pthread_getspecific@@GLIBC_2.34;0x76e32c103e99;0x76e32c117c21;0x76e32cb659de;cuFuncGetAttribute;0x76e224ee49ff;0x76e224f260cc;0x76e21eb4f2f5;0x76e21eb53bc0;0x76e21eb543d6;0x76e21df7f33c;0x76e21df81b91;0x76e21e0c0b59;0x76e21e0c4dcd;0x76e2bef51c11;0x76e2befc3fdf;0x76e2befc5bc2;0x76e2becdb21c;|, 58.753761, 200.00, 115.707000
2025-11-25T20:44:51.996837Z, 0xfffffffffffffe00;0x76e32895d97c;|, 52.055651, 0.00, 115.675000
2025-11-25T20:44:52.002020Z, , 47.001700, 0.00, 115.675000
2025-11-25T20:44:52.009655Z, 0xfffffffffffffe00;0x5a3de5;_PyObject_GenericGetAttrWithDict;0x5a372c;PyObject_GetAttr;_PyEval_EvalFrameDefault;PyObject_Vectorcall;0x5a379d;PyObject_GetAttr;_PyEval_EvalFrameDefault;0x54ce3d;_PyEval_EvalFrameDefault;0x54ce3d;_PyEval_EvalFrameDefault;_PyObject_Call_Prepend;0x5a30c8;_PyObject_MakeTpCall;_PyEval_EvalFrameDefault;0x54cf04;PyObject_Call;_PyEval_EvalFrameDefault;0x54cf04;PyObject_Call;_PyEval_EvalFrameDefault;_PyObject_Call_Prepend;0x5a30c8;PyObject_Call;_PyEval_EvalFrameDefault;0x54cf04;PyObject_Call;_PyEval_EvalFrameDefault;0x54cf04;PyObject_Call;_PyEval_EvalFrameDefault;0x54cf04;PyObject_Call;_PyEval_EvalFrameDefault;_PyObject_Call_Prepend;0x5a30c8;PyObject_Call;_PyEval_EvalFrameDefault;0x54cf04;PyObject_Call;_PyEval_EvalFrameDefault;0x54cf04;PyObject_Call;_PyEval_EvalFrameDefault;_PyObject_Call_Prepend;0x5a30c8;_PyObject_MakeTpCall;_PyEval_EvalFrameDefault;0x54cf04;PyObject_Call;_PyEval_EvalFrameDefault;0x54cf04;PyObject_Call;_PyEval_EvalFrameDefault;0x54cf04;PyObject_Call;_PyEval_EvalFrameDefault;PyEval_EvalCode;0x607fc2;0x6b4393;_PyRun_SimpleFileObject;_PyRun_AnyFileObject;Py_RunMain;Py_BytesMain;__libc_start_call_main;__libc_start_main@@GLIBC_2.34;_start;|, 58.265369, 100.00, 115.675000
2025-11-25T20:44:52.014812Z, , 52.131645, 66.67, 115.675000
2025-11-25T20:44:52.020011Z, 0xfffffffffffffe00;0x76e2f842fbe0;0x76e2fa0ed2a5;0x7fffec1fba01;|, 50.998570, 200.00, 115.675000
2025-11-25T20:44:52.025267Z, , 50.949528, 300.00, 115.675000
2025-11-25T20:44:52.032790Z, 0xfffffffffffffe00;0x76e31d01d423;0x551768;PyObject_Vectorcall;_PyEval_EvalFrameDefault;0x54ce3d;_PyEval_EvalFrameDefault;0x54ce3d;_PyEval_EvalFrameDefault;_PyObject_Call_Prepend;0x5a30c8;_PyObject_MakeTpCall;_PyEval_EvalFrameDefault;0x54cf04;PyObject_Call;_PyEval_EvalFrameDefault;0x54cf04;PyObject_Call;_PyEval_EvalFrameDefault;_PyObject_Call_Prepend;0x5a30c8;PyObject_Call;_PyEval_EvalFrameDefault;0x54cf04;PyObject_Call;_PyEval_EvalFrameDefault;0x54cf04;PyObject_Call;_PyEval_EvalFrameDefault;0x54cf04;PyObject_Call;_PyEval_EvalFrameDefault;_PyObject_Call_Prepend;0x5a30c8;PyObject_Call;_PyEval_EvalFrameDefault;0x54cf04;PyObject_Call;_PyEval_EvalFrameDefault;0x54cf04;PyObject_Call;_PyEval_EvalFrameDefault;_PyObject_Call_Prepend;0x5a30c8;_PyObject_MakeTpCall;_PyEval_EvalFrameDefault;0x54cf04;PyObject_Call;_PyEval_EvalFrameDefault;0x54cf04;PyObject_Call;_PyEval_EvalFrameDefault;0x54cf04;PyObject_Call;_PyEval_EvalFrameDefault;PyEval_EvalCode;0x607fc2;0x6b4393;_PyRun_SimpleFileObject;_PyRun_AnyFileObject;Py_RunMain;Py_BytesMain;__libc_start_call_main;__libc_start_main@@GLIBC_2.34;_start;|, 45.757960, 400.00, 115.675000
2025-11-25T20:44:52.037999Z, 0xfffffffffffffe00;0x76e32c1490fa;0x76e32c131360;0x76e32c158bee;0x76e32c10d695;0x76e32c117c50;0x76e32ccae696;0x76e224f4a43b;0x76e21eb4e285;0x76e21eb52a19;0x76e21df81c1e;0x76e21e0c0b59;0x76e21e0c4dcd;0x76e2bef51c11;0x76e2befc3fdf;0x76e2befc5bc2;0x76e2becdb21c;|, 47.698624, 600.00, 115.675000
2025-11-25T20:44:52.043179Z, , 65.618207, 600.00, 115.675000
2025-11-25T20:44:52.048474Z, 0xfffffffffffffe00;__pthread_mutex_lock@GLIBC_2.2.5;0x76e2fc0516ac;0x7fffec1fe101;0x100000002;0x76e32895c170;0x85e38058b4818;|, 56.057119, 350.00, 115.675000
2025-11-25T20:44:52.053652Z, , 54.888942, 800.00, 115.675000
2025-11-25T20:44:52.059118Z, 0xfffffffffffffe00;0x5994fc;_PyObject_MakeTpCall;PyObject_CallOneArg;_PyErr_SetObject;PyErr_Format;_PyObject_GenericGetAttrWithDict;0x76e31d787b89;PyType_Type;|, 46.316183, 800.00, 115.675000
2025-11-25T20:44:52.064343Z, , 43.533740, 450.00, 115.675000
2025-11-25T20:44:52.069667Z, 0xfffffffffffffe00;0x76e32ca61280;0x76e32d7b94c3;0x76e32c9c9ad5;0x76e32c9d5a28;0x76e32c9d63ce;0x76e32cba98e8;cuLaunchKernel;0x76e328a13e89;0x76e328a79f88;0x76e2be82c47d;|, 29.453355, 0.00, 115.675000
2025-11-25T20:44:52.074921Z, , 53.996987, 0.00, 115.675000
2025-11-25T20:44:52.080210Z, 0xfffffffffffffe00;0x76e32c1490fa;0x76e32c131360;0x76e32c158bee;0x76e32c10d695;0x76e32c117c50;0x76e32ccae696;0x76e328a4f082;0x76e328df6dc2;0x6475632f3031632f;|, 41.895368, 100.00, 115.675000
2025-11-25T20:44:52.085464Z, , 36.263378, 200.00, 115.675000
2025-11-25T20:44:52.090800Z, 0xfffffffffffffe00;pthread_getspecific@@GLIBC_2.34;0x76e32c1152d7;0x76e32c11624b;0x76e32c117c50;0x76e32cb330ab;cuCtxGetDevice;0x76e328a11116;0x76e328a4f042;0x76e328df727b;|, 46.231840, 200.00, 115.675000
2025-11-25T20:44:52.096052Z, , 36.855251, 300.00, 115.675000
2025-11-25T20:44:52.101413Z, 0xfffffffffffffe00;0x76e332b53c36;clock_gettime@@GLIBC_2.17;cuptiGetTimestamp;0x76e32c158b21;0x76e32c10d60a;0x76e32c117c50;0x76e32ccae696;0x76e328a79f5d;0x76e2bd92c715;0x1;|, 41.089089, 400.00, 115.675000
2025-11-25T20:44:52.106710Z, , 47.874297, 400.00, 115.675000
2025-11-25T20:44:52.112080Z, 0xfffffffffffffe00;0x76e32c117d5b;0x76e32cb65a1d;cuFuncGetAttribute;0x76e224ee49c0;0x76e224f260cc;0x76e21eb4f2f5;0x76e21eb53bc0;0x76e21eb543d6;0x76e21df7f33c;0x76e21df81b91;0x76e21e0c0b59;0x76e21e0c4dcd;0x76e2bef51c11;0x76e2befc3fdf;0x76e2befc5bc2;0x76e2becdb21c;|, 52.291912, 500.00, 115.675000
2025-11-25T20:44:52.117427Z, 0xfffffffffffffe00;0x76e32c15d030;0x76e32c10c62b;0x76e32c117c50;0x76e32d7b98b2;0x76e32c9c9ad5;0x76e32c9d5a28;0x76e32c9d63ce;0x76e32cba98e8;cuLaunchKernel;0x76e328a13e89;0x76e328a79f88;0x76e2bef12f5a;0x76e2beeec366;0x76e2beeec4f9;0x0;0x100000001;0x76e32895c170;0x85e38058b4818;|, 34.331879, 600.00, 115.675000
2025-11-25T20:44:52.122636Z, , 46.376345, 700.00, 115.675000
2025-11-25T20:44:52.130814Z, 0xfffffffffffffe00;PySequence_Contains;0x54cf04;PyObject_Call;_PyEval_EvalFrameDefault;0x54cf04;PyObject_Call;_PyEval_EvalFrameDefault;_PyObject_Call_Prepend;0x5a30c8;PyObject_Call;_PyEval_EvalFrameDefault;0x54cf04;PyObject_Call;_PyEval_EvalFrameDefault;0x54cf04;PyObject_Call;_PyEval_EvalFrameDefault;0x54cf04;PyObject_Call;_PyEval_EvalFrameDefault;_PyObject_Call_Prepend;0x5a30c8;PyObject_Call;_PyEval_EvalFrameDefault;0x54cf04;PyObject_Call;_PyEval_EvalFrameDefault;0x54cf04;PyObject_Call;_PyEval_EvalFrameDefault;_PyObject_Call_Prepend;0x5a30c8;_PyObject_MakeTpCall;_PyEval_EvalFrameDefault;0x54cf04;PyObject_Call;_PyEval_EvalFrameDefault;0x54cf04;PyObject_Call;_PyEval_EvalFrameDefault;0x54cf04;PyObject_Call;_PyEval_EvalFrameDefault;PyEval_EvalCode;0x607fc2;0x6b4393;_PyRun_SimpleFileObject;_PyRun_AnyFileObject;Py_RunMain;Py_BytesMain;__libc_start_call_main;__libc_start_main@@GLIBC_2.34;_start;|, 42.894586, 350.00, 115.675000
2025-11-25T20:44:52.136393Z, , 39.374824, 900.00, 115.675000
2025-11-25T20:44:52.141811Z, 0xfffffffffffffe00;0x76e32c158b94;0x76e32c10d695;0x76e32c117c50;0x76e32ccae696;0x76e328a79fcb;0x76e2bec85d62;|, 37.366050, 1000.00, 115.675000
2025-11-25T20:44:52.148422Z, 0xfffffffffffffe00;_PyEval_EvalFrameDefault;_PyObject_Call_Prepend;0x59da4f;0x599513;_PyObject_MakeTpCall;_PyEval_EvalFrameDefault;PyObject_Call;0x64e874;_PyObject_MakeTpCall;PyObject_Vectorcall;_PyEval_EvalFrameDefault;PyEval_EvalCode;0x607fc2;0x6b4393;_PyRun_SimpleFileObject;_PyRun_AnyFileObject;Py_RunMain;Py_BytesMain;__libc_start_call_main;__libc_start_main@@GLIBC_2.34;_start;|, 56.399412, 1100.00, 115.675000
2025-11-25T20:44:52.153865Z, , 51.668092, 1200.00, 115.675000
2025-11-25T20:44:52.159438Z, 0xfffffffffffffe00;pthread_mutex_unlock@@GLIBC_2.2.5;0x76e328de0d13;0x0;|, 45.719569, 1200.00, 115.675000
2025-11-25T20:44:52.164913Z, , 38.700548, 1300.00, 115.675000
2025-11-25T20:44:52.173493Z, 0xfffffffffffffe00;_PyObject_GenericGetAttrWithDict;0x5a372c;PyObject_GetAttr;_PyEval_EvalFrameDefault;0x54ce3d;_PyEval_EvalFrameDefault;0x54ce3d;_PyEval_EvalFrameDefault;_PyObject_Call_Prepend;0x5a30c8;_PyObject_MakeTpCall;_PyEval_EvalFrameDefault;0x54ce3d;_PyEval_EvalFrameDefault;0x54ce3d;_PyEval_EvalFrameDefault;_PyObject_Call_Prepend;0x5a30c8;_PyObject_MakeTpCall;_PyEval_EvalFrameDefault;0x54cf04;PyObject_Call;_PyEval_EvalFrameDefault;0x54cf04;PyObject_Call;_PyEval_EvalFrameDefault;0x54cf04;PyObject_Call;_PyEval_EvalFrameDefault;_PyObject_Call_Prepend;0x5a30c8;PyObject_Call;_PyEval_EvalFrameDefault;0x54cf04;PyObject_Call;_PyEval_EvalFrameDefault;0x54cf04;PyObject_Call;_PyEval_EvalFrameDefault;_PyObject_Call_Prepend;0x5a30c8;_PyObject_MakeTpCall;_PyEval_EvalFrameDefault;0x54cf04;PyObject_Call;_PyEval_EvalFrameDefault;0x54cf04;PyObject_Call;_PyEval_EvalFrameDefault;0x54cf04;PyObject_Call;_PyEval_EvalFrameDefault;PyEval_EvalCode;0x607fc2;0x6b4393;_PyRun_SimpleFileObject;_PyRun_AnyFileObject;Py_RunMain;Py_BytesMain;__libc_start_call_main;__libc_start_main@@GLIBC_2.34;_start;|, 36.470277, 1400.00, 115.675000
2025-11-25T20:44:52.179057Z, 0xfffffffffffffe00;0x76e32c11633b;0x76e32c117c50;0x76e32cba9849;cuLaunchKernel;0x76e328a13e89;0x76e328a79f88;0x76e2be075840;|, 58.390106, 750.00, 115.675000
2025-11-25T20:44:52.184559Z, , 39.554823, 1600.00, 115.675000
2025-11-25T20:44:52.190230Z, 0xfffffffffffffe00;pthread_rwlock_unlock@@GLIBC_2.34;0x76e32c9d5a43;0x76e32c9d63ce;0x76e32cba98e8;cuLaunchKernel;0x76e328a13e89;0x76e328a79f88;0x76e2bcf1c1d1;0x76e2bcf0b810;0x76e2becb4c0c;0x0;0x100000001;0x76e32895c170;0x85e38058b4818;|, 49.026401, 1600.00, 115.675000
2025-11-25T20:44:52.195713Z, , 52.083409, 1700.00, 115.675000
2025-11-25T20:44:52.201290Z, 0xfffffffffffffe00;0x76e32c117bdc;0x76e32cb330ab;cuCtxGetDevice;0x76e328a11116;0x76e328a4f042;0x76e328df7115;0x7fff;|, 35.392758, 1800.00, 115.675000
2025-11-25T20:44:52.206746Z, , 50.279302, 1900.00, 115.675000
2025-11-25T20:44:52.215145Z, 0xfffffffffffffe00;pthread_mutex_unlock@@GLIBC_2.2.5;0x5fb43c;PyEval_RestoreThread;0x76e31d03931d;0x551768;PyObject_Vectorcall;_PyEval_EvalFrameDefault;0x54cf04;PyObject_Call;_PyEval_EvalFrameDefault;0x54cf04;PyObject_Call;_PyEval_EvalFrameDefault;_PyObject_Call_Prepend;0x5a30c8;PyObject_Call;_PyEval_EvalFrameDefault;0x54cf04;PyObject_Call;_PyEval_EvalFrameDefault;0x54cf04;PyObject_Call;_PyEval_EvalFrameDefault;0x54cf04;PyObject_Call;_PyEval_EvalFrameDefault;_PyObject_Call_Prepend;0x5a30c8;PyObject_Call;_PyEval_EvalFrameDefault;0x54cf04;PyObject_Call;_PyEval_EvalFrameDefault;0x54cf04;PyObject_Call;_PyEval_EvalFrameDefault;_PyObject_Call_Prepend;0x5a30c8;_PyObject_MakeTpCall;_PyEval_EvalFrameDefault;0x54cf04;PyObject_Call;_PyEval_EvalFrameDefault;0x54cf04;PyObject_Call;_PyEval_EvalFrameDefault;0x54cf04;PyObject_Call;_PyEval_EvalFrameDefault;PyEval_EvalCode;0x607fc2;0x6b4393;_PyRun_SimpleFileObject;_PyRun_AnyFileObject;Py_RunMain;Py_BytesMain;__libc_start_call_main;__libc_start_main@@GLIBC_2.34;_start;|, 44.459758, 1900.00, 115.675000
2025-11-25T20:44:52.220623Z, 0xfffffffffffffe00;0x76e328dc1dfc;0x76e2bef51c36;0x76e2befc3fdf;0x76e2befc5bc2;0x76e2becdb21c;|, 50.470914, 1000.00, 115.675000
2025-11-25T20:44:52.226106Z, , 45.263612, 2100.00, 115.675000
2025-11-25T20:44:52.231741Z, 0xfffffffffffffe00;0x76e332b53c36;clock_gettime@@GLIBC_2.17;cuptiGetTimestamp;0x76e32c158bc9;0x76e32c10d695;0x76e32c117c50;0x76e32ccae696;0x76e328a4f082;0x76e328df6dc2;0x6475632f3031632f;|, 49.200097, 1100.00, 115.675000
2025-11-25T20:44:52.237205Z, , 35.364322, 2300.00, 115.675000
2025-11-25T20:44:52.242848Z, 0xfffffffffffffe00;0x76e32cc078ac;0x76e32d79d554;0x76e32ca2b9f4;0x76e32caf22c3;0x76e32d751fd5;0x76e32c9f6cbb;0x76e32cba87e1;cuStreamSynchronize;0x76e328a12683;0x76e328a79ca1;0x76e2bcfcef18;0x76e2bcfd04b5;0x0;0x100000001;0x76e32895c170;0x85e38058b4818;|, 49.368501, 2300.00, 115.675000
2025-11-25T20:44:52.248384Z, 0xfffffffffffffe00;0x76e31d781360;PyFloat_Type;|, 54.902284, 2400.00, 115.675000
2025-11-25T20:44:52.253755Z, , 39.267209, 2500.00, 115.675000
2025-11-25T20:44:52.261458Z, 0xfffffffffffffe00;0x576c1e;_PyObject_MakeTpCall;_PyEval_EvalFrameDefault;0x54cf04;PyObject_Call;_PyEval_EvalFrameDefault;0x54cf04;PyObject_Call;_PyEval_EvalFrameDefault;_PyObject_Call_Prepend;0x5a30c8;PyObject_Call;_PyEval_EvalFrameDefault;0x54cf04;PyObject_Call;_PyEval_EvalFrameDefault;0x54cf04;PyObject_Call;_PyEval_EvalFrameDefault;0x54cf04;PyObject_Call;_PyEval_EvalFrameDefault;_PyObject_Call_Prepend;0x5a30c8;PyObject_Call;_PyEval_EvalFrameDefault;0x54cf04;PyObject_Call;_PyEval_EvalFrameDefault;0x54cf04;PyObject_Call;_PyEval_EvalFrameDefault;_PyObject_Call_Prepend;0x5a30c8;_PyObject_MakeTpCall;_PyEval_EvalFrameDefault;0x54cf04;PyObject_Call;_PyEval_EvalFrameDefault;0x54cf04;PyObject_Call;_PyEval_EvalFrameDefault;0x54cf04;PyObject_Call;_PyEval_EvalFrameDefault;PyEval_EvalCode;0x607fc2;0x6b4393;_PyRun_SimpleFileObject;_PyRun_AnyFileObject;Py_RunMain;Py_BytesMain;__libc_start_call_main;__libc_start_main@@GLIBC_2.34;_start;|, 60.126394, 2600.00, 115.675000
2025-11-25T20:44:52.266853Z, , 44.717274, 1300.00, 115.675000
2025-11-25T20:44:52.272333Z, 0xfffffffffffffe00;__pthread_mutex_lock@GLIBC_2.2.5;0x76e32cb35c19;cuDevicePrimaryCtxGetState;0x76e2bc672e9a;|, 45.424932, 2700.00, 115.675000
2025-11-25T20:44:52.277665Z, , 46.455962, 0.00, 115.675000
2025-11-25T20:44:52.283129Z, 0xfffffffffffffe00;0x76e328df7657;|, 43.885205, 100.00, 115.675000
2025-11-25T20:44:52.288723Z, 0xfffffffffffffe00;0x76e32c103eab;0x76e32c117c21;0x76e32cb330ab;cuCtxGetDevice;0x76e328a11116;0x76e328a4f042;0x76e328df727b;|, 44.248502, 100.00, 115.675000
2025-11-25T20:44:52.294219Z, , 52.468683, 100.00, 115.675000
2025-11-25T20:44:52.299694Z, 0xfffffffffffffe00;0x76e32c10d680;0x76e32c117c50;0x76e32ccae696;0x76e328a4f03a;0x76e328df727b;|, 38.101427, 300.00, 115.675000
2025-11-25T20:44:52.305175Z, , 47.986506, 400.00, 115.675000
2025-11-25T20:44:52.310660Z, 0xfffffffffffffe00;PyCMethod_New;PyObject_IsInstance;0x76e31d72f050;|, 47.642441, 400.00, 115.675000
2025-11-25T20:44:52.316107Z, , 43.307252, 500.00, 115.675000
2025-11-25T20:44:52.321590Z, 0xfffffffffffffe00;0x76e32c116229;0x76e32c117c50;0x76e32cb330e7;cuCtxGetDevice;0x76e328a11116;0x76e328a4f042;0x76e328df7115;0x28000076e3;|, 39.884530, 0.00, 115.675000
2025-11-25T20:44:52.327078Z, , 48.531005, 0.00, 115.675000
2025-11-25T20:44:52.332634Z, 0xfffffffffffffe00;0x76e32c1490fa;0x76e32c131360;0x76e32c158bee;0x76e32c10d695;0x76e32c117c50;0x76e32ccae696;0x76e328a4f082;0x76e328df7115;0x7fff;|, 47.189415, 100.00, 115.675000
2025-11-25T20:44:52.338112Z, , 36.744114, 200.00, 115.675000
2025-11-25T20:44:52.343734Z, 0xfffffffffffffe00;pthread_rwlock_rdlock@GLIBC_2.2.5;0x76e328a88dd1;0x76e328a4ef2a;0x76e328df727b;|, 39.446899, 300.00, 115.675000
2025-11-25T20:44:52.349204Z, 0xfffffffffffffe00;0x76e2f935c7a0;|, 42.097093, 150.00, 115.675000
2025-11-25T20:44:52.354667Z, , 35.653620, 400.00, 115.675000
2025-11-25T20:44:52.360730Z, 0xfffffffffffffe00;0x576c6d;_PyObject_MakeTpCall;_PyEval_EvalFrameDefault;PyEval_EvalCode;0x607fc2;0x6b4393;_PyRun_SimpleFileObject;_PyRun_AnyFileObject;Py_RunMain;Py_BytesMain;__libc_start_call_main;__libc_start_main@@GLIBC_2.34;_start;|, 45.968732, 0.00, 115.675000
2025-11-25T20:44:52.366202Z, , 38.051591, 50.00, 115.675000
2025-11-25T20:44:52.373499Z, 0xfffffffffffffe00;PyMethod_New;_PyObject_GenericGetAttrWithDict;0x5a372c;PyObject_GetAttr;_PyEval_EvalFrameDefault;_PyObject_Call_Prepend;0x5a30c8;_PyObject_MakeTpCall;_PyEval_EvalFrameDefault;0x54cf04;PyObject_Call;_PyEval_EvalFrameDefault;0x54cf04;PyObject_Call;_PyEval_EvalFrameDefault;0x54cf04;PyObject_Call;_PyEval_EvalFrameDefault;_PyObject_Call_Prepend;0x5a30c8;PyObject_Call;_PyEval_EvalFrameDefault;0x54cf04;PyObject_Call;_PyEval_EvalFrameDefault;0x54cf04;PyObject_Call;_PyEval_EvalFrameDefault;_PyObject_Call_Prepend;0x5a30c8;_PyObject_MakeTpCall;_PyEval_EvalFrameDefault;0x54cf04;PyObject_Call;_PyEval_EvalFrameDefault;0x54cf04;PyObject_Call;_PyEval_EvalFrameDefault;0x54cf04;PyObject_Call;_PyEval_EvalFrameDefault;PyEval_EvalCode;0x607fc2;0x6b4393;_PyRun_SimpleFileObject;_PyRun_AnyFileObject;Py_RunMain;Py_BytesMain;__libc_start_call_main;__libc_start_main@@GLIBC_2.34;_start;|, 43.525615, 100.00, 115.675000
2025-11-25T20:44:52.380942Z, 0xfffffffffffffe00;0x76e32895de06;0x7fffec1fc018;0x76e2becda881;0x76e2becda91f;0x76e2fbfe1a6a;0x76e2fbfe22e2;0x76e31d132733;0x581a6f;_PyObject_MakeTpCall;_PyEval_EvalFrameDefault;0x54cf04;PyObject_Call;_PyEval_EvalFrameDefault;0x54cf04;PyObject_Call;_PyEval_EvalFrameDefault;_PyObject_Call_Prepend;0x5a30c8;PyObject_Call;_PyEval_EvalFrameDefault;0x54cf04;PyObject_Call;_PyEval_EvalFrameDefault;0x54cf04;PyObject_Call;_PyEval_EvalFrameDefault;0x54cf04;PyObject_Call;_PyEval_EvalFrameDefault;_PyObject_Call_Prepend;0x5a30c8;PyObject_Call;_PyEval_EvalFrameDefault;0x54cf04;PyObject_Call;_PyEval_EvalFrameDefault;0x54cf04;PyObject_Call;_PyEval_EvalFrameDefault;_PyObject_Call_Prepend;0x5a30c8;_PyObject_MakeTpCall;_PyEval_EvalFrameDefault;0x54cf04;PyObject_Call;_PyEval_EvalFrameDefault;0x54cf04;PyObject_Call;_PyEval_EvalFrameDefault;0x54cf04;PyObject_Call;_PyEval_EvalFrameDefault;PyEval_EvalCode;0x607fc2;0x6b4393;_PyRun_SimpleFileObject;_PyRun_AnyFileObject;Py_RunMain;Py_BytesMain;__libc_start_call_main;__libc_start_main@@GLIBC_2.34;_start;|, 48.769778, 200.00, 115.675000
2025-11-25T20:44:52.386422Z, , 39.826693, 200.00, 115.675000
2025-11-25T20:44:52.391869Z, 0xfffffffffffffe00;0x76e21eb4f5e1;0x76e21eb53bc0;0x76e21eb543d6;0x76e21df7f33c;0x76e21df81b91;0x76e21e0c0b59;0x76e21e0c4dcd;0x76e2bef51c11;0x76e2befc3fdf;0x76e2befc5bc2;0x76e2becdb21c;|, 40.975202, 400.00, 115.675000
2025-11-25T20:44:52.397370Z, , 49.402630, 250.00, 115.675000
2025-11-25T20:44:52.404911Z, 0xfffffffffffffe00;0x57c4c0;_PyEval_EvalFrameDefault;0x54ce3d;_PyEval_EvalFrameDefault;_PyObject_Call_Prepend;0x5a30c8;_PyObject_MakeTpCall;_PyEval_EvalFrameDefault;0x54ce3d;_PyEval_EvalFrameDefault;0x54ce3d;_PyEval_EvalFrameDefault;_PyObject_Call_Prepend;0x5a30c8;_PyObject_MakeTpCall;_PyEval_EvalFrameDefault;0x54cf04;PyObject_Call;_PyEval_EvalFrameDefault;0x54cf04;PyObject_Call;_PyEval_EvalFrameDefault;0x54cf04;PyObject_Call;_PyEval_EvalFrameDefault;_PyObject_Call_Prepend;0x5a30c8;PyObject_Call;_PyEval_EvalFrameDefault;0x54cf04;PyObject_Call;_PyEval_EvalFrameDefault;0x54cf04;PyObject_Call;_PyEval_EvalFrameDefault;_PyObject_Call_Prepend;0x5a30c8;_PyObject_MakeTpCall;_PyEval_EvalFrameDefault;0x54cf04;PyObject_Call;_PyEval_EvalFrameDefault;0x54cf04;PyObject_Call;_PyEval_EvalFrameDefault;0x54cf04;PyObject_Call;_PyEval_EvalFrameDefault;PyEval_EvalCode;0x607fc2;0x6b4393;_PyRun_SimpleFileObject;_PyRun_AnyFileObject;Py_RunMain;Py_BytesMain;__libc_start_call_main;__libc_start_main@@GLIBC_2.34;_start;|, 39.459504, 600.00, 115.675000
2025-11-25T20:44:52.410419Z, 0xfffffffffffffe00;0x76e2f844fc00;0x76e2f8bd30f3;0x76e2bc67129e;0x7fffec1fb4a0;0x100000001;0x76e32895c170;0x85e38058b4818;|, 50.122096, 700.00, 115.675000
2025-11-25T20:44:52.415867Z, , 49.652327, 700.00, 115.675000
2025-11-25T20:44:52.421307Z, 0xfffffffffffffe00;pthread_getspecific@@GLIBC_2.34;0x76e224f1d875;0x76e21ea9bee0;0x76e21eb52d3a;0x76e21df81c1e;0x76e21e0c0b59;0x76e21e0c4dcd;0x76e2bef51c11;0x76e2befc3fdf;0x76e2befc5bc2;0x76e2becdb21c;|, 41.980453, 800.00, 115.675000
2025-11-25T20:44:52.426618Z, , 51.936885, 900.00, 115.675000
2025-11-25T20:44:52.431963Z, 0xfffffffffffffe00;0x76e32cb33072;cuCtxGetDevice;0x76e328a11116;0x76e328a4f042;0x76e328df6dc2;0x6475632f3031632f;|, 38.740401, 900.00, 115.675000
2025-11-25T20:44:52.437243Z, , 51.918579, 1000.00, 115.675000
2025-11-25T20:44:52.442613Z, 0xfffffffffffffe00;0x76e32ca1f172;0x76e32ca5de3b;0x76e32d79d137;0x76e32d79d585;0x76e32ca2b9f4;0x76e32caf22c3;0x76e32d751fd5;0x76e32c9f6cbb;0x76e32cba87e1;cuStreamSynchronize;0x76e328a12683;0x76e328a79ca1;0x76e2bcfcef18;0x76e2bcfd04b5;0x0;0x100000001;0x76e32895c170;0x85e38058b4818;|, 55.854090, 1100.00, 115.675000
2025-11-25T20:44:52.447874Z, , 45.127909, 1100.00, 115.675000
2025-11-25T20:44:52.453156Z, 0xfffffffffffffe00;0x76e328a3a707;0x76e328a3a524;0x76e328a22c71;0x76e2be82c2cf;|, 44.530368, 1200.00, 115.675000
2025-11-25T20:44:52.458364Z, , 41.770502, 1300.00, 115.675000
2025-11-25T20:44:52.463631Z, 0xfffffffffffffe00;0x76e32c117bec;0x76e32ccae696;0x76e328a4f03a;0x76e328df727b;|, 50.071544, 1400.00, 115.675000
2025-11-25T20:44:52.470989Z, 0xfffffffffffffe00;__tls_get_addr;0x551768;PyObject_Vectorcall;_PyEval_EvalFrameDefault;0x54cf04;PyObject_Call;_PyEval_EvalFrameDefault;0x54cf04;PyObject_Call;_PyEval_EvalFrameDefault;_PyObject_Call_Prepend;0x5a30c8;PyObject_Call;_PyEval_EvalFrameDefault;0x54cf04;PyObject_Call;_PyEval_EvalFrameDefault;0x54cf04;PyObject_Call;_PyEval_EvalFrameDefault;0x54cf04;PyObject_Call;_PyEval_EvalFrameDefault;_PyObject_Call_Prepend;0x5a30c8;PyObject_Call;_PyEval_EvalFrameDefault;0x54cf04;PyObject_Call;_PyEval_EvalFrameDefault;0x54cf04;PyObject_Call;_PyEval_EvalFrameDefault;_PyObject_Call_Prepend;0x5a30c8;_PyObject_MakeTpCall;_PyEval_EvalFrameDefault;0x54cf04;PyObject_Call;_PyEval_EvalFrameDefault;0x54cf04;PyObject_Call;_PyEval_EvalFrameDefault;0x54cf04;PyObject_Call;_PyEval_EvalFrameDefault;PyEval_EvalCode;0x607fc2;0x6b4393;_PyRun_SimpleFileObject;_PyRun_AnyFileObject;Py_RunMain;Py_BytesMain;__libc_start_call_main;__libc_start_main@@GLIBC_2.34;_start;|, 38.315857, 700.00, 115.675000
2025-11-25T20:44:52.476256Z, , 57.699317, 750.00, 115.675000
2025-11-25T20:44:52.481432Z, 0xfffffffffffffe00;0x76e2f8c7b313;0x7fffec1fc4b8;0x76e2bece51d0;0x441f0f6690c3;|, 52.167300, 0.00, 115.675000
2025-11-25T20:44:52.486584Z, , 27.504496, 0.00, 115.675000
2025-11-25T20:44:52.491783Z, 0xfffffffffffffe00;0x76e32c2cf569;0x76e32c11624b;0x76e32c117c50;0x76e32cb35b64;cuDevicePrimaryCtxGetState;0x76e2bc672e9a;|, 65.390468, 100.00, 115.675000
2025-11-25T20:44:52.496921Z, , 55.637304, 200.00, 115.635000
2025-11-25T20:44:52.502080Z, 0xfffffffffffffe00;0x76e2f9ebdf34;|, 37.351054, 0.00, 115.635000
2025-11-25T20:44:52.507371Z, , 37.645632, 50.00, 115.635000
2025-11-25T20:44:52.514639Z, 0xfffffffffffffe00;_PyEval_EvalFrameDefault;PyObject_Vectorcall;0x5a379d;PyObject_GetAttr;_PyObject_GetMethod;_PyEval_EvalFrameDefault;0x54ce3d;_PyEval_EvalFrameDefault;0x54ce3d;_PyEval_EvalFrameDefault;_PyObject_Call_Prepend;0x5a30c8;_PyObject_MakeTpCall;_PyEval_EvalFrameDefault;0x54cf04;PyObject_Call;_PyEval_EvalFrameDefault;0x54cf04;PyObject_Call;_PyEval_EvalFrameDefault;0x54cf04;PyObject_Call;_PyEval_EvalFrameDefault;_PyObject_Call_Prepend;0x5a30c8;PyObject_Call;_PyEval_EvalFrameDefault;0x54cf04;PyObject_Call;_PyEval_EvalFrameDefault;0x54cf04;PyObject_Call;_PyEval_EvalFrameDefault;_PyObject_Call_Prepend;0x5a30c8;_PyObject_MakeTpCall;_PyEval_EvalFrameDefault;0x54cf04;PyObject_Call;_PyEval_EvalFrameDefault;0x54cf04;PyObject_Call;_PyEval_EvalFrameDefault;0x54cf04;PyObject_Call;_PyEval_EvalFrameDefault;PyEval_EvalCode;0x607fc2;0x6b4393;_PyRun_SimpleFileObject;_PyRun_AnyFileObject;Py_RunMain;Py_BytesMain;__libc_start_call_main;__libc_start_main@@GLIBC_2.34;_start;|, 57.696620, 200.00, 115.635000
2025-11-25T20:44:52.519947Z, 0xfffffffffffffe00;0x76e32c150f7a;0x76e32c11576a;0x76e32c11624b;0x76e32c117c50;0x76e32cb659de;cuFuncGetAttribute;0x76e224ee4952;0x76e224f260cc;0x76e21eb4f2f5;0x76e21eb53bc0;0x76e21eb543d6;0x76e21df7f33c;0x76e21df81b91;0x76e21e0c0b59;0x76e21e0c4dcd;0x76e2bef51c11;0x76e2befc3fdf;0x76e2befc5bc2;0x76e2becdb21c;|, 36.640445, 300.00, 115.635000
2025-11-25T20:44:52.525199Z, , 49.354444, 150.00, 115.635000
2025-11-25T20:44:52.530496Z, 0xfffffffffffffe00;cuptiGetTimestamp;0x76e32c1157e8;0x76e32c11624b;0x76e32c117c50;0x76e32cb35b64;cuDevicePrimaryCtxGetState;0x76e2bc672e9a;|, 52.128150, 400.00, 115.635000
2025-11-25T20:44:52.535734Z, , 35.117866, 500.00, 115.635000
2025-11-25T20:44:52.542529Z, 0xfffffffffffffe00;0x572010;0x572ccb;0x5d5639;0x5d4fbf;0x54cf04;PyObject_Call;_PyEval_EvalFrameDefault;0x54cf04;PyObject_Call;_PyEval_EvalFrameDefault;_PyObject_Call_Prepend;0x5a30c8;PyObject_Call;_PyEval_EvalFrameDefault;0x54cf04;PyObject_Call;_PyEval_EvalFrameDefault;0x54cf04;PyObject_Call;_PyEval_EvalFrameDefault;_PyObject_Call_Prepend;0x5a30c8;_PyObject_MakeTpCall;_PyEval_EvalFrameDefault;0x54cf04;PyObject_Call;_PyEval_EvalFrameDefault;0x54cf04;PyObject_Call;_PyEval_EvalFrameDefault;0x54cf04;PyObject_Call;_PyEval_EvalFrameDefault;PyEval_EvalCode;0x607fc2;0x6b4393;_PyRun_SimpleFileObject;_PyRun_AnyFileObject;Py_RunMain;Py_BytesMain;__libc_start_call_main;__libc_start_main@@GLIBC_2.34;_start;|, 52.735524, 500.00, 115.635000
2025-11-25T20:44:52.547687Z, , 81.116619, 300.00, 115.635000
2025-11-25T20:44:52.555322Z, 0xfffffffffffffe00;0x76e31d1c41bd;0x76e31cff1656;0x5a2f54;0x6789d9;PyNumber_Multiply;_PyEval_EvalFrameDefault;0x54ce3d;_PyEval_EvalFrameDefault;0x54ce3d;_PyEval_EvalFrameDefault;_PyObject_Call_Prepend;0x5a30c8;_PyObject_MakeTpCall;_PyEval_EvalFrameDefault;0x54ce3d;_PyEval_EvalFrameDefault;0x54ce3d;_PyEval_EvalFrameDefault;_PyObject_Call_Prepend;0x5a30c8;_PyObject_MakeTpCall;_PyEval_EvalFrameDefault;0x54cf04;PyObject_Call;_PyEval_EvalFrameDefault;0x54cf04;PyObject_Call;_PyEval_EvalFrameDefault;0x54cf04;PyObject_Call;_PyEval_EvalFrameDefault;_PyObject_Call_Prepend;0x5a30c8;PyObject_Call;_PyEval_EvalFrameDefault;0x54cf04;PyObject_Call;_PyEval_EvalFrameDefault;0x54cf04;PyObject_Call;_PyEval_EvalFrameDefault;_PyObject_Call_Prepend;0x5a30c8;_PyObject_MakeTpCall;_PyEval_EvalFrameDefault;0x54cf04;PyObject_Call;_PyEval_EvalFrameDefault;0x54cf04;PyObject_Call;_PyEval_EvalFrameDefault;_PyObject_Call_Prepend;0x5a30c8;PyObject_Call;_PyEval_EvalFrameDefault;PyEval_EvalCode;0x607fc2;0x6b4393;_PyRun_SimpleFileObject;_PyRun_AnyFileObject;Py_RunMain;Py_BytesMain;__libc_start_call_main;__libc_start_main@@GLIBC_2.34;_start;|, 41.849967, 700.00, 115.635000
2025-11-25T20:44:52.560573Z, , 47.805970, 800.00, 115.635000
2025-11-25T20:44:52.565967Z, , 41.101272, 800.00, 115.635000
2025-11-25T20:44:52.571166Z, , 39.090351, 900.00, 115.635000
2025-11-25T20:44:52.576284Z, , 31.425332, 0.00, 115.635000
2025-11-25T20:44:52.583792Z, 0xfffffffffffffe00;0x61cfd0;0x61c23e;0x61bbc1;0x5fba23;_PyEval_EvalFrameDefault;0x54ce3d;_PyEval_EvalFrameDefault;0x54ce3d;_PyEval_EvalFrameDefault;_PyObject_Call_Prepend;0x5a30c8;_PyObject_MakeTpCall;_PyEval_EvalFrameDefault;0x54ce3d;_PyEval_EvalFrameDefault;0x54ce3d;_PyEval_EvalFrameDefault;_PyObject_Call_Prepend;0x5a30c8;_PyObject_MakeTpCall;_PyEval_EvalFrameDefault;0x54cf04;PyObject_Call;_PyEval_EvalFrameDefault;0x54cf04;PyObject_Call;_PyEval_EvalFrameDefault;0x54cf04;PyObject_Call;_PyEval_EvalFrameDefault;_PyObject_Call_Prepend;0x5a30c8;PyObject_Call;_PyEval_EvalFrameDefault;0x54cf04;PyObject_Call;_PyEval_EvalFrameDefault;0x54cf04;PyObject_Call;_PyEval_EvalFrameDefault;_PyObject_Call_Prepend;0x5a30c8;_PyObject_MakeTpCall;_PyEval_EvalFrameDefault;0x54cf04;PyObject_Call;_PyEval_EvalFrameDefault;0x54cf04;PyObject_Call;_PyEval_EvalFrameDefault;_PyObject_Call_Prepend;0x5a30c8;PyObject_Call;_PyEval_EvalFrameDefault;PyEval_EvalCode;0x607fc2;0x6b4393;_PyRun_SimpleFileObject;_PyRun_AnyFileObject;Py_RunMain;Py_BytesMain;__libc_start_call_main;__libc_start_main@@GLIBC_2.34;_start;|, 41.522630, 100.00, 115.635000
2025-11-25T20:44:52.591380Z, 0xfffffffffffffe00;0x57629b;0x61c23e;0x61bbc1;0x5fba23;_PyEval_EvalFrameDefault;0x54ce3d;_PyEval_EvalFrameDefault;0x54ce3d;_PyEval_EvalFrameDefault;_PyObject_Call_Prepend;0x5a30c8;_PyObject_MakeTpCall;_PyEval_EvalFrameDefault;0x54ce3d;_PyEval_EvalFrameDefault;0x54ce3d;_PyEval_EvalFrameDefault;_PyObject_Call_Prepend;0x5a30c8;_PyObject_MakeTpCall;_PyEval_EvalFrameDefault;0x54cf04;PyObject_Call;_PyEval_EvalFrameDefault;0x54cf04;PyObject_Call;_PyEval_EvalFrameDefault;0x54cf04;PyObject_Call;_PyEval_EvalFrameDefault;_PyObject_Call_Prepend;0x5a30c8;PyObject_Call;_PyEval_EvalFrameDefault;0x54cf04;PyObject_Call;_PyEval_EvalFrameDefault;0x54cf04;PyObject_Call;_PyEval_EvalFrameDefault;_PyObject_Call_Prepend;0x5a30c8;_PyObject_MakeTpCall;_PyEval_EvalFrameDefault;0x54cf04;PyObject_Call;_PyEval_EvalFrameDefault;0x54cf04;PyObject_Call;_PyEval_EvalFrameDefault;_PyObject_Call_Prepend;0x5a30c8;PyObject_Call;_PyEval_EvalFrameDefault;PyEval_EvalCode;0x607fc2;0x6b4393;_PyRun_SimpleFileObject;_PyRun_AnyFileObject;Py_RunMain;Py_BytesMain;__libc_start_call_main;__libc_start_main@@GLIBC_2.34;_start;|, 34.924540, 100.00, 115.635000
2025-11-25T20:44:52.596552Z, , 31.076689, 200.00, 115.635000
2025-11-25T20:44:52.601668Z, , 24.141264, 300.00, 115.635000
2025-11-25T20:44:52.606819Z, , 29.944841, 0.00, 115.635000
2025-11-25T20:44:52.611932Z, , 39.912898, 100.00, 115.635000
2025-11-25T20:44:52.617134Z, 0xfffffffffffffe00;0x76e32caf9286;0x76e32caf99e0;0x76e32c9d62c7;0x76e32cba98e8;cuLaunchKernel;0x76e328a13e89;0x76e328a79f88;0x76e2bcf1c1d1;0x76e2bcf0b810;0x76e2becb4c0c;0x0;0x100000001;0x76e32895c170;0x85e38058b4818;|, 35.567663, 0.00, 115.635000
2025-11-25T20:44:52.622542Z, 0xfffffffffffffe00;_int_free;free;0x76e328dd13b3;0x140f8e8d8d04f6b0;0x0;|, 37.604490, 100.00, 115.635000
2025-11-25T20:44:52.627687Z, 0xfffffffffffffe00;0x76e2bc672ea8;|, 43.748662, 200.00, 115.635000
2025-11-25T20:44:52.634859Z, 0xfffffffffffffe00;_PyEval_EvalFrameDefault;PyObject_Vectorcall;0x5a379d;PyObject_GetAttr;_PyObject_GetMethod;_PyEval_EvalFrameDefault;0x54ce3d;_PyEval_EvalFrameDefault;0x54ce3d;_PyEval_EvalFrameDefault;_PyObject_Call_Prepend;0x5a30c8;_PyObject_MakeTpCall;_PyEval_EvalFrameDefault;0x54cf04;PyObject_Call;_PyEval_EvalFrameDefault;0x54cf04;PyObject_Call;_PyEval_EvalFrameDefault;0x54cf04;PyObject_Call;_PyEval_EvalFrameDefault;_PyObject_Call_Prepend;0x5a30c8;PyObject_Call;_PyEval_EvalFrameDefault;0x54cf04;PyObject_Call;_PyEval_EvalFrameDefault;0x54cf04;PyObject_Call;_PyEval_EvalFrameDefault;_PyObject_Call_Prepend;0x5a30c8;_PyObject_MakeTpCall;_PyEval_EvalFrameDefault;0x54cf04;PyObject_Call;_PyEval_EvalFrameDefault;0x54cf04;PyObject_Call;_PyEval_EvalFrameDefault;0x54cf04;PyObject_Call;_PyEval_EvalFrameDefault;PyEval_EvalCode;0x607fc2;0x6b4393;_PyRun_SimpleFileObject;_PyRun_AnyFileObject;Py_RunMain;Py_BytesMain;__libc_start_call_main;__libc_start_main@@GLIBC_2.34;_start;|, 42.885443, 300.00, 115.635000
2025-11-25T20:44:52.640086Z, 0xfffffffffffffe00;0x76e32ca8e842;0x76e32c9c9cd3;0x76e32c9d5a28;0x76e32c9d63ce;0x76e32cba98e8;cuLaunchKernel;0x76e328a13e89;0x76e328a79f88;0x76e2bef12f5a;0x76e2beeec366;0x76e2beeec4f9;0x0;0x100000001;0x76e32895c170;0x85e38058b4818;|, 45.582869, 400.00, 115.635000
2025-11-25T20:44:52.645281Z, , 51.428640, 400.00, 115.635000
2025-11-25T20:44:52.652823Z, 0xfffffffffffffe00;_PyObject_GetMethod;_PyEval_EvalFrameDefault;0x54ce3d;_PyEval_EvalFrameDefault;0x54ce3d;_PyEval_EvalFrameDefault;_PyObject_Call_Prepend;0x5a30c8;_PyObject_MakeTpCall;_PyEval_EvalFrameDefault;0x54cf04;PyObject_Call;_PyEval_EvalFrameDefault;0x54cf04;PyObject_Call;_PyEval_EvalFrameDefault;_PyObject_Call_Prepend;0x5a30c8;PyObject_Call;_PyEval_EvalFrameDefault;0x54cf04;PyObject_Call;_PyEval_EvalFrameDefault;0x54cf04;PyObject_Call;_PyEval_EvalFrameDefault;0x54cf04;PyObject_Call;_PyEval_EvalFrameDefault;_PyObject_Call_Prepend;0x5a30c8;PyObject_Call;_PyEval_EvalFrameDefault;0x54cf04;PyObject_Call;_PyEval_EvalFrameDefault;0x54cf04;PyObject_Call;_PyEval_EvalFrameDefault;_PyObject_Call_Prepend;0x5a30c8;_PyObject_MakeTpCall;_PyEval_EvalFrameDefault;0x54cf04;PyObject_Call;_PyEval_EvalFrameDefault;0x54cf04;PyObject_Call;_PyEval_EvalFrameDefault;0x54cf04;PyObject_Call;_PyEval_EvalFrameDefault;PyEval_EvalCode;0x607fc2;0x6b4393;_PyRun_SimpleFileObject;_PyRun_AnyFileObject;Py_RunMain;Py_BytesMain;__libc_start_call_main;__libc_start_main@@GLIBC_2.34;_start;|, 43.004643, 500.00, 115.635000
2025-11-25T20:44:52.658256Z, 0xfffffffffffffe00;pthread_mutex_unlock@@GLIBC_2.2.5;0x76e32ca243e9;0x76e32ca244b1;0x76e32d79ccc9;0x76e32cc9d809;0x76e32d7baa6f;0x76e32c9c9ad5;0x76e32c9d5a28;0x76e32c9d63ce;0x76e32cba98e8;cuLaunchKernel;0x76e328a13e89;0x76e328a79f88;0x76e2be077509;|, 44.387877, 200.00, 115.635000
2025-11-25T20:44:52.663514Z, , 48.943140, 700.00, 115.635000
2025-11-25T20:44:52.668784Z, 0xfffffffffffffe00;0x76e2bc6717af;0x76e2bec9460c;|, 52.718011, 700.00, 115.635000
2025-11-25T20:44:52.674048Z, , 43.240514, 0.00, 115.635000
2025-11-25T20:44:52.681360Z, 0xfffffffffffffe00;0x574da3;_PyEval_EvalFrameDefault;_PyObject_Call_Prepend;0x5a30c8;_PyObject_MakeTpCall;_PyEval_EvalFrameDefault;0x54ce3d;_PyEval_EvalFrameDefault;0x54ce3d;_PyEval_EvalFrameDefault;_PyObject_Call_Prepend;0x5a30c8;_PyObject_MakeTpCall;_PyEval_EvalFrameDefault;0x54cf04;PyObject_Call;_PyEval_EvalFrameDefault;0x54cf04;PyObject_Call;_PyEval_EvalFrameDefault;0x54cf04;PyObject_Call;_PyEval_EvalFrameDefault;_PyObject_Call_Prepend;0x5a30c8;PyObject_Call;_PyEval_EvalFrameDefault;0x54cf04;PyObject_Call;_PyEval_EvalFrameDefault;0x54cf04;PyObject_Call;_PyEval_EvalFrameDefault;_PyObject_Call_Prepend;0x5a30c8;_PyObject_MakeTpCall;_PyEval_EvalFrameDefault;0x54cf04;PyObject_Call;_PyEval_EvalFrameDefault;0x54cf04;PyObject_Call;_PyEval_EvalFrameDefault;0x54cf04;PyObject_Call;_PyEval_EvalFrameDefault;PyEval_EvalCode;0x607fc2;0x6b4393;_PyRun_SimpleFileObject;_PyRun_AnyFileObject;Py_RunMain;Py_BytesMain;__libc_start_call_main;__libc_start_main@@GLIBC_2.34;_start;|, 46.906007, 50.00, 115.635000
2025-11-25T20:44:52.686503Z, , 53.794247, 200.00, 115.635000
2025-11-25T20:44:52.693980Z, 0xfffffffffffffe00;PyObject_GetAttr;_PyEval_EvalFrameDefault;PyObject_Vectorcall;0x5a379d;PyObject_GetAttr;_PyObject_GetMethod;_PyEval_EvalFrameDefault;0x54cf04;PyObject_Call;_PyEval_EvalFrameDefault;0x54cf04;PyObject_Call;_PyEval_EvalFrameDefault;_PyObject_Call_Prepend;0x5a30c8;PyObject_Call;_PyEval_EvalFrameDefault;0x54cf04;PyObject_Call;_PyEval_EvalFrameDefault;0x54cf04;PyObject_Call;_PyEval_EvalFrameDefault;0x54cf04;PyObject_Call;_PyEval_EvalFrameDefault;_PyObject_Call_Prepend;0x5a30c8;PyObject_Call;_PyEval_EvalFrameDefault;0x54cf04;PyObject_Call;_PyEval_EvalFrameDefault;0x54cf04;PyObject_Call;_PyEval_EvalFrameDefault;_PyObject_Call_Prepend;0x5a30c8;_PyObject_MakeTpCall;_PyEval_EvalFrameDefault;0x54cf04;PyObject_Call;_PyEval_EvalFrameDefault;0x54cf04;PyObject_Call;_PyEval_EvalFrameDefault;0x54cf04;PyObject_Call;_PyEval_EvalFrameDefault;PyEval_EvalCode;0x607fc2;0x6b4393;_PyRun_SimpleFileObject;_PyRun_AnyFileObject;Py_RunMain;Py_BytesMain;__libc_start_call_main;__libc_start_main@@GLIBC_2.34;_start;|, 37.078361, 200.00, 115.635000
2025-11-25T20:44:52.701378Z, 0xfffffffffffffe00;0x5a0264;PyObject_GetAttr;_PyEval_EvalFrameDefault;PyObject_Vectorcall;0x5a379d;_PyObject_LookupAttr;0x5d251a;_PyEval_EvalFrameDefault;0x54cf04;PyObject_Call;_PyEval_EvalFrameDefault;0x54cf04;PyObject_Call;_PyEval_EvalFrameDefault;_PyObject_Call_Prepend;0x5a30c8;PyObject_Call;_PyEval_EvalFrameDefault;0x54cf04;PyObject_Call;_PyEval_EvalFrameDefault;0x54cf04;PyObject_Call;_PyEval_EvalFrameDefault;0x54cf04;PyObject_Call;_PyEval_EvalFrameDefault;_PyObject_Call_Prepend;0x5a30c8;PyObject_Call;_PyEval_EvalFrameDefault;0x54cf04;PyObject_Call;_PyEval_EvalFrameDefault;0x54cf04;PyObject_Call;_PyEval_EvalFrameDefault;_PyObject_Call_Prepend;0x5a30c8;_PyObject_MakeTpCall;_PyEval_EvalFrameDefault;0x54cf04;PyObject_Call;_PyEval_EvalFrameDefault;0x54cf04;PyObject_Call;_PyEval_EvalFrameDefault;0x54cf04;PyObject_Call;_PyEval_EvalFrameDefault;PyEval_EvalCode;0x607fc2;0x6b4393;_PyRun_SimpleFileObject;_PyRun_AnyFileObject;Py_RunMain;Py_BytesMain;__libc_start_call_main;__libc_start_main@@GLIBC_2.34;_start;|, 56.028570, 300.00, 115.635000
2025-11-25T20:44:52.706610Z, , 42.727632, 200.00, 115.635000
2025-11-25T20:44:52.711971Z, 0xfffffffffffffe00;0x76e32ca5a047;0x76e32cabe8b5;0x76e32d7b94c3;0x76e32c9c9ad5;0x76e32c9d5a28;0x76e32c9d63ce;0x76e32cba98e8;cuLaunchKernel;0x76e328a13e89;0x76e328a79f88;0x76e2be56dbfc;0x76e2becad873;0x0;0x100000002;0x76e32895c170;0x85e38058b4818;|, 58.816954, 500.00, 115.635000
2025-11-25T20:44:52.717224Z, , 36.948319, 0.00, 115.635000
2025-11-25T20:44:52.722589Z, 0xfffffffffffffe00;0x76e32c14a1ae;0x76e32c10bba9;0x76e32c117c50;0x76e32caca60c;0x76e32d7af358;0x76e32c9ce12c;0x76e32c9ce91a;0x76e32c9cf2d4;0x76e32cb80fd1;cuMemcpyDtoHAsync_v2;0x76e328a481c1;0x76e328a17058;0x76e328a768a1;0x76e2bcfceeea;0x76e2bcfd04b5;0x0;0x100000001;0x76e32895c170;0x85e38058b4818;|, 45.173237, 0.00, 115.635000
2025-11-25T20:44:52.730052Z, 0xfffffffffffffe00;0x76e31d72f1e0;0x76e31d732a71;0x76e31d029c1d;0x551768;PyObject_Vectorcall;_PyEval_EvalFrameDefault;0x54ce3d;_PyEval_EvalFrameDefault;0x54ce3d;_PyEval_EvalFrameDefault;_PyObject_Call_Prepend;0x5a30c8;_PyObject_MakeTpCall;_PyEval_EvalFrameDefault;0x54cf04;PyObject_Call;_PyEval_EvalFrameDefault;0x54cf04;PyObject_Call;_PyEval_EvalFrameDefault;_PyObject_Call_Prepend;0x5a30c8;PyObject_Call;_PyEval_EvalFrameDefault;0x54cf04;PyObject_Call;_PyEval_EvalFrameDefault;0x54cf04;PyObject_Call;_PyEval_EvalFrameDefault;0x54cf04;PyObject_Call;_PyEval_EvalFrameDefault;_PyObject_Call_Prepend;0x5a30c8;PyObject_Call;_PyEval_EvalFrameDefault;0x54cf04;PyObject_Call;_PyEval_EvalFrameDefault;0x54cf04;PyObject_Call;_PyEval_EvalFrameDefault;_PyObject_Call_Prepend;0x5a30c8;_PyObject_MakeTpCall;_PyEval_EvalFrameDefault;0x54cf04;PyObject_Call;_PyEval_EvalFrameDefault;0x54cf04;PyObject_Call;_PyEval_EvalFrameDefault;0x54cf04;PyObject_Call;_PyEval_EvalFrameDefault;PyEval_EvalCode;0x607fc2;0x6b4393;_PyRun_SimpleFileObject;_PyRun_AnyFileObject;Py_RunMain;Py_BytesMain;__libc_start_call_main;__libc_start_main@@GLIBC_2.34;_start;|, 49.321645, 100.00, 115.635000
2025-11-25T20:44:52.735283Z, , 37.855238, 100.00, 115.635000
2025-11-25T20:44:52.740540Z, 0xfffffffffffffe00;0x76e32ccae750;0x76e328df7115;0x78000076e3;|, 53.390186, 300.00, 115.635000
2025-11-25T20:44:52.745773Z, , 51.475888, 300.00, 115.635000
2025-11-25T20:44:52.751075Z, 0xfffffffffffffe00;0x76e32c1157da;0x76e32c11624b;0x76e32c117c50;0x76e32cb330ab;cuCtxGetDevice;0x76e328a11116;0x76e328a4f042;0x76e328df727b;|, 44.039375, 0.00, 115.635000
2025-11-25T20:44:52.756386Z, , 53.408771, 50.00, 115.635000
2025-11-25T20:44:52.763705Z, 0xfffffffffffffe00;0x591569;0x5d539f;0x5d4fbf;_PyObject_Call_Prepend;0x5a30c8;_PyObject_MakeTpCall;_PyEval_EvalFrameDefault;0x54ce3d;_PyEval_EvalFrameDefault;0x54ce3d;_PyEval_EvalFrameDefault;_PyObject_Call_Prepend;0x5a30c8;_PyObject_MakeTpCall;_PyEval_EvalFrameDefault;0x54cf04;PyObject_Call;_PyEval_EvalFrameDefault;0x54cf04;PyObject_Call;_PyEval_EvalFrameDefault;0x54cf04;PyObject_Call;_PyEval_EvalFrameDefault;_PyObject_Call_Prepend;0x5a30c8;PyObject_Call;_PyEval_EvalFrameDefault;0x54cf04;PyObject_Call;_PyEval_EvalFrameDefault;0x54cf04;PyObject_Call;_PyEval_EvalFrameDefault;_PyObject_Call_Prepend;0x5a30c8;_PyObject_MakeTpCall;_PyEval_EvalFrameDefault;0x54cf04;PyObject_Call;_PyEval_EvalFrameDefault;0x54cf04;PyObject_Call;_PyEval_EvalFrameDefault;0x54cf04;PyObject_Call;_PyEval_EvalFrameDefault;PyEval_EvalCode;0x607fc2;0x6b4393;_PyRun_SimpleFileObject;_PyRun_AnyFileObject;Py_RunMain;Py_BytesMain;__libc_start_call_main;__libc_start_main@@GLIBC_2.34;_start;|, 50.217569, 200.00, 115.635000
2025-11-25T20:44:52.769130Z, 0xfffffffffffffe00;0x76e32cc61b53;0x76e32ca1f183;0x76e32ca5de3b;0x76e32d79d137;0x76e32d79d585;0x76e32ca2b9f4;0x76e32caf22c3;0x76e32d751fd5;0x76e32c9f6cbb;0x76e32cba87e1;cuStreamSynchronize;0x76e328a12683;0x76e328a79ca1;0x76e2bcfcef18;0x76e2bcfd04b5;0x0;0x100000001;0x76e32895c170;0x85e38058b4818;|, 41.641559, 300.00, 115.635000
2025-11-25T20:44:52.774409Z, , 46.473643, 300.00, 115.635000
2025-11-25T20:44:52.779832Z, 0xfffffffffffffe00;0x76e32897c14a;0x76e328dde944;0x76e328de0c05;0x76e2f8bd64ad;0x1;0x76e328dc7ec0;0x5554415541564100;|, 48.308959, 400.00, 115.635000
2025-11-25T20:44:52.784966Z, , 51.055997, 500.00, 115.635000
2025-11-25T20:44:52.790483Z, 0xfffffffffffffe00;0x76e332b53c36;clock_gettime@@GLIBC_2.17;cuptiGetTimestamp;0x76e32c158bc9;0x76e32c10d695;0x76e32c117c50;0x76e32ccae696;0x76e328a4f082;0x76e328df6dc2;0x6475632f3031632f;|, 44.024176, 600.00, 115.635000
2025-11-25T20:44:52.795715Z, , 53.960721, 700.00, 115.635000
2025-11-25T20:44:52.800969Z, 0xfffffffffffffe00;0x76e32895bf6f;0x386c4760;|, 47.128188, 700.00, 115.635000
2025-11-25T20:44:52.806230Z, , 55.121768, 800.00, 115.635000
2025-11-25T20:44:52.813756Z, 0xfffffffffffffe00;PyUnicode_FromFormatV;PyErr_Format;_PyObject_GenericGetAttrWithDict;PyObject_GetAttr;0x5829b4;0x552162;_PyObject_MakeTpCall;0x5a3d6d;0x5a39aa;PyObject_GetAttr;_PyObject_GetMethod;_PyEval_EvalFrameDefault;0x54cf04;PyObject_Call;_PyEval_EvalFrameDefault;0x54cf04;PyObject_Call;_PyEval_EvalFrameDefault;_PyObject_Call_Prepend;0x5a30c8;PyObject_Call;_PyEval_EvalFrameDefault;0x54cf04;PyObject_Call;_PyEval_EvalFrameDefault;0x54cf04;PyObject_Call;_PyEval_EvalFrameDefault;0x54cf04;PyObject_Call;_PyEval_EvalFrameDefault;_PyObject_Call_Prepend;0x5a30c8;PyObject_Call;_PyEval_EvalFrameDefault;0x54cf04;PyObject_Call;_PyEval_EvalFrameDefault;0x54cf04;PyObject_Call;_PyEval_EvalFrameDefault;_PyObject_Call_Prepend;0x5a30c8;_PyObject_MakeTpCall;_PyEval_EvalFrameDefault;0x54cf04;PyObject_Call;_PyEval_EvalFrameDefault;0x54cf04;PyObject_Call;_PyEval_EvalFrameDefault;0x54cf04;PyObject_Call;_PyEval_EvalFrameDefault;PyEval_EvalCode;0x607fc2;0x6b4393;_PyRun_SimpleFileObject;_PyRun_AnyFileObject;Py_RunMain;Py_BytesMain;__libc_start_call_main;__libc_start_main@@GLIBC_2.34;_start;|, 47.958936, 450.00, 115.635000
2025-11-25T20:44:52.819134Z, 0xfffffffffffffe00;0x76e332b53bf2;clock_gettime@@GLIBC_2.17;cuptiGetTimestamp;0x76e32c1586c1;0x76e32c1157e8;0x76e32c11624b;0x76e32c117c50;0x76e32cb35b64;cuDevicePrimaryCtxGetState;0x76e2bc672e9a;|, 33.498897, 500.00, 115.635000
2025-11-25T20:44:52.824375Z, , 48.820232, 1100.00, 115.635000
2025-11-25T20:44:52.829668Z, 0xfffffffffffffe00;0x76e32c116229;0x76e32c117c50;0x76e32cb659de;cuFuncGetAttribute;0x76e224ee4952;0x76e224f260cc;0x76e21eb4f2f5;0x76e21eb53bc0;0x76e21eb543d6;0x76e21df7f33c;0x76e21df81b91;0x76e21e0c0b59;0x76e21e0c4dcd;0x76e2bef51c11;0x76e2befc3fdf;0x76e2befc5bc2;0x76e2becdb21c;|, 33.898383, 1100.00, 115.635000
2025-11-25T20:44:52.834938Z, , 38.110310, 1200.00, 115.635000
2025-11-25T20:44:52.840216Z, 0xfffffffffffffe00;0x76e21eb4f5e1;0x76e21eb53bc0;0x76e21eb543d6;0x76e21df7f33c;0x76e21df81b91;0x76e21e0c0b59;0x76e21e0c4dcd;0x76e2bef51c11;0x76e2befc3fdf;0x76e2befc5bc2;0x76e2becdb21c;|, 38.307330, 1300.00, 115.635000
2025-11-25T20:44:52.845459Z, , 33.091477, 1300.00, 115.635000
2025-11-25T20:44:52.850824Z, 0xfffffffffffffe00;0x76e32c1313a7;0x76e32c131840;0x76e32c116b6e;0x76e32c117353;0x76e32c117c50;0x76e32d7b93e3;0x76e32c9c9ad5;0x76e32c9d5a28;0x76e32c9d63ce;0x76e32cba98e8;cuLaunchKernel;0x76e328a13e89;0x76e328a79f88;0x76e2bcf1c1d1;0x76e2bcf0b810;0x76e2becb4c0c;0x0;0x100000001;0x76e32895c170;0x85e38058b4818;|, 31.865167, 1400.00, 115.635000
2025-11-25T20:44:52.856078Z, , 40.052066, 1500.00, 115.635000
2025-11-25T20:44:52.861423Z, 0xfffffffffffffe00;0x76e32ca8d0f9;0x76e32cabf9c6;0x76e32c9d3b22;0x76e32c9d5764;0x76e32c9d63ce;0x76e32cba98e8;cuLaunchKernel;0x76e328a13e89;0x76e328a79f88;0x76e2bef12f5a;0x76e2beeec366;0x76e2beeec4f9;0x0;0x100000001;0x76e32895c170;0x85e38058b4818;|, 33.889033, 1500.00, 115.635000
2025-11-25T20:44:52.866652Z, , 39.137091, 1600.00, 115.635000
2025-11-25T20:44:52.874298Z, 0xfffffffffffffe00;PyType_GenericAlloc;0x552c56;0x5994d7;_PyObject_MakeTpCall;PyObject_CallOneArg;_PyErr_SetObject;PyErr_Format;0x5829d5;0x552162;_PyObject_MakeTpCall;0x5a3d6d;0x5a39aa;PyObject_GetAttr;_PyObject_GetMethod;_PyEval_EvalFrameDefault;0x54cf04;PyObject_Call;_PyEval_EvalFrameDefault;0x54cf04;PyObject_Call;_PyEval_EvalFrameDefault;_PyObject_Call_Prepend;0x5a30c8;PyObject_Call;_PyEval_EvalFrameDefault;0x54cf04;PyObject_Call;_PyEval_EvalFrameDefault;0x54cf04;PyObject_Call;_PyEval_EvalFrameDefault;0x54cf04;PyObject_Call;_PyEval_EvalFrameDefault;_PyObject_Call_Prepend;0x5a30c8;PyObject_Call;_PyEval_EvalFrameDefault;0x54cf04;PyObject_Call;_PyEval_EvalFrameDefault;0x54cf04;PyObject_Call;_PyEval_EvalFrameDefault;_PyObject_Call_Prepend;0x5a30c8;_PyObject_MakeTpCall;_PyEval_EvalFrameDefault;0x54cf04;PyObject_Call;_PyEval_EvalFrameDefault;0x54cf04;PyObject_Call;_PyEval_EvalFrameDefault;0x54cf04;PyObject_Call;_PyEval_EvalFrameDefault;PyEval_EvalCode;0x607fc2;0x6b4393;_PyRun_SimpleFileObject;_PyRun_AnyFileObject;Py_RunMain;Py_BytesMain;__libc_start_call_main;__libc_start_main@@GLIBC_2.34;_start;|, 32.660274, 0.00, 115.635000
2025-11-25T20:44:52.881890Z, 0xfffffffffffffe00;0x5a367b;PyObject_GetAttr;_PyEval_EvalFrameDefault;PyObject_Vectorcall;0x5a379d;PyObject_GetAttr;_PyEval_EvalFrameDefault;0x54ce3d;_PyEval_EvalFrameDefault;0x54ce3d;_PyEval_EvalFrameDefault;_PyObject_Call_Prepend;0x5a30c8;_PyObject_MakeTpCall;_PyEval_EvalFrameDefault;0x54cf04;PyObject_Call;_PyEval_EvalFrameDefault;0x54cf04;PyObject_Call;_PyEval_EvalFrameDefault;_PyObject_Call_Prepend;0x5a30c8;PyObject_Call;_PyEval_EvalFrameDefault;0x54cf04;PyObject_Call;_PyEval_EvalFrameDefault;0x54cf04;PyObject_Call;_PyEval_EvalFrameDefault;0x54cf04;PyObject_Call;_PyEval_EvalFrameDefault;_PyObject_Call_Prepend;0x5a30c8;PyObject_Call;_PyEval_EvalFrameDefault;0x54cf04;PyObject_Call;_PyEval_EvalFrameDefault;0x54cf04;PyObject_Call;_PyEval_EvalFrameDefault;_PyObject_Call_Prepend;0x5a30c8;_PyObject_MakeTpCall;_PyEval_EvalFrameDefault;0x54cf04;PyObject_Call;_PyEval_EvalFrameDefault;0x54cf04;PyObject_Call;_PyEval_EvalFrameDefault;0x54cf04;PyObject_Call;_PyEval_EvalFrameDefault;PyEval_EvalCode;0x607fc2;0x6b4393;_PyRun_SimpleFileObject;_PyRun_AnyFileObject;Py_RunMain;Py_BytesMain;__libc_start_call_main;__libc_start_main@@GLIBC_2.34;_start;|, 35.472401, 50.00, 115.635000
2025-11-25T20:44:52.887138Z, , 43.219067, 200.00, 115.635000
2025-11-25T20:44:52.892577Z, 0xfffffffffffffe00;0x76e2f8c8b8c1;0x1;|, 56.136109, 100.00, 115.635000
2025-11-25T20:44:52.897935Z, 0xfffffffffffffe00;0x76e332b53c36;clock_gettime@@GLIBC_2.17;cuptiGetTimestamp;0x76e32c158b21;0x76e32c10d60a;0x76e32c117c50;0x76e32ccae696;0x76e328a4f03a;0x76e328df7115;0x0;|, 70.086819, 300.00, 115.635000
2025-11-25T20:44:52.903180Z, , 48.849698, 400.00, 115.635000
2025-11-25T20:44:52.908568Z, 0xfffffffffffffe00;0x76e32d7ba8c2;0x76e32c9c9ad5;0x76e32c9d5a28;0x76e32c9d63ce;0x76e32cba98e8;cuLaunchKernel;0x76e328a13e89;0x76e328a79f88;0x76e2bcf1c1d1;0x76e2bcf0b810;0x76e2becb4c0c;0x0;0x100000001;0x76e32895c170;0x85e38058b4818;|, 56.755800, 400.00, 115.635000
2025-11-25T20:44:52.913806Z, , 46.075843, 600.00, 115.635000
2025-11-25T20:44:52.919082Z, 0xfffffffffffffe00;0x76e328dc1a2e;0x76e328dc1e61;0x76e31d034a5f;|, 47.481916, 700.00, 115.635000
2025-11-25T20:44:52.924316Z, , 41.744110, 700.00, 115.635000
2025-11-25T20:44:52.929604Z, 0xfffffffffffffe00;0x76e32c1508b2;0x76e32c117c50;0x76e32ccae696;0x76e328a4f082;0x76e328df7115;0x3d5b7bf0000076e3;|, 42.852334, 0.00, 115.635000
2025-11-25T20:44:52.934743Z, , 37.588391, 100.00, 115.635000
2025-11-25T20:44:52.940052Z, 0xfffffffffffffe00;0x76e32c117c37;0x76e32cb330ab;cuCtxGetDevice;0x76e328a11116;0x76e328a4f042;0x76e328df7115;0x400000000000000;|, 53.511207, 50.00, 115.635000
2025-11-25T20:44:52.945297Z, , 45.550908, 200.00, 115.635000
2025-11-25T20:44:52.952672Z, 0xfffffffffffffe00;0x76e31cf6a631;0x581a6f;_PyObject_MakeTpCall;_PyEval_EvalFrameDefault;0x54ce3d;_PyEval_EvalFrameDefault;0x54ce3d;_PyEval_EvalFrameDefault;_PyObject_Call_Prepend;0x5a30c8;_PyObject_MakeTpCall;_PyEval_EvalFrameDefault;0x54ce3d;_PyEval_EvalFrameDefault;0x54ce3d;_PyEval_EvalFrameDefault;_PyObject_Call_Prepend;0x5a30c8;_PyObject_MakeTpCall;_PyEval_EvalFrameDefault;0x54cf04;PyObject_Call;_PyEval_EvalFrameDefault;0x54cf04;PyObject_Call;_PyEval_EvalFrameDefault;0x54cf04;PyObject_Call;_PyEval_EvalFrameDefault;_PyObject_Call_Prepend;0x5a30c8;PyObject_Call;_PyEval_EvalFrameDefault;0x54cf04;PyObject_Call;_PyEval_EvalFrameDefault;0x54cf04;PyObject_Call;_PyEval_EvalFrameDefault;_PyObject_Call_Prepend;0x5a30c8;_PyObject_MakeTpCall;_PyEval_EvalFrameDefault;0x54cf04;PyObject_Call;_PyEval_EvalFrameDefault;0x54cf04;PyObject_Call;_PyEval_EvalFrameDefault;0x54cf04;PyObject_Call;_PyEval_EvalFrameDefault;PyEval_EvalCode;0x607fc2;0x6b4393;_PyRun_SimpleFileObject;_PyRun_AnyFileObject;Py_RunMain;Py_BytesMain;__libc_start_call_main;__libc_start_main@@GLIBC_2.34;_start;|, 49.527192, 300.00, 115.635000
2025-11-25T20:44:52.957849Z, 0xfffffffffffffe00;0x76e328dba389;0xf5974e2b00000000;0x9066c3c0920f0674;|, 51.977878, 400.00, 115.635000
2025-11-25T20:44:52.962991Z, , 47.457638, 400.00, 115.635000
2025-11-25T20:44:52.970054Z, 0xfffffffffffffe00;PyObject_IsTrue;0x54cf04;PyObject_Call;_PyEval_EvalFrameDefault;_PyObject_Call_Prepend;0x5a30c8;PyObject_Call;_PyEval_EvalFrameDefault;0x54cf04;PyObject_Call;_PyEval_EvalFrameDefault;0x54cf04;PyObject_Call;_PyEval_EvalFrameDefault;0x54cf04;PyObject_Call;_PyEval_EvalFrameDefault;_PyObject_Call_Prepend;0x5a30c8;PyObject_Call;_PyEval_EvalFrameDefault;0x54cf04;PyObject_Call;_PyEval_EvalFrameDefault;0x54cf04;PyObject_Call;_PyEval_EvalFrameDefault;_PyObject_Call_Prepend;0x5a30c8;_PyObject_MakeTpCall;_PyEval_EvalFrameDefault;0x54cf04;PyObject_Call;_PyEval_EvalFrameDefault;0x54cf04;PyObject_Call;_PyEval_EvalFrameDefault;0x54cf04;PyObject_Call;_PyEval_EvalFrameDefault;PyEval_EvalCode;0x607fc2;0x6b4393;_PyRun_SimpleFileObject;_PyRun_AnyFileObject;Py_RunMain;Py_BytesMain;__libc_start_call_main;__libc_start_main@@GLIBC_2.34;_start;|, 58.135910, 500.00, 115.635000
2025-11-25T20:44:52.975339Z, , 55.774719, 300.00, 115.635000
2025-11-25T20:44:52.982667Z, 0xfffffffffffffe00;PyObject_GC_UnTrack;_PyEval_EvalFrameDefault;PyObject_CallOneArg;_PyObject_GenericGetAttrWithDict;_PyObject_MakeTpCall;_PyEval_EvalFrameDefault;0x54cf04;PyObject_Call;_PyEval_EvalFrameDefault;0x54cf04;PyObject_Call;_PyEval_EvalFrameDefault;_PyObject_Call_Prepend;0x5a30c8;PyObject_Call;_PyEval_EvalFrameDefault;0x54cf04;PyObject_Call;_PyEval_EvalFrameDefault;0x54cf04;PyObject_Call;_PyEval_EvalFrameDefault;0x54cf04;PyObject_Call;_PyEval_EvalFrameDefault;_PyObject_Call_Prepend;0x5a30c8;PyObject_Call;_PyEval_EvalFrameDefault;0x54cf04;PyObject_Call;_PyEval_EvalFrameDefault;0x54cf04;PyObject_Call;_PyEval_EvalFrameDefault;_PyObject_Call_Prepend;0x5a30c8;_PyObject_MakeTpCall;_PyEval_EvalFrameDefault;0x54cf04;PyObject_Call;_PyEval_EvalFrameDefault;0x54cf04;PyObject_Call;_PyEval_EvalFrameDefault;0x54cf04;PyObject_Call;_PyEval_EvalFrameDefault;PyEval_EvalCode;0x607fc2;0x6b4393;_PyRun_SimpleFileObject;_PyRun_AnyFileObject;Py_RunMain;Py_BytesMain;__libc_start_call_main;__libc_start_main@@GLIBC_2.34;_start;|, 39.006370, 0.00, 115.635000
2025-11-25T20:44:52.988062Z, 0xfffffffffffffe00;0x76e32cc61ba8;0x76e32ca1f183;0x76e32ca5de3b;0x76e32d79d137;0x76e32d79d585;0x76e32ca2b9f4;0x76e32caf22c3;0x76e32d751fd5;0x76e32c9f6cbb;0x76e32cba87e1;cuStreamSynchronize;0x76e328a12683;0x76e328a79ca1;0x76e2bcfcef18;0x76e2bcfd04b5;0x0;0x100000001;0x76e32895c170;0x85e38058b4818;|, 56.955923, 50.00, 115.635000
2025-11-25T20:44:52.993345Z, , 58.652853, 200.00, 114.071000
2025-11-25T20:44:52.998652Z, 0xfffffffffffffe00;0x76e32cabafca;0x76e32cb3315f;cuCtxGetDevice;0x76e328a11116;0x76e328a4f042;0x76e328df727b;|, 44.594726, 200.00, 114.071000
2025-11-25T20:44:53.003791Z, , 65.256210, 400.00, 114.071000
2025-11-25T20:44:53.011201Z, 0xfffffffffffffe00;0x76e2f8c564e4;0x551768;PyObject_Vectorcall;_PyEval_EvalFrameDefault;0x54ce3d;_PyEval_EvalFrameDefault;0x54ce3d;_PyEval_EvalFrameDefault;_PyObject_Call_Prepend;0x5a30c8;_PyObject_MakeTpCall;_PyEval_EvalFrameDefault;0x54ce3d;_PyEval_EvalFrameDefault;0x54ce3d;_PyEval_EvalFrameDefault;_PyObject_Call_Prepend;0x5a30c8;_PyObject_MakeTpCall;_PyEval_EvalFrameDefault;0x54cf04;PyObject_Call;_PyEval_EvalFrameDefault;0x54cf04;PyObject_Call;_PyEval_EvalFrameDefault;0x54cf04;PyObject_Call;_PyEval_EvalFrameDefault;_PyObject_Call_Prepend;0x5a30c8;PyObject_Call;_PyEval_EvalFrameDefault;0x54cf04;PyObject_Call;_PyEval_EvalFrameDefault;0x54cf04;PyObject_Call;_PyEval_EvalFrameDefault;_PyObject_Call_Prepend;0x5a30c8;_PyObject_MakeTpCall;_PyEval_EvalFrameDefault;0x54cf04;PyObject_Call;_PyEval_EvalFrameDefault;0x54cf04;PyObject_Call;_PyEval_EvalFrameDefault;0x54cf04;PyObject_Call;_PyEval_EvalFrameDefault;PyEval_EvalCode;0x607fc2;0x6b4393;_PyRun_SimpleFileObject;_PyRun_AnyFileObject;Py_RunMain;Py_BytesMain;__libc_start_call_main;__libc_start_main@@GLIBC_2.34;_start;|, 38.593433, 500.00, 114.071000
2025-11-25T20:44:53.016448Z, , 37.213953, 300.00, 114.071000
2025-11-25T20:44:53.021701Z, 0xfffffffffffffe00;0x76e328a4ef6e;0x76e328df727b;|, 37.127757, 0.00, 114.071000
2025-11-25T20:44:53.026931Z, , 33.903161, 0.00, 114.071000
2025-11-25T20:44:53.032382Z, 0xfffffffffffffe00;pthread_getspecific@@GLIBC_2.34;0x76e32c103e99;0x76e32c117c21;0x76e32cb330ab;cuCtxGetDevice;0x76e328a11116;0x76e328a4f042;0x76e328df7115;0x7fff;|, 39.689948, 100.00, 114.071000
2025-11-25T20:44:53.037522Z, , 36.259038, 200.00, 114.071000
2025-11-25T20:44:53.042898Z, 0xfffffffffffffe00;pthread_getspecific@@GLIBC_2.34;0x76e32c103e99;0x76e32c117c21;0x76e32ccae696;0x76e328a4d472;0x76e2bead89e3;0x0;0x76e328966b30;0x2de907894810c083;|, 44.563288, 200.00, 114.071000
2025-11-25T20:44:53.048034Z, , 59.598658, 300.00, 114.071000
2025-11-25T20:44:53.053247Z, 0xfffffffffffffe00;0x76e31cd89c60;0x7fffec1fc3d0;PyLong_Type;|, 29.449182, 200.00, 114.071000
2025-11-25T20:44:53.058398Z, 0xfffffffffffffe00;0x76e32c116262;0x76e32cb659de;cuFuncGetAttribute;0x76e224ee49ff;0x76e224f260cc;0x76e21eb4f2f5;0x76e21eb53bc0;0x76e21eb543d6;0x76e21df7f33c;0x76e21df81b91;0x76e21e0c0b59;0x76e21e0c4dcd;0x76e2bef51c11;0x76e2befc3fdf;0x76e2befc5bc2;0x76e2becdb21c;|, 65.025319, 400.00, 114.071000
2025-11-25T20:44:53.063492Z, , 52.262795, 500.00, 114.071000
2025-11-25T20:44:53.068587Z, , 44.227963, 600.00, 114.071000
2025-11-25T20:44:53.073728Z, 0xfffffffffffffe00;0x76e32c116229;0x76e32c117c50;0x76e32cba9802;cuLaunchKernel;0x76e328a13e89;0x76e328a79f88;0x76e2be075840;|, 39.583878, 600.00, 114.071000
2025-11-25T20:44:53.078861Z, , 36.681176, 700.00, 114.071000
2025-11-25T20:44:53.084054Z, 0xfffffffffffffe00;0x76e32c117d63;0x76e32cb330ab;cuCtxGetDevice;0x76e328a11116;0x76e328a4f042;0x76e328df7115;0x2800000000;|, 36.774016, 800.00, 114.071000
2025-11-25T20:44:53.089303Z, 0xfffffffffffffe00;pthread_getspecific@@GLIBC_2.34;0x76e32c103e99;0x76e32c117c21;0x76e32ccae696;0x76e328a4f03a;0x76e328df727b;|, 35.168847, 0.00, 114.071000
2025-11-25T20:44:53.094434Z, , 37.871358, 100.00, 114.071000
2025-11-25T20:44:53.101830Z, 0xfffffffffffffe00;__pthread_mutex_lock@GLIBC_2.2.5;PyEval_SaveThread;0x76e31cff15b6;0x76e31cff1656;0x5a2f54;0x678a0f;PyNumber_Multiply;_PyEval_EvalFrameDefault;0x54ce3d;_PyEval_EvalFrameDefault;0x54ce3d;_PyEval_EvalFrameDefault;_PyObject_Call_Prepend;0x5a30c8;_PyObject_MakeTpCall;_PyEval_EvalFrameDefault;0x54ce3d;_PyEval_EvalFrameDefault;0x54ce3d;_PyEval_EvalFrameDefault;_PyObject_Call_Prepend;0x5a30c8;_PyObject_MakeTpCall;_PyEval_EvalFrameDefault;0x54cf04;PyObject_Call;_PyEval_EvalFrameDefault;0x54cf04;PyObject_Call;_PyEval_EvalFrameDefault;0x54cf04;PyObject_Call;_PyEval_EvalFrameDefault;_PyObject_Call_Prepend;0x5a30c8;PyObject_Call;_PyEval_EvalFrameDefault;0x54cf04;PyObject_Call;_PyEval_EvalFrameDefault;0x54cf04;PyObject_Call;_PyEval_EvalFrameDefault;_PyObject_Call_Prepend;0x5a30c8;_PyObject_MakeTpCall;_PyEval_EvalFrameDefault;0x54cf04;PyObject_Call;_PyEval_EvalFrameDefault;0x54cf04;PyObject_Call;_PyEval_EvalFrameDefault;0x54cf04;PyObject_Call;_PyEval_EvalFrameDefault;PyEval_EvalCode;0x607fc2;0x6b4393;_PyRun_SimpleFileObject;_PyRun_AnyFileObject;Py_RunMain;Py_BytesMain;__libc_start_call_main;__libc_start_main@@GLIBC_2.34;_start;|, 37.626545, 200.00, 114.071000
2025-11-25T20:44:53.106964Z, , 37.704539, 300.00, 114.071000
2025-11-25T20:44:53.112216Z, 0xfffffffffffffe00;_PyObject_LookupSpecial;PyObject_IsInstance;0x76e31d730bea;0x76e31d2c8470;|, 33.609329, 300.00, 114.071000
2025-11-25T20:44:53.117355Z, , 35.010131, 500.00, 114.071000
2025-11-25T20:44:53.122465Z, 0xfffffffffffffe00;0x76e2bc672eb0;|, 35.445039, 600.00, 114.071000
2025-11-25T20:44:53.127559Z, , 37.225079, 0.00, 114.071000
2025-11-25T20:44:53.132721Z, 0xfffffffffffffe00;0x76e21eb4f5e1;0x76e21eb53bc0;0x76e21eb543d6;0x76e21df7f33c;0x76e21df81b91;0x76e21e0c0b59;0x76e21e0c4dcd;0x76e2bef51c11;0x76e2befc3fdf;0x76e2befc5bc2;0x76e2becdb21c;|, 36.854901, 100.00, 114.071000
2025-11-25T20:44:53.137878Z, , 34.528723, 200.00, 114.071000
2025-11-25T20:44:53.145080Z, 0xfffffffffffffe00;PyDict_SetItem;0x5d5639;0x5d4fbf;0x54cf04;PyObject_Call;_PyEval_EvalFrameDefault;_PyObject_Call_Prepend;0x5a30c8;PyObject_Call;_PyEval_EvalFrameDefault;0x54cf04;PyObject_Call;_PyEval_EvalFrameDefault;0x54cf04;PyObject_Call;_PyEval_EvalFrameDefault;0x54cf04;PyObject_Call;_PyEval_EvalFrameDefault;_PyObject_Call_Prepend;0x5a30c8;PyObject_Call;_PyEval_EvalFrameDefault;0x54cf04;PyObject_Call;_PyEval_EvalFrameDefault;0x54cf04;PyObject_Call;_PyEval_EvalFrameDefault;_PyObject_Call_Prepend;0x5a30c8;_PyObject_MakeTpCall;_PyEval_EvalFrameDefault;0x54cf04;PyObject_Call;_PyEval_EvalFrameDefault;0x54cf04;PyObject_Call;_PyEval_EvalFrameDefault;0x54cf04;PyObject_Call;_PyEval_EvalFrameDefault;PyEval_EvalCode;0x607fc2;0x6b4393;_PyRun_SimpleFileObject;_PyRun_AnyFileObject;Py_RunMain;Py_BytesMain;__libc_start_call_main;__libc_start_main@@GLIBC_2.34;_start;|, 34.141927, 100.00, 114.071000
2025-11-25T20:44:53.152368Z, 0xfffffffffffffe00;_PyEval_EvalFrameDefault;0x54cf04;PyObject_Call;_PyEval_EvalFrameDefault;0x54cf04;PyObject_Call;_PyEval_EvalFrameDefault;_PyObject_Call_Prepend;0x5a30c8;PyObject_Call;_PyEval_EvalFrameDefault;0x54cf04;PyObject_Call;_PyEval_EvalFrameDefault;0x54cf04;PyObject_Call;_PyEval_EvalFrameDefault;0x54cf04;PyObject_Call;_PyEval_EvalFrameDefault;_PyObject_Call_Prepend;0x5a30c8;PyObject_Call;_PyEval_EvalFrameDefault;0x54cf04;PyObject_Call;_PyEval_EvalFrameDefault;0x54cf04;PyObject_Call;_PyEval_EvalFrameDefault;_PyObject_Call_Prepend;0x5a30c8;_PyObject_MakeTpCall;_PyEval_EvalFrameDefault;0x54cf04;PyObject_Call;_PyEval_EvalFrameDefault;0x54cf04;PyObject_Call;_PyEval_EvalFrameDefault;_PyObject_Call_Prepend;0x5a30c8;PyObject_Call;_PyEval_EvalFrameDefault;PyEval_EvalCode;0x607fc2;0x6b4393;_PyRun_SimpleFileObject;_PyRun_AnyFileObject;Py_RunMain;Py_BytesMain;__libc_start_call_main;__libc_start_main@@GLIBC_2.34;_start;|, 36.146314, 150.00, 114.071000
2025-11-25T20:44:53.157709Z, , 47.033583, 400.00, 114.071000
2025-11-25T20:44:53.163067Z, 0xfffffffffffffe00;PyType_GenericAlloc;0x59276b;0x76e31d213d0f;PyTuple_Type;|, 32.710776, 500.00, 114.071000
2025-11-25T20:44:53.168334Z, , 39.187182, 600.00, 114.071000
2025-11-25T20:44:53.175971Z, 0xfffffffffffffe00;_PyType_Lookup;_PyObject_GenericGetAttrWithDict;PyObject_GetAttr;_PyEval_EvalFrameDefault;PyObject_Vectorcall;0x5a3d6d;0x5a39f2;PyObject_GetAttr;_PyEval_EvalFrameDefault;0x54ce3d;_PyEval_EvalFrameDefault;0x54ce3d;_PyEval_EvalFrameDefault;_PyObject_Call_Prepend;0x5a30c8;_PyObject_MakeTpCall;_PyEval_EvalFrameDefault;0x54ce3d;_PyEval_EvalFrameDefault;0x54ce3d;_PyEval_EvalFrameDefault;_PyObject_Call_Prepend;0x5a30c8;_PyObject_MakeTpCall;_PyEval_EvalFrameDefault;0x54cf04;PyObject_Call;_PyEval_EvalFrameDefault;0x54cf04;PyObject_Call;_PyEval_EvalFrameDefault;0x54cf04;PyObject_Call;_PyEval_EvalFrameDefault;_PyObject_Call_Prepend;0x5a30c8;PyObject_Call;_PyEval_EvalFrameDefault;0x54cf04;PyObject_Call;_PyEval_EvalFrameDefault;0x54cf04;PyObject_Call;_PyEval_EvalFrameDefault;_PyObject_Call_Prepend;0x5a30c8;_PyObject_MakeTpCall;_PyEval_EvalFrameDefault;0x54cf04;PyObject_Call;_PyEval_EvalFrameDefault;0x54cf04;PyObject_Call;_PyEval_EvalFrameDefault;0x54cf04;PyObject_Call;_PyEval_EvalFrameDefault;PyEval_EvalCode;0x607fc2;0x6b4393;_PyRun_SimpleFileObject;_PyRun_AnyFileObject;Py_RunMain;Py_BytesMain;__libc_start_call_main;__libc_start_main@@GLIBC_2.34;_start;|, 32.941115, 600.00, 114.071000
2025-11-25T20:44:53.181479Z, 0xffffffffffffff80;0xffffffffbae131ce;0xffffffffbadede07;0xffffffffbadf45d5;0xffffffffbade5d87;0xffffffffbaea82b4;0xffffffffbaec1ac7;0xffffffffbaea95ff;0xffffffffbaeaa3fd;0xffffffffbad2eff3;0xffffffffbbedca67;0xffffffffbaa00f0b;0xfffffffffffffe00;0x76e328dc1b76;0x76e328dc1e61;0x76e31d034a5f;|, 42.787316, 700.00, 114.071000
2025-11-25T20:44:53.186691Z, , 37.917868, 800.00, 114.071000
2025-11-25T20:44:53.193143Z, 0xfffffffffffffe00;PyObject_Free;_PyEval_EvalFrameDefault;_PyObject_Call_Prepend;0x5a30c8;PyObject_Call;_PyEval_EvalFrameDefault;0x54cf04;PyObject_Call;_PyEval_EvalFrameDefault;0x54cf04;PyObject_Call;_PyEval_EvalFrameDefault;_PyObject_Call_Prepend;0x5a30c8;_PyObject_MakeTpCall;_PyEval_EvalFrameDefault;0x54cf04;PyObject_Call;_PyEval_EvalFrameDefault;0x54cf04;PyObject_Call;_PyEval_EvalFrameDefault;0x54cf04;PyObject_Call;_PyEval_EvalFrameDefault;PyEval_EvalCode;0x607fc2;0x6b4393;_PyRun_SimpleFileObject;_PyRun_AnyFileObject;Py_RunMain;Py_BytesMain;__libc_start_call_main;__libc_start_main@@GLIBC_2.34;_start;|, 35.642914, 900.00, 114.071000
2025-11-25T20:44:53.198299Z, , 36.739452, 1000.00, 114.071000
2025-11-25T20:44:53.205585Z, 0xfffffffffffffe00;0x76e31d72fbe5;0x76e31d732a71;0x76e31d01d2cd;0x551768;PyObject_Vectorcall;_PyEval_EvalFrameDefault;0x54ce3d;_PyEval_EvalFrameDefault;0x54ce3d;_PyEval_EvalFrameDefault;_PyObject_Call_Prepend;0x5a30c8;_PyObject_MakeTpCall;_PyEval_EvalFrameDefault;0x54ce3d;_PyEval_EvalFrameDefault;0x54ce3d;_PyEval_EvalFrameDefault;_PyObject_Call_Prepend;0x5a30c8;_PyObject_MakeTpCall;_PyEval_EvalFrameDefault;0x54cf04;PyObject_Call;_PyEval_EvalFrameDefault;0x54cf04;PyObject_Call;_PyEval_EvalFrameDefault;0x54cf04;PyObject_Call;_PyEval_EvalFrameDefault;_PyObject_Call_Prepend;0x5a30c8;PyObject_Call;_PyEval_EvalFrameDefault;0x54cf04;PyObject_Call;_PyEval_EvalFrameDefault;0x54cf04;PyObject_Call;_PyEval_EvalFrameDefault;_PyObject_Call_Prepend;0x5a30c8;_PyObject_MakeTpCall;_PyEval_EvalFrameDefault;0x54cf04;PyObject_Call;_PyEval_EvalFrameDefault;0x54cf04;PyObject_Call;_PyEval_EvalFrameDefault;0x54cf04;PyObject_Call;_PyEval_EvalFrameDefault;PyEval_EvalCode;0x607fc2;0x6b4393;_PyRun_SimpleFileObject;_PyRun_AnyFileObject;Py_RunMain;Py_BytesMain;__libc_start_call_main;__libc_start_main@@GLIBC_2.34;_start;|, 31.289892, 1000.00, 114.071000
2025-11-25T20:44:53.210769Z, 0xfffffffffffffe00;0x76e32d79ea68;0x76e32cb35a83;cuDevicePrimaryCtxGetState;0x76e2bc672e9a;|, 40.333084, 1100.00, 114.071000
2025-11-25T20:44:53.215861Z, , 37.823050, 1200.00, 114.071000
2025-11-25T20:44:53.221076Z, 0xfffffffffffffe00;0x76e32d79ea6c;0x76e32cb32feb;cuCtxGetDevice;0x76e328a11116;0x76e328a4f042;0x76e328df7115;0x7fff;|, 40.483942, 1300.00, 114.071000
2025-11-25T20:44:53.226239Z, , 36.530196, 1400.00, 114.071000
2025-11-25T20:44:53.231473Z, 0xfffffffffffffe00;0x76e32c355d7a;0x76e32c355c9c;0x76e32c13196f;0x76e32c131c8e;0x76e32c15d0d8;0x76e32c15d181;0x76e32c10c62b;0x76e32c117c50;0x76e32d7b98b2;0x76e32c9c9ad5;0x76e32c9d5a28;0x76e32c9d63ce;0x76e32cba98e8;cuLaunchKernel;0x76e328a13e89;0x76e328a79f88;0x76e2be82c47d;|, 34.632831, 1400.00, 114.071000
2025-11-25T20:44:53.236605Z, , 37.937049, 1500.00, 114.071000
2025-11-25T20:44:53.241839Z, 0xfffffffffffffe00;0x76e32ca8d4da;0x76e32c9c9b7f;0x76e32c9d5a28;0x76e32c9d63ce;0x76e32cba98e8;cuLaunchKernel;0x76e328a13e89;0x76e328a79f88;0x76e2bcf1c1d1;0x76e2bcf0b810;0x76e2becb4c0c;0x0;0x100000001;0x76e32895c170;0x85e38058b4818;|, 34.375771, 0.00, 114.071000
2025-11-25T20:44:53.247029Z, , 39.810389, 100.00, 114.071000
2025-11-25T20:44:53.252399Z, 0xfffffffffffffe00;0x76e32ca8e73a;0x76e32cae6710;0x76e32c97eac5;0x76e32cabe5ee;0x76e32d7b94c3;0x76e32c9c9ad5;0x76e32c9d5a28;0x76e32c9d63ce;0x76e32cba98e8;cuLaunchKernel;0x76e328a13e89;0x76e328a79f88;0x76e2bef12f5a;0x76e2beeec366;0x76e2beeec4f9;0x0;0x100000001;0x76e32895c170;0x85e38058b4818;|, 28.867335, 200.00, 114.071000
2025-11-25T20:44:53.257542Z, , 43.672952, 300.00, 114.071000
2025-11-25T20:44:53.264396Z, 0xfffffffffffffe00;0x5d4f44;0x54cf04;PyObject_Call;_PyEval_EvalFrameDefault;0x54cf04;PyObject_Call;_PyEval_EvalFrameDefault;0x54cf04;PyObject_Call;_PyEval_EvalFrameDefault;_PyObject_Call_Prepend;0x5a30c8;PyObject_Call;_PyEval_EvalFrameDefault;0x54cf04;PyObject_Call;_PyEval_EvalFrameDefault;0x54cf04;PyObject_Call;_PyEval_EvalFrameDefault;_PyObject_Call_Prepend;0x5a30c8;_PyObject_MakeTpCall;_PyEval_EvalFrameDefault;0x54cf04;PyObject_Call;_PyEval_EvalFrameDefault;0x54cf04;PyObject_Call;_PyEval_EvalFrameDefault;0x54cf04;PyObject_Call;_PyEval_EvalFrameDefault;PyEval_EvalCode;0x607fc2;0x6b4393;_PyRun_SimpleFileObject;_PyRun_AnyFileObject;Py_RunMain;Py_BytesMain;__libc_start_call_main;__libc_start_main@@GLIBC_2.34;_start;|, 39.718752, 150.00, 114.071000
2025-11-25T20:44:53.269787Z, 0xfffffffffffffe00;0x76e332b53c36;clock_gettime@@GLIBC_2.17;cuptiGetTimestamp;0x76e32c158779;0x76e32c116364;0x76e32c117c50;0x76e32cb36d63;cuCtxGetCurrent;0x76e2bef8ed28;0x76e2bef51b21;0x76e2befc3fdf;0x76e2befc5bc2;0x76e2becdb21c;|, 32.316531, 400.00, 114.071000
2025-11-25T20:44:53.275135Z, , 35.421225, 500.00, 114.071000
2025-11-25T20:44:53.281184Z, 0xfffffffffffffe00;0x590e66;_PyObject_MakeTpCall;_PyEval_EvalFrameDefault;0x5a0e94;0x6774a7;PyObject_GetAttr;_PyEval_EvalFrameDefault;0x54cf04;PyObject_Call;_PyEval_EvalFrameDefault;PyEval_EvalCode;0x607fc2;0x6b4393;_PyRun_SimpleFileObject;_PyRun_AnyFileObject;Py_RunMain;Py_BytesMain;__libc_start_call_main;__libc_start_main@@GLIBC_2.34;_start;|, 35.981452, 600.00, 114.071000
2025-11-25T20:44:53.286436Z, , 35.970477, 600.00, 114.071000
2025-11-25T20:44:53.291692Z, 0xfffffffffffffe00;0x76e328a4f042;0x76e328df6dc2;0x6475632f3031632f;|, 39.463594, 700.00, 114.071000
2025-11-25T20:44:53.296935Z, , 32.778962, 900.00, 114.071000
2025-11-25T20:44:53.302193Z, 0xfffffffffffffe00;0x76e32895bf9a;0x386c4760;|, 39.774719, 900.00, 114.071000
2025-11-25T20:44:53.307419Z, , 35.435519, 1000.00, 114.071000
2025-11-25T20:44:53.312705Z, 0xfffffffffffffe00;0x76e32c10d49a;0x76e32c117c50;0x76e32ccae696;0x76e328a4f082;0x76e328df6dc2;0x6475632f3031632f;|, 32.179870, 1100.00, 114.071000
2025-11-25T20:44:53.317935Z, , 38.841781, 0.00, 114.071000
2025-11-25T20:44:53.325077Z, 0xfffffffffffffe00;_PyEval_EvalFrameDefault;0x54cf04;PyObject_Call;_PyEval_EvalFrameDefault;0x54cf04;PyObject_Call;_PyEval_EvalFrameDefault;_PyObject_Call_Prepend;0x5a30c8;PyObject_Call;_PyEval_EvalFrameDefault;0x54cf04;PyObject_Call;_PyEval_EvalFrameDefault;0x54cf04;PyObject_Call;_PyEval_EvalFrameDefault;0x54cf04;PyObject_Call;_PyEval_EvalFrameDefault;_PyObject_Call_Prepend;0x5a30c8;PyObject_Call;_PyEval_EvalFrameDefault;0x54cf04;PyObject_Call;_PyEval_EvalFrameDefault;0x54cf04;PyObject_Call;_PyEval_EvalFrameDefault;_PyObject_Call_Prepend;0x5a30c8;_PyObject_MakeTpCall;_PyEval_EvalFrameDefault;0x54cf04;PyObject_Call;_PyEval_EvalFrameDefault;0x54cf04;PyObject_Call;_PyEval_EvalFrameDefault;0x54cf04;PyObject_Call;_PyEval_EvalFrameDefault;PyEval_EvalCode;0x607fc2;0x6b4393;_PyRun_SimpleFileObject;_PyRun_AnyFileObject;Py_RunMain;Py_BytesMain;__libc_start_call_main;__libc_start_main@@GLIBC_2.34;_start;|, 33.388272, 100.00, 114.071000
2025-11-25T20:44:53.330394Z, 0xfffffffffffffe00;pthread_getspecific@@GLIBC_2.34;0x76e328a4f057;0x76e328df6dc2;0x6475632f3031632f;|, 37.740689, 66.67, 114.071000
2025-11-25T20:44:53.335637Z, , 38.691547, 0.00, 114.071000
2025-11-25T20:44:53.340995Z, 0xfffffffffffffe00;0x76e332b53c36;clock_gettime@@GLIBC_2.17;cuptiGetTimestamp;0x76e32c158b21;0x76e32c10d60a;0x76e32c117c50;0x76e32ccae696;0x76e328a4f03a;0x76e328df6dc2;0x6475632f3031632f;|, 30.933196, 0.00, 114.071000
2025-11-25T20:44:53.346239Z, , 38.208105, 100.00, 114.071000
2025-11-25T20:44:53.351465Z, 0xfffffffffffffe00;0x76e32c97b6f5;0x76e32c9d596c;0x76e32c9d63ce;0x76e32cba98e8;cuLaunchKernel;0x76e328a13e89;0x76e328a79f88;0x76e2bec85d62;|, 34.625621, 0.00, 114.071000
2025-11-25T20:44:53.356705Z, , 38.933894, 0.00, 114.071000
2025-11-25T20:44:53.362013Z, 0xfffffffffffffe00;0x76e32c1490fa;0x76e32c131360;0x76e32c158bee;0x76e32c10d695;0x76e32c117c50;0x76e32ccae696;0x76e328a4f082;0x76e328df7115;0x2800000000;|, 32.992589, 100.00, 114.071000
2025-11-25T20:44:53.367257Z, , 38.321264, 100.00, 114.071000
2025-11-25T20:44:53.372576Z, 0xfffffffffffffe00;0x76e32c116229;0x76e32c117c50;0x76e32cb330ab;cuCtxGetDevice;0x76e328a11116;0x76e328a4f042;0x76e328df7115;0xec1fd13000000000;|, 31.794441, 0.00, 114.071000
2025-11-25T20:44:53.377714Z, , 41.563389, 100.00, 114.071000
2025-11-25T20:44:53.383044Z, 0xfffffffffffffe00;0x76e32c10d3e0;0x76e32ccae696;0x76e328a4f03a;0x76e328df6dc2;0x6475632f3031632f;|, 31.402188, 100.00, 114.071000
2025-11-25T20:44:53.388400Z, , 48.465285, 200.00, 114.071000
2025-11-25T20:44:53.393787Z, 0xfffffffffffffe00;__pthread_mutex_lock@GLIBC_2.2.5;0x76e32d79812e;0x76e32d7baf14;0x76e32c9c9ad5;0x76e32c9d5a28;0x76e32c9d63ce;0x76e32cba98e8;cuLaunchKernel;0x76e328a13e89;0x76e328a79f88;0x76e2bec85d62;|, 49.044039, 300.00, 114.071000
2025-11-25T20:44:53.399035Z, , 43.840657, 400.00, 114.071000
2025-11-25T20:44:53.404429Z, 0xfffffffffffffe00;0x76e32c355d85;0x76e32c355c9c;0x76e32c13196f;0x76e32c131c8e;0x76e32c15d0d8;0x76e32c15d181;0x76e32c10c62b;0x76e32c117c50;0x76e32d7b98b2;0x76e32c9c9ad5;0x76e32c9d5a28;0x76e32c9d63ce;0x76e32cba98e8;cuLaunchKernel;0x76e328a13e89;0x76e328a79f88;0x76e2bd6cfa81;|, 42.906987, 500.00, 114.071000
2025-11-25T20:44:53.409664Z, , 48.299945, 500.00, 114.071000
2025-11-25T20:44:53.415093Z, 0xfffffffffffffe00;_Py_HashBytes;0x5a61cd;_Py_hashtable_get;PyUnicode_InternFromString;0x76e31d787b6d;PyType_Type;|, 46.178260, 600.00, 114.071000
2025-11-25T20:44:53.420352Z, , 39.762600, 700.00, 114.071000
2025-11-25T20:44:53.427657Z, 0xfffffffffffffe00;0x591579;0x5d539f;0x5d4fbf;_PyObject_Call_Prepend;0x5a30c8;_PyObject_MakeTpCall;_PyEval_EvalFrameDefault;0x54ce3d;_PyEval_EvalFrameDefault;0x54ce3d;_PyEval_EvalFrameDefault;_PyObject_Call_Prepend;0x5a30c8;_PyObject_MakeTpCall;_PyEval_EvalFrameDefault;0x54cf04;PyObject_Call;_PyEval_EvalFrameDefault;0x54cf04;PyObject_Call;_PyEval_EvalFrameDefault;0x54cf04;PyObject_Call;_PyEval_EvalFrameDefault;_PyObject_Call_Prepend;0x5a30c8;PyObject_Call;_PyEval_EvalFrameDefault;0x54cf04;PyObject_Call;_PyEval_EvalFrameDefault;0x54cf04;PyObject_Call;_PyEval_EvalFrameDefault;_PyObject_Call_Prepend;0x5a30c8;_PyObject_MakeTpCall;_PyEval_EvalFrameDefault;0x54cf04;PyObject_Call;_PyEval_EvalFrameDefault;0x54cf04;PyObject_Call;_PyEval_EvalFrameDefault;0x54cf04;PyObject_Call;_PyEval_EvalFrameDefault;PyEval_EvalCode;0x607fc2;0x6b4393;_PyRun_SimpleFileObject;_PyRun_AnyFileObject;Py_RunMain;Py_BytesMain;__libc_start_call_main;__libc_start_main@@GLIBC_2.34;_start;|, 34.698032, 700.00, 114.071000
2025-11-25T20:44:53.433189Z, 0xfffffffffffffe00;_int_free;0x76e32c131766;0x76e32c15cd8d;0x76e32c10c9d7;0x76e32c117c50;0x76e32d7ba891;0x76e32c9c9ad5;0x76e32c9d5a28;0x76e32c9d63ce;0x76e32cba98e8;cuLaunchKernel;0x76e328a13e89;0x76e328a79f88;0x76e2bcf02c65;0x76e2bcf0ba48;0x76e2becb4c0c;0x0;0x100000001;0x76e32895c170;0x85e38058b4818;|, 52.113682, 800.00, 114.071000
2025-11-25T20:44:53.438446Z, , 36.946578, 900.00, 114.071000
2025-11-25T20:44:53.443828Z, 0xfffffffffffffe00;0x76e2f8bd2903;0x76e2f8bd30f3;0x76e2bc67129e;0x7fffec1fc4a0;0x100000001;0x76e32895c170;0x85e38058b4818;|, 41.315054, 1000.00, 114.071000
2025-11-25T20:44:53.449057Z, , 44.499575, 1000.00, 114.071000
2025-11-25T20:44:53.454385Z, 0xfffffffffffffe00;0x76e32d79ea3e;0x76e32cb32feb;cuCtxGetDevice;0x76e328a11116;0x76e328a4f042;0x76e328df6dc2;0x6475632f3031632f;|, 39.938929, 1100.00, 114.071000
2025-11-25T20:44:53.459619Z, , 42.151772, 1200.00, 114.071000
2025-11-25T20:44:53.464885Z, 0xfffffffffffffe00;0x76e2bc67111a;0x76e2bc67129e;0x7fffec1fb5f0;0x100000001;0x76e32895c170;0x85e38058b4818;|, 47.709838, 1300.00, 114.071000
2025-11-25T20:44:53.470265Z, , 37.748400, 1300.00, 114.071000
2025-11-25T20:44:53.475520Z, 0xfffffffffffffe00;0x76e2f981de20;0x76e2f9367d94;0x76e2fa0ef352;0x76e2bea9854e;0x76e2beabd372;0x76e2beda901a;0x76e2beda90e1;|, 37.637219, 1400.00, 114.071000
2025-11-25T20:44:53.481575Z, 0xfffffffffffffe00;0x76e2f8be371b;0x76e2f9e7a2c1;0x76e2f9e308a7;0x76e31d2d82dd;0x76e31d2d99fd;0x76e31d2d418c;0x76e31d2d5bd7;_PyEval_EvalFrameDefault;0x54cf04;PyObject_Call;_PyEval_EvalFrameDefault;0x54cf04;PyObject_Call;_PyEval_EvalFrameDefault;0x54cf04;PyObject_Call;_PyEval_EvalFrameDefault;PyEval_EvalCode;0x607fc2;0x6b4393;_PyRun_SimpleFileObject;_PyRun_AnyFileObject;Py_RunMain;Py_BytesMain;__libc_start_call_main;__libc_start_main@@GLIBC_2.34;_start;|, 42.163838, 1500.00, 114.071000
2025-11-25T20:44:53.486719Z, , 39.570591, 750.00, 114.071000
2025-11-25T20:44:53.491846Z, 0xfffffffffffffe00;0x76e21eb4f5be;0x76e21eb53bc0;0x76e21eb543d6;0x76e21df7f33c;0x76e21df81b91;0x76e21e0c0b59;0x76e21e0c4dcd;0x76e2bef51c11;0x76e2befc3fdf;0x76e2befc5bc2;0x76e2becdb21c;|, 40.888730, 1600.00, 114.071000
2025-11-25T20:44:53.496963Z, , 38.638004, 1700.00, 113.236000
2025-11-25T20:44:53.502345Z, 0xfffffffffffffe00;0x76e32c131390;0x76e32c116b6e;0x76e32c117353;0x76e32c117c50;0x76e32d7b93e3;0x76e32c9c9ad5;0x76e32c9d5a28;0x76e32c9d63ce;0x76e32cba98e8;cuLaunchKernel;0x76e328a13e89;0x76e328a79f88;0x76e2bdd1715d;0x76e2bdd35966;0x590e86;0x100000003;0x76e32895c170;0x85e38058b4818;|, 38.922748, 1700.00, 113.236000
2025-11-25T20:44:53.507469Z, , 46.899604, 1800.00, 113.236000
2025-11-25T20:44:53.512681Z, 0xfffffffffffffe00;clock_gettime@@GLIBC_2.17;cuptiGetTimestamp;0x76e32c158bc9;0x76e32c10d695;0x76e32c117c50;0x76e32ccae696;0x76e328a4f082;0x76e328df727b;|, 42.555159, 2000.00, 113.236000
2025-11-25T20:44:53.517787Z, , 35.110166, 2100.00, 113.236000
2025-11-25T20:44:53.522949Z, 0xfffffffffffffe00;0x76e32c0b0b40;0x76e32c158779;0x76e32c116364;0x76e32c117c50;0x76e32cb35ba7;cuDevicePrimaryCtxGetState;0x76e2bc672e9a;|, 50.823002, 2100.00, 113.236000
2025-11-25T20:44:53.528055Z, , 48.281976, 2200.00, 113.236000
2025-11-25T20:44:53.533309Z, 0xfffffffffffffe00;0x76e32cc61bc9;0x76e32ca1f183;0x76e32ca5de3b;0x76e32d79d137;0x76e32d79d585;0x76e32ca2b9f4;0x76e32caf22c3;0x76e32d751fd5;0x76e32c9f6cbb;0x76e32cba87e1;cuStreamSynchronize;0x76e328a12683;0x76e328a79ca1;0x76e2bcfcef18;0x76e2bcfd04b5;0x0;0x100000001;0x76e32895c170;0x85e38058b4818;|, 48.017873, 1150.00, 113.236000
2025-11-25T20:44:53.538419Z, , 38.662266, 2300.00, 113.236000
2025-11-25T20:44:53.543662Z, 0xfffffffffffffe00;__pthread_mutex_lock@GLIBC_2.2.5;|, 51.513918, 1200.00, 113.236000
2025-11-25T20:44:53.548771Z, , 50.538241, 0.00, 113.236000
2025-11-25T20:44:53.556449Z, 0xfffffffffffffe00;_PyObject_GenericGetAttrWithDict;0x58277a;PyObject_GetAttr;_PyEval_EvalFrameDefault;0x54cf04;PyObject_Call;_PyEval_EvalFrameDefault;0x54cf04;PyObject_Call;_PyEval_EvalFrameDefault;_PyObject_Call_Prepend;0x5a30c8;PyObject_Call;_PyEval_EvalFrameDefault;0x54cf04;PyObject_Call;_PyEval_EvalFrameDefault;0x54cf04;PyObject_Call;_PyEval_EvalFrameDefault;0x54cf04;PyObject_Call;_PyEval_EvalFrameDefault;_PyObject_Call_Prepend;0x5a30c8;PyObject_Call;_PyEval_EvalFrameDefault;0x54cf04;PyObject_Call;_PyEval_EvalFrameDefault;0x54cf04;PyObject_Call;_PyEval_EvalFrameDefault;_PyObject_Call_Prepend;0x5a30c8;_PyObject_MakeTpCall;_PyEval_EvalFrameDefault;0x54cf04;PyObject_Call;_PyEval_EvalFrameDefault;0x54cf04;PyObject_Call;_PyEval_EvalFrameDefault;_PyObject_Call_Prepend;0x5a30c8;PyObject_Call;_PyEval_EvalFrameDefault;PyEval_EvalCode;0x607fc2;0x6b4393;_PyRun_SimpleFileObject;_PyRun_AnyFileObject;Py_RunMain;Py_BytesMain;__libc_start_call_main;__libc_start_main@@GLIBC_2.34;_start;|, 42.341831, 0.00, 113.236000
2025-11-25T20:44:53.561625Z, 0xfffffffffffffe00;cuptiGetTimestamp;0x76e32c10d60a;0x76e32c117c50;0x76e32ccae696;0x76e328a4f03a;0x76e328df7115;0xec1fa5f400007fff;|, 59.138535, 50.00, 113.236000
2025-11-25T20:44:53.566736Z, , 42.412931, 200.00, 113.236000
2025-11-25T20:44:53.571850Z, , 40.939895, 0.00, 113.236000
2025-11-25T20:44:53.577119Z, 0xfffffffffffffe00;0x76e32d7b9288;0x76e32c9c9ad5;0x76e32c9d5a28;0x76e32c9d63ce;0x76e32cba98e8;cuLaunchKernel;0x76e224ee3eb6;0x76e224f4a3f8;0x76e21eac5c54;0x76e21ead564e;0x76e21eb52d80;0x76e21df81c1e;0x76e21e0c0b59;0x76e21e0c4dcd;0x76e2bef51c11;0x76e2befc3fdf;0x76e2befc5bc2;0x76e2becdb21c;|, 42.714124, 0.00, 113.236000
2025-11-25T20:44:53.582422Z, 0xfffffffffffffe00;0x76e32cae6182;0x76e32cae67e1;0x76e32c97eac5;0x76e32cabe5ee;0x76e32d7b94c3;0x76e32c9c9ad5;0x76e32c9d5a28;0x76e32c9d63ce;0x76e32cba98e8;cuLaunchKernel;0x76e328a13e89;0x76e328a79f88;0x76e2bdd1715d;0x76e2bdd35966;0x590e86;0x100000003;0x76e32895c170;0x85e38058b4818;|, 40.405236, 0.00, 113.236000
2025-11-25T20:44:53.587618Z, , 41.536917, 100.00, 113.236000
2025-11-25T20:44:53.592844Z, 0xfffffffffffffe00;0x76e332b53c36;clock_gettime@@GLIBC_2.17;cuptiGetTimestamp;0x76e32c158b21;0x76e32c10d60a;0x76e32c117c50;0x76e32ccae696;0x76e328a4f03a;0x76e328df6dc2;0x6475632f3031632f;|, 34.192441, 100.00, 113.236000
2025-11-25T20:44:53.597996Z, , 42.501207, 200.00, 113.236000
2025-11-25T20:44:53.603505Z, 0xfffffffffffffe00;_int_free;free;0x76e328dd13b3;0x534ac710;|, 33.380220, 300.00, 113.236000
2025-11-25T20:44:53.608616Z, , 41.102541, 300.00, 113.236000
2025-11-25T20:44:53.613834Z, 0xfffffffffffffe00;0x76e32cabb00b;0x76e32cb3315f;cuCtxGetDevice;0x76e328a11116;0x76e328a4f042;0x76e328df6dc2;0x6475632f3031632f;|, 52.565299, 200.00, 113.236000
2025-11-25T20:44:53.618955Z, , 34.172656, 500.00, 113.236000
2025-11-25T20:44:53.624210Z, 0xfffffffffffffe00;0x76e32cc61bae;0x76e32ca1f183;0x76e32ca5de3b;0x76e32d79d137;0x76e32d79d585;0x76e32ca2b9f4;0x76e32caf22c3;0x76e32d751fd5;0x76e32c9f6cbb;0x76e32cba87e1;cuStreamSynchronize;0x76e328a12683;0x76e328a79ca1;0x76e2bcfcef18;0x76e2bcfd04b5;0x0;0x100000001;0x76e32895c170;0x85e38058b4818;|, 40.855763, 500.00, 113.236000
2025-11-25T20:44:53.629320Z, , 45.357406, 600.00, 113.236000
2025-11-25T20:44:53.634578Z, 0xfffffffffffffe00;0x76e32d79e86a;0x76e32c994f91;0x76e32cb35c19;cuDevicePrimaryCtxGetState;0x76e2bc672e9a;|, 43.344127, 0.00, 113.236000
2025-11-25T20:44:53.639772Z, , 41.907004, 0.00, 113.236000
2025-11-25T20:44:53.645094Z, 0xfffffffffffffe00;__pthread_mutex_lock@GLIBC_2.2.5;0x76e32c13195a;0x76e32c131c8e;0x76e32c15d0d8;0x76e32c15d181;0x76e32c10c62b;0x76e32c117c50;0x76e32d7b98b2;0x76e32c9c9ad5;0x76e32c9d5a28;0x76e32c9d63ce;0x76e32cba98e8;cuLaunchKernel;0x76e224ee3eb6;0x76e224f4a3f8;0x76e21ec671c5;0x76e21eb52a19;0x76e21df81c1e;0x76e21e0c0b59;0x76e21e0c4dcd;0x76e2bef51c11;0x76e2befc3fdf;0x76e2befc5bc2;0x76e2becdb21c;|, 38.099128, 100.00, 113.236000
2025-11-25T20:44:53.650314Z, , 51.331326, 100.00, 113.236000
2025-11-25T20:44:53.658189Z, 0xfffffffffffffe00;0x76e32897a017;0x76e31cff1656;0x5a2f54;0x6789d9;PyNumber_Multiply;_PyEval_EvalFrameDefault;0x54ce3d;_PyEval_EvalFrameDefault;0x54ce3d;_PyEval_EvalFrameDefault;_PyObject_Call_Prepend;0x5a30c8;_PyObject_MakeTpCall;_PyEval_EvalFrameDefault;0x54ce3d;_PyEval_EvalFrameDefault;0x54ce3d;_PyEval_EvalFrameDefault;_PyObject_Call_Prepend;0x5a30c8;_PyObject_MakeTpCall;_PyEval_EvalFrameDefault;0x54cf04;PyObject_Call;_PyEval_EvalFrameDefault;0x54cf04;PyObject_Call;_PyEval_EvalFrameDefault;0x54cf04;PyObject_Call;_PyEval_EvalFrameDefault;_PyObject_Call_Prepend;0x5a30c8;PyObject_Call;_PyEval_EvalFrameDefault;0x54cf04;PyObject_Call;_PyEval_EvalFrameDefault;0x54cf04;PyObject_Call;_PyEval_EvalFrameDefault;_PyObject_Call_Prepend;0x5a30c8;_PyObject_MakeTpCall;_PyEval_EvalFrameDefault;0x54cf04;PyObject_Call;_PyEval_EvalFrameDefault;0x54cf04;PyObject_Call;_PyEval_EvalFrameDefault;0x54cf04;PyObject_Call;_PyEval_EvalFrameDefault;PyEval_EvalCode;0x607fc2;0x6b4393;_PyRun_SimpleFileObject;_PyRun_AnyFileObject;Py_RunMain;Py_BytesMain;__libc_start_call_main;__libc_start_main@@GLIBC_2.34;_start;|, 45.811548, 300.00, 113.236000
2025-11-25T20:44:53.663497Z, 0xfffffffffffffe00;__libc_malloc;0x76e31c4bb904;0x76e2f8bd6762;0x7fffec1fa150;0xff0001ff0001ff00;0x76e2f9ece490;0x100000002;0x76e2f9eb8ff0;0x1f0f0000000000;|, 51.815924, 400.00, 113.236000
2025-11-25T20:44:53.668605Z, , 31.062751, 400.00, 113.236000
2025-11-25T20:44:53.674114Z, 0xfffffffffffffe00;_int_free;free;0x76e328dbf7c6;0x0;0x88fe4000178d400;|, 38.001201, 500.00, 113.236000
2025-11-25T20:44:53.679234Z, , 49.885223, 600.00, 113.236000
2025-11-25T20:44:53.684541Z, 0xfffffffffffffe00;0x76e32c15d166;0x76e32c10c62b;0x76e32c117c50;0x76e32d7b98b2;0x76e32c9c9ad5;0x76e32c9d5a28;0x76e32c9d63ce;0x76e32cba98e8;cuLaunchKernel;0x76e328a13e89;0x76e328a79f88;0x76e2bef12f5a;0x76e2beeec366;0x76e2beeec4f9;0x0;0x100000001;0x76e32895c170;0x85e38058b4818;|, 30.639845, 0.00, 113.236000
2025-11-25T20:44:53.689647Z, , 44.035732, 100.00, 113.236000
2025-11-25T20:44:53.694824Z, 0xfffffffffffffe00;0x76e21df661f1;0x76e21df6999b;0x76e21e09049c;0x76e21e090963;0x76e21e0c24a9;0x76e2bef51b83;0x76e2befc3fdf;0x76e2befc5bc2;0x76e2becdb21c;|, 42.788325, 200.00, 113.236000
2025-11-25T20:44:53.699934Z, , 37.257239, 0.00, 113.236000
2025-11-25T20:44:53.705051Z, 0xfffffffffffffe00;0x76e32894a6ca;0xc00;|, 41.819053, 100.00, 113.236000
2025-11-25T20:44:53.710203Z, , 34.151380, 200.00, 113.236000
2025-11-25T20:44:53.717171Z, 0xfffffffffffffe00;0x5a3656;PyObject_GetAttr;_PyEval_EvalFrameDefault;0x54cf04;PyObject_Call;_PyEval_EvalFrameDefault;0x54cf04;PyObject_Call;_PyEval_EvalFrameDefault;_PyObject_Call_Prepend;0x5a30c8;PyObject_Call;_PyEval_EvalFrameDefault;0x54cf04;PyObject_Call;_PyEval_EvalFrameDefault;0x54cf04;PyObject_Call;_PyEval_EvalFrameDefault;_PyObject_Call_Prepend;0x5a30c8;_PyObject_MakeTpCall;_PyEval_EvalFrameDefault;0x54cf04;PyObject_Call;_PyEval_EvalFrameDefault;0x54cf04;PyObject_Call;_PyEval_EvalFrameDefault;0x54cf04;PyObject_Call;_PyEval_EvalFrameDefault;PyEval_EvalCode;0x607fc2;0x6b4393;_PyRun_SimpleFileObject;_PyRun_AnyFileObject;Py_RunMain;Py_BytesMain;__libc_start_call_main;__libc_start_main@@GLIBC_2.34;_start;|, 38.230900, 200.00, 113.236000
2025-11-25T20:44:53.724974Z, 0xfffffffffffffe00;0x590f34;_PyEval_EvalFrameDefault;0x54ce3d;_PyEval_EvalFrameDefault;0x54ce3d;_PyEval_EvalFrameDefault;_PyObject_Call_Prepend;0x5a30c8;_PyObject_MakeTpCall;_PyEval_EvalFrameDefault;0x54cf04;PyObject_Call;_PyEval_EvalFrameDefault;0x54cf04;PyObject_Call;_PyEval_EvalFrameDefault;_PyObject_Call_Prepend;0x5a30c8;PyObject_Call;_PyEval_EvalFrameDefault;0x54cf04;PyObject_Call;_PyEval_EvalFrameDefault;0x54cf04;PyObject_Call;_PyEval_EvalFrameDefault;0x54cf04;PyObject_Call;_PyEval_EvalFrameDefault;_PyObject_Call_Prepend;0x5a30c8;PyObject_Call;_PyEval_EvalFrameDefault;0x54cf04;PyObject_Call;_PyEval_EvalFrameDefault;0x54cf04;PyObject_Call;_PyEval_EvalFrameDefault;_PyObject_Call_Prepend;0x5a30c8;_PyObject_MakeTpCall;_PyEval_EvalFrameDefault;0x54cf04;PyObject_Call;_PyEval_EvalFrameDefault;0x54cf04;PyObject_Call;_PyEval_EvalFrameDefault;0x54cf04;PyObject_Call;_PyEval_EvalFrameDefault;PyEval_EvalCode;0x607fc2;0x6b4393;_PyRun_SimpleFileObject;_PyRun_AnyFileObject;Py_RunMain;Py_BytesMain;__libc_start_call_main;__libc_start_main@@GLIBC_2.34;_start;|, 35.374133, 133.33, 113.236000
2025-11-25T20:44:53.730082Z, , 34.667345, 500.00, 113.236000
2025-11-25T20:44:53.735314Z, 0xfffffffffffffe00;0x76e332b53c36;clock_gettime@@GLIBC_2.17;cuptiGetTimestamp;0x76e32c1586c1;0x76e32c1157e8;0x76e32c11624b;0x76e32c117c50;0x76e32cb35b64;cuDevicePrimaryCtxGetState;0x76e2bc672e9a;|, 37.860285, 600.00, 113.236000
2025-11-25T20:44:53.740479Z, , 40.562188, 700.00, 113.236000
2025-11-25T20:44:53.745625Z, 0xfffffffffffffe00;0x76e32c150885;0x76e32c103e99;0x76e32c117c21;0x76e32ccae696;0x76e328a4f03a;0x76e328df727b;|, 37.888270, 700.00, 113.236000
2025-11-25T20:44:53.750729Z, , 38.732060, 800.00, 113.236000
2025-11-25T20:44:53.756056Z, 0xfffffffffffffe00;0x5a663c;PyUnicode_FromFormatV;PyErr_Format;_PyObject_GenericGetAttrWithDict;0x76e31d787b89;PyType_Type;|, 41.258986, 900.00, 113.236000
2025-11-25T20:44:53.761195Z, , 29.798385, 900.00, 113.236000
2025-11-25T20:44:53.766350Z, 0xfffffffffffffe00;0x76e328a111dc;0x76e328a4f042;0x76e328df6dc2;0x6475632f3031632f;|, 38.832439, 1000.00, 113.236000
2025-11-25T20:44:53.771488Z, , 35.592684, 0.00, 113.236000
2025-11-25T20:44:53.776687Z, 0xfffffffffffffe00;__libc_malloc;0x76e31c4bb904;0x76e2f8bd6762;0x69261545;0x100000001;0x76e32895c170;0x85e38058b4818;|, 40.273291, 0.00, 113.236000
2025-11-25T20:44:53.781800Z, , 36.518488, 100.00, 113.236000
2025-11-25T20:44:53.787042Z, 0xfffffffffffffe00;pthread_getspecific@@GLIBC_2.34;0x76e32c1152d7;0x76e32c11624b;0x76e32c117c50;0x76e32cb330ab;cuCtxGetDevice;0x76e328a11116;0x76e328a4f042;0x76e328df727b;|, 36.159068, 100.00, 113.236000
2025-11-25T20:44:53.792176Z, , 38.477960, 0.00, 113.236000
2025-11-25T20:44:53.797671Z, 0xfffffffffffffe00;0x76e32cb1bbfb;0x76e32ca2bccc;0x76e32caf22c3;0x76e32d751fd5;0x76e32c9f6cbb;0x76e32cba87e1;cuStreamSynchronize;0x76e328a12683;0x76e328a79ca1;0x76e2bcfcef18;0x76e2bcfd04b5;0x0;0x100000001;0x76e32895c170;0x85e38058b4818;|, 68.260376, 50.00, 113.236000
2025-11-25T20:44:53.803061Z, 0xfffffffffffffe00;pthread_rwlock_rdlock@GLIBC_2.2.5;0x76e328a88dd1;0x76e328a4ef2a;0x76e328df6dc2;0x6475632f3031632f;|, 44.093128, 200.00, 113.236000
2025-11-25T20:44:53.808373Z, , 45.011597, 150.00, 113.236000
2025-11-25T20:44:53.816426Z, 0xfffffffffffffe00;0x76e2f8c56513;0x581a6f;_PyObject_MakeTpCall;_PyEval_EvalFrameDefault;0x54ce3d;_PyEval_EvalFrameDefault;0x54ce3d;_PyEval_EvalFrameDefault;_PyObject_Call_Prepend;0x5a30c8;_PyObject_MakeTpCall;_PyEval_EvalFrameDefault;0x54cf04;PyObject_Call;_PyEval_EvalFrameDefault;0x54cf04;PyObject_Call;_PyEval_EvalFrameDefault;0x54cf04;PyObject_Call;_PyEval_EvalFrameDefault;_PyObject_Call_Prepend;0x5a30c8;PyObject_Call;_PyEval_EvalFrameDefault;0x54cf04;PyObject_Call;_PyEval_EvalFrameDefault;0x54cf04;PyObject_Call;_PyEval_EvalFrameDefault;_PyObject_Call_Prepend;0x5a30c8;_PyObject_MakeTpCall;_PyEval_EvalFrameDefault;0x54cf04;PyObject_Call;_PyEval_EvalFrameDefault;0x54cf04;PyObject_Call;_PyEval_EvalFrameDefault;0x54cf04;PyObject_Call;_PyEval_EvalFrameDefault;PyEval_EvalCode;0x607fc2;0x6b4393;_PyRun_SimpleFileObject;_PyRun_AnyFileObject;Py_RunMain;Py_BytesMain;__libc_start_call_main;__libc_start_main@@GLIBC_2.34;_start;|, 47.066351, 300.00, 113.236000
2025-11-25T20:44:53.821592Z, , 40.485017, 400.00, 113.236000
2025-11-25T20:44:53.828405Z, 0xfffffffffffffe00;PyDict_GetItemWithError;_PyEval_EvalFrameDefault;0x5a1d52;PyObject_SetAttr;0x5d260a;_PyEval_EvalFrameDefault;0x54cf04;PyObject_Call;_PyEval_EvalFrameDefault;_PyObject_Call_Prepend;0x59da4f;0x599513;_PyObject_MakeTpCall;_PyEval_EvalFrameDefault;0x54cf04;PyObject_Call;_PyEval_EvalFrameDefault;PyEval_EvalCode;0x607fc2;0x6b4393;_PyRun_SimpleFileObject;_PyRun_AnyFileObject;Py_RunMain;Py_BytesMain;__libc_start_call_main;__libc_start_main@@GLIBC_2.34;_start;|, 34.041863, 500.00, 113.236000
2025-11-25T20:44:53.833652Z, 0xfffffffffffffe00;0x76e32c1157e3;0x76e32c11624b;0x76e32c117c50;0x76e32cb35b64;cuDevicePrimaryCtxGetState;0x76e2bc672e9a;|, 45.033495, 300.00, 113.236000
2025-11-25T20:44:53.838929Z, , 42.164186, 0.00, 113.236000
2025-11-25T20:44:53.844418Z, 0xfffffffffffffe00;0x76e32ca212af;0x76e32c9799f3;0x76e32c980311;0x76e32d7ba55c;0x76e32c9c9ad5;0x76e32c9d5a28;0x76e32c9d63ce;0x76e32cba98e8;cuLaunchKernel;0x76e328a13e89;0x76e328a79f88;0x76e2be075840;|, 34.251887, 0.00, 113.236000
2025-11-25T20:44:53.849635Z, , 41.905834, 100.00, 113.236000
2025-11-25T20:44:53.857642Z, 0xfffffffffffffe00;__tls_get_addr;0x551768;PyObject_Vectorcall;_PyEval_EvalFrameDefault;0x54ce3d;_PyEval_EvalFrameDefault;0x54ce3d;_PyEval_EvalFrameDefault;_PyObject_Call_Prepend;0x5a30c8;_PyObject_MakeTpCall;_PyEval_EvalFrameDefault;0x54cf04;PyObject_Call;_PyEval_EvalFrameDefault;0x54cf04;PyObject_Call;_PyEval_EvalFrameDefault;_PyObject_Call_Prepend;0x5a30c8;PyObject_Call;_PyEval_EvalFrameDefault;0x54cf04;PyObject_Call;_PyEval_EvalFrameDefault;0x54cf04;PyObject_Call;_PyEval_EvalFrameDefault;0x54cf04;PyObject_Call;_PyEval_EvalFrameDefault;_PyObject_Call_Prepend;0x5a30c8;PyObject_Call;_PyEval_EvalFrameDefault;0x54cf04;PyObject_Call;_PyEval_EvalFrameDefault;0x54cf04;PyObject_Call;_PyEval_EvalFrameDefault;_PyObject_Call_Prepend;0x5a30c8;_PyObject_MakeTpCall;_PyEval_EvalFrameDefault;0x54cf04;PyObject_Call;_PyEval_EvalFrameDefault;0x54cf04;PyObject_Call;_PyEval_EvalFrameDefault;0x54cf04;PyObject_Call;_PyEval_EvalFrameDefault;PyEval_EvalCode;0x607fc2;0x6b4393;_PyRun_SimpleFileObject;_PyRun_AnyFileObject;Py_RunMain;Py_BytesMain;__libc_start_call_main;__libc_start_main@@GLIBC_2.34;_start;|, 37.695314, 200.00, 113.236000
2025-11-25T20:44:53.865030Z, 0xfffffffffffffe00;0x57203a;PyDict_GetItem;0x76e31d730534;0x76e31d732a71;0x76e31d13228c;0x581a6f;_PyObject_MakeTpCall;_PyEval_EvalFrameDefault;0x54cf04;PyObject_Call;_PyEval_EvalFrameDefault;0x54cf04;PyObject_Call;_PyEval_EvalFrameDefault;_PyObject_Call_Prepend;0x5a30c8;PyObject_Call;_PyEval_EvalFrameDefault;0x54cf04;PyObject_Call;_PyEval_EvalFrameDefault;0x54cf04;PyObject_Call;_PyEval_EvalFrameDefault;0x54cf04;PyObject_Call;_PyEval_EvalFrameDefault;_PyObject_Call_Prepend;0x5a30c8;PyObject_Call;_PyEval_EvalFrameDefault;0x54cf04;PyObject_Call;_PyEval_EvalFrameDefault;0x54cf04;PyObject_Call;_PyEval_EvalFrameDefault;_PyObject_Call_Prepend;0x5a30c8;_PyObject_MakeTpCall;_PyEval_EvalFrameDefault;0x54cf04;PyObject_Call;_PyEval_EvalFrameDefault;0x54cf04;PyObject_Call;_PyEval_EvalFrameDefault;0x54cf04;PyObject_Call;_PyEval_EvalFrameDefault;PyEval_EvalCode;0x607fc2;0x6b4393;_PyRun_SimpleFileObject;_PyRun_AnyFileObject;Py_RunMain;Py_BytesMain;__libc_start_call_main;__libc_start_main@@GLIBC_2.34;_start;|, 39.333927, 300.00, 113.236000
2025-11-25T20:44:53.870288Z, , 40.896128, 200.00, 113.236000
2025-11-25T20:44:53.875676Z, 0xfffffffffffffe00;0x76e32d79d2d2;0x76e32ca2b9f4;0x76e32caf22c3;0x76e32d751fd5;0x76e32c9f6cbb;0x76e32cba87e1;cuStreamSynchronize;0x76e328a12683;0x76e328a79ca1;0x76e2bcfcef18;0x76e2bcfd04b5;0x0;0x100000001;0x76e32895c170;0x85e38058b4818;|, 42.474616, 500.00, 113.236000
2025-11-25T20:44:53.880878Z, , 41.226278, 0.00, 113.236000
2025-11-25T20:44:53.887829Z, 0xfffffffffffffe00;_PyObject_GC_New;_PyEval_EvalFrameDefault;0x54ce3d;_PyEval_EvalFrameDefault;_PyObject_Call_Prepend;0x5a30c8;_PyObject_MakeTpCall;_PyEval_EvalFrameDefault;0x54cf04;PyObject_Call;_PyEval_EvalFrameDefault;0x54cf04;PyObject_Call;_PyEval_EvalFrameDefault;0x54cf04;PyObject_Call;_PyEval_EvalFrameDefault;_PyObject_Call_Prepend;0x5a30c8;PyObject_Call;_PyEval_EvalFrameDefault;0x54cf04;PyObject_Call;_PyEval_EvalFrameDefault;0x54cf04;PyObject_Call;_PyEval_EvalFrameDefault;_PyObject_Call_Prepend;0x5a30c8;_PyObject_MakeTpCall;_PyEval_EvalFrameDefault;0x54cf04;PyObject_Call;_PyEval_EvalFrameDefault;0x54cf04;PyObject_Call;_PyEval_EvalFrameDefault;0x54cf04;PyObject_Call;_PyEval_EvalFrameDefault;PyEval_EvalCode;0x607fc2;0x6b4393;_PyRun_SimpleFileObject;_PyRun_AnyFileObject;Py_RunMain;Py_BytesMain;__libc_start_call_main;__libc_start_main@@GLIBC_2.34;_start;|, 31.153546, 0.00, 113.236000
2025-11-25T20:44:53.893080Z, , 40.341877, 50.00, 113.236000
2025-11-25T20:44:53.899458Z, 0xfffffffffffffe00;0x59e024;PyObject_GetAttr;_PyObject_GetMethod;_PyEval_EvalFrameDefault;_PyObject_Call_Prepend;0x5a30c8;_PyObject_MakeTpCall;_PyEval_EvalFrameDefault;_PyObject_Call_Prepend;0x59da4f;0x599513;_PyObject_MakeTpCall;_PyEval_EvalFrameDefault;PyObject_Call;0x64e874;_PyObject_MakeTpCall;PyObject_Vectorcall;_PyEval_EvalFrameDefault;0x54cf04;PyObject_Call;_PyEval_EvalFrameDefault;PyEval_EvalCode;0x607fc2;0x6b4393;_PyRun_SimpleFileObject;_PyRun_AnyFileObject;Py_RunMain;Py_BytesMain;__libc_start_call_main;__libc_start_main@@GLIBC_2.34;_start;|, 32.972025, 100.00, 113.236000
2025-11-25T20:44:53.904753Z, 0xfffffffffffffe00;__pthread_mutex_lock@GLIBC_2.2.5;0x76e32caebcc6;0x76e32cc9cd92;0x76e32d79813f;0x76e32d7baf14;0x76e32c9c9ad5;0x76e32c9d5a28;0x76e32c9d63ce;0x76e32cba98e8;cuLaunchKernel;0x76e328a13e89;0x76e328a79f88;0x76e2bcf1c1d1;0x76e2bcf0b810;0x76e2becb4c0c;0x0;0x100000001;0x76e32895c170;0x85e38058b4818;|, 41.841411, 300.00, 113.236000
2025-11-25T20:44:53.909853Z, , 31.565060, 0.00, 113.236000
2025-11-25T20:44:53.914957Z, 0xfffffffffffffe00;0x76e2f9b19dd2;|, 53.216230, 100.00, 113.236000
2025-11-25T20:44:53.920096Z, , 33.471085, 200.00, 113.236000
2025-11-25T20:44:53.926849Z, 0xfffffffffffffe00;_PyUnicode_JoinArray;0x54cf04;PyObject_Call;_PyEval_EvalFrameDefault;0x54cf04;PyObject_Call;_PyEval_EvalFrameDefault;0x54cf04;PyObject_Call;_PyEval_EvalFrameDefault;_PyObject_Call_Prepend;0x5a30c8;PyObject_Call;_PyEval_EvalFrameDefault;0x54cf04;PyObject_Call;_PyEval_EvalFrameDefault;0x54cf04;PyObject_Call;_PyEval_EvalFrameDefault;_PyObject_Call_Prepend;0x5a30c8;_PyObject_MakeTpCall;_PyEval_EvalFrameDefault;0x54cf04;PyObject_Call;_PyEval_EvalFrameDefault;0x54cf04;PyObject_Call;_PyEval_EvalFrameDefault;0x54cf04;PyObject_Call;_PyEval_EvalFrameDefault;PyEval_EvalCode;0x607fc2;0x6b4393;_PyRun_SimpleFileObject;_PyRun_AnyFileObject;Py_RunMain;Py_BytesMain;__libc_start_call_main;__libc_start_main@@GLIBC_2.34;_start;|, 41.322248, 200.00, 113.236000
2025-11-25T20:44:53.931980Z, , 50.009279, 300.00, 113.236000
2025-11-25T20:44:53.939292Z, 0xfffffffffffffe00;_PyObject_GenericGetAttrWithDict;0x5a372c;PyObject_GetAttr;_PyEval_EvalFrameDefault;0x54ce3d;_PyEval_EvalFrameDefault;_PyObject_Call_Prepend;0x5a30c8;_PyObject_MakeTpCall;_PyEval_EvalFrameDefault;0x54ce3d;_PyEval_EvalFrameDefault;0x54ce3d;_PyEval_EvalFrameDefault;_PyObject_Call_Prepend;0x5a30c8;_PyObject_MakeTpCall;_PyEval_EvalFrameDefault;0x54cf04;PyObject_Call;_PyEval_EvalFrameDefault;0x54cf04;PyObject_Call;_PyEval_EvalFrameDefault;0x54cf04;PyObject_Call;_PyEval_EvalFrameDefault;_PyObject_Call_Prepend;0x5a30c8;PyObject_Call;_PyEval_EvalFrameDefault;0x54cf04;PyObject_Call;_PyEval_EvalFrameDefault;0x54cf04;PyObject_Call;_PyEval_EvalFrameDefault;_PyObject_Call_Prepend;0x5a30c8;_PyObject_MakeTpCall;_PyEval_EvalFrameDefault;0x54cf04;PyObject_Call;_PyEval_EvalFrameDefault;0x54cf04;PyObject_Call;_PyEval_EvalFrameDefault;0x54cf04;PyObject_Call;_PyEval_EvalFrameDefault;PyEval_EvalCode;0x607fc2;0x6b4393;_PyRun_SimpleFileObject;_PyRun_AnyFileObject;Py_RunMain;Py_BytesMain;__libc_start_call_main;__libc_start_main@@GLIBC_2.34;_start;|, 33.334290, 200.00, 113.236000
2025-11-25T20:44:53.944517Z, 0xfffffffffffffe00;0x76e332b53c36;clock_gettime@@GLIBC_2.17;cuptiGetTimestamp;0x76e32c158b21;0x76e32c10d60a;0x76e32c117c50;0x76e32ccae696;0x76e328a4f03a;0x76e328df727b;|, 44.954427, 250.00, 113.236000
2025-11-25T20:44:53.949610Z, , 34.685287, 600.00, 113.236000
2025-11-25T20:44:53.954794Z, 0xfffffffffffffe00;pthread_getspecific@@GLIBC_2.34;0x76e32c103e99;0x76e32c117c21;0x76e32ccae696;0x76e328a4f03a;0x76e328df7115;0x0;|, 46.630040, 0.00, 113.236000
2025-11-25T20:44:53.959942Z, , 35.927637, 100.00, 113.236000
2025-11-25T20:44:53.965074Z, , 37.962853, 100.00, 113.236000
2025-11-25T20:44:53.970313Z, 0xfffffffffffffe00;PyType_GenericAlloc;0x76e31d213560;0x1;|, 39.930595, 200.00, 113.236000
2025-11-25T20:44:53.977372Z, 0xfffffffffffffe00;0x590ee2;_PyEval_EvalFrameDefault;0x54cf04;PyObject_Call;_PyEval_EvalFrameDefault;0x54cf04;PyObject_Call;_PyEval_EvalFrameDefault;_PyObject_Call_Prepend;0x5a30c8;PyObject_Call;_PyEval_EvalFrameDefault;0x54cf04;PyObject_Call;_PyEval_EvalFrameDefault;0x54cf04;PyObject_Call;_PyEval_EvalFrameDefault;0x54cf04;PyObject_Call;_PyEval_EvalFrameDefault;_PyObject_Call_Prepend;0x5a30c8;PyObject_Call;_PyEval_EvalFrameDefault;0x54cf04;PyObject_Call;_PyEval_EvalFrameDefault;0x54cf04;PyObject_Call;_PyEval_EvalFrameDefault;_PyObject_Call_Prepend;0x5a30c8;_PyObject_MakeTpCall;_PyEval_EvalFrameDefault;0x54cf04;PyObject_Call;_PyEval_EvalFrameDefault;0x54cf04;PyObject_Call;_PyEval_EvalFrameDefault;0x54cf04;PyObject_Call;_PyEval_EvalFrameDefault;PyEval_EvalCode;0x607fc2;0x6b4393;_PyRun_SimpleFileObject;_PyRun_AnyFileObject;Py_RunMain;Py_BytesMain;__libc_start_call_main;__libc_start_main@@GLIBC_2.34;_start;|, 32.747295, 300.00, 113.236000
2025-11-25T20:44:53.982508Z, , 48.359795, 500.00, 113.236000
2025-11-25T20:44:53.987727Z, 0xfffffffffffffe00;0x76e32cc0a74e;0x76e32cc9dbbc;0x76e32d7baa7e;0x76e32c9c9ad5;0x76e32c9d5a28;0x76e32c9d63ce;0x76e32cba98e8;cuLaunchKernel;0x76e328a13e89;0x76e328a79f88;0x76e2bef12f5a;0x76e2beeec366;0x76e2beeec4f9;0x0;0x100000001;0x76e32895c170;0x85e38058b4818;|, 33.610960, 500.00, 113.236000
2025-11-25T20:44:53.992862Z, , 31.009525, 600.00, 113.236000
2025-11-25T20:44:53.999931Z, 0xfffffffffffffe00;0x5d51b7;_PyEval_EvalFrameDefault;0x54cf04;PyObject_Call;_PyEval_EvalFrameDefault;0x54cf04;PyObject_Call;_PyEval_EvalFrameDefault;_PyObject_Call_Prepend;0x5a30c8;PyObject_Call;_PyEval_EvalFrameDefault;0x54cf04;PyObject_Call;_PyEval_EvalFrameDefault;0x54cf04;PyObject_Call;_PyEval_EvalFrameDefault;0x54cf04;PyObject_Call;_PyEval_EvalFrameDefault;_PyObject_Call_Prepend;0x5a30c8;PyObject_Call;_PyEval_EvalFrameDefault;0x54cf04;PyObject_Call;_PyEval_EvalFrameDefault;0x54cf04;PyObject_Call;_PyEval_EvalFrameDefault;_PyObject_Call_Prepend;0x5a30c8;_PyObject_MakeTpCall;_PyEval_EvalFrameDefault;0x54cf04;PyObject_Call;_PyEval_EvalFrameDefault;0x54cf04;PyObject_Call;_PyEval_EvalFrameDefault;0x54cf04;PyObject_Call;_PyEval_EvalFrameDefault;PyEval_EvalCode;0x607fc2;0x6b4393;_PyRun_SimpleFileObject;_PyRun_AnyFileObject;Py_RunMain;Py_BytesMain;__libc_start_call_main;__libc_start_main@@GLIBC_2.34;_start;|, 43.325693, 700.00, 115.521000
2025-11-25T20:44:54.005081Z, 0xfffffffffffffe00;0x76e32ccc8eb0;cuCtxGetDevice;0x76e328a11116;0x76e328a4f042;0x76e328df727b;|, 39.881116, 700.00, 115.521000
2025-11-25T20:44:54.010239Z, , 35.154878, 800.00, 115.521000
2025-11-25T20:44:54.015343Z, 0xfffffffffffffe00;0x76e328de0d13;0x0;|, 40.844060, 450.00, 115.521000
2025-11-25T20:44:54.020446Z, , 30.198357, 1000.00, 115.521000
2025-11-25T20:44:54.026986Z, 0xfffffffffffffe00;0x57202a;0x572ccb;0x5d5639;0x5d4fbf;_PyObject_Call_Prepend;0x5a30c8;PyObject_Call;_PyEval_EvalFrameDefault;0x54cf04;PyObject_Call;_PyEval_EvalFrameDefault;0x54cf04;PyObject_Call;_PyEval_EvalFrameDefault;_PyObject_Call_Prepend;0x5a30c8;_PyObject_MakeTpCall;_PyEval_EvalFrameDefault;0x54cf04;PyObject_Call;_PyEval_EvalFrameDefault;0x54cf04;PyObject_Call;_PyEval_EvalFrameDefault;0x54cf04;PyObject_Call;_PyEval_EvalFrameDefault;PyEval_EvalCode;0x607fc2;0x6b4393;_PyRun_SimpleFileObject;_PyRun_AnyFileObject;Py_RunMain;Py_BytesMain;__libc_start_call_main;__libc_start_main@@GLIBC_2.34;_start;|, 38.930202, 1000.00, 115.521000
2025-11-25T20:44:54.032126Z, , 41.411444, 1100.00, 115.521000
2025-11-25T20:44:54.037310Z, 0xfffffffffffffe00;0x76e32c2cf569;0x76e32c117c50;0x76e32ccae696;0x76e328a4f03a;0x76e328df6dc2;0x6475632f3031632f;|, 38.036228, 1200.00, 115.521000
2025-11-25T20:44:54.042422Z, , 42.971072, 1200.00, 115.521000
2025-11-25T20:44:54.047578Z, 0xfffffffffffffe00;cuCtxGetDevice;0x76e328a4f042;0x76e328df727b;|, 60.279814, 1300.00, 115.521000
2025-11-25T20:44:54.052692Z, , 57.680220, 1400.00, 115.521000
2025-11-25T20:44:54.057800Z, 0xfffffffffffffe00;0x76e2f8bbd8f0;0x3d5b7bf0;0x76e3289ea301;|, 48.606068, 1400.00, 115.521000
2025-11-25T20:44:54.062934Z, , 52.496050, 1500.00, 115.521000
2025-11-25T20:44:54.068194Z, 0xfffffffffffffe00;0x76e32ca23c8b;0x76e32ca244b1;0x76e32d79ccc9;0x76e32cc9d809;0x76e32d7baa6f;0x76e32c9c9ad5;0x76e32c9d5a28;0x76e32c9d63ce;0x76e32cba98e8;cuLaunchKernel;0x76e328a13e89;0x76e328a79f88;0x76e2bef12f5a;0x76e2beeec366;0x76e2beeec4f9;0x0;0x100000001;0x76e32895c170;0x85e38058b4818;|, 44.380189, 1600.00, 115.521000
2025-11-25T20:44:54.073382Z, , 41.891112, 1600.00, 115.521000
2025-11-25T20:44:54.078615Z, 0xfffffffffffffe00;0x76e32cabe734;0x76e32d7b94c3;0x76e32c9c9ad5;0x76e32c9d5a28;0x76e32c9d63ce;0x76e32cba98e8;cuLaunchKernel;0x76e328a13e89;0x76e328a79f88;0x76e2bef12f5a;0x76e2beeec366;0x76e2beeec4f9;0x0;0x100000001;0x76e32895c170;0x85e38058b4818;|, 46.735314, 1700.00, 115.521000
2025-11-25T20:44:54.083751Z, , 38.318679, 1800.00, 115.521000
2025-11-25T20:44:54.089578Z, 0xfffffffffffffe00;_PyEval_EvalFrameDefault;0x54cf04;PyObject_Call;_PyEval_EvalFrameDefault;0x54cf04;PyObject_Call;_PyEval_EvalFrameDefault;PyEval_EvalCode;0x607fc2;0x6b4393;_PyRun_SimpleFileObject;_PyRun_AnyFileObject;Py_RunMain;Py_BytesMain;__libc_start_call_main;__libc_start_main@@GLIBC_2.34;_start;|, 43.661757, 0.00, 115.521000
2025-11-25T20:44:54.094676Z, , 48.236167, 50.00, 115.521000
2025-11-25T20:44:54.099912Z, 0xfffffffffffffe00;__pthread_mutex_lock@GLIBC_2.2.5;0x76e328a4219b;0x76e328a13d9c;0x76e328a79f88;0x76e2be07ef1b;0x5852ce90;0x34306b48;0x58eb5400;0x100000003;0x76e32895c170;0x85e38058b4818;|, 50.331868, 0.00, 115.521000
2025-11-25T20:44:54.105014Z, , 47.107489, 0.00, 115.521000
2025-11-25T20:44:54.110218Z, 0xfffffffffffffe00;0x76e32c1508ab;0x76e32c1162e7;0x76e32c117c50;0x76e32cb65a1d;cuFuncGetAttribute;0x76e224ee48ce;0x76e224f260cc;0x76e21eb4f2f5;0x76e21eb53bc0;0x76e21eb543d6;0x76e21df7f33c;0x76e21df81b91;0x76e21e0c0b59;0x76e21e0c4dcd;0x76e2bef51c11;0x76e2befc3fdf;0x76e2befc5bc2;0x76e2becdb21c;|, 34.304328, 100.00, 115.521000
2025-11-25T20:44:54.115310Z, , 44.879897, 66.67, 115.521000
2025-11-25T20:44:54.122959Z, 0xfffffffffffffe00;_int_free;free;0x76e32895c179;0x76e31cff1656;0x5a2f54;0x6789d9;PyNumber_Multiply;_PyEval_EvalFrameDefault;0x54ce3d;_PyEval_EvalFrameDefault;0x54ce3d;_PyEval_EvalFrameDefault;_PyObject_Call_Prepend;0x5a30c8;_PyObject_MakeTpCall;_PyEval_EvalFrameDefault;0x54ce3d;_PyEval_EvalFrameDefault;0x54ce3d;_PyEval_EvalFrameDefault;_PyObject_Call_Prepend;0x5a30c8;_PyObject_MakeTpCall;_PyEval_EvalFrameDefault;0x54cf04;PyObject_Call;_PyEval_EvalFrameDefault;0x54cf04;PyObject_Call;_PyEval_EvalFrameDefault;0x54cf04;PyObject_Call;_PyEval_EvalFrameDefault;_PyObject_Call_Prepend;0x5a30c8;PyObject_Call;_PyEval_EvalFrameDefault;0x54cf04;PyObject_Call;_PyEval_EvalFrameDefault;0x54cf04;PyObject_Call;_PyEval_EvalFrameDefault;_PyObject_Call_Prepend;0x5a30c8;_PyObject_MakeTpCall;_PyEval_EvalFrameDefault;0x54cf04;PyObject_Call;_PyEval_EvalFrameDefault;0x54cf04;PyObject_Call;_PyEval_EvalFrameDefault;0x54cf04;PyObject_Call;_PyEval_EvalFrameDefault;PyEval_EvalCode;0x607fc2;0x6b4393;_PyRun_SimpleFileObject;_PyRun_AnyFileObject;Py_RunMain;Py_BytesMain;__libc_start_call_main;__libc_start_main@@GLIBC_2.34;_start;|, 42.214099, 0.00, 115.521000
2025-11-25T20:44:54.128172Z, 0xfffffffffffffe00;0x76e32c10d4a9;0x76e32c117c50;0x76e32ccae696;0x76e224f1d925;0x76e21eb52538;0x76e21df81c1e;0x76e21e0c0b59;0x76e21e0c4dcd;0x76e2bef51c11;0x76e2befc3fdf;0x76e2befc5bc2;0x76e2becdb21c;|, 57.655125, 50.00, 115.521000
2025-11-25T20:44:54.133327Z, , 39.979581, 100.00, 115.521000
2025-11-25T20:44:54.138609Z, 0xfffffffffffffe00;pthread_mutex_unlock@@GLIBC_2.2.5;0x76e32c13198b;0x76e32c131c8e;0x76e32c15d0d8;0x76e32c15d181;0x76e32c10c62b;0x76e32c117c50;0x76e32d7b98b2;0x76e32c9c9ad5;0x76e32c9d5a28;0x76e32c9d63ce;0x76e32cba98e8;cuLaunchKernel;0x76e328a13e89;0x76e328a79f88;0x76e2bef0a903;0x76e2beeeb9d6;0x76e2beeec4f9;0x0;0x100000001;0x76e32895c170;0x85e38058b4818;|, 47.388568, 0.00, 115.521000
2025-11-25T20:44:54.143829Z, , 40.586426, 100.00, 115.521000
2025-11-25T20:44:54.150869Z, 0xfffffffffffffe00;_PyEval_EvalFrameDefault;0x54ce3d;_PyEval_EvalFrameDefault;_PyObject_Call_Prepend;0x5a30c8;_PyObject_MakeTpCall;_PyEval_EvalFrameDefault;0x54cf04;PyObject_Call;_PyEval_EvalFrameDefault;0x54cf04;PyObject_Call;_PyEval_EvalFrameDefault;0x54cf04;PyObject_Call;_PyEval_EvalFrameDefault;_PyObject_Call_Prepend;0x5a30c8;PyObject_Call;_PyEval_EvalFrameDefault;0x54cf04;PyObject_Call;_PyEval_EvalFrameDefault;0x54cf04;PyObject_Call;_PyEval_EvalFrameDefault;_PyObject_Call_Prepend;0x5a30c8;_PyObject_MakeTpCall;_PyEval_EvalFrameDefault;0x54cf04;PyObject_Call;_PyEval_EvalFrameDefault;0x54cf04;PyObject_Call;_PyEval_EvalFrameDefault;0x54cf04;PyObject_Call;_PyEval_EvalFrameDefault;PyEval_EvalCode;0x607fc2;0x6b4393;_PyRun_SimpleFileObject;_PyRun_AnyFileObject;Py_RunMain;Py_BytesMain;__libc_start_call_main;__libc_start_main@@GLIBC_2.34;_start;|, 45.876277, 100.00, 115.521000
2025-11-25T20:44:54.156190Z, 0xfffffffffffffe00;0x76e31cf6ac77;0x76e31d142f23;0x76e31d9878c0;0x76e31c4bc020;0x4810c08348001bae;|, 39.986336, 200.00, 115.521000
2025-11-25T20:44:54.161395Z, , 40.798528, 300.00, 115.521000
2025-11-25T20:44:54.166642Z, 0xfffffffffffffe00;0x76e32c10d487;0x76e32c117c50;0x76e32ccae696;0x76e328a4f082;0x76e328df727b;|, 29.933840, 150.00, 115.521000
2025-11-25T20:44:54.171912Z, , 44.165168, 400.00, 115.521000
2025-11-25T20:44:54.177178Z, 0xfffffffffffffe00;0x76e32c158b92;0x76e32c10d695;0x76e32c117c50;0x76e32ccae696;0x76e328a4f082;0x76e2bd13d1bc;0x76e2bd13fdef;0x76e2bd1408fd;0x76e2befe0ac6;0x7fffec1fe110;0x100000002;0x76e32895c170;0x85e38058b4818;|, 41.310723, 500.00, 115.521000
2025-11-25T20:44:54.182375Z, , 41.942550, 600.00, 115.521000
2025-11-25T20:44:54.187576Z, 0xfffffffffffffe00;__tls_get_addr;|, 49.984178, 600.00, 115.521000
2025-11-25T20:44:54.192850Z, , 45.607859, 700.00, 115.521000
2025-11-25T20:44:54.198350Z, 0xfffffffffffffe00;0x76e32c10d4ad;0x76e32c117c50;0x76e32ccae696;0x76e328a4f082;0x76e328df727b;|, 29.498140, 800.00, 115.521000
2025-11-25T20:44:54.203754Z, , 40.452767, 800.00, 115.521000
2025-11-25T20:44:54.211385Z, 0xfffffffffffffe00;_PyEval_EvalFrameDefault;0x54ce3d;_PyEval_EvalFrameDefault;0x54ce3d;_PyEval_EvalFrameDefault;_PyObject_Call_Prepend;0x5a30c8;_PyObject_MakeTpCall;_PyEval_EvalFrameDefault;0x54cf04;PyObject_Call;_PyEval_EvalFrameDefault;0x54cf04;PyObject_Call;_PyEval_EvalFrameDefault;_PyObject_Call_Prepend;0x5a30c8;PyObject_Call;_PyEval_EvalFrameDefault;0x54cf04;PyObject_Call;_PyEval_EvalFrameDefault;0x54cf04;PyObject_Call;_PyEval_EvalFrameDefault;0x54cf04;PyObject_Call;_PyEval_EvalFrameDefault;_PyObject_Call_Prepend;0x5a30c8;PyObject_Call;_PyEval_EvalFrameDefault;0x54cf04;PyObject_Call;_PyEval_EvalFrameDefault;0x54cf04;PyObject_Call;_PyEval_EvalFrameDefault;_PyObject_Call_Prepend;0x5a30c8;_PyObject_MakeTpCall;_PyEval_EvalFrameDefault;0x54cf04;PyObject_Call;_PyEval_EvalFrameDefault;0x54cf04;PyObject_Call;_PyEval_EvalFrameDefault;0x54cf04;PyObject_Call;_PyEval_EvalFrameDefault;PyEval_EvalCode;0x607fc2;0x6b4393;_PyRun_SimpleFileObject;_PyRun_AnyFileObject;Py_RunMain;Py_BytesMain;__libc_start_call_main;__libc_start_main@@GLIBC_2.34;_start;|, 37.946784, 900.00, 115.521000
2025-11-25T20:44:54.216902Z, 0xfffffffffffffe00;pthread_rwlock_unlock@@GLIBC_2.34;0x76e328a356a2;0x76e328a4ef2a;0x76e328df727b;|, 37.295194, 1000.00, 115.521000
2025-11-25T20:44:54.222305Z, , 38.714909, 1100.00, 115.521000
2025-11-25T20:44:54.227856Z, 0xfffffffffffffe00;0x76e32cc9d7bd;0x76e32d7baa6f;0x76e32c9c9ad5;0x76e32c9d5a28;0x76e32c9d63ce;0x76e32cba98e8;cuLaunchKernel;0x76e328a13e89;0x76e328a79f88;0x76e2bcf1c1d1;0x76e2bcf0b810;0x76e2becb4c0c;0x0;0x100000001;0x76e32895c170;0x85e38058b4818;|, 33.528601, 1200.00, 115.521000
2025-11-25T20:44:54.233217Z, , 29.953607, 1200.00, 115.521000
2025-11-25T20:44:54.238412Z, , 40.157652, 1300.00, 115.521000
2025-11-25T20:44:54.243603Z, , 44.349107, 1300.00, 115.521000
2025-11-25T20:44:54.248770Z, , 30.084945, 0.00, 115.521000
2025-11-25T20:44:54.254491Z, 0xfffffffffffffe00;0x59f8da;0x61c1d6;0x61be8c;PyGC_Collect;Py_FinalizeEx;Py_RunMain;Py_BytesMain;__libc_start_call_main;__libc_start_main@@GLIBC_2.34;_start;|, 27.243271, 0.00, 115.521000
2025-11-25T20:44:54.260138Z, 0xfffffffffffffe00;0x61cfdf;0x61c23e;0x61be8c;PyGC_Collect;Py_FinalizeEx;Py_RunMain;Py_BytesMain;__libc_start_call_main;__libc_start_main@@GLIBC_2.34;_start;|, 43.758069, 100.00, 115.521000
2025-11-25T20:44:54.265267Z, , 28.739485, 0.00, 115.521000
2025-11-25T20:44:54.270961Z, 0xfffffffffffffe00;0x5599b2;0x61c23e;0x61be8c;PyGC_Collect;Py_FinalizeEx;Py_RunMain;Py_BytesMain;__libc_start_call_main;__libc_start_main@@GLIBC_2.34;_start;|, 25.717006, 100.00, 115.521000
2025-11-25T20:44:54.276100Z, , 34.750001, 100.00, 115.521000
2025-11-25T20:44:54.281266Z, , 27.574473, 0.00, 115.521000
2025-11-25T20:44:54.286406Z, , 21.431732, 100.00, 115.521000
2025-11-25T20:44:54.291539Z, , 32.017409, 0.00, 115.521000
2025-11-25T20:44:54.296972Z, 0xfffffffffffffe00;_int_free;free;0x76e1c793da50;0xcccccccccccccccc;|, 27.807486, 100.00, 115.521000
2025-11-25T20:44:54.303430Z, 0xfffffffffffffe00;unlink_chunk.isra.0;malloc_consolidate;_int_free_maybe_consolidate;_int_free;free;0x76e1c793da86;0xcccccccccccccccc;|0xfffffffffffffe00;PyTuple_Pack;0x6b0eb3;Py_FinalizeEx;Py_RunMain;Py_BytesMain;__libc_start_call_main;__libc_start_main@@GLIBC_2.34;_start;|, 28.388032, 0.00, 115.521000
2025-11-25T20:44:54.308564Z, , 32.926043, 100.00, 115.521000
2025-11-25T20:44:54.313712Z, , 26.656056, 100.00, 115.521000
2025-11-25T20:44:54.319500Z, 0xfffffffffffffe00;0x61cf78;0x61c1d6;0x6bc429;0x6b0f9d;Py_FinalizeEx;Py_RunMain;Py_BytesMain;__libc_start_call_main;__libc_start_main@@GLIBC_2.34;_start;|, 28.624878, 0.00, 115.521000
2025-11-25T20:44:54.325183Z, 0xfffffffffffffe00;0x61cfd8;0x61c23e;0x6bc429;0x6b0f9d;Py_FinalizeEx;Py_RunMain;Py_BytesMain;__libc_start_call_main;__libc_start_main@@GLIBC_2.34;_start;|, 29.580152, 0.00, 115.521000
2025-11-25T20:44:54.330310Z, , 31.361911, 100.00, 115.521000
2025-11-25T20:44:54.335922Z, 0xfffffffffffffe00;0x559a09;0x6bc429;0x6b0f9d;Py_FinalizeEx;Py_RunMain;Py_BytesMain;__libc_start_call_main;__libc_start_main@@GLIBC_2.34;_start;|, 25.294598, 0.00, 115.521000
2025-11-25T20:44:54.341066Z, , 30.184135, 0.00, 115.521000
2025-11-25T20:44:54.346249Z, , 28.267995, 100.00, 115.521000
2025-11-25T20:44:54.351399Z, , 25.846947, 0.00, 115.521000
2025-11-25T20:44:54.356531Z, , 30.832547, 50.00, 115.521000
2025-11-25T20:44:54.361660Z, , 25.543467, 100.00, 115.521000
2025-11-25T20:44:54.367704Z, 0xfffffffffffffe00;_PyModule_Clear;0x6b1029;Py_FinalizeEx;Py_RunMain;Py_BytesMain;__libc_start_call_main;__libc_start_main@@GLIBC_2.34;_start;|0xfffffffffffffe00;0x572106;0x572ccb;_PyModule_Clear;0x6b1029;Py_FinalizeEx;Py_RunMain;Py_BytesMain;__libc_start_call_main;__libc_start_main@@GLIBC_2.34;_start;|, 27.429441, 0.00, 115.521000
2025-11-25T20:44:54.373377Z, 0xfffffffffffffe00;PyObject_Free;0x54eba7;0x55a098;0x572ffe;_PyModule_Clear;0x6b1029;Py_FinalizeEx;Py_RunMain;Py_BytesMain;__libc_start_call_main;__libc_start_main@@GLIBC_2.34;_start;|, 32.044248, 0.00, 115.521000
2025-11-25T20:44:54.378506Z, , 26.861545, 100.00, 115.521000
2025-11-25T20:44:54.383631Z, , 26.241531, 0.00, 115.521000
2025-11-25T20:44:54.389217Z, 0xfffffffffffffe00;0x61cf78;0x61c1d6;0x6bc429;Py_FinalizeEx;Py_RunMain;Py_BytesMain;__libc_start_call_main;__libc_start_main@@GLIBC_2.34;_start;|, 29.441649, 100.00, 115.521000
2025-11-25T20:44:54.394334Z, , 24.308781, 100.00, 115.521000
2025-11-25T20:44:54.399863Z, 0xfffffffffffffe00;0x61c262;0x6bc429;Py_FinalizeEx;Py_RunMain;Py_BytesMain;__libc_start_call_main;__libc_start_main@@GLIBC_2.34;_start;|, 26.627200, 0.00, 115.521000
2025-11-25T20:44:54.405465Z, 0xfffffffffffffe00;0x61cfd8;0x61c23e;0x6bc429;Py_FinalizeEx;Py_RunMain;Py_BytesMain;__libc_start_call_main;__libc_start_main@@GLIBC_2.34;_start;|, 28.786868, 0.00, 115.521000
2025-11-25T20:44:54.410585Z, , 28.823498, 0.00, 115.521000
2025-11-25T20:44:54.415709Z, , 24.436665, 0.00, 115.521000
2025-11-25T20:44:54.420935Z, , 24.670474, 0.00, 115.521000
2025-11-25T20:44:54.426246Z, , 24.269042, 100.00, 115.521000
2025-11-25T20:44:54.431895Z, 0xfffffffffffffe00;0x61cf78;0x6bc429;Py_FinalizeEx;Py_RunMain;Py_BytesMain;__libc_start_call_main;__libc_start_main@@GLIBC_2.34;_start;|, 28.043906, 0.00, 115.521000
2025-11-25T20:44:54.438064Z, 0xfffffffffffffe00;0x61c883;0x6bc429;Py_FinalizeEx;Py_RunMain;Py_BytesMain;__libc_start_call_main;__libc_start_main@@GLIBC_2.34;_start;|0xfffffffffffffe00;0x54ea50;PyDict_Clear;0x5a03e1;0x61c8fd;0x6bc429;Py_FinalizeEx;Py_RunMain;Py_BytesMain;__libc_start_call_main;__libc_start_main@@GLIBC_2.34;_start;|, 22.543898, 100.00, 115.521000
2025-11-25T20:44:54.443878Z, 0xfffffffffffffe00;0x590e5e;0x54eacf;0x55a098;PyDict_Clear;0x5a03e1;0x61c8fd;0x6bc429;Py_FinalizeEx;Py_RunMain;Py_BytesMain;__libc_start_call_main;__libc_start_main@@GLIBC_2.34;_start;|, 32.177058, 100.00, 115.521000
2025-11-25T20:44:54.449118Z, , 26.061744, 0.00, 115.521000
2025-11-25T20:44:54.454380Z, , 22.954568, 0.00, 115.521000
2025-11-25T20:44:54.459655Z, , 23.287450, 0.00, 115.521000
2025-11-25T20:44:54.465405Z, 0xfffffffffffffe00;0x61cf78;0x61c1d6;0x6bc429;0x6b25d3;0x6b11c1;Py_FinalizeEx;Py_RunMain;Py_BytesMain;__libc_start_call_main;__libc_start_main@@GLIBC_2.34;_start;|, 22.430209, 0.00, 115.521000
2025-11-25T20:44:54.471108Z, 0xfffffffffffffe00;0x61cfd8;0x6bc429;0x6b25d3;0x6b11c1;Py_FinalizeEx;Py_RunMain;Py_BytesMain;__libc_start_call_main;__libc_start_main@@GLIBC_2.34;_start;|, 30.360952, 100.00, 115.521000
2025-11-25T20:44:54.476425Z, , 24.916045, 0.00, 115.521000
2025-11-25T20:44:54.481633Z, , 22.455675, 0.00, 115.521000
2025-11-25T20:44:54.487578Z, 0xffffffffffffff80;0xffffffffbb0e79a0;0xffffffffbb0e9019;0xffffffffbb0e9550;0xffffffffbb0e976b;0xffffffffbb0e9d99;0xffffffffbb0e9f79;0xffffffffbb0ea585;0xffffffffbb11494e;0xffffffffbb116473;0xffffffffbb116de1;0xffffffffbb116f33;0xffffffffbb1199cc;0xffffffffbb0f778b;0xffffffffbac84b8a;0xffffffffbbed678e;0xffffffffbaa0012b;0xfffffffffffffe00;__munmap;PyObject_Free;0x67f362;0x6b1250;Py_FinalizeEx;Py_RunMain;Py_BytesMain;__libc_start_call_main;__libc_start_main@@GLIBC_2.34;_start;|, 26.626784, 0.00, 115.521000
2025-11-25T20:44:54.493068Z, 0xfffffffffffffe00;_int_free;free;0x76e2f8e90a76;|, 25.699637, 0.00, 115.521000
2025-11-25T20:44:54.498280Z, 0xfffffffffffffe00;0x76e2f8e8af2d;0xa;0x7461;|, 24.097468, 0.00, 109.940000
2025-11-25T20:44:54.503472Z, 0xfffffffffffffe00;0x76e2f8e8ebc6;0xe;0x6c6c75665f77;|, 28.556061, 0.00, 109.940000
2025-11-25T20:44:54.508915Z, 0xfffffffffffffe00;_int_free;free;0x76e2f8e8d153;0x17;0x6d5f68636165726f;|, 22.737020, 0.00, 109.940000
2025-11-25T20:44:54.514050Z, 0xfffffffffffffe00;0x76e2f8e8afa2;0x17;0x6373635f65737261;|, 25.370495, 0.00, 109.940000
2025-11-25T20:44:54.519148Z, , 37.352549, 0.00, 109.940000
2025-11-25T20:44:54.524230Z, 0xfffffffffffffe00;0x76e32893c60a;0xa;0x646f;|, 30.091074, 0.00, 109.940000
2025-11-25T20:44:54.529348Z, , 25.534814, 0.00, 109.940000
2025-11-25T20:44:54.534474Z, 0xfffffffffffffe00;0x76e2f8434230;|, 28.565848, 0.00, 109.940000
2025-11-25T20:44:54.539637Z, , 27.253093, 100.00, 109.940000
2025-11-25T20:44:54.545267Z, 0xffffffffffffff80;0xffffffffbb080865;0xffffffffbb0ec184;0xffffffffbb0ec53b;0xffffffffbb0f18f0;0xffffffffbb0f1fcc;0xffffffffbb0f2229;0xffffffffbad55662;0xffffffffbbedd385;0xffffffffbaa00bb7;0xfffffffffffffe00;0x76e2226d9290;0x76e332647bbe;__libc_start_call_main;__libc_start_main@@GLIBC_2.34;_start;|, 45.396756, 100.00, 109.940000
2025-11-25T20:44:54.550435Z, , 41.710577, 0.00, 109.940000
2025-11-25T20:44:54.555540Z, , 26.789280, 50.00, 109.940000
2025-11-25T20:44:54.561294Z, 0xfffffffffffffe00;0x76e32c9f93f6;0x76e32cc248b7;0x76e32d7b5a07;0x76e32cafa87d;0x76e32d7a199c;0x76e32cac2fa6;0x76e32c9b8ff8;0x76e32cb3e88c;cuLibraryUnload;0x76e224ef565c;0x76e224f047a2;0x76e224f058ad;__run_exit_handlers;0x76e332647bbe;__libc_start_call_main;__libc_start_main@@GLIBC_2.34;_start;|, 33.393803, 0.00, 109.940000
2025-11-25T20:44:54.566406Z, , 24.937541, 100.00, 109.940000
2025-11-25T20:44:54.572752Z, 0xfffffffffffffe00;unlink_chunk.isra.0;_int_free_maybe_consolidate;_int_free;free;0x76e32cc9e0dd;0x76e32cc23172;0x76e32cc22b77;0x76e32cc248b7;0x76e32d7b5a07;0x76e32cafa87d;0x76e32d7a199c;0x76e32cac2fa6;0x76e32c9b8ff8;0x76e32cb3e88c;cuLibraryUnload;0x76e328a34d03;0x76e328a35cb9;0x76e328a36c9d;__run_exit_handlers;0x76e332647bbe;__libc_start_call_main;__libc_start_main@@GLIBC_2.34;_start;|, 30.669540, 0.00, 109.940000
2025-11-25T20:44:54.577912Z, , 31.600563, 100.00, 109.940000
2025-11-25T20:44:54.583649Z, 0xfffffffffffffe00;0x76e32cbe53df;0x76e32cbe6268;0x76e32cafada1;0x76e32d7a199c;0x76e32cac2fa6;0x76e32c9b8ff8;0x76e32cb3e88c;cuLibraryUnload;0x76e328a34d03;0x76e328a35cb9;0x76e328a36c9d;__run_exit_handlers;0x76e332647bbe;__libc_start_call_main;__libc_start_main@@GLIBC_2.34;_start;|, 30.400567, 0.00, 109.940000
2025-11-25T20:44:54.588759Z, , 26.972826, 0.00, 109.940000
2025-11-25T20:44:54.594549Z, 0xfffffffffffffe00;0x76e32c9f92c8;0x76e32cbe6ea9;0x76e32cc22df1;0x76e32cc22b77;0x76e32cc248b7;0x76e32d7b5a07;0x76e32cafa87d;0x76e32d7a199c;0x76e32cac2fa6;0x76e32c9b8ff8;0x76e32cb3e88c;cuLibraryUnload;0x76e328a34d03;0x76e328a35cb9;0x76e328a36c9d;__run_exit_handlers;0x76e332647bbe;__libc_start_call_main;__libc_start_main@@GLIBC_2.34;_start;|, 24.875454, 100.00, 109.940000
2025-11-25T20:44:54.600652Z, 0xffffffffffffff80;0xffffffffc175368a;0xffffffffc1755710;0xffffffffc1880ded;0xffffffffc18931bf;0xffffffffc18770e7;0xffffffffc18d5e06;0xffffffffc18dcb1e;0xffffffffc1858482;0xffffffffc1858ed9;0xffffffffc18590df;0xffffffffc185b2fd;0xffffffffc16444fb;0xffffffffc164c746;0xffffffffc15116b9;0xffffffffbb1dde74;0xffffffffbac83f9e;0xffffffffbbed678e;0xffffffffbaa0012b;0xfffffffffffffe00;ioctl;0x76e32cc8e028;0x76e32cc981fc;0x76e32cc74df0;0x76e32cc1608e;0x76e32cc1e69a;0x76e32cc23416;0x76e32cc22b77;0x76e32cc248b7;0x76e32d7b5a07;0x76e32cafa87d;0x76e32d7a199c;0x76e32cac2fa6;0x76e32c9b8ff8;0x76e32cb3e88c;cuLibraryUnload;0x76e328a34d03;0x76e328a35cb9;0x76e328a36c9d;__run_exit_handlers;0x76e332647bbe;__libc_start_call_main;__libc_start_main@@GLIBC_2.34;_start;|, 30.312157, 200.00, 109.940000
2025-11-25T20:44:54.605766Z, , 25.115238, 0.00, 109.940000
2025-11-25T20:44:54.611559Z, 0xfffffffffffffe00;0x76e32cbe6c33;0x76e32cbe6f2e;0x76e32cc22df1;0x76e32cc22b77;0x76e32cc248b7;0x76e32d7b597f;0x76e32cafa87d;0x76e32d7a199c;0x76e32cac2fa6;0x76e32c9b8ff8;0x76e32cb3e88c;cuLibraryUnload;0x76e328a34d03;0x76e328a35cb9;0x76e328a36c9d;__run_exit_handlers;0x76e332647bbe;__libc_start_call_main;__libc_start_main@@GLIBC_2.34;_start;|, 28.598270, 100.00, 109.940000
2025-11-25T20:44:54.616667Z, , 28.487646, 0.00, 109.940000
2025-11-25T20:44:54.621776Z, , 24.247138, 0.00, 109.940000
2025-11-25T20:44:54.627923Z, 0xffffffffffffff80;0xffffffffbbeda708;0xffffffffbbeda7f9;0xffffffffbace87a0;0xffffffffbae2b990;0xffffffffbaddbaaa;0xffffffffbbee418f;0xffffffffbbee4709;0xffffffffc2acd268;0xffffffffc2b4126e;0xffffffffc2b36d90;0xffffffffc2b37856;0xffffffffc2b5f6f0;0xffffffffc2b05d92;0xffffffffc2b06bbc;0xffffffffc2ad0ea3;0xffffffffc2ad14cb;0xffffffffc2ad15ba;0xffffffffbb1dde74;0xffffffffbac83f9e;0xffffffffbbed678e;0xffffffffbaa0012b;0xfffffffffffffe00;ioctl;0x76e32cc55874;0x76e32cc55dc1;0x76e32cb04d70;0x76e32cc8e20a;0x76e32cc8fbe4;0x76e32cc160a7;0x76e32cc1e69a;0x76e32cc23416;0x76e32cc22b77;0x76e32cc248b7;0x76e32cafa155;0x76e32ca5fe8c;0x76e32ca61d4b;0x76e32ca61e8c;0x76e32cb906c2;cuDevicePrimaryCtxRelease;0x76e328a362fc;0x76e328a36c9d;__run_exit_handlers;0x76e332647bbe;__libc_start_call_main;__libc_start_main@@GLIBC_2.34;_start;|, 32.216551, 0.00, 109.940000
2025-11-25T20:44:54.633050Z, , 31.348149, 0.00, 109.940000
2025-11-25T20:44:54.639196Z, 0xffffffffffffff80;0xffffffffbae398fb;0xffffffffbbeec85e;0xffffffffc1525602;0xffffffffc18d1018;0xffffffffc1684289;0xffffffffc168471c;0xffffffffc172bd7e;0xffffffffc17556f8;0xffffffffc1880ded;0xffffffffc1893bdb;0xffffffffc184ddec;0xffffffffc18d4599;0xffffffffc1850baf;0xffffffffc18db7a8;0xffffffffc18dc053;0xffffffffc184f45b;0xffffffffc1867a65;0xffffffffc187319e;0xffffffffc152f752;0xffffffffc2b61222;0xffffffffc2aeed5e;0xffffffffc2b62412;0xffffffffc2ad0ed9;0xffffffffc2ad14cb;0xffffffffc2ad15ba;0xffffffffbb1dde74;0xffffffffbac83f9e;0xffffffffbbed678e;0xffffffffbaa0012b;0xfffffffffffffe00;ioctl;0x76e32cb040d6;0x76e32ca0d4ae;0x76e32ca0d613;0x76e32ca1e99d;0x76e32ca608cd;0x76e32ca61d4b;0x76e32ca61e8c;0x76e32cb906c2;cuDevicePrimaryCtxRelease;0x76e328a362fc;0x76e328a36c9d;__run_exit_handlers;0x76e332647bbe;__libc_start_call_main;__libc_start_main@@GLIBC_2.34;_start;|, 25.165097, 100.00, 109.940000
2025-11-25T20:44:54.644340Z, , 27.836433, 100.00, 109.940000
2025-11-25T20:44:54.649495Z, , 23.602234, 0.00, 109.940000
2025-11-25T20:44:54.655550Z, 0xffffffffffffff80;0xffffffffc18d1000;0xffffffffc1684c8c;0xffffffffc18780b5;0xffffffffc184d5ac;0xffffffffc18d7210;0xffffffffc18db97d;0xffffffffc184f45b;0xffffffffc184f629;0xffffffffc185bb5e;0xffffffffc1644039;0xffffffffc164c746;0xffffffffc15116b9;0xffffffffbb1dde74;0xffffffffbac83f9e;0xffffffffbbed678e;0xffffffffbaa0012b;0xfffffffffffffe00;ioctl;0x76e32cc8e028;0x76e32cc97143;0x76e32cc670dd;0x76e32cc6ae39;0x76e32ca0d2ea;0x76e32ca0d613;0x76e32ca1e9f6;0x76e32ca608cd;0x76e32ca61d4b;0x76e32ca61e8c;0x76e32cb906c2;cuDevicePrimaryCtxRelease;0x76e328a362fc;0x76e328a36c9d;__run_exit_handlers;0x76e332647bbe;__libc_start_call_main;__libc_start_main@@GLIBC_2.34;_start;|, 25.789381, 0.00, 109.940000
2025-11-25T20:44:54.660656Z, , 25.754214, 0.00, 109.940000
2025-11-25T20:44:54.667958Z, 0xffffffffffffff80;0xffffffffbb0fae94;0xffffffffbb0e9019;0xffffffffbb0e9550;0xffffffffbb0e976b;0xffffffffbb0e9d99;0xffffffffbb0e9f79;0xffffffffbb0ea585;0xffffffffbb11494e;0xffffffffbb115a15;0xffffffffbb117cc9;0xffffffffbb118e13;0xffffffffbb0f8d49;0xffffffffbb0b8e4e;0xffffffffbb0f7b79;0xffffffffbace0d43;0xffffffffbac85139;0xffffffffbbed678e;0xffffffffbaa0012b;0xfffffffffffffe00;__mmap;0x76e32cc88ab2;0x76e32cc9026f;0x76e32cc6ab33;0x76e32cc829ef;0x76e32cc1601d;0x76e32cc1e69a;0x76e32cc23416;0x76e32cc22b77;0x76e32cc248b7;0x76e32cbbf9cb;0x76e32cc6af43;0x76e32ca0d2ea;0x76e32ca0d613;0x76e32ca1e9f6;0x76e32ca608cd;0x76e32ca61d4b;0x76e32ca61e8c;0x76e32cb906c2;cuDevicePrimaryCtxRelease;0x76e328a362fc;0x76e328a36c9d;__run_exit_handlers;0x76e332647bbe;__libc_start_call_main;__libc_start_main@@GLIBC_2.34;_start;|0xffffffffffffff80;0xffffffffbad90e25;0xffffffffbad930b2;0xffffffffbad5f99a;0xffffffffbad603f3;0xffffffffbad5eb0b;0xffffffffc152302e;0xffffffffc150fd55;0xffffffffc16474f9;0xffffffffc1781e7e;0xffffffffc181e6b1;0xffffffffc1588f45;0xffffffffc18cf8f5;0xffffffffc18d45b3;0xffffffffc1850baf;0xffffffffc18db7a8;0xffffffffc18dc053;0xffffffffc184f45b;0xffffffffc184f629;0xffffffffc185bb5e;0xffffffffc1644039;0xffffffffc164c746;0xffffffffc15116b9;0xffffffffbb1dde74;0xffffffffbac83f9e;0xffffffffbbed678e;0xffffffffbaa0012b;0xfffffffffffffe00;ioctl;0x76e32cc8e028;0x76e32cc97143;0x76e32cc670dd;0x76e32cca0299;0x76e32cca276c;0x76e32cc15e7e;0x76e32cc1e69a;0x76e32cc23416;0x76e32cc22b77;0x76e32cc248b7;0x76e32cbbf9cb;0x76e32cc6af43;0x76e32ca0d2ea;0x76e32ca0d613;0x76e32ca1e9f6;0x76e32ca608cd;0x76e32ca61d4b;0x76e32ca61e8c;0x76e32cb906c2;cuDevicePrimaryCtxRelease;0x76e328a362fc;0x76e328a36c9d;__run_exit_handlers;0x76e332647bbe;__libc_start_call_main;__libc_start_main@@GLIBC_2.34;_start;|, 30.202826, 0.00, 109.940000
2025-11-25T20:44:54.675030Z, 0xffffffffffffff80;0xffffffffbadd6630;0xffffffffbbee4108;0xffffffffbbee4709;0xffffffffc2acd268;0xffffffffc2b4126e;0xffffffffc2b36d90;0xffffffffc2b37856;0xffffffffc2b5f6f0;0xffffffffc2b05d92;0xffffffffc2b06bbc;0xffffffffc2ad0ea3;0xffffffffc2ad14cb;0xffffffffc2ad15ba;0xffffffffbb1dde74;0xffffffffbac83f9e;0xffffffffbbed678e;0xffffffffbaa0012b;0xfffffffffffffe00;ioctl;0x76e32cc55874;0x76e32cc55dc1;0x76e32cb04d70;0x76e32cc8e20a;0x76e32cc8fbe4;0x76e32cc160a7;0x76e32cc1e69a;0x76e32cc23416;0x76e32cc22b77;0x76e32cc248b7;0x76e32ca60d3b;0x76e32ca61d4b;0x76e32ca61e8c;0x76e32cb906c2;cuDevicePrimaryCtxRelease;0x76e328a362fc;0x76e328a36c9d;__run_exit_handlers;0x76e332647bbe;__libc_start_call_main;__libc_start_main@@GLIBC_2.34;_start;|0xffffffffffffff80;0xffffffffbb197611;0xffffffffbb07c4d4;0xffffffffbb080ccd;0xffffffffbb080f47;0xffffffffbb0950b3;0xffffffffbb0b605e;0xffffffffbb0b670a;0xffffffffbb1ea89f;0xffffffffbb1eab97;0xffffffffbb1e3ccc;0xffffffffbb1e4ae6;0xffffffffbb1e5789;0xffffffffbb1c0fcd;0xffffffffbb1c11f5;0xffffffffbadbafbd;0xffffffffbbedd98a;0xffffffffbbed679a;0xffffffffbaa0012b;0xfffffffffffffe00;__mmap;0x76e32cca03f6;0x76e32cca276c;0x76e32cc15e7e;0x76e32cc1e69a;0x76e32cc23416;0x76e32cc22b77;0x76e32cc248b7;0x76e32cc24ad3;0x76e32ca5ffb7;0x76e32ca61d4b;0x76e32ca61e8c;0x76e32cb906c2;cuDevicePrimaryCtxRelease;0x76e328a362fc;0x76e328a36c9d;__run_exit_handlers;0x76e332647bbe;__libc_start_call_main;__libc_start_main@@GLIBC_2.34;_start;|, 32.885881, 100.00, 109.940000
2025-11-25T20:44:54.681169Z, 0xffffffffffffff80;0xffffffffc2b41006;0xffffffffc2b41255;0xffffffffc2b36d90;0xffffffffc2b37856;0xffffffffc2b5f6f0;0xffffffffc2b05d92;0xffffffffc2b06bbc;0xffffffffc2ad0ea3;0xffffffffc2ad14cb;0xffffffffc2ad15ba;0xffffffffbb1dde74;0xffffffffbac83f9e;0xffffffffbbed678e;0xffffffffbaa0012b;0xfffffffffffffe00;ioctl;0x76e32cc55874;0x76e32cc55dc1;0x76e32cb04d70;0x76e32cc8e20a;0x76e32cc8fbe4;0x76e32cc160a7;0x76e32cc1e69a;0x76e32cc23416;0x76e32cc22b77;0x76e32cc248b7;0x76e32cc24ad3;0x76e32ca5ffb7;0x76e32ca61d4b;0x76e32ca61e8c;0x76e32cb906c2;cuDevicePrimaryCtxRelease;0x76e328a362fc;0x76e328a36c9d;__run_exit_handlers;0x76e332647bbe;__libc_start_call_main;__libc_start_main@@GLIBC_2.34;_start;|, 36.625813, 200.00, 109.940000
2025-11-25T20:44:54.686403Z, , 27.886496, 200.00, 109.940000
2025-11-25T20:44:54.691608Z, ί²λυ, 47.530324, 300.00, 109.940000
2025-11-25T20:44:54.696708Z, , 30.801127, 0.00, 109.940000
2025-11-25T20:44:54.701806Z, , 41.360465, 0.00, 109.940000
2025-11-25T20:44:54.706957Z, , 30.634239, 0.00, 109.940000
2025-11-25T20:44:54.712101Z, , 21.540573, 0.00, 109.940000
2025-11-25T20:44:54.717257Z, , 26.239911, 0.00, 109.940000
2025-11-25T20:44:54.722368Z, , 27.678719, 0.00, 109.940000
2025-11-25T20:44:54.727481Z, , 25.907889, 0.00, 109.940000
2025-11-25T20:44:54.732589Z, , 26.819723, 0.00, 109.940000
2025-11-25T20:44:54.737866Z, , 28.863458, 0.00, 109.940000
2025-11-25T20:44:54.743070Z, , 31.767522, 0.00, 109.940000
2025-11-25T20:44:54.748337Z, , 29.945040, 0.00, 109.940000
2025-11-25T20:44:54.753459Z, , 23.892204, 0.00, 109.940000
2025-11-25T20:44:54.758584Z, , 32.481943, 0.00, 109.940000
2025-11-25T20:44:54.763710Z, , 25.176255, 0.00, 109.940000
2025-11-25T20:44:54.768954Z, , 16.700088, 0.00, 109.940000
2025-11-25T20:44:54.774173Z, , 13.056442, 0.00, 109.940000
2025-11-25T20:44:54.779372Z, , 20.064092, 0.00, 109.940000
2025-11-25T20:44:54.784559Z, , 17.347419, 0.00, 109.940000
2025-11-25T20:44:54.789841Z, , 16.063773, 0.00, 109.940000
