timestamp, callchains, power, resource_usage, gpu_power
2025-11-15T20:26:38.221950Z, 0xffffffffffffff80;0xffffffffc0e2b870;0xffffffffc0e34710;0xffffffffc0f5fded;0xffffffffc0f721bf;0xffffffffc0ef7227;0xffffffffc0ef7a59;0xffffffffc0ef88f4;0xffffffffc0f115df;0xffffffffc0e838cc;0xffffffffc0c7d1d8;0xffffffffc0fae78a;0xffffffffc0f2e0c7;0xffffffffc0fb3a7a;0xffffffffc0f2d25b;0xffffffffc0fb7284;0xffffffffc0f2dd70;0xffffffffc0f2e2d5;0xffffffffc0f3aaff;0xffffffffc0d236b3;0xffffffffc0d2b746;0xffffffffc0bf06b9;0xffffffff96bdde74;0xffffffff96683f9e;0xffffffff978d678e;0xffffffff9640012b;0xfffffffffffffe00;ioctl;0x75127dc8e028;0x75127dc7d321;0x75127dc6891b;0x75127db263c5;0x75127dc7f5f9;0x75127e755dad;0x75127dad4bde;0x75127db146d2;cuInit;init();_dl_init;_dl_start_user;|0xffffffffffffff80;0xffffffffc0e02d60;0xffffffffc0e0290f;0xffffffffc0e404ae;0xffffffffc0e40b80;0xffffffffc0dc6ae2;0xffffffffc0e348db;0xffffffffc0f5fded;0xffffffffc0f721bf;0xffffffffc0d50110;0xffffffffc0f3a2b7;0xffffffffc0d234fb;0xffffffffc0d2b746;0xffffffffc0bf06b9;0xffffffff96bdde74;0xffffffff96683f9e;0xffffffff978d678e;0xffffffff9640012b;0xfffffffffffffe00;ioctl;0x75127dc8e028;0x75127dc981fc;0x75127dc76edb;0x75127db265e8;0x75127dc7f5f9;0x75127e755dad;0x75127dad4bde;0x75127db146d2;cuInit;init();_dl_init;_dl_start_user;|0xffffffffffffff80;0xffffffffc0e3268a;0xffffffffc0e34710;0xffffffffc0f5fded;0xffffffffc0f721bf;0xffffffffc0ebdb08;0xffffffffc0ebb416;0xffffffffc0fb4ed9;0xffffffffc0fbbb1e;0xffffffffc0f37482;0xffffffffc0f37ed9;0xffffffffc0f380df;0xffffffffc0f3a2fd;0xffffffffc0d234fb;0xffffffffc0d2b746;0xffffffffc0bf06b9;0xffffffff96bdde74;0xffffffff96683f9e;0xffffffff978d678e;0xffffffff9640012b;0xfffffffffffffe00;ioctl;0x75127dc8e028;0x75127dc981fc;0x75127dc7a1df;0x75127e77d4ca;0x75127e77db73;0x75127e79c1bf;0x75127dac1293;0x75127e7565ce;0x75127dad4bde;0x75127db146d2;cuInit;init();_dl_init;_dl_start_user;|0xffffffffffffff80;0xffffffffc0d6326f;0xffffffffc0d6371c;0xffffffffc0e0ad7e;0xffffffffc0e346f8;0xffffffffc0f5fded;0xffffffffc0f72bdb;0xffffffffc0db91d1;0xffffffffc0c22c55;0xffffffffc0fae8f5;0xffffffffc0fb35b3;0xffffffffc0f2fbaf;0xffffffffc0fba7a8;0xffffffffc0fbb053;0xffffffffc0f2e45b;0xffffffffc0f2e629;0xffffffffc0f4fe1d;0xffffffffc0c0c192;0xffffffffc27457cc;0xffffffffc274bef0;0xffffffffc27472b3;0xffffffffc272e867;0xffffffffc272f4cb;0xffffffffc272f5ba;0xffffffff96bdde74;0xffffffff96683f9e;0xffffffff978d678e;0xffffffff9640012b;0xfffffffffffffe00;ioctl;0x75127dc54704;0x75127db227b2;0x75127dafcafd;0x75127dad58f8;0x75127db146d2;cuInit;init();_dl_init;_dl_start_user;|, 37.121049, 50.00, 24.800000
2025-11-15T20:26:38.227804Z, 0xffffffffffffff80;0xffffffffc0e0290a;0xffffffffc0e404ae;0xffffffffc0e40b80;0xffffffffc0dc6ae2;0xffffffffc0e348db;0xffffffffc0f5fded;0xffffffffc0f721bf;0xffffffffc0eb0e7c;0xffffffffc0eb36bb;0xffffffffc0c69164;0xffffffffc0c692f1;0xffffffffc0fae78a;0xffffffffc0f2e0c7;0xffffffffc0fb3a7a;0xffffffffc0f2d25b;0xffffffffc0fb7284;0xffffffffc0f2dd70;0xffffffffc0f2e2d5;0xffffffffc0f2db2a;0xffffffffc0f513b7;0xffffffffc0c0ed13;0xffffffffc278cfb8;0xffffffffc2747b69;0xffffffffc2743dca;0xffffffffc2745837;0xffffffffc274bef0;0xffffffffc27472b3;0xffffffffc272e867;0xffffffffc272f4cb;0xffffffffc272f5ba;0xffffffff96bdde74;0xffffffff96683f9e;0xffffffff978d678e;0xffffffff9640012b;0xfffffffffffffe00;ioctl;0x75127dc54704;0x75127db227b2;0x75127dafcafd;0x75127dad58f8;0x75127db146d2;cuInit;init();_dl_init;_dl_start_user;|, 26.015573, 150.00, 24.800000
2025-11-15T20:26:38.233254Z, , 19.416876, 400.00, 24.800000
2025-11-15T20:26:38.239173Z, 0xffffffffffffff80;0xffffffffc0d2732a;0xffffffffc0e0297f;0xffffffffc0e404ae;0xffffffffc0e40b80;0xffffffffc0dc6ae2;0xffffffffc0e348db;0xffffffffc0f5fded;0xffffffffc0f721bf;0xffffffffc0eb1363;0xffffffffc0eb191c;0xffffffffc0eb3afd;0xffffffffc0fb4ed9;0xffffffffc0fbbb1e;0xffffffffc0f37482;0xffffffffc0f37ed9;0xffffffffc0f380df;0xffffffffc0f37e44;0xffffffffc0f514ef;0xffffffffc0c0ed13;0xffffffffc278cfb8;0xffffffffc2747b69;0xffffffffc2743dca;0xffffffffc2745837;0xffffffffc274bef0;0xffffffffc27472b3;0xffffffffc272e867;0xffffffffc272f4cb;0xffffffffc272f5ba;0xffffffff96bdde74;0xffffffff96683f9e;0xffffffff978d678e;0xffffffff9640012b;0xfffffffffffffe00;ioctl;0x75127dc54704;0x75127db227b2;0x75127dafcafd;0x75127dad58f8;0x75127db146d2;cuInit;init();_dl_init;_dl_start_user;|, 21.364058, 0.00, 24.800000
2025-11-15T20:26:38.244648Z, , 19.722258, 100.00, 24.800000
2025-11-15T20:26:38.250643Z, 0xffffffffffffff80;0xffffffffc0d2732a;0xffffffffc0e0297f;0xffffffffc0e404ae;0xffffffffc0e40b80;0xffffffffc0dc6ae2;0xffffffffc0e348db;0xffffffffc0f5fded;0xffffffffc0f721bf;0xffffffffc0eb1363;0xffffffffc0eb191c;0xffffffffc0eb3afd;0xffffffffc0fb4ed9;0xffffffffc0fbbb1e;0xffffffffc0f37482;0xffffffffc0f37ed9;0xffffffffc0f380df;0xffffffffc0f37e44;0xffffffffc0f514ef;0xffffffffc0c0ed13;0xffffffffc278cfb8;0xffffffffc2747b69;0xffffffffc2743dca;0xffffffffc2745837;0xffffffffc274bef0;0xffffffffc27472b3;0xffffffffc272e867;0xffffffffc272f4cb;0xffffffffc272f5ba;0xffffffff96bdde74;0xffffffff96683f9e;0xffffffff978d678e;0xffffffff9640012b;0xfffffffffffffe00;ioctl;0x75127dc54704;0x75127db227b2;0x75127dafcafd;0x75127dad58f8;0x75127db146d2;cuInit;init();_dl_init;_dl_start_user;|, 20.947575, 100.00, 24.800000
2025-11-15T20:26:38.256102Z, , 19.821438, 0.00, 24.800000
2025-11-15T20:26:38.262173Z, 0xffffffffffffff80;0xffffffff968aba7c;0xffffffff968aca40;0xffffffff968ae5d0;0xffffffff968c1947;0xffffffff968c1b6c;0xffffffff968a95ff;0xffffffff968aa3fd;0xffffffff9672eff3;0xffffffff978dcabb;0xffffffff96400f0b;0xffffffffc0d2732a;0xffffffffc0e0297f;0xffffffffc0e404ae;0xffffffffc0e40b80;0xffffffffc0dc6ae2;0xffffffffc0e348db;0xffffffffc0f5fded;0xffffffffc0f721bf;0xffffffffc0eb1363;0xffffffffc0eb191c;0xffffffffc0eb3afd;0xffffffffc0fb4ed9;0xffffffffc0fbbb1e;0xffffffffc0f37482;0xffffffffc0f37ed9;0xffffffffc0f380df;0xffffffffc0f37e44;0xffffffffc0f514ef;0xffffffffc0c0ed13;0xffffffffc278cfb8;0xffffffffc2747b69;0xffffffffc2743dca;0xffffffffc2745837;0xffffffffc274bef0;0xffffffffc27472b3;0xffffffffc272e867;0xffffffffc272f4cb;0xffffffffc272f5ba;0xffffffff96bdde74;0xffffffff96683f9e;0xffffffff978d678e;0xffffffff9640012b;0xfffffffffffffe00;ioctl;0x75127dc54704;0x75127db227b2;0x75127dafcafd;0x75127dad58f8;0x75127db146d2;cuInit;init();_dl_init;_dl_start_user;|, 21.613726, 100.00, 24.800000
2025-11-15T20:26:38.268100Z, 0xffffffffffffff80;0xffffffffc0c02e93;0xffffffffc0e0ad38;0xffffffffc0e346f8;0xffffffffc0f5fded;0xffffffffc0f721bf;0xffffffffc0eb1363;0xffffffffc0eb191c;0xffffffffc0eb3afd;0xffffffffc0fb4ed9;0xffffffffc0fbbb1e;0xffffffffc0f37482;0xffffffffc0f37ed9;0xffffffffc0f380df;0xffffffffc0f37e44;0xffffffffc0f514ef;0xffffffffc0c0ed13;0xffffffffc278cfb8;0xffffffffc2747b69;0xffffffffc2743dca;0xffffffffc2745837;0xffffffffc274bef0;0xffffffffc27472b3;0xffffffffc272e867;0xffffffffc272f4cb;0xffffffffc272f5ba;0xffffffff96bdde74;0xffffffff96683f9e;0xffffffff978d678e;0xffffffff9640012b;0xfffffffffffffe00;ioctl;0x75127dc54704;0x75127db227b2;0x75127dafcafd;0x75127dad58f8;0x75127db146d2;cuInit;init();_dl_init;_dl_start_user;|, 24.225934, 100.00, 24.800000
2025-11-15T20:26:38.273547Z, , 20.684577, 0.00, 24.800000
2025-11-15T20:26:38.279408Z, 0xffffffffffffff80;0xffffffff96f2cfab;0xffffffff96f2f04b;0xffffffffc0bf9def;0xffffffffc0bf9e8c;0xffffffffc0bfa82d;0xffffffffc0d28cf9;0xffffffffc0efc08a;0xffffffffc0e63470;0xffffffffc0e64112;0xffffffffc0f0bd0e;0xffffffffc0c785ba;0xffffffffc0fae78a;0xffffffffc0f2e0c7;0xffffffffc0fb3a7a;0xffffffffc0f2d25b;0xffffffffc0fb7284;0xffffffffc0f2dd70;0xffffffffc0f2e2d5;0xffffffffc0f2db2a;0xffffffffc0f43402;0xffffffffc0f475c7;0xffffffffc0f4c48c;0xffffffffc0c0c6ea;0xffffffffc2754af2;0xffffffffc2754cc3;0xffffffffc279c1a6;0xffffffffc275d5ce;0xffffffffc2743350;0xffffffffc2745837;0xffffffffc274bef0;0xffffffffc27472b3;0xffffffffc272e867;0xffffffffc272f4cb;0xffffffffc272f5ba;0xffffffff96bdde74;0xffffffff96683f9e;0xffffffff978d678e;0xffffffff9640012b;0xfffffffffffffe00;ioctl;0x75127dc54704;0x75127db227b2;0x75127dafcafd;0x75127dad58f8;0x75127db146d2;cuInit;init();_dl_init;_dl_start_user;|, 22.089307, 0.00, 24.800000
2025-11-15T20:26:38.284630Z, , 22.245796, 0.00, 24.800000
2025-11-15T20:26:38.290375Z, 0xffffffffffffff80;0xffffffff978df030;0xffffffffc0fad787;0xffffffffc0e40b39;0xffffffffc0dc6ae2;0xffffffffc0e348db;0xffffffffc0f5fded;0xffffffffc0f72554;0xffffffffc0ddff9a;0xffffffffc0de39a1;0xffffffffc0c4c36c;0xffffffffc0c4c562;0xffffffffc0fae78a;0xffffffffc0f2e0c7;0xffffffffc0fb3a7a;0xffffffffc0f2d25b;0xffffffffc0fb7284;0xffffffffc0f2dd70;0xffffffffc0f2e2d5;0xffffffffc0f2db2a;0xffffffffc0f4da6f;0xffffffffc0c0c8ca;0xffffffffc275b632;0xffffffffc275dc93;0xffffffffc2743350;0xffffffffc2745837;0xffffffffc274bef0;0xffffffffc27472b3;0xffffffffc272e867;0xffffffffc272f4cb;0xffffffffc272f5ba;0xffffffff96bdde74;0xffffffff96683f9e;0xffffffff978d678e;0xffffffff9640012b;0xfffffffffffffe00;ioctl;0x75127dc54704;0x75127db227b2;0x75127dafcafd;0x75127dad58f8;0x75127db146d2;cuInit;init();_dl_init;_dl_start_user;|, 20.837612, 0.00, 24.800000
2025-11-15T20:26:38.295973Z, 0xffffffffffffff80;0xffffffff966e7393;0xffffffffc272b1b9;0xffffffffc279e5cd;0xffffffffc279ef34;0xffffffffc279b7fe;0xffffffffc275b9e3;0xffffffffc275dc93;0xffffffffc2743350;0xffffffffc2745837;0xffffffffc274bef0;0xffffffffc27472b3;0xffffffffc272e867;0xffffffffc272f4cb;0xffffffffc272f5ba;0xffffffff96bdde74;0xffffffff96683f9e;0xffffffff978d678e;0xffffffff9640012b;0xfffffffffffffe00;ioctl;0x75127dc54704;0x75127db227b2;0x75127dafcafd;0x75127dad58f8;0x75127db146d2;cuInit;init();_dl_init;_dl_start_user;|, 24.880849, 0.00, 24.800000
2025-11-15T20:26:38.301733Z, 0xffffffffffffff80;0xffffffffc0f154f2;0xffffffffc0d27313;0xffffffffc0e0297f;0xffffffffc0e404ae;0xffffffffc0e40b80;0xffffffffc0dc6ae2;0xffffffffc0e348db;0xffffffffc0f5fded;0xffffffffc0f72554;0xffffffffc0ddff9a;0xffffffffc0de39a1;0xffffffffc0c4c36c;0xffffffffc0c4c562;0xffffffffc0fae78a;0xffffffffc0f2e0c7;0xffffffffc0fb3a7a;0xffffffffc0f2d25b;0xffffffffc0fb7284;0xffffffffc0f2dd70;0xffffffffc0f2e2d5;0xffffffffc0f2db2a;0xffffffffc0f4da6f;0xffffffffc0c0c8ca;0xffffffffc275b632;0xffffffffc275dc93;0xffffffffc2743350;0xffffffffc2745837;0xffffffffc274bef0;0xffffffffc27472b3;0xffffffffc272e867;0xffffffffc272f4cb;0xffffffffc272f5ba;0xffffffff96bdde74;0xffffffff96683f9e;0xffffffff978d678e;0xffffffff9640012b;0xfffffffffffffe00;ioctl;0x75127dc54704;0x75127db227b2;0x75127dafcafd;0x75127dad58f8;0x75127db146d2;cuInit;init();_dl_init;_dl_start_user;|, 20.047814, 100.00, 24.800000
2025-11-15T20:26:38.306959Z, , 23.272602, 0.00, 24.800000
2025-11-15T20:26:38.312570Z, 0xffffffffffffff80;0xffffffff978c8986;0xffffffff978cbaed;0xffffffff96bfe2c6;0xffffffff966fdb9c;0xffffffff96bfe7bc;0xffffffff96c89b5c;0xffffffff96bbed48;0xffffffff96bbfc02;0xffffffff96bbfca9;0xffffffff96684851;0xffffffff978d678e;0xffffffff9640012b;0xfffffffffffffe00;read;_IO_file_underflow@@GLIBC_2.2.5;__getdelim;0x75127d2ceda9;0x75127d154b9d;0x75127d1051ab;cuptiActivityRegisterCallbacks;init();_dl_init;_dl_start_user;|, 21.487015, 50.00, 24.800000
2025-11-15T20:26:38.318588Z, 0xffffffffffffff80;0xffffffff96a80879;0xffffffff96aec184;0xffffffff96aec53b;0xffffffff96af18f0;0xffffffff96af1fcc;0xffffffff96af2229;0xffffffff96755662;0xffffffff978dd385;0xffffffff96400bb7;0xfffffffffffffe00;__strncmp_avx2;0x592e5c;0x583680;0x6afa2c;0x6af5da;Py_InitializeFromConfig;0x6bbb15;0x6bba45;Py_BytesMain;__libc_start_call_main;__libc_start_main@@GLIBC_2.34;_start;|, 26.776586, 0.00, 24.800000
2025-11-15T20:26:38.325376Z, 0xfffffffffffffe00;_PyEval_EvalFrameDefault;0x54cf04;PyObject_VectorcallMethod;0x64d63c;_PyEval_EvalFrameDefault;0x54cf04;PyObject_CallOneArg;0x53db4d;0x64d338;_PyEval_EvalFrameDefault;PyEval_EvalCode;0x5d2bac;_PyEval_EvalFrameDefault;0x54a0c7;PyObject_CallMethodObjArgs;PyImport_ImportModuleLevelObject;_PyEval_EvalFrameDefault;PyEval_EvalCode;0x5d2bac;_PyEval_EvalFrameDefault;0x54a0c7;PyObject_CallMethodObjArgs;PyImport_ImportModuleLevelObject;_PyEval_EvalFrameDefault;PyEval_EvalCode;0x5d2bac;_PyEval_EvalFrameDefault;0x54a0c7;PyObject_CallMethodObjArgs;PyImport_ImportModuleLevelObject;0x5d2ef4;0x5818ed;PyObject_CallFunction;PyImport_Import;PyImport_ImportModule;0x6b0262;0x6afcf4;Py_InitializeFromConfig;0x6bbb15;0x6bba45;Py_BytesMain;__libc_start_call_main;__libc_start_main@@GLIBC_2.34;_start;|, 23.001235, 0.00, 24.800000
2025-11-15T20:26:38.332000Z, 0xfffffffffffffe00;0x608d78;_PyCode_New;0x60292d;0x6024a5;0x602793;0x602531;0x602793;0x604dd4;_PyEval_EvalFrameDefault;0x54a0c7;PyObject_CallMethodObjArgs;PyImport_ImportModuleLevelObject;_PyEval_EvalFrameDefault;PyEval_EvalCode;0x5d2bac;0x5818ed;_PyEval_EvalFrameDefault;0x54a0c7;PyObject_CallMethodObjArgs;PyImport_ImportModuleLevelObject;_PyEval_EvalFrameDefault;PyEval_EvalCode;0x5d2bac;0x5818ed;_PyEval_EvalFrameDefault;0x54a0c7;PyObject_CallMethodObjArgs;PyImport_ImportModuleLevelObject;_PyEval_EvalFrameDefault;PyEval_EvalCode;0x607fc2;0x6b4393;_PyRun_SimpleFileObject;_PyRun_AnyFileObject;Py_RunMain;Py_BytesMain;__libc_start_call_main;__libc_start_main@@GLIBC_2.34;_start;|, 29.601274, 0.00, 24.800000
2025-11-15T20:26:38.338904Z, 0xfffffffffffffe00;0x59bed5;0x599f00;0x5994d7;_PyObject_MakeTpCall;_PyEval_EvalFrameDefault;PyEval_EvalCode;0x5d2bac;0x5818ed;_PyEval_EvalFrameDefault;0x54a0c7;PyObject_CallMethodObjArgs;PyImport_ImportModuleLevelObject;_PyEval_EvalFrameDefault;PyEval_EvalCode;0x5d2bac;0x5818ed;_PyEval_EvalFrameDefault;0x54a0c7;PyObject_CallMethodObjArgs;PyImport_ImportModuleLevelObject;_PyEval_EvalFrameDefault;PyEval_EvalCode;0x5d2bac;0x5818ed;_PyEval_EvalFrameDefault;0x54a0c7;PyObject_CallMethodObjArgs;PyImport_ImportModuleLevelObject;_PyEval_EvalFrameDefault;PyEval_EvalCode;0x5d2bac;0x5818ed;_PyEval_EvalFrameDefault;0x54a0c7;PyObject_CallMethodObjArgs;PyImport_ImportModuleLevelObject;_PyEval_EvalFrameDefault;PyEval_EvalCode;0x607fc2;0x6b4393;_PyRun_SimpleFileObject;_PyRun_AnyFileObject;Py_RunMain;Py_BytesMain;__libc_start_call_main;__libc_start_main@@GLIBC_2.34;_start;|, 26.651641, 100.00, 24.800000
2025-11-15T20:26:38.346059Z, 0xffffffffffffff80;0xffffffff96e29902;0xffffffff96e29b50;0xffffffff96e418d6;0xffffffff96e4251d;0xffffffff96e3dead;0xffffffff96e3e027;0xffffffff96dc872c;0xffffffff96bc7b67;0xffffffff96bc864e;0xffffffff96bc86f4;0xffffffff96bc876c;0xffffffff9668510c;0xffffffff978d678e;0xffffffff9640012b;0xfffffffffffffe00;fstatat64;_PyEval_EvalFrameDefault;0x54a0c7;PyObject_CallMethodObjArgs;PyImport_ImportModuleLevelObject;_PyEval_EvalFrameDefault;PyEval_EvalCode;0x5d2bac;0x5818ed;_PyEval_EvalFrameDefault;0x54a0c7;PyObject_CallMethodObjArgs;PyImport_ImportModuleLevelObject;_PyEval_EvalFrameDefault;PyEval_EvalCode;0x5d2bac;0x5818ed;_PyEval_EvalFrameDefault;0x54a0c7;PyObject_CallMethodObjArgs;PyImport_ImportModuleLevelObject;_PyEval_EvalFrameDefault;PyEval_EvalCode;0x5d2bac;0x5818ed;_PyEval_EvalFrameDefault;0x54a0c7;PyObject_CallMethodObjArgs;PyImport_ImportModuleLevelObject;_PyEval_EvalFrameDefault;PyEval_EvalCode;0x5d2bac;0x5818ed;_PyEval_EvalFrameDefault;0x54a0c7;PyObject_CallMethodObjArgs;PyImport_ImportModuleLevelObject;_PyEval_EvalFrameDefault;PyEval_EvalCode;0x607fc2;0x6b4393;_PyRun_SimpleFileObject;_PyRun_AnyFileObject;Py_RunMain;Py_BytesMain;__libc_start_call_main;__libc_start_main@@GLIBC_2.34;_start;|, 26.773558, 100.00, 24.800000
2025-11-15T20:26:38.351293Z, y™÷*, 28.098931, 200.00, 24.800000
2025-11-15T20:26:38.358054Z, 0xffffffffffffff80;0xffffffff96838fcc;0xffffffff96755a60;0xffffffff978dd385;0xffffffff96400bb7;0xfffffffffffffe00;_dl_relocate_object;dl_open_worker_begin;_dl_catch_exception;dl_open_worker;_dl_catch_exception;_dl_open;dlopen_doit;_dl_catch_exception;_dl_catch_error;_dlerror_run;dlopen@GLIBC_2.2.5;0x75127d7f390a;0x581a90;_PyObject_MakeTpCall;_PyEval_EvalFrameDefault;_PyObject_Call_Prepend;0x59da4f;0x599513;_PyObject_MakeTpCall;_PyEval_EvalFrameDefault;PyEval_EvalCode;0x5d2bac;0x5818ed;_PyEval_EvalFrameDefault;0x54a0c7;PyObject_CallMethodObjArgs;PyImport_ImportModuleLevelObject;_PyEval_EvalFrameDefault;PyEval_EvalCode;0x607fc2;0x6b4393;_PyRun_SimpleFileObject;_PyRun_AnyFileObject;Py_RunMain;Py_BytesMain;__libc_start_call_main;__libc_start_main@@GLIBC_2.34;_start;|, 23.859991, 0.00, 24.800000
2025-11-15T20:26:38.363333Z, y™÷*, 28.649393, 100.00, 24.800000
2025-11-15T20:26:38.370263Z, 0xfffffffffffffe00;do_lookup_x;_dl_lookup_symbol_x;_dl_relocate_object;dl_open_worker_begin;_dl_catch_exception;dl_open_worker;_dl_catch_exception;_dl_open;dlopen_doit;_dl_catch_exception;_dl_catch_error;_dlerror_run;dlopen@GLIBC_2.2.5;0x6bb9ac;0x6a8afa;0x6a8282;0x581b07;_PyEval_EvalFrameDefault;0x54a0c7;PyObject_CallMethodObjArgs;PyImport_ImportModuleLevelObject;_PyEval_EvalFrameDefault;PyEval_EvalCode;0x5d2bac;0x5818ed;_PyEval_EvalFrameDefault;0x54a0c7;PyObject_CallMethodObjArgs;PyImport_ImportModuleLevelObject;_PyEval_EvalFrameDefault;PyEval_EvalCode;0x607fc2;0x6b4393;_PyRun_SimpleFileObject;_PyRun_AnyFileObject;Py_RunMain;Py_BytesMain;__libc_start_call_main;__libc_start_main@@GLIBC_2.34;_start;|, 23.358024, 100.00, 24.800000
2025-11-15T20:26:38.377293Z, 0xfffffffffffffe00;do_lookup_x;_dl_lookup_symbol_x;_dl_relocate_object;dl_open_worker_begin;_dl_catch_exception;dl_open_worker;_dl_catch_exception;_dl_open;dlopen_doit;_dl_catch_exception;_dl_catch_error;_dlerror_run;dlopen@GLIBC_2.2.5;0x6bb9ac;0x6a8afa;0x6a8282;0x581b07;_PyEval_EvalFrameDefault;0x54a0c7;PyObject_CallMethodObjArgs;PyImport_ImportModuleLevelObject;_PyEval_EvalFrameDefault;PyEval_EvalCode;0x5d2bac;0x5818ed;_PyEval_EvalFrameDefault;0x54a0c7;PyObject_CallMethodObjArgs;PyImport_ImportModuleLevelObject;_PyEval_EvalFrameDefault;PyEval_EvalCode;0x607fc2;0x6b4393;_PyRun_SimpleFileObject;_PyRun_AnyFileObject;Py_RunMain;Py_BytesMain;__libc_start_call_main;__libc_start_main@@GLIBC_2.34;_start;|, 27.060589, 0.00, 24.800000
2025-11-15T20:26:38.384224Z, 0xfffffffffffffe00;_dl_lookup_symbol_x;_dl_relocate_object;dl_open_worker_begin;_dl_catch_exception;dl_open_worker;_dl_catch_exception;_dl_open;dlopen_doit;_dl_catch_exception;_dl_catch_error;_dlerror_run;dlopen@GLIBC_2.2.5;0x6bb9ac;0x6a8afa;0x6a8282;0x581b07;_PyEval_EvalFrameDefault;0x54a0c7;PyObject_CallMethodObjArgs;PyImport_ImportModuleLevelObject;_PyEval_EvalFrameDefault;PyEval_EvalCode;0x5d2bac;0x5818ed;_PyEval_EvalFrameDefault;0x54a0c7;PyObject_CallMethodObjArgs;PyImport_ImportModuleLevelObject;_PyEval_EvalFrameDefault;PyEval_EvalCode;0x607fc2;0x6b4393;_PyRun_SimpleFileObject;_PyRun_AnyFileObject;Py_RunMain;Py_BytesMain;__libc_start_call_main;__libc_start_main@@GLIBC_2.34;_start;|, 24.555347, 0.00, 24.800000
2025-11-15T20:26:38.391164Z, 0xfffffffffffffe00;_dl_lookup_symbol_x;_dl_relocate_object;dl_open_worker_begin;_dl_catch_exception;dl_open_worker;_dl_catch_exception;_dl_open;dlopen_doit;_dl_catch_exception;_dl_catch_error;_dlerror_run;dlopen@GLIBC_2.2.5;0x6bb9ac;0x6a8afa;0x6a8282;0x581b07;_PyEval_EvalFrameDefault;0x54a0c7;PyObject_CallMethodObjArgs;PyImport_ImportModuleLevelObject;_PyEval_EvalFrameDefault;PyEval_EvalCode;0x5d2bac;0x5818ed;_PyEval_EvalFrameDefault;0x54a0c7;PyObject_CallMethodObjArgs;PyImport_ImportModuleLevelObject;_PyEval_EvalFrameDefault;PyEval_EvalCode;0x607fc2;0x6b4393;_PyRun_SimpleFileObject;_PyRun_AnyFileObject;Py_RunMain;Py_BytesMain;__libc_start_call_main;__libc_start_main@@GLIBC_2.34;_start;|, 29.363147, 100.00, 24.800000
2025-11-15T20:26:38.396549Z, , 24.390152, 200.00, 24.800000
2025-11-15T20:26:38.403384Z, 0xfffffffffffffe00;_dl_lookup_symbol_x;_dl_relocate_object;dl_open_worker_begin;_dl_catch_exception;dl_open_worker;_dl_catch_exception;_dl_open;dlopen_doit;_dl_catch_exception;_dl_catch_error;_dlerror_run;dlopen@GLIBC_2.2.5;0x6bb9ac;0x6a8afa;0x6a8282;0x581b07;_PyEval_EvalFrameDefault;0x54a0c7;PyObject_CallMethodObjArgs;PyImport_ImportModuleLevelObject;_PyEval_EvalFrameDefault;PyEval_EvalCode;0x5d2bac;0x5818ed;_PyEval_EvalFrameDefault;0x54a0c7;PyObject_CallMethodObjArgs;PyImport_ImportModuleLevelObject;_PyEval_EvalFrameDefault;PyEval_EvalCode;0x607fc2;0x6b4393;_PyRun_SimpleFileObject;_PyRun_AnyFileObject;Py_RunMain;Py_BytesMain;__libc_start_call_main;__libc_start_main@@GLIBC_2.34;_start;|, 28.174313, 0.00, 24.800000
2025-11-15T20:26:38.410228Z, 0xfffffffffffffe00;do_lookup_x;_dl_lookup_symbol_x;_dl_relocate_object;dl_open_worker_begin;_dl_catch_exception;dl_open_worker;_dl_catch_exception;_dl_open;dlopen_doit;_dl_catch_exception;_dl_catch_error;_dlerror_run;dlopen@GLIBC_2.2.5;0x6bb9ac;0x6a8afa;0x6a8282;0x581b07;_PyEval_EvalFrameDefault;0x54a0c7;PyObject_CallMethodObjArgs;PyImport_ImportModuleLevelObject;_PyEval_EvalFrameDefault;PyEval_EvalCode;0x5d2bac;0x5818ed;_PyEval_EvalFrameDefault;0x54a0c7;PyObject_CallMethodObjArgs;PyImport_ImportModuleLevelObject;_PyEval_EvalFrameDefault;PyEval_EvalCode;0x607fc2;0x6b4393;_PyRun_SimpleFileObject;_PyRun_AnyFileObject;Py_RunMain;Py_BytesMain;__libc_start_call_main;__libc_start_main@@GLIBC_2.34;_start;|, 25.391367, 100.00, 24.800000
2025-11-15T20:26:38.415646Z, , 25.446324, 100.00, 24.800000
2025-11-15T20:26:38.422393Z, 0xfffffffffffffe00;_dl_lookup_symbol_x;_dl_relocate_object;dl_open_worker_begin;_dl_catch_exception;dl_open_worker;_dl_catch_exception;_dl_open;dlopen_doit;_dl_catch_exception;_dl_catch_error;_dlerror_run;dlopen@GLIBC_2.2.5;0x6bb9ac;0x6a8afa;0x6a8282;0x581b07;_PyEval_EvalFrameDefault;0x54a0c7;PyObject_CallMethodObjArgs;PyImport_ImportModuleLevelObject;_PyEval_EvalFrameDefault;PyEval_EvalCode;0x5d2bac;0x5818ed;_PyEval_EvalFrameDefault;0x54a0c7;PyObject_CallMethodObjArgs;PyImport_ImportModuleLevelObject;_PyEval_EvalFrameDefault;PyEval_EvalCode;0x607fc2;0x6b4393;_PyRun_SimpleFileObject;_PyRun_AnyFileObject;Py_RunMain;Py_BytesMain;__libc_start_call_main;__libc_start_main@@GLIBC_2.34;_start;|, 29.598623, 0.00, 24.800000
2025-11-15T20:26:38.427678Z, , 24.695232, 0.00, 24.800000
2025-11-15T20:26:38.434586Z, 0xffffffffffffff80;0xffffffff978ec89b;0xffffffff96b24870;0xffffffff96b25f24;0xffffffff96b61a0e;0xffffffff96b64924;0xffffffff96b64b38;0xffffffff96aeff3a;0xffffffff96af0330;0xffffffff96af1971;0xffffffff96af1fcc;0xffffffff96af2229;0xffffffff96755662;0xffffffff978dd385;0xffffffff96400bb7;0xfffffffffffffe00;0x75116ef521fc;call_init.part.0;_dl_init;_dl_catch_exception;dl_open_worker;_dl_catch_exception;_dl_open;dlopen_doit;_dl_catch_exception;_dl_catch_error;_dlerror_run;dlopen@GLIBC_2.2.5;0x6bb9ac;0x6a8afa;0x6a8282;0x581b07;_PyEval_EvalFrameDefault;0x54a0c7;PyObject_CallMethodObjArgs;PyImport_ImportModuleLevelObject;_PyEval_EvalFrameDefault;PyEval_EvalCode;0x5d2bac;0x5818ed;_PyEval_EvalFrameDefault;0x54a0c7;PyObject_CallMethodObjArgs;PyImport_ImportModuleLevelObject;_PyEval_EvalFrameDefault;PyEval_EvalCode;0x607fc2;0x6b4393;_PyRun_SimpleFileObject;_PyRun_AnyFileObject;Py_RunMain;Py_BytesMain;__libc_start_call_main;__libc_start_main@@GLIBC_2.34;_start;|, 27.866239, 0.00, 24.800000
2025-11-15T20:26:38.439853Z, , 26.658757, 200.00, 24.800000
2025-11-15T20:26:38.445205Z, , 24.566268, 0.00, 24.800000
2025-11-15T20:26:38.452331Z, 0xffffffffffffff80;0xffffffff96b247e0;0xffffffff96b25f24;0xffffffff96b61a0e;0xffffffff96b64924;0xffffffff96b64b38;0xffffffff96aeff3a;0xffffffff96af0330;0xffffffff96af1971;0xffffffff96af1fcc;0xffffffff96af2229;0xffffffff96755662;0xffffffff978dd385;0xffffffff96400bb7;0xfffffffffffffe00;0x75116f0fe654;call_init.part.0;_dl_init;_dl_catch_exception;dl_open_worker;_dl_catch_exception;_dl_open;dlopen_doit;_dl_catch_exception;_dl_catch_error;_dlerror_run;dlopen@GLIBC_2.2.5;0x6bb9ac;0x6a8afa;0x6a8282;0x581b07;_PyEval_EvalFrameDefault;0x54a0c7;PyObject_CallMethodObjArgs;PyImport_ImportModuleLevelObject;_PyEval_EvalFrameDefault;PyEval_EvalCode;0x5d2bac;0x5818ed;_PyEval_EvalFrameDefault;0x54a0c7;PyObject_CallMethodObjArgs;PyImport_ImportModuleLevelObject;_PyEval_EvalFrameDefault;PyEval_EvalCode;0x607fc2;0x6b4393;_PyRun_SimpleFileObject;_PyRun_AnyFileObject;Py_RunMain;Py_BytesMain;__libc_start_call_main;__libc_start_main@@GLIBC_2.34;_start;|, 21.872759, 100.00, 24.800000
2025-11-15T20:26:38.459309Z, 0xfffffffffffffe00;__libc_malloc;0x7511a0d4b2a3;0x7511a0d35b86;0x7511a085f9c9;call_init.part.0;_dl_init;_dl_catch_exception;dl_open_worker;_dl_catch_exception;_dl_open;dlopen_doit;_dl_catch_exception;_dl_catch_error;_dlerror_run;dlopen@GLIBC_2.2.5;0x6bb9ac;0x6a8afa;0x6a8282;0x581b07;_PyEval_EvalFrameDefault;0x54a0c7;PyObject_CallMethodObjArgs;PyImport_ImportModuleLevelObject;_PyEval_EvalFrameDefault;PyEval_EvalCode;0x5d2bac;0x5818ed;_PyEval_EvalFrameDefault;0x54a0c7;PyObject_CallMethodObjArgs;PyImport_ImportModuleLevelObject;_PyEval_EvalFrameDefault;PyEval_EvalCode;0x607fc2;0x6b4393;_PyRun_SimpleFileObject;_PyRun_AnyFileObject;Py_RunMain;Py_BytesMain;__libc_start_call_main;__libc_start_main@@GLIBC_2.34;_start;|, 28.377562, 100.00, 24.800000
2025-11-15T20:26:38.464825Z, 0xfffffffffffffe00;0x75124ae8ec83;0x10;0x5f63697274656d6f;|, 25.515663, 200.00, 24.800000
2025-11-15T20:26:38.470199Z, 0xfffffffffffffe00;0x75124ae8ef5d;0x236aba20;0x236ad050;0x236ae680;0x236afcb0;0x236b12e0;0x236b2910;0x236b3f80;0x2369e2c0;0x236bb010;0x236bc3c0;0x236bd770;0x236beb20;0x236bfed0;0x236c1280;0x236c26e0;0x236c3d10;0x236c5340;0x236c6970;0x236c7fa0;0x236c95d0;0x236cac00;0x236cc230;0x236cd860;0x236cee90;0x236d0540;0x236d1b70;0x236d31a0;0x236d47d0;0x236d5e00;0x236d74b0;0x236d8b00;0x236da130;0x236db760;0x236dcd90;0x236de420;0x236dfa50;0x236e1080;0x236e26b0;0x236e3d20;0x236b6510;0x236b78c0;0x236b8c70;0x236f0670;0x236f1a20;0x236f2dd0;0x236f4180;0x236f5530;0x236f68e0;0x236f7c90;0x236f9240;0x236fa870;0x236fbea0;0x236fd4d0;0x236feb80;0x237001b0;0x23701880;0x23702eb0;0x237044e0;0x23705b70;0x237071a0;0x237087d0;0x23709e00;0x2370b430;0x2370ca60;0x2370e150;0x2370f7c0;0x23710e70;0x23712520;0x23714940;0x237161d0;0x23717a90;0x23719b00;0x2371bba0;0x2371d420;0x2371ec20;0x23720a70;0x23722800;0x23724430;0x23725ce0;0x23727520;0x23729490;0x2372ae30;0x2372e000;0x2372f840;0x23731080;0x237328c0;0x23734940;0x23736270;0x23737ed0;0x2373a420;0x2373c450;0x2373dd00;0x2373f880;0x23742a00;0x237442b0;0x23745b60;0x237473a0;0x23748be0;0x2374a420;0x2374bc60;0x2374d4a0;0x2374ece0;0x23750520;0x236e58c0;0x236e7100;0x236e8940;0x236ea180;0x236eb9c0;0x236ed200;0x236eea40;0x23767f10;0x2376a2d0;0x2376b680;0x2376cc10;0x2376e430;0x2376fd10;0x23771550;0x23772d90;0x237745d0;0x23775e10;0x23777650;0x23778e90;0x2377a6d0;0x2377bf10;0x2377d750;0x2377ef90;|, 27.937260, 0.00, 24.800000
2025-11-15T20:26:38.475659Z, , 21.488208, 100.00, 24.800000
2025-11-15T20:26:38.481118Z, 0xfffffffffffffe00;0x75127013c60a;0xd;0x646f72706d;|, 25.755272, 0.00, 24.800000
2025-11-15T20:26:38.486545Z, , 23.361973, 0.00, 24.800000
2025-11-15T20:26:38.492002Z, 0xfffffffffffffe00;0x75124ae8b170;0x11;0x706f635f646e6962;|, 26.323091, 100.00, 24.800000
2025-11-15T20:26:38.497438Z, 0xfffffffffffffe00;__libc_malloc;0x7511f1cbb904;0x75125e2e96ae;0x0;|, 26.543005, 100.00, 24.800000
2025-11-15T20:26:38.502893Z, , 24.667493, 0.00, 24.800000
2025-11-15T20:26:38.508373Z, 0xfffffffffffffe00;0x75124ac1b49d;0x253a9830;0x6;0x75124abf7fb0;0x894853d5894855f4;|, 23.805814, 0.00, 24.800000
2025-11-15T20:26:38.513793Z, , 26.133964, 0.00, 24.800000
2025-11-15T20:26:38.519260Z, 0xfffffffffffffe00;0x75124af04f54;|, 24.856719, 0.00, 24.800000
2025-11-15T20:26:38.524682Z, , 25.879334, 0.00, 24.800000
2025-11-15T20:26:38.530135Z, 0xfffffffffffffe00;0x75124a4641f0;0x9;0x78;|, 22.378731, 0.00, 24.800000
2025-11-15T20:26:38.535575Z, , 22.301055, 0.00, 24.800000
2025-11-15T20:26:38.541044Z, 0xfffffffffffffe00;0x75124aecd449;0x0;0x75124c325d28;0x0;0xbe0000441f0f66ff;|, 28.037855, 0.00, 24.800000
2025-11-15T20:26:38.546494Z, , 27.317685, 0.00, 24.800000
2025-11-15T20:26:38.551971Z, 0xfffffffffffffe00;0x7511f1cbb7a0;0x3b;0x0;0x26006f00;0x26006d60;0x25fb40b0;0x25fa3780;0x25f7fe40;0x25f7ef50;0x2366a700;0x25f71520;0x2366a118;0x2366a398;0x2366a258;0x23669a90;0x236698a0;0x25f7f170;0x25811f50;0x236693b0;0x23669740;0x258120e0;0x23669f10;0x23669c90;0x258122a0;0x25812550;0x25f7ead0;0x25f7ed90;0x25810830;0x2366a5a0;0x25f7dd50;0x25f7e030;0x25f80370;0x25f7fac0;0x25faaf30;0x25f7f380;0x25f7fc80;0x25f7f590;0x25f7f720;0x25f7f8f0;|, 22.200952, 50.00, 24.800000
2025-11-15T20:26:38.557522Z, , 24.609434, 0.00, 24.800000
2025-11-15T20:26:38.564631Z, 0xffffffffffffff80;0xffffffff96ae2333;0xffffffff967555dc;0xffffffff978dd385;0xffffffff96400bb7;0xfffffffffffffe00;0x75120e4a45e5;_dl_init;_dl_catch_exception;dl_open_worker;_dl_catch_exception;_dl_open;dlopen_doit;_dl_catch_exception;_dl_catch_error;_dlerror_run;dlopen@GLIBC_2.2.5;0x6bb9ac;0x6a8afa;0x6a8282;0x581b07;_PyEval_EvalFrameDefault;0x54a0c7;PyObject_CallMethodObjArgs;PyImport_ImportModuleLevelObject;_PyEval_EvalFrameDefault;PyEval_EvalCode;0x5d2bac;0x5818ed;_PyEval_EvalFrameDefault;0x54a0c7;PyObject_CallMethodObjArgs;PyImport_ImportModuleLevelObject;_PyEval_EvalFrameDefault;PyEval_EvalCode;0x607fc2;0x6b4393;_PyRun_SimpleFileObject;_PyRun_AnyFileObject;Py_RunMain;Py_BytesMain;__libc_start_call_main;__libc_start_main@@GLIBC_2.34;_start;|, 22.897285, 0.00, 24.800000
2025-11-15T20:26:38.570155Z, , 26.214964, 0.00, 24.800000
2025-11-15T20:26:38.575624Z, , 16.241675, 0.00, 24.800000
2025-11-15T20:26:38.584468Z, 0xfffffffffffffe00;0x61d01f;0x61c23e;0x61bbc1;0x5fba23;_PyEval_EvalFrameDefault;PyObject_VectorcallMethod;PyImport_ImportModuleLevelObject;0x5d2ef4;0x5818ed;PyObject_CallFunction;PyImport_Import;PyImport_ImportModule;0x75125e2becbb;0x75125e2bc910;0x635f657372617073;|, 50.283208, 76.92, 24.800000
2025-11-15T20:26:38.589619Z, , 90.700413, 145.00, 24.800000
2025-11-15T20:26:38.602490Z, 0xfffffffffffffe00;0x61cf7f;0x61c1d6;0x61bbc1;0x5fba23;_PyEval_EvalFrameDefault;PyObject_Call;0x64e874;_PyObject_MakeTpCall;PyObject_Vectorcall;_PyEval_EvalFrameDefault;PyEval_EvalCode;0x5d2bac;0x5818ed;_PyEval_EvalFrameDefault;0x54a0c7;PyObject_CallMethodObjArgs;PyImport_ImportModuleLevelObject;_PyEval_EvalFrameDefault;PyEval_EvalCode;0x5d2bac;0x5818ed;_PyEval_EvalFrameDefault;0x54a0c7;PyObject_CallMethodObjArgs;PyImport_ImportModuleLevelObject;0x5d2ef4;0x5818ed;_PyEval_EvalFrameDefault;0x54a0c7;PyObject_CallMethodObjArgs;PyImport_ImportModuleLevelObject;_PyEval_EvalFrameDefault;PyEval_EvalCode;0x5d2bac;0x5818ed;_PyEval_EvalFrameDefault;0x54a0c7;PyObject_CallMethodObjArgs;PyImport_ImportModuleLevelObject;0x5d2ef4;0x5818ed;_PyEval_EvalFrameDefault;0x54a0c7;PyObject_CallMethodObjArgs;PyImport_ImportModuleLevelObject;_PyEval_EvalFrameDefault;PyEval_EvalCode;0x5d2bac;0x5818ed;_PyEval_EvalFrameDefault;0x54a0c7;PyObject_CallMethodObjArgs;PyImport_ImportModuleLevelObject;_PyEval_EvalFrameDefault;PyEval_EvalCode;0x5d2bac;0x5818ed;_PyEval_EvalFrameDefault;0x54a0c7;PyObject_CallMethodObjArgs;PyImport_ImportModuleLevelObject;0x5d2ef4;0x5818ed;PyObject_CallFunction;PyImport_Import;PyImport_ImportModule;0x75125e78079f;|, 143.678988, 281.25, 24.800000
2025-11-15T20:26:38.618075Z, 0xfffffffffffffe00;_Py_HashBytes;0x5a623d;0x591c42;0x64eed0;PyObject_Call;_PyEval_EvalFrameDefault;0x5a0bf5;_PyEval_EvalFrameDefault;PyEval_EvalCode;0x5d2bac;0x5818ed;_PyEval_EvalFrameDefault;0x54a0c7;PyObject_CallMethodObjArgs;PyImport_ImportModuleLevelObject;_PyEval_EvalFrameDefault;PyEval_EvalCode;0x5d2bac;0x5818ed;_PyEval_EvalFrameDefault;0x54a0c7;PyObject_CallMethodObjArgs;PyImport_ImportModuleLevelObject;_PyEval_EvalFrameDefault;PyEval_EvalCode;0x5d2bac;0x5818ed;_PyEval_EvalFrameDefault;0x54a0c7;PyObject_CallMethodObjArgs;PyImport_ImportModuleLevelObject;0x5d2ef4;0x5818ed;_PyEval_EvalFrameDefault;0x54a0c7;PyObject_CallMethodObjArgs;PyImport_ImportModuleLevelObject;_PyEval_EvalFrameDefault;PyEval_EvalCode;0x5d2bac;0x5818ed;_PyEval_EvalFrameDefault;0x54a0c7;PyObject_CallMethodObjArgs;PyImport_ImportModuleLevelObject;_PyEval_EvalFrameDefault;PyEval_EvalCode;0x5d2bac;0x5818ed;_PyEval_EvalFrameDefault;0x54a0c7;PyObject_CallMethodObjArgs;PyImport_ImportModuleLevelObject;0x5d2ef4;0x5818ed;_PyEval_EvalFrameDefault;0x54a0c7;PyObject_CallMethodObjArgs;PyImport_ImportModuleLevelObject;_PyEval_EvalFrameDefault;PyEval_EvalCode;0x5d2bac;0x5818ed;_PyEval_EvalFrameDefault;0x54a0c7;PyObject_CallMethodObjArgs;PyImport_ImportModuleLevelObject;_PyEval_EvalFrameDefault;PyEval_EvalCode;0x5d2bac;0x5818ed;_PyEval_EvalFrameDefault;0x54a0c7;PyObject_CallMethodObjArgs;PyImport_ImportModuleLevelObject;_PyEval_EvalFrameDefault;PyEval_EvalCode;0x5d2bac;0x5818ed;_PyEval_EvalFrameDefault;0x54a0c7;PyObject_CallMethodObjArgs;PyImport_ImportModuleLevelObject;0x5d2ef4;0x5818ed;_PyEval_EvalFrameDefault;0x54a0c7;PyObject_CallMethodObjArgs;PyImport_ImportModuleLevelObject;_PyEval_EvalFrameDefault;PyEval_EvalCode;0x5d2bac;0x5818ed;_PyEval_EvalFrameDefault;0x54a0c7;PyObject_CallMethodObjArgs;PyImport_ImportModuleLevelObject;0x5d2ef4;0x5818ed;_PyEval_EvalFrameDefault;0x54a0c7;PyObject_CallMethodObjArgs;PyImport_ImportModuleLevelObject;_PyEval_EvalFrameDefault;PyEval_EvalCode;0x5d2bac;0x5818ed;_PyEval_EvalFrameDefault;0x54a0c7;PyObject_CallMethodObjArgs;PyImport_ImportModuleLevelObject;0x5d2ef4;0x5818ed;PyObject_CallFunction;PyImport_Import;PyImport_ImportModule;0x75125e78079f;|, 156.222053, 209.76, 24.800000
2025-11-15T20:26:38.630712Z, 0xfffffffffffffe00;_PyCode_New;0x60292d;0x6024ed;0x602793;0x60247f;0x602793;0x602531;0x602793;0x604dd4;_PyEval_EvalFrameDefault;0x54a0c7;PyObject_CallMethodObjArgs;PyImport_ImportModuleLevelObject;_PyEval_EvalFrameDefault;PyEval_EvalCode;0x5d2bac;0x5818ed;_PyEval_EvalFrameDefault;0x54a0c7;PyObject_CallMethodObjArgs;PyImport_ImportModuleLevelObject;_PyEval_EvalFrameDefault;PyEval_EvalCode;0x5d2bac;0x5818ed;_PyEval_EvalFrameDefault;0x54a0c7;PyObject_CallMethodObjArgs;PyImport_ImportModuleLevelObject;0x5d2ef4;0x5818ed;_PyEval_EvalFrameDefault;0x54a0c7;PyObject_CallMethodObjArgs;PyImport_ImportModuleLevelObject;_PyEval_EvalFrameDefault;PyEval_EvalCode;0x5d2bac;0x5818ed;_PyEval_EvalFrameDefault;0x54a0c7;PyObject_CallMethodObjArgs;PyImport_ImportModuleLevelObject;0x5d2ef4;0x5818ed;_PyEval_EvalFrameDefault;0x54a0c7;PyObject_CallMethodObjArgs;PyImport_ImportModuleLevelObject;_PyEval_EvalFrameDefault;PyEval_EvalCode;0x5d2bac;0x5818ed;_PyEval_EvalFrameDefault;0x54a0c7;PyObject_CallMethodObjArgs;PyImport_ImportModuleLevelObject;0x5d2ef4;0x5818ed;_PyEval_EvalFrameDefault;0x54a0c7;PyObject_CallMethodObjArgs;PyImport_ImportModuleLevelObject;_PyEval_EvalFrameDefault;PyEval_EvalCode;0x5d2bac;0x5818ed;_PyEval_EvalFrameDefault;0x54a0c7;PyObject_CallMethodObjArgs;PyImport_ImportModuleLevelObject;0x5d2ef4;0x5818ed;PyObject_CallFunction;PyImport_Import;PyImport_ImportModule;0x75125e78079f;|0xfffffffffffffe00;PyCapsule_SetContext;0x0;0x0;|, 160.215862, 268.63, 24.800000
2025-11-15T20:26:38.640714Z, 0xfffffffffffffe00;0x602217;0x6023e7;0x6027c3;0x602531;0x602793;0x604dd4;_PyEval_EvalFrameDefault;0x54a0c7;PyObject_CallMethodObjArgs;PyImport_ImportModuleLevelObject;_PyEval_EvalFrameDefault;PyEval_EvalCode;0x5d2bac;0x5818ed;_PyEval_EvalFrameDefault;0x54a0c7;PyObject_CallMethodObjArgs;PyImport_ImportModuleLevelObject;_PyEval_EvalFrameDefault;PyEval_EvalCode;0x5d2bac;0x5818ed;_PyEval_EvalFrameDefault;0x54a0c7;PyObject_CallMethodObjArgs;PyImport_ImportModuleLevelObject;_PyEval_EvalFrameDefault;PyEval_EvalCode;0x607fc2;0x6b4393;_PyRun_SimpleFileObject;_PyRun_AnyFileObject;Py_RunMain;Py_BytesMain;__libc_start_call_main;__libc_start_main@@GLIBC_2.34;_start;|, 159.201807, 373.47, 24.800000
2025-11-15T20:26:38.647566Z, 0xffffffffffffff80;0xffffffff96b21c06;0xffffffff96b24870;0xffffffff96b25f24;0xffffffff96b61a0e;0xffffffff96b64924;0xffffffff96b64b38;0xffffffff96aeff3a;0xffffffff96af0330;0xffffffff96af1971;0xffffffff96af1fcc;0xffffffff96af2229;0xffffffff96755662;0xffffffff978dd385;0xffffffff96400bb7;0xfffffffffffffe00;PyObject_Malloc;PyBytes_FromStringAndSize;0x602321;0x60284b;0x602531;0x602793;0x602531;0x602793;0x604dd4;_PyEval_EvalFrameDefault;0x54a0c7;PyObject_CallMethodObjArgs;PyImport_ImportModuleLevelObject;_PyEval_EvalFrameDefault;PyEval_EvalCode;0x5d2bac;0x5818ed;_PyEval_EvalFrameDefault;0x54a0c7;PyObject_CallMethodObjArgs;PyImport_ImportModuleLevelObject;0x5d2ef4;0x5818ed;PyObject_CallFunction;PyImport_Import;PyImport_ImportModule;0x75125e710574;0x274bac80;0x75125ed8e2e0;|, 153.807407, 931.82, 24.800000
2025-11-15T20:26:38.661257Z, 0xfffffffffffffe00;_PyEval_EvalFrameDefault;PyObject_VectorcallMethod;PyImport_ImportModuleLevelObject;_PyEval_EvalFrameDefault;PyEval_EvalCode;0x5d2bac;0x5818ed;_PyEval_EvalFrameDefault;0x54a0c7;PyObject_CallMethodObjArgs;PyImport_ImportModuleLevelObject;0x5d2ef4;0x5818ed;_PyEval_EvalFrameDefault;0x54a0c7;PyObject_CallMethodObjArgs;PyImport_ImportModuleLevelObject;_PyEval_EvalFrameDefault;PyEval_EvalCode;0x5d2bac;0x5818ed;_PyEval_EvalFrameDefault;0x54a0c7;PyObject_CallMethodObjArgs;PyImport_ImportModuleLevelObject;0x5d2ef4;0x5818ed;_PyEval_EvalFrameDefault;0x54a0c7;PyObject_CallMethodObjArgs;PyImport_ImportModuleLevelObject;_PyEval_EvalFrameDefault;PyEval_EvalCode;0x5d2bac;0x5818ed;_PyEval_EvalFrameDefault;0x54a0c7;PyObject_CallMethodObjArgs;PyImport_ImportModuleLevelObject;0x5d2ef4;0x5818ed;_PyEval_EvalFrameDefault;0x54a0c7;PyObject_CallMethodObjArgs;PyImport_ImportModuleLevelObject;_PyEval_EvalFrameDefault;PyEval_EvalCode;0x5d2bac;0x5818ed;_PyEval_EvalFrameDefault;0x54a0c7;PyObject_CallMethodObjArgs;PyImport_ImportModuleLevelObject;_PyEval_EvalFrameDefault;PyEval_EvalCode;0x5d2bac;0x5818ed;_PyEval_EvalFrameDefault;0x54a0c7;PyObject_CallMethodObjArgs;PyImport_ImportModuleLevelObject;0x5d2ef4;0x5818ed;_PyEval_EvalFrameDefault;0x54a0c7;PyObject_CallMethodObjArgs;PyImport_ImportModuleLevelObject;_PyEval_EvalFrameDefault;_PyObject_Call_Prepend;0x5a30c8;_PyObject_MakeTpCall;_PyEval_EvalFrameDefault;PyEval_EvalCode;0x5d2bac;0x5818ed;_PyEval_EvalFrameDefault;0x54a0c7;PyObject_CallMethodObjArgs;PyImport_ImportModuleLevelObject;_PyEval_EvalFrameDefault;PyEval_EvalCode;0x5d2bac;0x5818ed;_PyEval_EvalFrameDefault;0x54a0c7;PyObject_CallMethodObjArgs;PyImport_ImportModuleLevelObject;0x5d2ef4;0x5818ed;PyObject_CallFunction;PyImport_Import;PyImport_ImportModule;0x75125e710574;0x274bac80;0x75125ed8e2e0;|, 151.076211, 982.61, 24.800000
2025-11-15T20:26:38.667660Z, 0xfffffffffffffe00;0x5a679f;PyDescr_NewGetSet;0x593d8e;0x75125e297a97;0x4c6d726f4e686374;|, 174.558806, 574.47, 24.800000
2025-11-15T20:26:38.673115Z, 0xfffffffffffffe00;__memcpy_avx_unaligned_erms;0x27804310;0x0;|, 149.590133, 1676.47, 24.800000
2025-11-15T20:26:38.678242Z, y™÷*, 180.747752, 2013.33, 24.800000
2025-11-15T20:26:38.697448Z, 0xfffffffffffffe00;PyObject_GC_UnTrack;0x5f705d;0x5e2a34;_PyEval_EvalFrameDefault;0x64ef83;_PyObject_MakeTpCall;_PyEval_EvalFrameDefault;PyEval_EvalCode;0x5d2bac;0x5818ed;_PyEval_EvalFrameDefault;0x54a0c7;PyObject_CallMethodObjArgs;PyImport_ImportModuleLevelObject;_PyEval_EvalFrameDefault;PyEval_EvalCode;0x5d2bac;0x5818ed;_PyEval_EvalFrameDefault;0x54a0c7;PyObject_CallMethodObjArgs;PyImport_ImportModuleLevelObject;_PyEval_EvalFrameDefault;PyEval_EvalCode;0x5d2bac;0x5818ed;_PyEval_EvalFrameDefault;0x54a0c7;PyObject_CallMethodObjArgs;PyImport_ImportModuleLevelObject;_PyEval_EvalFrameDefault;PyEval_EvalCode;0x5d2bac;0x5818ed;_PyEval_EvalFrameDefault;0x54a0c7;PyObject_CallMethodObjArgs;PyImport_ImportModuleLevelObject;_PyEval_EvalFrameDefault;PyEval_EvalCode;0x5d2bac;0x5818ed;_PyEval_EvalFrameDefault;0x54a0c7;PyObject_CallMethodObjArgs;PyImport_ImportModuleLevelObject;0x5d2ef4;0x5818ed;_PyEval_EvalFrameDefault;0x54a0c7;PyObject_CallMethodObjArgs;PyImport_ImportModuleLevelObject;_PyEval_EvalFrameDefault;PyEval_EvalCode;0x5d2bac;0x5818ed;_PyEval_EvalFrameDefault;0x54a0c7;PyObject_CallMethodObjArgs;PyImport_ImportModuleLevelObject;0x5d2ef4;0x5818ed;_PyEval_EvalFrameDefault;0x54a0c7;PyObject_CallMethodObjArgs;PyImport_ImportModuleLevelObject;0x5d2ef4;0x5818ed;_PyEval_EvalFrameDefault;0x54a0c7;PyObject_CallMethodObjArgs;PyImport_ImportModuleLevelObject;_PyEval_EvalFrameDefault;PyEval_EvalCode;0x5d2bac;0x5818ed;_PyEval_EvalFrameDefault;0x54a0c7;PyObject_CallMethodObjArgs;PyImport_ImportModuleLevelObject;_PyEval_EvalFrameDefault;PyEval_EvalCode;0x5d2bac;0x5818ed;_PyEval_EvalFrameDefault;0x54a0c7;PyObject_CallMethodObjArgs;PyImport_ImportModuleLevelObject;_PyEval_EvalFrameDefault;PyEval_EvalCode;0x5d2bac;0x5818ed;_PyEval_EvalFrameDefault;0x54a0c7;PyObject_CallMethodObjArgs;PyImport_ImportModuleLevelObject;0x5d2ef4;0x5818ed;_PyEval_EvalFrameDefault;0x54a0c7;PyObject_CallMethodObjArgs;PyImport_ImportModuleLevelObject;_PyEval_EvalFrameDefault;PyEval_EvalCode;0x5d2bac;0x5818ed;_PyEval_EvalFrameDefault;0x54a0c7;PyObject_CallMethodObjArgs;PyImport_ImportModuleLevelObject;0x5d2ef4;0x5818ed;_PyEval_EvalFrameDefault;0x54a0c7;PyObject_CallMethodObjArgs;PyImport_ImportModuleLevelObject;_PyEval_EvalFrameDefault;PyEval_EvalCode;0x5d2bac;0x5818ed;_PyEval_EvalFrameDefault;0x54a0c7;PyObject_CallMethodObjArgs;PyImport_ImportModuleLevelObject;_PyEval_EvalFrameDefault;PyEval_EvalCode;0x5d2bac;|, 163.526624, 1678.95, 24.800000
2025-11-15T20:26:38.718796Z, 0xffffffffffffff80;0xffffffff96f3b759;0xffffffff96bc6d92;0xffffffff96bc8703;0xffffffff96bc876c;0xffffffff9668510c;0xffffffff978d678e;0xffffffff9640012b;0xfffffffffffffe00;fstatat64;_PyEval_EvalFrameDefault;0x54a0c7;PyObject_CallMethodObjArgs;PyImport_ImportModuleLevelObject;_PyEval_EvalFrameDefault;PyEval_EvalCode;0x5d2bac;0x5818ed;_PyEval_EvalFrameDefault;0x54a0c7;PyObject_CallMethodObjArgs;PyImport_ImportModuleLevelObject;0x5d2ef4;0x5818ed;_PyEval_EvalFrameDefault;0x54a0c7;PyObject_CallMethodObjArgs;PyImport_ImportModuleLevelObject;_PyEval_EvalFrameDefault;PyEval_EvalCode;0x5d2bac;0x5818ed;_PyEval_EvalFrameDefault;0x54a0c7;PyObject_CallMethodObjArgs;PyImport_ImportModuleLevelObject;0x5d2ef4;0x5818ed;_PyEval_EvalFrameDefault;0x54a0c7;PyObject_CallMethodObjArgs;PyImport_ImportModuleLevelObject;0x5d2ef4;0x5818ed;_PyEval_EvalFrameDefault;0x54a0c7;PyObject_CallMethodObjArgs;PyImport_ImportModuleLevelObject;_PyEval_EvalFrameDefault;PyEval_EvalCode;0x5d2bac;0x5818ed;_PyEval_EvalFrameDefault;0x54a0c7;PyObject_CallMethodObjArgs;PyImport_ImportModuleLevelObject;_PyEval_EvalFrameDefault;PyEval_EvalCode;0x5d2bac;0x5818ed;_PyEval_EvalFrameDefault;0x54a0c7;PyObject_CallMethodObjArgs;PyImport_ImportModuleLevelObject;_PyEval_EvalFrameDefault;PyEval_EvalCode;0x5d2bac;0x5818ed;_PyEval_EvalFrameDefault;0x54a0c7;PyObject_CallMethodObjArgs;PyImport_ImportModuleLevelObject;0x5d2ef4;0x5818ed;_PyEval_EvalFrameDefault;0x54a0c7;PyObject_CallMethodObjArgs;PyImport_ImportModuleLevelObject;_PyEval_EvalFrameDefault;PyEval_EvalCode;0x5d2bac;0x5818ed;_PyEval_EvalFrameDefault;0x54a0c7;PyObject_CallMethodObjArgs;PyImport_ImportModuleLevelObject;0x5d2ef4;0x5818ed;_PyEval_EvalFrameDefault;0x54a0c7;PyObject_CallMethodObjArgs;PyImport_ImportModuleLevelObject;_PyEval_EvalFrameDefault;PyEval_EvalCode;0x5d2bac;0x5818ed;_PyEval_EvalFrameDefault;0x54a0c7;PyObject_CallMethodObjArgs;PyImport_ImportModuleLevelObject;_PyEval_EvalFrameDefault;PyEval_EvalCode;0x5d2bac;0x5818ed;_PyEval_EvalFrameDefault;0x54a0c7;PyObject_CallMethodObjArgs;PyImport_ImportModuleLevelObject;_PyEval_EvalFrameDefault;PyEval_EvalCode;0x5d2bac;0x5818ed;_PyEval_EvalFrameDefault;0x54a0c7;PyObject_CallMethodObjArgs;PyImport_ImportModuleLevelObject;0x5d2ef4;0x5818ed;_PyEval_EvalFrameDefault;0x54a0c7;PyObject_CallMethodObjArgs;PyImport_ImportModuleLevelObject;_PyEval_EvalFrameDefault;PyEval_EvalCode;0x5d2bac;0x5818ed;_PyEval_EvalFrameDefault;0x54a0c7;PyObject_CallMethodObjArgs;|0xfffffffffffffe00;0x53a17b;0x537a21;0x5378fd;0x5195fd;0x519594;0x52fae8;0x52ea52;0x52b8cb;0x51d1b1;0x531fd3;0x52ba1d;0x51d1b1;0x51c807;0x518fbd;PyRun_StringFlags;0x5d2c59;_PyEval_EvalFrameDefault;PyEval_EvalCode;0x5d2bac;0x5818ed;_PyEval_EvalFrameDefault;0x54a0c7;PyObject_CallMethodObjArgs;PyImport_ImportModuleLevelObject;_PyEval_EvalFrameDefault;PyEval_EvalCode;0x5d2bac;0x5818ed;_PyEval_EvalFrameDefault;0x54a0c7;PyObject_CallMethodObjArgs;PyImport_ImportModuleLevelObject;_PyEval_EvalFrameDefault;PyEval_EvalCode;0x5d2bac;0x5818ed;_PyEval_EvalFrameDefault;0x54a0c7;PyObject_CallMethodObjArgs;PyImport_ImportModuleLevelObject;_PyEval_EvalFrameDefault;PyEval_EvalCode;0x5d2bac;0x5818ed;_PyEval_EvalFrameDefault;0x54a0c7;PyObject_CallMethodObjArgs;PyImport_ImportModuleLevelObject;_PyEval_EvalFrameDefault;PyEval_EvalCode;0x5d2bac;0x5818ed;_PyEval_EvalFrameDefault;0x54a0c7;PyObject_CallMethodObjArgs;PyImport_ImportModuleLevelObject;0x5d2ef4;0x5818ed;_PyEval_EvalFrameDefault;0x54a0c7;PyObject_CallMethodObjArgs;PyImport_ImportModuleLevelObject;_PyEval_EvalFrameDefault;PyEval_EvalCode;0x5d2bac;0x5818ed;_PyEval_EvalFrameDefault;0x54a0c7;PyObject_CallMethodObjArgs;PyImport_ImportModuleLevelObject;0x5d2ef4;0x5818ed;_PyEval_EvalFrameDefault;0x54a0c7;PyObject_CallMethodObjArgs;PyImport_ImportModuleLevelObject;_PyEval_EvalFrameDefault;PyEval_EvalCode;0x5d2bac;0x5818ed;_PyEval_EvalFrameDefault;0x54a0c7;PyObject_CallMethodObjArgs;PyImport_ImportModuleLevelObject;_PyEval_EvalFrameDefault;PyEval_EvalCode;0x607fc2;0x6b4393;_PyRun_SimpleFileObject;_PyRun_AnyFileObject;Py_RunMain;Py_BytesMain;__libc_start_call_main;__libc_start_main@@GLIBC_2.34;_start;|, 161.565432, 563.24, 24.800000
2025-11-15T20:26:38.731726Z, 0xfffffffffffffe00;0x519550;0x519520;0x51cf84;0x531fd3;0x51d269;0x531fd3;0x52ba1d;0x51d1b1;0x531fd3;0x52ba1d;0x51d1b1;0x51c807;0x518fbd;PyRun_StringFlags;0x5d2c59;_PyEval_EvalFrameDefault;PyEval_EvalCode;0x5d2bac;0x5818ed;_PyEval_EvalFrameDefault;0x54a0c7;PyObject_CallMethodObjArgs;PyImport_ImportModuleLevelObject;_PyEval_EvalFrameDefault;PyEval_EvalCode;0x5d2bac;0x5818ed;_PyEval_EvalFrameDefault;0x54a0c7;PyObject_CallMethodObjArgs;PyImport_ImportModuleLevelObject;_PyEval_EvalFrameDefault;PyEval_EvalCode;0x5d2bac;0x5818ed;_PyEval_EvalFrameDefault;0x54a0c7;PyObject_CallMethodObjArgs;PyImport_ImportModuleLevelObject;_PyEval_EvalFrameDefault;PyEval_EvalCode;0x5d2bac;0x5818ed;_PyEval_EvalFrameDefault;0x54a0c7;PyObject_CallMethodObjArgs;PyImport_ImportModuleLevelObject;_PyEval_EvalFrameDefault;PyEval_EvalCode;0x5d2bac;0x5818ed;_PyEval_EvalFrameDefault;0x54a0c7;PyObject_CallMethodObjArgs;PyImport_ImportModuleLevelObject;0x5d2ef4;0x5818ed;_PyEval_EvalFrameDefault;0x54a0c7;PyObject_CallMethodObjArgs;PyImport_ImportModuleLevelObject;_PyEval_EvalFrameDefault;PyEval_EvalCode;0x5d2bac;0x5818ed;_PyEval_EvalFrameDefault;0x54a0c7;PyObject_CallMethodObjArgs;PyImport_ImportModuleLevelObject;0x5d2ef4;0x5818ed;_PyEval_EvalFrameDefault;0x54a0c7;PyObject_CallMethodObjArgs;PyImport_ImportModuleLevelObject;_PyEval_EvalFrameDefault;PyEval_EvalCode;0x5d2bac;0x5818ed;_PyEval_EvalFrameDefault;0x54a0c7;PyObject_CallMethodObjArgs;PyImport_ImportModuleLevelObject;_PyEval_EvalFrameDefault;PyEval_EvalCode;0x607fc2;0x6b4393;_PyRun_SimpleFileObject;_PyRun_AnyFileObject;Py_RunMain;Py_BytesMain;__libc_start_call_main;__libc_start_main@@GLIBC_2.34;_start;|0xfffffffffffffe00;0x572036;_PyDict_GetItem_KnownHash;0x59bc9f;0x599f00;0x5994d7;_PyObject_MakeTpCall;PyObject_VectorcallDict;0x5d1fdb;0x5818ed;PyObject_Vectorcall;_PyEval_EvalFrameDefault;PyEval_EvalCode;0x5d2bac;0x5818ed;_PyEval_EvalFrameDefault;0x54a0c7;PyObject_CallMethodObjArgs;PyImport_ImportModuleLevelObject;_PyEval_EvalFrameDefault;PyEval_EvalCode;0x5d2bac;0x5818ed;_PyEval_EvalFrameDefault;0x54a0c7;PyObject_CallMethodObjArgs;PyImport_ImportModuleLevelObject;_PyEval_EvalFrameDefault;PyEval_EvalCode;0x5d2bac;0x5818ed;_PyEval_EvalFrameDefault;0x54a0c7;PyObject_CallMethodObjArgs;PyImport_ImportModuleLevelObject;_PyEval_EvalFrameDefault;PyEval_EvalCode;0x5d2bac;0x5818ed;_PyEval_EvalFrameDefault;0x54a0c7;PyObject_CallMethodObjArgs;PyImport_ImportModuleLevelObject;0x5d2ef4;0x5818ed;_PyEval_EvalFrameDefault;0x54a0c7;PyObject_CallMethodObjArgs;PyImport_ImportModuleLevelObject;_PyEval_EvalFrameDefault;PyEval_EvalCode;0x5d2bac;0x5818ed;_PyEval_EvalFrameDefault;0x54a0c7;PyObject_CallMethodObjArgs;PyImport_ImportModuleLevelObject;0x5d2ef4;0x5818ed;_PyEval_EvalFrameDefault;0x54a0c7;PyObject_CallMethodObjArgs;PyImport_ImportModuleLevelObject;_PyEval_EvalFrameDefault;PyEval_EvalCode;0x5d2bac;0x5818ed;_PyEval_EvalFrameDefault;0x54a0c7;PyObject_CallMethodObjArgs;PyImport_ImportModuleLevelObject;_PyEval_EvalFrameDefault;PyEval_EvalCode;0x5d2bac;0x5818ed;_PyEval_EvalFrameDefault;0x54a0c7;PyObject_CallMethodObjArgs;PyImport_ImportModuleLevelObject;_PyEval_EvalFrameDefault;PyEval_EvalCode;0x5d2bac;0x5818ed;_PyEval_EvalFrameDefault;0x54a0c7;PyObject_CallMethodObjArgs;PyImport_ImportModuleLevelObject;_PyEval_EvalFrameDefault;PyEval_EvalCode;0x5d2bac;0x5818ed;_PyEval_EvalFrameDefault;0x54a0c7;PyObject_CallMethodObjArgs;PyImport_ImportModuleLevelObject;0x5d2ef4;0x5818ed;_PyEval_EvalFrameDefault;0x54a0c7;PyObject_CallMethodObjArgs;PyImport_ImportModuleLevelObject;_PyEval_EvalFrameDefault;PyEval_EvalCode;0x5d2bac;0x5818ed;_PyEval_EvalFrameDefault;0x54a0c7;PyObject_CallMethodObjArgs;PyImport_ImportModuleLevelObject;_PyEval_EvalFrameDefault;PyEval_EvalCode;0x5d2bac;0x5818ed;_PyEval_EvalFrameDefault;0x54a0c7;PyObject_CallMethodObjArgs;PyImport_ImportModuleLevelObject;_PyEval_EvalFrameDefault;PyEval_EvalCode;0x5d2bac;0x5818ed;_PyEval_EvalFrameDefault;0x54a0c7;PyObject_CallMethodObjArgs;PyImport_ImportModuleLevelObject;0x5d2ef4;0x5818ed;_PyEval_EvalFrameDefault;|, 108.350923, 1223.53, 24.899000
2025-11-15T20:26:38.741442Z, 0xfffffffffffffe00;_PyEval_EvalFrameDefault;PyObject_Call;0x64e874;_PyObject_MakeTpCall;PyObject_Vectorcall;_PyEval_EvalFrameDefault;PyObject_Call;0x64e874;_PyObject_MakeTpCall;PyObject_Vectorcall;_PyEval_EvalFrameDefault;PyEval_EvalCode;0x5d2bac;0x5818ed;_PyEval_EvalFrameDefault;0x54a0c7;PyObject_CallMethodObjArgs;PyImport_ImportModuleLevelObject;_PyEval_EvalFrameDefault;PyEval_EvalCode;0x5d2bac;0x5818ed;_PyEval_EvalFrameDefault;0x54a0c7;PyObject_CallMethodObjArgs;PyImport_ImportModuleLevelObject;0x5d2ef4;0x5818ed;_PyEval_EvalFrameDefault;0x54a0c7;PyObject_CallMethodObjArgs;PyImport_ImportModuleLevelObject;_PyEval_EvalFrameDefault;PyEval_EvalCode;0x5d2bac;0x5818ed;_PyEval_EvalFrameDefault;0x54a0c7;PyObject_CallMethodObjArgs;PyImport_ImportModuleLevelObject;0x5d2ef4;0x5818ed;_PyEval_EvalFrameDefault;0x54a0c7;PyObject_CallMethodObjArgs;PyImport_ImportModuleLevelObject;_PyEval_EvalFrameDefault;PyEval_EvalCode;0x5d2bac;0x5818ed;_PyEval_EvalFrameDefault;0x54a0c7;PyObject_CallMethodObjArgs;PyImport_ImportModuleLevelObject;_PyEval_EvalFrameDefault;PyEval_EvalCode;0x5d2bac;0x5818ed;_PyEval_EvalFrameDefault;0x54a0c7;PyObject_CallMethodObjArgs;PyImport_ImportModuleLevelObject;_PyEval_EvalFrameDefault;PyEval_EvalCode;0x5d2bac;0x5818ed;_PyEval_EvalFrameDefault;0x54a0c7;PyObject_CallMethodObjArgs;PyImport_ImportModuleLevelObject;_PyEval_EvalFrameDefault;PyEval_EvalCode;0x5d2bac;0x5818ed;_PyEval_EvalFrameDefault;0x54a0c7;PyObject_CallMethodObjArgs;PyImport_ImportModuleLevelObject;0x5d2ef4;0x5818ed;_PyEval_EvalFrameDefault;0x54a0c7;PyObject_CallMethodObjArgs;PyImport_ImportModuleLevelObject;_PyEval_EvalFrameDefault;PyEval_EvalCode;0x5d2bac;0x5818ed;_PyEval_EvalFrameDefault;0x54a0c7;PyObject_CallMethodObjArgs;PyImport_ImportModuleLevelObject;_PyEval_EvalFrameDefault;PyEval_EvalCode;0x5d2bac;0x5818ed;_PyEval_EvalFrameDefault;0x54a0c7;PyObject_CallMethodObjArgs;PyImport_ImportModuleLevelObject;_PyEval_EvalFrameDefault;PyEval_EvalCode;0x5d2bac;0x5818ed;_PyEval_EvalFrameDefault;0x54a0c7;PyObject_CallMethodObjArgs;PyImport_ImportModuleLevelObject;0x5d2ef4;0x5818ed;_PyEval_EvalFrameDefault;0x54a0c7;PyObject_CallMethodObjArgs;PyImport_ImportModuleLevelObject;_PyEval_EvalFrameDefault;PyEval_EvalCode;0x5d2bac;0x5818ed;_PyEval_EvalFrameDefault;0x54a0c7;PyObject_CallMethodObjArgs;PyImport_ImportModuleLevelObject;0x5d2ef4;0x5818ed;_PyEval_EvalFrameDefault;0x54a0c7;PyObject_CallMethodObjArgs;|, 50.259712, 10425.00, 24.899000
2025-11-15T20:26:38.751242Z, 0xfffffffffffffe00;__memcmp_avx2_movbe;_PyEval_EvalFrameDefault;PyEval_EvalCode;0x5d2bac;0x5818ed;_PyEval_EvalFrameDefault;0x54a0c7;PyObject_CallMethodObjArgs;PyImport_ImportModuleLevelObject;_PyEval_EvalFrameDefault;PyEval_EvalCode;0x5d2bac;0x5818ed;_PyEval_EvalFrameDefault;0x54a0c7;PyObject_CallMethodObjArgs;PyImport_ImportModuleLevelObject;0x5d2ef4;0x5818ed;_PyEval_EvalFrameDefault;0x54a0c7;PyObject_CallMethodObjArgs;PyImport_ImportModuleLevelObject;_PyEval_EvalFrameDefault;PyEval_EvalCode;0x5d2bac;0x5818ed;_PyEval_EvalFrameDefault;0x54a0c7;PyObject_CallMethodObjArgs;PyImport_ImportModuleLevelObject;0x5d2ef4;0x5818ed;_PyEval_EvalFrameDefault;0x54a0c7;PyObject_CallMethodObjArgs;PyImport_ImportModuleLevelObject;_PyEval_EvalFrameDefault;PyEval_EvalCode;0x5d2bac;0x5818ed;_PyEval_EvalFrameDefault;0x54a0c7;PyObject_CallMethodObjArgs;PyImport_ImportModuleLevelObject;_PyEval_EvalFrameDefault;PyEval_EvalCode;0x5d2bac;0x5818ed;_PyEval_EvalFrameDefault;0x54a0c7;PyObject_CallMethodObjArgs;PyImport_ImportModuleLevelObject;_PyEval_EvalFrameDefault;PyEval_EvalCode;0x5d2bac;0x5818ed;_PyEval_EvalFrameDefault;0x54a0c7;PyObject_CallMethodObjArgs;PyImport_ImportModuleLevelObject;_PyEval_EvalFrameDefault;PyEval_EvalCode;0x5d2bac;0x5818ed;_PyEval_EvalFrameDefault;0x54a0c7;PyObject_CallMethodObjArgs;PyImport_ImportModuleLevelObject;0x5d2ef4;0x5818ed;_PyEval_EvalFrameDefault;0x54a0c7;PyObject_CallMethodObjArgs;PyImport_ImportModuleLevelObject;_PyEval_EvalFrameDefault;PyEval_EvalCode;0x5d2bac;0x5818ed;_PyEval_EvalFrameDefault;0x54a0c7;PyObject_CallMethodObjArgs;PyImport_ImportModuleLevelObject;_PyEval_EvalFrameDefault;PyEval_EvalCode;0x5d2bac;0x5818ed;_PyEval_EvalFrameDefault;0x54a0c7;PyObject_CallMethodObjArgs;PyImport_ImportModuleLevelObject;_PyEval_EvalFrameDefault;PyEval_EvalCode;0x5d2bac;0x5818ed;_PyEval_EvalFrameDefault;0x54a0c7;PyObject_CallMethodObjArgs;PyImport_ImportModuleLevelObject;0x5d2ef4;0x5818ed;_PyEval_EvalFrameDefault;0x54a0c7;PyObject_CallMethodObjArgs;PyImport_ImportModuleLevelObject;_PyEval_EvalFrameDefault;PyEval_EvalCode;0x5d2bac;0x5818ed;_PyEval_EvalFrameDefault;0x54a0c7;PyObject_CallMethodObjArgs;PyImport_ImportModuleLevelObject;0x5d2ef4;0x5818ed;_PyEval_EvalFrameDefault;0x54a0c7;PyObject_CallMethodObjArgs;PyImport_ImportModuleLevelObject;_PyEval_EvalFrameDefault;PyEval_EvalCode;0x5d2bac;0x5818ed;_PyEval_EvalFrameDefault;0x54a0c7;PyObject_CallMethodObjArgs;PyImport_ImportModuleLevelObject;|, 50.039093, 13933.33, 24.899000
2025-11-15T20:26:38.759538Z, 0xfffffffffffffe00;0x6052b2;0x60595c;0x6059a0;0x604faf;Py_BuildValue;0x5cc9ea;_PyEval_EvalFrameDefault;PyEval_EvalCode;0x5d2bac;0x5818ed;_PyEval_EvalFrameDefault;0x54a0c7;PyObject_CallMethodObjArgs;PyImport_ImportModuleLevelObject;0x5d2ef4;0x5818ed;_PyEval_EvalFrameDefault;0x54a0c7;PyObject_CallMethodObjArgs;PyImport_ImportModuleLevelObject;_PyEval_EvalFrameDefault;PyEval_EvalCode;0x5d2bac;0x5818ed;_PyEval_EvalFrameDefault;0x54a0c7;PyObject_CallMethodObjArgs;PyImport_ImportModuleLevelObject;_PyEval_EvalFrameDefault;PyEval_EvalCode;0x5d2bac;0x5818ed;_PyEval_EvalFrameDefault;0x54a0c7;PyObject_CallMethodObjArgs;PyImport_ImportModuleLevelObject;_PyEval_EvalFrameDefault;PyEval_EvalCode;0x5d2bac;0x5818ed;_PyEval_EvalFrameDefault;0x54a0c7;PyObject_CallMethodObjArgs;PyImport_ImportModuleLevelObject;0x5d2ef4;0x5818ed;_PyEval_EvalFrameDefault;0x54a0c7;PyObject_CallMethodObjArgs;PyImport_ImportModuleLevelObject;_PyEval_EvalFrameDefault;PyEval_EvalCode;0x5d2bac;0x5818ed;_PyEval_EvalFrameDefault;0x54a0c7;PyObject_CallMethodObjArgs;PyImport_ImportModuleLevelObject;0x5d2ef4;0x5818ed;_PyEval_EvalFrameDefault;0x54a0c7;PyObject_CallMethodObjArgs;PyImport_ImportModuleLevelObject;_PyEval_EvalFrameDefault;PyEval_EvalCode;0x5d2bac;0x5818ed;_PyEval_EvalFrameDefault;0x54a0c7;PyObject_CallMethodObjArgs;PyImport_ImportModuleLevelObject;_PyEval_EvalFrameDefault;PyEval_EvalCode;0x607fc2;0x6b4393;_PyRun_SimpleFileObject;_PyRun_AnyFileObject;Py_RunMain;Py_BytesMain;__libc_start_call_main;__libc_start_main@@GLIBC_2.34;_start;|, 48.007656, 10475.00, 24.899000
2025-11-15T20:26:38.767390Z, 0xfffffffffffffe00;0x57211c;_PyDict_GetItem_KnownHash;0x59bc9f;0x599f00;0x5994d7;_PyObject_MakeTpCall;PyObject_VectorcallDict;0x5d1fdb;0x5818ed;PyObject_Vectorcall;_PyEval_EvalFrameDefault;PyEval_EvalCode;0x5d2bac;0x5818ed;_PyEval_EvalFrameDefault;0x54a0c7;PyObject_CallMethodObjArgs;PyImport_ImportModuleLevelObject;_PyEval_EvalFrameDefault;PyEval_EvalCode;0x5d2bac;0x5818ed;_PyEval_EvalFrameDefault;0x54a0c7;PyObject_CallMethodObjArgs;PyImport_ImportModuleLevelObject;_PyEval_EvalFrameDefault;PyEval_EvalCode;0x5d2bac;0x5818ed;_PyEval_EvalFrameDefault;0x54a0c7;PyObject_CallMethodObjArgs;PyImport_ImportModuleLevelObject;0x5d2ef4;0x5818ed;_PyEval_EvalFrameDefault;0x54a0c7;PyObject_CallMethodObjArgs;PyImport_ImportModuleLevelObject;_PyEval_EvalFrameDefault;PyEval_EvalCode;0x5d2bac;0x5818ed;_PyEval_EvalFrameDefault;0x54a0c7;PyObject_CallMethodObjArgs;PyImport_ImportModuleLevelObject;0x5d2ef4;0x5818ed;_PyEval_EvalFrameDefault;0x54a0c7;PyObject_CallMethodObjArgs;PyImport_ImportModuleLevelObject;_PyEval_EvalFrameDefault;PyEval_EvalCode;0x5d2bac;0x5818ed;_PyEval_EvalFrameDefault;0x54a0c7;PyObject_CallMethodObjArgs;PyImport_ImportModuleLevelObject;_PyEval_EvalFrameDefault;PyEval_EvalCode;0x607fc2;0x6b4393;_PyRun_SimpleFileObject;_PyRun_AnyFileObject;Py_RunMain;Py_BytesMain;__libc_start_call_main;__libc_start_main@@GLIBC_2.34;_start;|, 46.188049, 42000.00, 24.899000
2025-11-15T20:26:38.773955Z, 0xffffffffffffff80;0xffffffff96c19a5d;0xffffffff96c1a3f0;0xffffffff96e29862;0xffffffff96e29b50;0xffffffff96e418d6;0xffffffff96e4251d;0xffffffff96e3dead;0xffffffff96e3e027;0xffffffff96dc872c;0xffffffff96bc7b67;0xffffffff96bc864e;0xffffffff96bc86f4;0xffffffff96bc876c;0xffffffff9668510c;0xffffffff978d678e;0xffffffff9640012b;0xfffffffffffffe00;fstatat64;_PyEval_EvalFrameDefault;0x54a0c7;PyObject_CallMethodObjArgs;PyImport_ImportModuleLevelObject;0x5d2ef4;0x5818ed;_PyEval_EvalFrameDefault;0x54a0c7;PyObject_CallMethodObjArgs;PyImport_ImportModuleLevelObject;_PyEval_EvalFrameDefault;PyEval_EvalCode;0x5d2bac;0x5818ed;_PyEval_EvalFrameDefault;0x54a0c7;PyObject_CallMethodObjArgs;PyImport_ImportModuleLevelObject;_PyEval_EvalFrameDefault;PyEval_EvalCode;0x607fc2;0x6b4393;_PyRun_SimpleFileObject;_PyRun_AnyFileObject;Py_RunMain;Py_BytesMain;__libc_start_call_main;__libc_start_main@@GLIBC_2.34;_start;|, 46.447522, 21050.00, 24.899000
2025-11-15T20:26:38.779132Z, , 32.023887, 42200.00, 24.899000
2025-11-15T20:26:38.784361Z, , 25.387559, 42200.00, 24.899000
2025-11-15T20:26:38.789591Z, , 35.543302, 42200.00, 24.899000
2025-11-15T20:26:38.796550Z, 0xfffffffffffffe00;_PyEval_EvalFrameDefault;PyObject_CallOneArg;_PyObject_GenericGetAttrWithDict;PyObject_GetAttr;PyImport_ImportModuleLevelObject;_PyEval_EvalFrameDefault;PyEval_EvalCode;0x5d2bac;0x5818ed;_PyEval_EvalFrameDefault;0x54a0c7;PyObject_CallMethodObjArgs;PyImport_ImportModuleLevelObject;_PyEval_EvalFrameDefault;PyEval_EvalCode;0x5d2bac;0x5818ed;_PyEval_EvalFrameDefault;0x54a0c7;PyObject_CallMethodObjArgs;PyImport_ImportModuleLevelObject;0x5d2ef4;0x5818ed;_PyEval_EvalFrameDefault;0x54a0c7;PyObject_CallMethodObjArgs;PyImport_ImportModuleLevelObject;_PyEval_EvalFrameDefault;PyEval_EvalCode;0x5d2bac;0x5818ed;_PyEval_EvalFrameDefault;0x54a0c7;PyObject_CallMethodObjArgs;PyImport_ImportModuleLevelObject;_PyEval_EvalFrameDefault;PyEval_EvalCode;0x607fc2;0x6b4393;_PyRun_SimpleFileObject;_PyRun_AnyFileObject;Py_RunMain;Py_BytesMain;__libc_start_call_main;__libc_start_main@@GLIBC_2.34;_start;|, 30.288312, 0.00, 24.899000
2025-11-15T20:26:38.803161Z, 0xfffffffffffffe00;0x5af8a6;0x5af281;0x581a6f;PyObject_Call;_PyEval_EvalFrameDefault;PyEval_EvalCode;0x5d2bac;0x5818ed;_PyEval_EvalFrameDefault;0x54a0c7;PyObject_CallMethodObjArgs;PyImport_ImportModuleLevelObject;0x5d2ef4;0x5818ed;_PyEval_EvalFrameDefault;0x54a0c7;PyObject_CallMethodObjArgs;PyImport_ImportModuleLevelObject;_PyEval_EvalFrameDefault;PyEval_EvalCode;0x5d2bac;0x5818ed;_PyEval_EvalFrameDefault;0x54a0c7;PyObject_CallMethodObjArgs;PyImport_ImportModuleLevelObject;_PyEval_EvalFrameDefault;PyEval_EvalCode;0x607fc2;0x6b4393;_PyRun_SimpleFileObject;_PyRun_AnyFileObject;Py_RunMain;Py_BytesMain;__libc_start_call_main;__libc_start_main@@GLIBC_2.34;_start;|, 31.666313, 100.00, 24.899000
2025-11-15T20:26:38.808399Z, y™÷*, 26.835966, 200.00, 24.899000
2025-11-15T20:26:38.817752Z, 0xfffffffffffffe00;_PyEval_EvalFrameDefault;PyEval_EvalCode;0x5d2bac;0x5818ed;_PyEval_EvalFrameDefault;0x54a0c7;PyObject_CallMethodObjArgs;PyImport_ImportModuleLevelObject;_PyEval_EvalFrameDefault;PyEval_EvalCode;0x5d2bac;0x5818ed;_PyEval_EvalFrameDefault;0x54a0c7;PyObject_CallMethodObjArgs;PyImport_ImportModuleLevelObject;_PyEval_EvalFrameDefault;PyEval_EvalCode;0x5d2bac;0x5818ed;_PyEval_EvalFrameDefault;0x54a0c7;PyObject_CallMethodObjArgs;PyImport_ImportModuleLevelObject;_PyEval_EvalFrameDefault;PyEval_EvalCode;0x5d2bac;0x5818ed;_PyEval_EvalFrameDefault;0x54a0c7;PyObject_CallMethodObjArgs;PyImport_ImportModuleLevelObject;_PyEval_EvalFrameDefault;PyEval_EvalCode;0x5d2bac;0x5818ed;_PyEval_EvalFrameDefault;0x54a0c7;PyObject_CallMethodObjArgs;PyImport_ImportModuleLevelObject;_PyEval_EvalFrameDefault;PyEval_EvalCode;0x5d2bac;0x5818ed;_PyEval_EvalFrameDefault;0x54a0c7;PyObject_CallMethodObjArgs;PyImport_ImportModuleLevelObject;_PyEval_EvalFrameDefault;PyEval_EvalCode;0x5d2bac;0x5818ed;_PyEval_EvalFrameDefault;0x54a0c7;PyObject_CallMethodObjArgs;PyImport_ImportModuleLevelObject;0x5d2ef4;0x5818ed;_PyEval_EvalFrameDefault;0x54a0c7;PyObject_CallMethodObjArgs;PyImport_ImportModuleLevelObject;0x5d2ef4;0x5818ed;_PyEval_EvalFrameDefault;0x54a0c7;PyObject_CallMethodObjArgs;PyImport_ImportModuleLevelObject;_PyEval_EvalFrameDefault;PyEval_EvalCode;0x5d2bac;0x5818ed;_PyEval_EvalFrameDefault;0x54a0c7;PyObject_CallMethodObjArgs;PyImport_ImportModuleLevelObject;_PyEval_EvalFrameDefault;PyEval_EvalCode;0x5d2bac;0x5818ed;_PyEval_EvalFrameDefault;0x54a0c7;PyObject_CallMethodObjArgs;PyImport_ImportModuleLevelObject;_PyEval_EvalFrameDefault;PyEval_EvalCode;0x5d2bac;0x5818ed;_PyEval_EvalFrameDefault;0x54a0c7;PyObject_CallMethodObjArgs;PyImport_ImportModuleLevelObject;0x5d2ef4;0x5818ed;_PyEval_EvalFrameDefault;0x54a0c7;PyObject_CallMethodObjArgs;PyImport_ImportModuleLevelObject;_PyEval_EvalFrameDefault;PyEval_EvalCode;0x5d2bac;0x5818ed;_PyEval_EvalFrameDefault;0x54a0c7;PyObject_CallMethodObjArgs;PyImport_ImportModuleLevelObject;_PyEval_EvalFrameDefault;PyEval_EvalCode;0x607fc2;0x6b4393;_PyRun_SimpleFileObject;_PyRun_AnyFileObject;Py_RunMain;Py_BytesMain;__libc_start_call_main;__libc_start_main@@GLIBC_2.34;_start;|, 31.373462, 200.00, 24.899000
2025-11-15T20:26:38.825888Z, 0xfffffffffffffe00;0x64364c;0x6479b8;0x6475c9;0x5522fe;PyObject_Vectorcall;_PyEval_EvalFrameDefault;PyEval_EvalCode;0x5d2bac;0x5818ed;_PyEval_EvalFrameDefault;0x54a0c7;PyObject_CallMethodObjArgs;PyImport_ImportModuleLevelObject;_PyEval_EvalFrameDefault;PyEval_EvalCode;0x5d2bac;0x5818ed;_PyEval_EvalFrameDefault;0x54a0c7;PyObject_CallMethodObjArgs;PyImport_ImportModuleLevelObject;0x5d2ef4;0x5818ed;_PyEval_EvalFrameDefault;0x54a0c7;PyObject_CallMethodObjArgs;PyImport_ImportModuleLevelObject;0x5d2ef4;0x5818ed;_PyEval_EvalFrameDefault;0x54a0c7;PyObject_CallMethodObjArgs;PyImport_ImportModuleLevelObject;_PyEval_EvalFrameDefault;PyEval_EvalCode;0x5d2bac;0x5818ed;_PyEval_EvalFrameDefault;0x54a0c7;PyObject_CallMethodObjArgs;PyImport_ImportModuleLevelObject;_PyEval_EvalFrameDefault;PyEval_EvalCode;0x5d2bac;0x5818ed;_PyEval_EvalFrameDefault;0x54a0c7;PyObject_CallMethodObjArgs;PyImport_ImportModuleLevelObject;_PyEval_EvalFrameDefault;PyEval_EvalCode;0x5d2bac;0x5818ed;_PyEval_EvalFrameDefault;0x54a0c7;PyObject_CallMethodObjArgs;PyImport_ImportModuleLevelObject;0x5d2ef4;0x5818ed;_PyEval_EvalFrameDefault;0x54a0c7;PyObject_CallMethodObjArgs;PyImport_ImportModuleLevelObject;_PyEval_EvalFrameDefault;PyEval_EvalCode;0x5d2bac;0x5818ed;_PyEval_EvalFrameDefault;0x54a0c7;PyObject_CallMethodObjArgs;PyImport_ImportModuleLevelObject;_PyEval_EvalFrameDefault;PyEval_EvalCode;0x607fc2;0x6b4393;_PyRun_SimpleFileObject;_PyRun_AnyFileObject;Py_RunMain;Py_BytesMain;__libc_start_call_main;__libc_start_main@@GLIBC_2.34;_start;|, 33.700523, 150.00, 24.899000
2025-11-15T20:26:38.833356Z, 0xfffffffffffffe00;0x537d8d;0x5378fd;0x5195fd;0x519c95;0x52b83b;0x51d1b1;0x531fd3;0x52ba1d;0x51d1b1;0x51c807;0x518fbd;PyRun_StringFlags;0x5d2c59;_PyEval_EvalFrameDefault;PyEval_EvalCode;0x5d2bac;0x5818ed;_PyEval_EvalFrameDefault;0x54a0c7;PyObject_CallMethodObjArgs;PyImport_ImportModuleLevelObject;_PyEval_EvalFrameDefault;PyEval_EvalCode;0x5d2bac;0x5818ed;_PyEval_EvalFrameDefault;0x54a0c7;PyObject_CallMethodObjArgs;PyImport_ImportModuleLevelObject;_PyEval_EvalFrameDefault;PyEval_EvalCode;0x5d2bac;0x5818ed;_PyEval_EvalFrameDefault;0x54a0c7;PyObject_CallMethodObjArgs;PyImport_ImportModuleLevelObject;0x5d2ef4;0x5818ed;_PyEval_EvalFrameDefault;0x54a0c7;PyObject_CallMethodObjArgs;PyImport_ImportModuleLevelObject;_PyEval_EvalFrameDefault;PyEval_EvalCode;0x5d2bac;0x5818ed;_PyEval_EvalFrameDefault;0x54a0c7;PyObject_CallMethodObjArgs;PyImport_ImportModuleLevelObject;_PyEval_EvalFrameDefault;PyEval_EvalCode;0x607fc2;0x6b4393;_PyRun_SimpleFileObject;_PyRun_AnyFileObject;Py_RunMain;Py_BytesMain;__libc_start_call_main;__libc_start_main@@GLIBC_2.34;_start;|, 37.251988, 200.00, 24.899000
2025-11-15T20:26:38.842085Z, 0xfffffffffffffe00;0x59042c;_PyObject_MakeTpCall;_PyEval_EvalFrameDefault;0x54a0c7;PyObject_CallMethodObjArgs;PyImport_ImportModuleLevelObject;_PyEval_EvalFrameDefault;PyEval_EvalCode;0x5d2bac;0x5818ed;_PyEval_EvalFrameDefault;0x54a0c7;PyObject_CallMethodObjArgs;PyImport_ImportModuleLevelObject;_PyEval_EvalFrameDefault;PyEval_EvalCode;0x5d2bac;0x5818ed;_PyEval_EvalFrameDefault;0x54a0c7;PyObject_CallMethodObjArgs;PyImport_ImportModuleLevelObject;0x5d2ef4;0x5818ed;_PyEval_EvalFrameDefault;0x54a0c7;PyObject_CallMethodObjArgs;PyImport_ImportModuleLevelObject;_PyEval_EvalFrameDefault;PyEval_EvalCode;0x5d2bac;0x5818ed;_PyEval_EvalFrameDefault;0x54a0c7;PyObject_CallMethodObjArgs;PyImport_ImportModuleLevelObject;_PyEval_EvalFrameDefault;PyEval_EvalCode;0x5d2bac;0x5818ed;_PyEval_EvalFrameDefault;0x54a0c7;PyObject_CallMethodObjArgs;PyImport_ImportModuleLevelObject;_PyEval_EvalFrameDefault;PyEval_EvalCode;0x5d2bac;0x5818ed;_PyEval_EvalFrameDefault;0x54a0c7;PyObject_CallMethodObjArgs;PyImport_ImportModuleLevelObject;0x5d2ef4;0x5818ed;_PyEval_EvalFrameDefault;0x54a0c7;PyObject_CallMethodObjArgs;PyImport_ImportModuleLevelObject;_PyEval_EvalFrameDefault;PyEval_EvalCode;0x5d2bac;0x5818ed;_PyEval_EvalFrameDefault;0x54a0c7;PyObject_CallMethodObjArgs;PyImport_ImportModuleLevelObject;0x5d2ef4;0x5818ed;_PyEval_EvalFrameDefault;0x54a0c7;PyObject_CallMethodObjArgs;PyImport_ImportModuleLevelObject;_PyEval_EvalFrameDefault;PyEval_EvalCode;0x5d2bac;0x5818ed;_PyEval_EvalFrameDefault;0x54a0c7;PyObject_CallMethodObjArgs;PyImport_ImportModuleLevelObject;_PyEval_EvalFrameDefault;PyEval_EvalCode;0x5d2bac;0x5818ed;_PyEval_EvalFrameDefault;0x54a0c7;PyObject_CallMethodObjArgs;PyImport_ImportModuleLevelObject;_PyEval_EvalFrameDefault;PyEval_EvalCode;0x607fc2;0x6b4393;_PyRun_SimpleFileObject;_PyRun_AnyFileObject;Py_RunMain;Py_BytesMain;__libc_start_call_main;__libc_start_main@@GLIBC_2.34;_start;|, 32.963153, 200.00, 24.899000
2025-11-15T20:26:38.847302Z, , 31.371043, 500.00, 24.899000
2025-11-15T20:26:38.856900Z, 0xfffffffffffffe00;PyLong_AsSsize_t;PyStructSequence_New;0x633a34;0x63332f;_PyEval_EvalFrameDefault;0x54a0c7;PyObject_CallMethodObjArgs;PyImport_ImportModuleLevelObject;_PyEval_EvalFrameDefault;PyEval_EvalCode;0x5d2bac;0x5818ed;_PyEval_EvalFrameDefault;0x54a0c7;PyObject_CallMethodObjArgs;PyImport_ImportModuleLevelObject;0x5d2ef4;0x5818ed;_PyEval_EvalFrameDefault;0x54a0c7;PyObject_CallMethodObjArgs;PyImport_ImportModuleLevelObject;_PyEval_EvalFrameDefault;PyEval_EvalCode;0x5d2bac;0x5818ed;_PyEval_EvalFrameDefault;0x54a0c7;PyObject_CallMethodObjArgs;PyImport_ImportModuleLevelObject;_PyEval_EvalFrameDefault;PyEval_EvalCode;0x5d2bac;0x5818ed;_PyEval_EvalFrameDefault;0x54a0c7;PyObject_CallMethodObjArgs;PyImport_ImportModuleLevelObject;_PyEval_EvalFrameDefault;PyEval_EvalCode;0x5d2bac;0x5818ed;_PyEval_EvalFrameDefault;0x54a0c7;PyObject_CallMethodObjArgs;PyImport_ImportModuleLevelObject;0x5d2ef4;0x5818ed;_PyEval_EvalFrameDefault;0x54a0c7;PyObject_CallMethodObjArgs;PyImport_ImportModuleLevelObject;_PyEval_EvalFrameDefault;PyEval_EvalCode;0x5d2bac;0x5818ed;_PyEval_EvalFrameDefault;0x54a0c7;PyObject_CallMethodObjArgs;PyImport_ImportModuleLevelObject;0x5d2ef4;0x5818ed;_PyEval_EvalFrameDefault;0x54a0c7;PyObject_CallMethodObjArgs;PyImport_ImportModuleLevelObject;0x5d2ef4;0x5818ed;_PyEval_EvalFrameDefault;0x54a0c7;PyObject_CallMethodObjArgs;PyImport_ImportModuleLevelObject;_PyEval_EvalFrameDefault;PyEval_EvalCode;0x5d2bac;0x5818ed;_PyEval_EvalFrameDefault;0x54a0c7;PyObject_CallMethodObjArgs;PyImport_ImportModuleLevelObject;_PyEval_EvalFrameDefault;PyEval_EvalCode;0x5d2bac;0x5818ed;_PyEval_EvalFrameDefault;0x54a0c7;PyObject_CallMethodObjArgs;PyImport_ImportModuleLevelObject;_PyEval_EvalFrameDefault;PyEval_EvalCode;0x5d2bac;0x5818ed;_PyEval_EvalFrameDefault;0x54a0c7;PyObject_CallMethodObjArgs;PyImport_ImportModuleLevelObject;_PyEval_EvalFrameDefault;PyEval_EvalCode;0x5d2bac;0x5818ed;_PyEval_EvalFrameDefault;0x54a0c7;PyObject_CallMethodObjArgs;PyImport_ImportModuleLevelObject;0x5d2ef4;0x5818ed;_PyEval_EvalFrameDefault;0x54a0c7;PyObject_CallMethodObjArgs;PyImport_ImportModuleLevelObject;_PyEval_EvalFrameDefault;PyEval_EvalCode;0x5d2bac;0x5818ed;_PyEval_EvalFrameDefault;0x54a0c7;PyObject_CallMethodObjArgs;PyImport_ImportModuleLevelObject;_PyEval_EvalFrameDefault;PyEval_EvalCode;0x5d2bac;0x5818ed;_PyEval_EvalFrameDefault;0x54a0c7;PyObject_CallMethodObjArgs;PyImport_ImportModuleLevelObject;0x5d2ef4;|, 31.331116, 300.00, 24.899000
2025-11-15T20:26:38.866514Z, 0xfffffffffffffe00;0x526fe6;0x532b7a;0x5231ed;0x522130;0x52a5a0;0x52a21c;0x529c99;0x529148;0x528e2c;0x528bac;0x52888d;0x527e66;0x5268d5;0x5257d6;0x5253c2;0x524f41;0x524bee;0x52a48e;0x52a268;0x529c99;0x529148;0x528e2c;0x528bac;0x52888d;0x527e66;0x5268d5;0x5257d6;0x5253c2;0x524f41;0x52020f;0x532010;0x51d269;0x531fd3;0x52ba1d;0x51d1b1;0x531fd3;0x52ba1d;0x51d1b1;0x51c807;0x518fbd;PyRun_StringFlags;0x5d2c59;_PyEval_EvalFrameDefault;PyEval_EvalCode;0x5d2bac;0x5818ed;_PyEval_EvalFrameDefault;0x54a0c7;PyObject_CallMethodObjArgs;PyImport_ImportModuleLevelObject;_PyEval_EvalFrameDefault;PyEval_EvalCode;0x5d2bac;0x5818ed;_PyEval_EvalFrameDefault;0x54a0c7;PyObject_CallMethodObjArgs;PyImport_ImportModuleLevelObject;_PyEval_EvalFrameDefault;PyEval_EvalCode;0x5d2bac;0x5818ed;_PyEval_EvalFrameDefault;0x54a0c7;PyObject_CallMethodObjArgs;PyImport_ImportModuleLevelObject;0x5d2ef4;0x5818ed;_PyEval_EvalFrameDefault;0x54a0c7;PyObject_CallMethodObjArgs;PyImport_ImportModuleLevelObject;_PyEval_EvalFrameDefault;PyEval_EvalCode;0x5d2bac;0x5818ed;_PyEval_EvalFrameDefault;0x54a0c7;PyObject_CallMethodObjArgs;PyImport_ImportModuleLevelObject;_PyEval_EvalFrameDefault;PyEval_EvalCode;0x5d2bac;0x5818ed;_PyEval_EvalFrameDefault;0x54a0c7;PyObject_CallMethodObjArgs;PyImport_ImportModuleLevelObject;0x5d2ef4;0x5818ed;_PyEval_EvalFrameDefault;0x54a0c7;PyObject_CallMethodObjArgs;PyImport_ImportModuleLevelObject;_PyEval_EvalFrameDefault;PyEval_EvalCode;0x5d2bac;0x5818ed;_PyEval_EvalFrameDefault;0x54a0c7;PyObject_CallMethodObjArgs;PyImport_ImportModuleLevelObject;0x5d2ef4;0x5818ed;_PyEval_EvalFrameDefault;0x54a0c7;PyObject_CallMethodObjArgs;PyImport_ImportModuleLevelObject;0x5d2ef4;0x5818ed;_PyEval_EvalFrameDefault;0x54a0c7;PyObject_CallMethodObjArgs;PyImport_ImportModuleLevelObject;_PyEval_EvalFrameDefault;PyEval_EvalCode;0x5d2bac;0x5818ed;_PyEval_EvalFrameDefault;0x54a0c7;PyObject_CallMethodObjArgs;PyImport_ImportModuleLevelObject;_PyEval_EvalFrameDefault;PyEval_EvalCode;0x5d2bac;0x5818ed;_PyEval_EvalFrameDefault;|, 34.088190, 233.33, 24.899000
2025-11-15T20:26:38.876082Z, 0xfffffffffffffe00;PyDict_SetDefault;0x5cd85e;0x5ee9e1;0x5ecaae;0x5ec9d8;0x5e4fd9;_PyAST_Compile;PyRun_StringFlags;0x5d2c59;_PyEval_EvalFrameDefault;PyEval_EvalCode;0x5d2bac;0x5818ed;_PyEval_EvalFrameDefault;0x54a0c7;PyObject_CallMethodObjArgs;PyImport_ImportModuleLevelObject;_PyEval_EvalFrameDefault;PyEval_EvalCode;0x5d2bac;0x5818ed;_PyEval_EvalFrameDefault;0x54a0c7;PyObject_CallMethodObjArgs;PyImport_ImportModuleLevelObject;_PyEval_EvalFrameDefault;PyEval_EvalCode;0x5d2bac;0x5818ed;_PyEval_EvalFrameDefault;0x54a0c7;PyObject_CallMethodObjArgs;PyImport_ImportModuleLevelObject;0x5d2ef4;0x5818ed;_PyEval_EvalFrameDefault;0x54a0c7;PyObject_CallMethodObjArgs;PyImport_ImportModuleLevelObject;_PyEval_EvalFrameDefault;PyEval_EvalCode;0x5d2bac;0x5818ed;_PyEval_EvalFrameDefault;0x54a0c7;PyObject_CallMethodObjArgs;PyImport_ImportModuleLevelObject;_PyEval_EvalFrameDefault;PyEval_EvalCode;0x5d2bac;0x5818ed;_PyEval_EvalFrameDefault;0x54a0c7;PyObject_CallMethodObjArgs;PyImport_ImportModuleLevelObject;0x5d2ef4;0x5818ed;_PyEval_EvalFrameDefault;0x54a0c7;PyObject_CallMethodObjArgs;PyImport_ImportModuleLevelObject;_PyEval_EvalFrameDefault;PyEval_EvalCode;0x5d2bac;0x5818ed;_PyEval_EvalFrameDefault;0x54a0c7;PyObject_CallMethodObjArgs;PyImport_ImportModuleLevelObject;0x5d2ef4;0x5818ed;_PyEval_EvalFrameDefault;0x54a0c7;PyObject_CallMethodObjArgs;PyImport_ImportModuleLevelObject;0x5d2ef4;0x5818ed;_PyEval_EvalFrameDefault;0x54a0c7;PyObject_CallMethodObjArgs;PyImport_ImportModuleLevelObject;_PyEval_EvalFrameDefault;PyEval_EvalCode;0x5d2bac;0x5818ed;_PyEval_EvalFrameDefault;0x54a0c7;PyObject_CallMethodObjArgs;PyImport_ImportModuleLevelObject;_PyEval_EvalFrameDefault;PyEval_EvalCode;0x5d2bac;0x5818ed;_PyEval_EvalFrameDefault;0x54a0c7;PyObject_CallMethodObjArgs;PyImport_ImportModuleLevelObject;_PyEval_EvalFrameDefault;PyEval_EvalCode;0x5d2bac;0x5818ed;_PyEval_EvalFrameDefault;0x54a0c7;PyObject_CallMethodObjArgs;PyImport_ImportModuleLevelObject;_PyEval_EvalFrameDefault;PyEval_EvalCode;0x5d2bac;0x5818ed;_PyEval_EvalFrameDefault;0x54a0c7;PyObject_CallMethodObjArgs;PyImport_ImportModuleLevelObject;0x5d2ef4;0x5818ed;_PyEval_EvalFrameDefault;0x54a0c7;PyObject_CallMethodObjArgs;PyImport_ImportModuleLevelObject;_PyEval_EvalFrameDefault;PyEval_EvalCode;0x5d2bac;0x5818ed;_PyEval_EvalFrameDefault;0x54a0c7;PyObject_CallMethodObjArgs;PyImport_ImportModuleLevelObject;|, 38.324729, 400.00, 24.899000
2025-11-15T20:26:38.885656Z, 0xfffffffffffffe00;0x519c08;0x525794;0x525480;0x524f41;0x524bee;0x52a48e;0x52a268;0x529c99;0x529148;0x528e2c;0x528bac;0x52888d;0x527e66;0x5268d5;0x5257d6;0x5253c2;0x524f41;0x52b2df;0x524fb8;0x535867;0x51ca87;0x518fbd;PyRun_StringFlags;0x69b860;_PyEval_EvalFrameDefault;_PyObject_Call_Prepend;0x59e673;0x5994d7;_PyObject_MakeTpCall;0x5d1fdb;0x5818ed;PyObject_Vectorcall;_PyEval_EvalFrameDefault;PyEval_EvalCode;0x5d2bac;0x5818ed;_PyEval_EvalFrameDefault;0x54a0c7;PyObject_CallMethodObjArgs;PyImport_ImportModuleLevelObject;_PyEval_EvalFrameDefault;PyEval_EvalCode;0x5d2bac;0x5818ed;_PyEval_EvalFrameDefault;0x54a0c7;PyObject_CallMethodObjArgs;PyImport_ImportModuleLevelObject;0x5d2ef4;0x5818ed;_PyEval_EvalFrameDefault;0x54a0c7;PyObject_CallMethodObjArgs;PyImport_ImportModuleLevelObject;_PyEval_EvalFrameDefault;PyEval_EvalCode;0x5d2bac;0x5818ed;_PyEval_EvalFrameDefault;0x54a0c7;PyObject_CallMethodObjArgs;PyImport_ImportModuleLevelObject;0x5d2ef4;0x5818ed;_PyEval_EvalFrameDefault;0x54a0c7;PyObject_CallMethodObjArgs;PyImport_ImportModuleLevelObject;0x5d2ef4;0x5818ed;_PyEval_EvalFrameDefault;0x54a0c7;PyObject_CallMethodObjArgs;PyImport_ImportModuleLevelObject;_PyEval_EvalFrameDefault;PyEval_EvalCode;0x5d2bac;0x5818ed;_PyEval_EvalFrameDefault;0x54a0c7;PyObject_CallMethodObjArgs;PyImport_ImportModuleLevelObject;_PyEval_EvalFrameDefault;PyEval_EvalCode;0x5d2bac;0x5818ed;_PyEval_EvalFrameDefault;0x54a0c7;PyObject_CallMethodObjArgs;PyImport_ImportModuleLevelObject;_PyEval_EvalFrameDefault;PyEval_EvalCode;0x5d2bac;0x5818ed;_PyEval_EvalFrameDefault;0x54a0c7;PyObject_CallMethodObjArgs;PyImport_ImportModuleLevelObject;_PyEval_EvalFrameDefault;PyEval_EvalCode;0x5d2bac;0x5818ed;_PyEval_EvalFrameDefault;0x54a0c7;PyObject_CallMethodObjArgs;PyImport_ImportModuleLevelObject;0x5d2ef4;0x5818ed;_PyEval_EvalFrameDefault;0x54a0c7;PyObject_CallMethodObjArgs;PyImport_ImportModuleLevelObject;_PyEval_EvalFrameDefault;PyEval_EvalCode;0x5d2bac;0x5818ed;_PyEval_EvalFrameDefault;0x54a0c7;PyObject_CallMethodObjArgs;PyImport_ImportModuleLevelObject;_PyEval_EvalFrameDefault;PyEval_EvalCode;0x5d2bac;0x5818ed;_PyEval_EvalFrameDefault;0x54a0c7;PyObject_CallMethodObjArgs;|, 33.157833, 400.00, 24.899000
2025-11-15T20:26:38.895272Z, 0xfffffffffffffe00;0x61cfe1;0x61c23e;0x61bbc1;0x5fba23;_PyEval_EvalFrameDefault;0x54a0c7;PyObject_CallMethodObjArgs;PyImport_ImportModuleLevelObject;_PyEval_EvalFrameDefault;PyEval_EvalCode;0x5d2bac;0x5818ed;_PyEval_EvalFrameDefault;0x54a0c7;PyObject_CallMethodObjArgs;PyImport_ImportModuleLevelObject;_PyEval_EvalFrameDefault;PyEval_EvalCode;0x5d2bac;0x5818ed;_PyEval_EvalFrameDefault;0x54a0c7;PyObject_CallMethodObjArgs;PyImport_ImportModuleLevelObject;_PyEval_EvalFrameDefault;PyEval_EvalCode;0x5d2bac;0x5818ed;_PyEval_EvalFrameDefault;0x54a0c7;PyObject_CallMethodObjArgs;PyImport_ImportModuleLevelObject;0x5d2ef4;0x5818ed;_PyEval_EvalFrameDefault;0x54a0c7;PyObject_CallMethodObjArgs;PyImport_ImportModuleLevelObject;_PyEval_EvalFrameDefault;PyEval_EvalCode;0x5d2bac;0x5818ed;_PyEval_EvalFrameDefault;0x54a0c7;PyObject_CallMethodObjArgs;PyImport_ImportModuleLevelObject;_PyEval_EvalFrameDefault;PyEval_EvalCode;0x5d2bac;0x5818ed;_PyEval_EvalFrameDefault;0x54a0c7;PyObject_CallMethodObjArgs;PyImport_ImportModuleLevelObject;_PyEval_EvalFrameDefault;PyEval_EvalCode;0x5d2bac;0x5818ed;_PyEval_EvalFrameDefault;0x54a0c7;PyObject_CallMethodObjArgs;PyImport_ImportModuleLevelObject;_PyEval_EvalFrameDefault;PyEval_EvalCode;0x5d2bac;0x5818ed;_PyEval_EvalFrameDefault;0x54a0c7;PyObject_CallMethodObjArgs;PyImport_ImportModuleLevelObject;_PyEval_EvalFrameDefault;PyEval_EvalCode;0x5d2bac;0x5818ed;_PyEval_EvalFrameDefault;0x54a0c7;PyObject_CallMethodObjArgs;PyImport_ImportModuleLevelObject;0x5d2ef4;0x5818ed;_PyEval_EvalFrameDefault;0x54a0c7;PyObject_CallMethodObjArgs;PyImport_ImportModuleLevelObject;_PyEval_EvalFrameDefault;PyEval_EvalCode;0x5d2bac;0x5818ed;_PyEval_EvalFrameDefault;0x54a0c7;PyObject_CallMethodObjArgs;PyImport_ImportModuleLevelObject;_PyEval_EvalFrameDefault;PyEval_EvalCode;0x5d2bac;0x5818ed;_PyEval_EvalFrameDefault;0x54a0c7;PyObject_CallMethodObjArgs;PyImport_ImportModuleLevelObject;0x5d2ef4;0x5818ed;_PyEval_EvalFrameDefault;0x54a0c7;PyObject_CallMethodObjArgs;PyImport_ImportModuleLevelObject;_PyEval_EvalFrameDefault;PyEval_EvalCode;0x5d2bac;0x5818ed;_PyEval_EvalFrameDefault;0x54a0c7;PyObject_CallMethodObjArgs;PyImport_ImportModuleLevelObject;_PyEval_EvalFrameDefault;PyEval_EvalCode;0x607fc2;0x6b4393;_PyRun_SimpleFileObject;_PyRun_AnyFileObject;Py_RunMain;Py_BytesMain;__libc_start_call_main;__libc_start_main@@GLIBC_2.34;_start;|, 38.527068, 300.00, 24.899000
2025-11-15T20:26:38.900469Z, , 30.163839, 1100.00, 24.899000
2025-11-15T20:26:38.905641Z, , 35.923529, 1100.00, 24.899000
2025-11-15T20:26:38.915132Z, 0xfffffffffffffe00;0x75125df76251;_PyObject_MakeTpCall;0x54d035;0x5a0e94;0x5a3a93;PyNumber_Long;0x75125e1a7f81;_PyObject_MakeTpCall;0x54cff6;0x5a1084;0x5a46cc;PyDict_Contains;_PyEval_EvalFrameDefault;PyEval_EvalCode;0x5d2bac;0x5818ed;_PyEval_EvalFrameDefault;0x54a0c7;PyObject_CallMethodObjArgs;PyImport_ImportModuleLevelObject;_PyEval_EvalFrameDefault;PyEval_EvalCode;0x5d2bac;0x5818ed;_PyEval_EvalFrameDefault;0x54a0c7;PyObject_CallMethodObjArgs;PyImport_ImportModuleLevelObject;0x5d2ef4;0x5818ed;_PyEval_EvalFrameDefault;0x54a0c7;PyObject_CallMethodObjArgs;PyImport_ImportModuleLevelObject;_PyEval_EvalFrameDefault;PyEval_EvalCode;0x5d2bac;0x5818ed;_PyEval_EvalFrameDefault;0x54a0c7;PyObject_CallMethodObjArgs;PyImport_ImportModuleLevelObject;_PyEval_EvalFrameDefault;PyEval_EvalCode;0x5d2bac;0x5818ed;_PyEval_EvalFrameDefault;0x54a0c7;PyObject_CallMethodObjArgs;PyImport_ImportModuleLevelObject;0x5d2ef4;0x5818ed;_PyEval_EvalFrameDefault;0x54a0c7;PyObject_CallMethodObjArgs;PyImport_ImportModuleLevelObject;_PyEval_EvalFrameDefault;PyEval_EvalCode;0x5d2bac;0x5818ed;_PyEval_EvalFrameDefault;0x54a0c7;PyObject_CallMethodObjArgs;PyImport_ImportModuleLevelObject;_PyEval_EvalFrameDefault;PyEval_EvalCode;0x5d2bac;0x5818ed;_PyEval_EvalFrameDefault;0x54a0c7;PyObject_CallMethodObjArgs;PyImport_ImportModuleLevelObject;_PyEval_EvalFrameDefault;PyEval_EvalCode;0x5d2bac;0x5818ed;_PyEval_EvalFrameDefault;0x54a0c7;PyObject_CallMethodObjArgs;PyImport_ImportModuleLevelObject;_PyEval_EvalFrameDefault;PyEval_EvalCode;0x5d2bac;0x5818ed;_PyEval_EvalFrameDefault;0x54a0c7;PyObject_CallMethodObjArgs;PyImport_ImportModuleLevelObject;_PyEval_EvalFrameDefault;PyEval_EvalCode;0x5d2bac;0x5818ed;_PyEval_EvalFrameDefault;0x54a0c7;PyObject_CallMethodObjArgs;PyImport_ImportModuleLevelObject;0x5d2ef4;0x5818ed;_PyEval_EvalFrameDefault;0x54a0c7;PyObject_CallMethodObjArgs;PyImport_ImportModuleLevelObject;_PyEval_EvalFrameDefault;PyEval_EvalCode;0x5d2bac;0x5818ed;_PyEval_EvalFrameDefault;0x54a0c7;PyObject_CallMethodObjArgs;PyImport_ImportModuleLevelObject;_PyEval_EvalFrameDefault;PyEval_EvalCode;0x5d2bac;0x5818ed;_PyEval_EvalFrameDefault;0x54a0c7;PyObject_CallMethodObjArgs;PyImport_ImportModuleLevelObject;0x5d2ef4;0x5818ed;_PyEval_EvalFrameDefault;0x54a0c7;PyObject_CallMethodObjArgs;PyImport_ImportModuleLevelObject;_PyEval_EvalFrameDefault;PyEval_EvalCode;0x5d2bac;|, 32.942853, 1100.00, 24.899000
2025-11-15T20:26:38.923086Z, 0xfffffffffffffe00;0x571fdb;_PyDict_GetItem_KnownHash;0x598f25;_PyType_Lookup;_PyObject_GenericGetAttrWithDict;PyObject_GetAttr;_PyEval_EvalFrameDefault;PyObject_Call;0x64e874;_PyObject_MakeTpCall;PyObject_Vectorcall;_PyEval_EvalFrameDefault;_PyObject_Call_Prepend;0x5a30c8;_PyObject_MakeTpCall;_PyEval_EvalFrameDefault;PyEval_EvalCode;0x5d2bac;0x5818ed;_PyEval_EvalFrameDefault;0x54a0c7;PyObject_CallMethodObjArgs;PyImport_ImportModuleLevelObject;_PyEval_EvalFrameDefault;PyEval_EvalCode;0x5d2bac;0x5818ed;_PyEval_EvalFrameDefault;0x54a0c7;PyObject_CallMethodObjArgs;PyImport_ImportModuleLevelObject;0x5d2ef4;0x5818ed;_PyEval_EvalFrameDefault;0x54a0c7;PyObject_CallMethodObjArgs;PyImport_ImportModuleLevelObject;_PyEval_EvalFrameDefault;PyEval_EvalCode;0x5d2bac;0x5818ed;_PyEval_EvalFrameDefault;0x54a0c7;PyObject_CallMethodObjArgs;PyImport_ImportModuleLevelObject;_PyEval_EvalFrameDefault;PyEval_EvalCode;0x5d2bac;0x5818ed;_PyEval_EvalFrameDefault;0x54a0c7;PyObject_CallMethodObjArgs;PyImport_ImportModuleLevelObject;0x5d2ef4;0x5818ed;_PyEval_EvalFrameDefault;0x54a0c7;PyObject_CallMethodObjArgs;PyImport_ImportModuleLevelObject;_PyEval_EvalFrameDefault;PyEval_EvalCode;0x5d2bac;0x5818ed;_PyEval_EvalFrameDefault;0x54a0c7;PyObject_CallMethodObjArgs;PyImport_ImportModuleLevelObject;_PyEval_EvalFrameDefault;PyEval_EvalCode;0x607fc2;0x6b4393;_PyRun_SimpleFileObject;_PyRun_AnyFileObject;Py_RunMain;Py_BytesMain;__libc_start_call_main;__libc_start_main@@GLIBC_2.34;_start;|, 34.025765, 1200.00, 24.899000
2025-11-15T20:26:38.928544Z, 0xfffffffffffffe00;_int_free;free;0x75125e45129a;0x905fe0c57c717019;|, 36.557594, 1300.00, 24.899000
2025-11-15T20:26:38.933738Z, , 41.439472, 1300.00, 24.899000
2025-11-15T20:26:38.941416Z, 0xffffffffffffff80;0xffffffff96bcf3e6;0xffffffff96bc8659;0xffffffff96bc86f4;0xffffffff96bc876c;0xffffffff9668510c;0xffffffff978d678e;0xffffffff9640012b;0xfffffffffffffe00;fstatat64;_PyEval_EvalFrameDefault;_PyObject_Call_Prepend;0x59da4f;0x599513;_PyObject_MakeTpCall;_PyEval_EvalFrameDefault;PyEval_EvalCode;0x5d2bac;0x5818ed;_PyEval_EvalFrameDefault;0x54a0c7;PyObject_CallMethodObjArgs;PyImport_ImportModuleLevelObject;_PyEval_EvalFrameDefault;PyEval_EvalCode;0x5d2bac;0x5818ed;_PyEval_EvalFrameDefault;0x54a0c7;PyObject_CallMethodObjArgs;PyImport_ImportModuleLevelObject;_PyEval_EvalFrameDefault;PyEval_EvalCode;0x5d2bac;0x5818ed;_PyEval_EvalFrameDefault;0x54a0c7;PyObject_CallMethodObjArgs;PyImport_ImportModuleLevelObject;_PyEval_EvalFrameDefault;PyEval_EvalCode;0x5d2bac;0x5818ed;_PyEval_EvalFrameDefault;0x54a0c7;PyObject_CallMethodObjArgs;PyImport_ImportModuleLevelObject;0x5d2ef4;0x5818ed;_PyEval_EvalFrameDefault;0x54a0c7;PyObject_CallMethodObjArgs;PyImport_ImportModuleLevelObject;_PyEval_EvalFrameDefault;PyEval_EvalCode;0x5d2bac;0x5818ed;_PyEval_EvalFrameDefault;0x54a0c7;PyObject_CallMethodObjArgs;PyImport_ImportModuleLevelObject;_PyEval_EvalFrameDefault;PyEval_EvalCode;0x607fc2;0x6b4393;_PyRun_SimpleFileObject;_PyRun_AnyFileObject;Py_RunMain;Py_BytesMain;__libc_start_call_main;__libc_start_main@@GLIBC_2.34;_start;|, 38.441391, 1400.00, 24.899000
2025-11-15T20:26:38.949204Z, 0xffffffffffffff80;0xffffffff96a8a00e;0xffffffff96c198aa;0xffffffff96c1992e;0xffffffff96c19a62;0xffffffff96c1a3f0;0xffffffff96e29862;0xffffffff96e29b50;0xffffffff96e418d6;0xffffffff96e4251d;0xffffffff96e3dead;0xffffffff96e3e027;0xffffffff96dc872c;0xffffffff96bc7b67;0xffffffff96bc864e;0xffffffff96bc86f4;0xffffffff96bc876c;0xffffffff9668510c;0xffffffff978d678e;0xffffffff9640012b;0xfffffffffffffe00;fstatat64;_PyEval_EvalFrameDefault;_PyObject_Call_Prepend;0x59da4f;0x599513;_PyObject_MakeTpCall;_PyEval_EvalFrameDefault;PyEval_EvalCode;0x5d2bac;0x5818ed;_PyEval_EvalFrameDefault;0x54a0c7;PyObject_CallMethodObjArgs;PyImport_ImportModuleLevelObject;_PyEval_EvalFrameDefault;PyEval_EvalCode;0x5d2bac;0x5818ed;_PyEval_EvalFrameDefault;0x54a0c7;PyObject_CallMethodObjArgs;PyImport_ImportModuleLevelObject;_PyEval_EvalFrameDefault;PyEval_EvalCode;0x5d2bac;0x5818ed;_PyEval_EvalFrameDefault;0x54a0c7;PyObject_CallMethodObjArgs;PyImport_ImportModuleLevelObject;_PyEval_EvalFrameDefault;PyEval_EvalCode;0x5d2bac;0x5818ed;_PyEval_EvalFrameDefault;0x54a0c7;PyObject_CallMethodObjArgs;PyImport_ImportModuleLevelObject;0x5d2ef4;0x5818ed;_PyEval_EvalFrameDefault;0x54a0c7;PyObject_CallMethodObjArgs;PyImport_ImportModuleLevelObject;_PyEval_EvalFrameDefault;PyEval_EvalCode;0x5d2bac;0x5818ed;_PyEval_EvalFrameDefault;0x54a0c7;PyObject_CallMethodObjArgs;PyImport_ImportModuleLevelObject;_PyEval_EvalFrameDefault;PyEval_EvalCode;0x607fc2;0x6b4393;_PyRun_SimpleFileObject;_PyRun_AnyFileObject;Py_RunMain;Py_BytesMain;__libc_start_call_main;__libc_start_main@@GLIBC_2.34;_start;|, 33.117982, 700.00, 24.899000
2025-11-15T20:26:38.956829Z, 0xffffffffffffff80;0xffffffff96be6b28;0xffffffff96bd19b0;0xffffffff96bd60ec;0xffffffff96bd640f;0xffffffff96bd6eae;0xffffffff96bd7c6e;0xffffffff96bc7b5a;0xffffffff96bc864e;0xffffffff96bc86f4;0xffffffff96bc876c;0xffffffff9668510c;0xffffffff978d678e;0xffffffff9640012b;0xfffffffffffffe00;fstatat64;_PyEval_EvalFrameDefault;_PyObject_Call_Prepend;0x59da4f;0x599513;_PyObject_MakeTpCall;_PyEval_EvalFrameDefault;PyEval_EvalCode;0x5d2bac;0x5818ed;_PyEval_EvalFrameDefault;0x54a0c7;PyObject_CallMethodObjArgs;PyImport_ImportModuleLevelObject;_PyEval_EvalFrameDefault;PyEval_EvalCode;0x5d2bac;0x5818ed;_PyEval_EvalFrameDefault;0x54a0c7;PyObject_CallMethodObjArgs;PyImport_ImportModuleLevelObject;_PyEval_EvalFrameDefault;PyEval_EvalCode;0x5d2bac;0x5818ed;_PyEval_EvalFrameDefault;0x54a0c7;PyObject_CallMethodObjArgs;PyImport_ImportModuleLevelObject;_PyEval_EvalFrameDefault;PyEval_EvalCode;0x5d2bac;0x5818ed;_PyEval_EvalFrameDefault;0x54a0c7;PyObject_CallMethodObjArgs;PyImport_ImportModuleLevelObject;0x5d2ef4;0x5818ed;_PyEval_EvalFrameDefault;0x54a0c7;PyObject_CallMethodObjArgs;PyImport_ImportModuleLevelObject;_PyEval_EvalFrameDefault;PyEval_EvalCode;0x5d2bac;0x5818ed;_PyEval_EvalFrameDefault;0x54a0c7;PyObject_CallMethodObjArgs;PyImport_ImportModuleLevelObject;_PyEval_EvalFrameDefault;PyEval_EvalCode;0x607fc2;0x6b4393;_PyRun_SimpleFileObject;_PyRun_AnyFileObject;Py_RunMain;Py_BytesMain;__libc_start_call_main;__libc_start_main@@GLIBC_2.34;_start;|, 39.305529, 800.00, 24.899000
2025-11-15T20:26:38.964340Z, 0xfffffffffffffe00;PyObject_Free;0x590fd2;0x5d3a73;_PyEval_EvalFrameDefault;_PyObject_Call_Prepend;0x59da4f;0x599513;_PyObject_MakeTpCall;_PyEval_EvalFrameDefault;PyEval_EvalCode;0x5d2bac;0x5818ed;_PyEval_EvalFrameDefault;0x54a0c7;PyObject_CallMethodObjArgs;PyImport_ImportModuleLevelObject;_PyEval_EvalFrameDefault;PyEval_EvalCode;0x5d2bac;0x5818ed;_PyEval_EvalFrameDefault;0x54a0c7;PyObject_CallMethodObjArgs;PyImport_ImportModuleLevelObject;_PyEval_EvalFrameDefault;PyEval_EvalCode;0x5d2bac;0x5818ed;_PyEval_EvalFrameDefault;0x54a0c7;PyObject_CallMethodObjArgs;PyImport_ImportModuleLevelObject;_PyEval_EvalFrameDefault;PyEval_EvalCode;0x5d2bac;0x5818ed;_PyEval_EvalFrameDefault;0x54a0c7;PyObject_CallMethodObjArgs;PyImport_ImportModuleLevelObject;0x5d2ef4;0x5818ed;_PyEval_EvalFrameDefault;0x54a0c7;PyObject_CallMethodObjArgs;PyImport_ImportModuleLevelObject;_PyEval_EvalFrameDefault;PyEval_EvalCode;0x5d2bac;0x5818ed;_PyEval_EvalFrameDefault;0x54a0c7;PyObject_CallMethodObjArgs;PyImport_ImportModuleLevelObject;_PyEval_EvalFrameDefault;PyEval_EvalCode;0x607fc2;0x6b4393;_PyRun_SimpleFileObject;_PyRun_AnyFileObject;Py_RunMain;Py_BytesMain;__libc_start_call_main;__libc_start_main@@GLIBC_2.34;_start;|, 35.267701, 1600.00, 24.899000
2025-11-15T20:26:38.969554Z, , 31.838250, 850.00, 24.899000
2025-11-15T20:26:38.974762Z, , 32.950130, 850.00, 24.899000
2025-11-15T20:26:38.982343Z, 0xfffffffffffffe00;PyObject_Free;0x59017f;0x5f7099;0x5e2a34;_PyEval_EvalFrameDefault;_PyObject_Call_Prepend;0x59da4f;0x599513;_PyObject_MakeTpCall;_PyEval_EvalFrameDefault;PyEval_EvalCode;0x5d2bac;0x5818ed;_PyEval_EvalFrameDefault;0x54a0c7;PyObject_CallMethodObjArgs;PyImport_ImportModuleLevelObject;_PyEval_EvalFrameDefault;PyEval_EvalCode;0x5d2bac;0x5818ed;_PyEval_EvalFrameDefault;0x54a0c7;PyObject_CallMethodObjArgs;PyImport_ImportModuleLevelObject;_PyEval_EvalFrameDefault;PyEval_EvalCode;0x5d2bac;0x5818ed;_PyEval_EvalFrameDefault;0x54a0c7;PyObject_CallMethodObjArgs;PyImport_ImportModuleLevelObject;_PyEval_EvalFrameDefault;PyEval_EvalCode;0x5d2bac;0x5818ed;_PyEval_EvalFrameDefault;0x54a0c7;PyObject_CallMethodObjArgs;PyImport_ImportModuleLevelObject;0x5d2ef4;0x5818ed;_PyEval_EvalFrameDefault;0x54a0c7;PyObject_CallMethodObjArgs;PyImport_ImportModuleLevelObject;_PyEval_EvalFrameDefault;PyEval_EvalCode;0x5d2bac;0x5818ed;_PyEval_EvalFrameDefault;0x54a0c7;PyObject_CallMethodObjArgs;PyImport_ImportModuleLevelObject;_PyEval_EvalFrameDefault;PyEval_EvalCode;0x607fc2;0x6b4393;_PyRun_SimpleFileObject;_PyRun_AnyFileObject;Py_RunMain;Py_BytesMain;__libc_start_call_main;__libc_start_main@@GLIBC_2.34;_start;|, 27.264031, 1800.00, 24.899000
2025-11-15T20:26:38.987567Z, , 34.254677, 900.00, 24.899000
2025-11-15T20:26:38.992924Z, 0xfffffffffffffe00;__strlen_avx2;0x75124af0473b;|, 28.663234, 1900.00, 24.899000
2025-11-15T20:26:38.998131Z, , 31.420002, 1900.00, 24.899000
2025-11-15T20:26:39.006056Z, 0xfffffffffffffe00;__memcpy_avx_unaligned_erms;0x5adac8;PyUnicode_FromFormatV;PyUnicode_FromFormat;0x44c83b;0x554f7e;PyObject_Str;_PyEval_EvalFrameDefault;0x5a42f1;PyObject_Str;_PyEval_EvalFrameDefault;0x5a42f1;PyObject_Str;_PyEval_EvalFrameDefault;_PyObject_Call_Prepend;0x59da4f;0x599513;_PyObject_MakeTpCall;_PyEval_EvalFrameDefault;PyEval_EvalCode;0x5d2bac;0x5818ed;_PyEval_EvalFrameDefault;0x54a0c7;PyObject_CallMethodObjArgs;PyImport_ImportModuleLevelObject;_PyEval_EvalFrameDefault;PyEval_EvalCode;0x5d2bac;0x5818ed;_PyEval_EvalFrameDefault;0x54a0c7;PyObject_CallMethodObjArgs;PyImport_ImportModuleLevelObject;_PyEval_EvalFrameDefault;PyEval_EvalCode;0x5d2bac;0x5818ed;_PyEval_EvalFrameDefault;0x54a0c7;PyObject_CallMethodObjArgs;PyImport_ImportModuleLevelObject;_PyEval_EvalFrameDefault;PyEval_EvalCode;0x5d2bac;0x5818ed;_PyEval_EvalFrameDefault;0x54a0c7;PyObject_CallMethodObjArgs;PyImport_ImportModuleLevelObject;0x5d2ef4;0x5818ed;_PyEval_EvalFrameDefault;0x54a0c7;PyObject_CallMethodObjArgs;PyImport_ImportModuleLevelObject;_PyEval_EvalFrameDefault;PyEval_EvalCode;0x5d2bac;0x5818ed;_PyEval_EvalFrameDefault;0x54a0c7;PyObject_CallMethodObjArgs;PyImport_ImportModuleLevelObject;_PyEval_EvalFrameDefault;PyEval_EvalCode;0x607fc2;0x6b4393;_PyRun_SimpleFileObject;_PyRun_AnyFileObject;Py_RunMain;Py_BytesMain;__libc_start_call_main;__libc_start_main@@GLIBC_2.34;_start;|, 28.009823, 2000.00, 24.899000
2025-11-15T20:26:39.013552Z, 0xfffffffffffffe00;_PyEval_EvalFrameDefault;0x5554a6;0x5d29e6;_PyEval_EvalFrameDefault;_PyObject_Call_Prepend;0x59da4f;0x599513;_PyObject_MakeTpCall;_PyEval_EvalFrameDefault;PyEval_EvalCode;0x5d2bac;0x5818ed;_PyEval_EvalFrameDefault;0x54a0c7;PyObject_CallMethodObjArgs;PyImport_ImportModuleLevelObject;_PyEval_EvalFrameDefault;PyEval_EvalCode;0x5d2bac;0x5818ed;_PyEval_EvalFrameDefault;0x54a0c7;PyObject_CallMethodObjArgs;PyImport_ImportModuleLevelObject;_PyEval_EvalFrameDefault;PyEval_EvalCode;0x5d2bac;0x5818ed;_PyEval_EvalFrameDefault;0x54a0c7;PyObject_CallMethodObjArgs;PyImport_ImportModuleLevelObject;_PyEval_EvalFrameDefault;PyEval_EvalCode;0x5d2bac;0x5818ed;_PyEval_EvalFrameDefault;0x54a0c7;PyObject_CallMethodObjArgs;PyImport_ImportModuleLevelObject;0x5d2ef4;0x5818ed;_PyEval_EvalFrameDefault;0x54a0c7;PyObject_CallMethodObjArgs;PyImport_ImportModuleLevelObject;_PyEval_EvalFrameDefault;PyEval_EvalCode;0x5d2bac;0x5818ed;_PyEval_EvalFrameDefault;0x54a0c7;PyObject_CallMethodObjArgs;PyImport_ImportModuleLevelObject;_PyEval_EvalFrameDefault;PyEval_EvalCode;0x607fc2;0x6b4393;_PyRun_SimpleFileObject;_PyRun_AnyFileObject;Py_RunMain;Py_BytesMain;__libc_start_call_main;__libc_start_main@@GLIBC_2.34;_start;|, 36.097663, 2100.00, 24.899000
2025-11-15T20:26:39.018803Z, 0xfffffffffffffe00;0x75125df6aca5;0x1000000000;0x75125e976a70;0x7511f1cb96a0;0x4810c08348001bd3;|, 34.227672, 1050.00, 24.899000
2025-11-15T20:26:39.024048Z, , 30.904787, 2200.00, 24.899000
2025-11-15T20:26:39.029280Z, , 26.463840, 2200.00, 24.899000
2025-11-15T20:26:39.034505Z, , 24.836951, 0.00, 24.899000
2025-11-15T20:26:39.039735Z, 0xfffffffffffffe00;0x75124aeea230;0x3ff;0x0;|, 26.481430, 100.00, 24.899000
2025-11-15T20:26:39.044947Z, , 26.463069, 0.00, 24.899000
2025-11-15T20:26:39.052288Z, 0xfffffffffffffe00;0x5b43b6;0x5b394a;_PyEval_EvalFrameDefault;PyEval_EvalCode;0x5d2bac;0x5818ed;_PyEval_EvalFrameDefault;0x54a0c7;PyObject_CallMethodObjArgs;PyImport_ImportModuleLevelObject;_PyEval_EvalFrameDefault;PyEval_EvalCode;0x5d2bac;0x5818ed;_PyEval_EvalFrameDefault;0x54a0c7;PyObject_CallMethodObjArgs;PyImport_ImportModuleLevelObject;_PyEval_EvalFrameDefault;PyEval_EvalCode;0x5d2bac;0x5818ed;_PyEval_EvalFrameDefault;0x54a0c7;PyObject_CallMethodObjArgs;PyImport_ImportModuleLevelObject;_PyEval_EvalFrameDefault;PyEval_EvalCode;0x5d2bac;0x5818ed;_PyEval_EvalFrameDefault;0x54a0c7;PyObject_CallMethodObjArgs;PyImport_ImportModuleLevelObject;0x5d2ef4;0x5818ed;_PyEval_EvalFrameDefault;0x54a0c7;PyObject_CallMethodObjArgs;PyImport_ImportModuleLevelObject;_PyEval_EvalFrameDefault;PyEval_EvalCode;0x5d2bac;0x5818ed;_PyEval_EvalFrameDefault;0x54a0c7;PyObject_CallMethodObjArgs;PyImport_ImportModuleLevelObject;_PyEval_EvalFrameDefault;PyEval_EvalCode;0x607fc2;0x6b4393;_PyRun_SimpleFileObject;_PyRun_AnyFileObject;Py_RunMain;Py_BytesMain;__libc_start_call_main;__libc_start_main@@GLIBC_2.34;_start;|, 31.277189, 100.00, 24.899000
2025-11-15T20:26:39.057521Z, 0xfffffffffffffe00;0x75125df7469d;0x22cc7e00;|, 42.805806, 100.00, 24.899000
2025-11-15T20:26:39.062690Z, , 47.161376, 200.00, 24.899000
2025-11-15T20:26:39.070086Z, 0xfffffffffffffe00;0x552040;0x5a1d52;PyObject_SetAttr;_PyEval_EvalFrameDefault;_PyObject_Call_Prepend;0x59da4f;0x599513;_PyObject_MakeTpCall;_PyEval_EvalFrameDefault;0x64ef83;PyObject_Call;_PyEval_EvalFrameDefault;0x5a0bf5;_PyEval_EvalFrameDefault;PyEval_EvalCode;0x5d2bac;0x5818ed;_PyEval_EvalFrameDefault;0x54a0c7;PyObject_CallMethodObjArgs;PyImport_ImportModuleLevelObject;_PyEval_EvalFrameDefault;PyEval_EvalCode;0x5d2bac;0x5818ed;_PyEval_EvalFrameDefault;0x54a0c7;PyObject_CallMethodObjArgs;PyImport_ImportModuleLevelObject;_PyEval_EvalFrameDefault;PyEval_EvalCode;0x5d2bac;0x5818ed;_PyEval_EvalFrameDefault;0x54a0c7;PyObject_CallMethodObjArgs;PyImport_ImportModuleLevelObject;0x5d2ef4;0x5818ed;_PyEval_EvalFrameDefault;0x54a0c7;PyObject_CallMethodObjArgs;PyImport_ImportModuleLevelObject;_PyEval_EvalFrameDefault;PyEval_EvalCode;0x5d2bac;0x5818ed;_PyEval_EvalFrameDefault;0x54a0c7;PyObject_CallMethodObjArgs;PyImport_ImportModuleLevelObject;_PyEval_EvalFrameDefault;PyEval_EvalCode;0x607fc2;0x6b4393;_PyRun_SimpleFileObject;_PyRun_AnyFileObject;Py_RunMain;Py_BytesMain;__libc_start_call_main;__libc_start_main@@GLIBC_2.34;_start;|, 32.581833, 150.00, 24.899000
2025-11-15T20:26:39.075283Z, 0xfffffffffffffe00;0x75124ed4799c;_PyRuntime;|, 60.878647, 200.00, 24.899000
2025-11-15T20:26:39.080417Z, , 38.200981, 250.00, 24.899000
2025-11-15T20:26:39.085533Z, , 41.124344, 500.00, 24.899000
2025-11-15T20:26:39.090641Z, , 60.287791, 600.00, 24.899000
2025-11-15T20:26:39.095752Z, , 40.528849, 600.00, 24.899000
2025-11-15T20:26:39.100893Z, 0xfffffffffffffe00;0x75125df6aca5;0x23722780;0x75125a7dff30;0x7511f1cbc020;0x4810c08348001bae;|0xfffffffffffffe00;0x75125df6ff07;0x21d;0x273fc340;|, 47.942891, 700.00, 24.899000
2025-11-15T20:26:39.105991Z, , 53.704234, 350.00, 24.899000
2025-11-15T20:26:39.113093Z, 0xfffffffffffffe00;_PyObject_GC_New;PyDict_Copy;0x64e83c;_PyObject_MakeTpCall;PyObject_Vectorcall;_PyEval_EvalFrameDefault;PyEval_EvalCode;0x5d2bac;0x5818ed;_PyEval_EvalFrameDefault;0x54a0c7;PyObject_CallMethodObjArgs;PyImport_ImportModuleLevelObject;_PyEval_EvalFrameDefault;PyEval_EvalCode;0x5d2bac;0x5818ed;_PyEval_EvalFrameDefault;0x54a0c7;PyObject_CallMethodObjArgs;PyImport_ImportModuleLevelObject;_PyEval_EvalFrameDefault;PyEval_EvalCode;0x5d2bac;0x5818ed;_PyEval_EvalFrameDefault;0x54a0c7;PyObject_CallMethodObjArgs;PyImport_ImportModuleLevelObject;0x5d2ef4;0x5818ed;_PyEval_EvalFrameDefault;0x54a0c7;PyObject_CallMethodObjArgs;PyImport_ImportModuleLevelObject;_PyEval_EvalFrameDefault;PyEval_EvalCode;0x5d2bac;0x5818ed;_PyEval_EvalFrameDefault;0x54a0c7;PyObject_CallMethodObjArgs;PyImport_ImportModuleLevelObject;_PyEval_EvalFrameDefault;PyEval_EvalCode;0x607fc2;0x6b4393;_PyRun_SimpleFileObject;_PyRun_AnyFileObject;Py_RunMain;Py_BytesMain;__libc_start_call_main;__libc_start_main@@GLIBC_2.34;_start;|, 48.120960, 800.00, 24.899000
2025-11-15T20:26:39.118370Z, 0xfffffffffffffe00;0x7511f1cbb7c9;0x0;0x75125e976a90;0x7511f1cb96a0;0x4810c08348001bd3;|, 49.240005, 400.00, 24.899000
2025-11-15T20:26:39.123568Z, , 36.529807, 900.00, 24.899000
2025-11-15T20:26:39.130621Z, 0xfffffffffffffe00;PyObject_Free;0x61c8fd;0x61bbc1;0x5fba23;_PyEval_EvalFrameDefault;0x5554a6;PyIter_Next;0x57d4c1;0x6719f8;0x67193b;0x6718d1;0x599513;_PyObject_MakeTpCall;_PyEval_EvalFrameDefault;_PyObject_Call_Prepend;0x59da4f;0x599513;_PyObject_MakeTpCall;_PyEval_EvalFrameDefault;PyEval_EvalCode;0x5d2bac;0x5818ed;_PyEval_EvalFrameDefault;0x54a0c7;PyObject_CallMethodObjArgs;PyImport_ImportModuleLevelObject;0x5d2ef4;0x5818ed;_PyEval_EvalFrameDefault;0x54a0c7;PyObject_CallMethodObjArgs;PyImport_ImportModuleLevelObject;_PyEval_EvalFrameDefault;PyEval_EvalCode;0x5d2bac;0x5818ed;_PyEval_EvalFrameDefault;0x54a0c7;PyObject_CallMethodObjArgs;PyImport_ImportModuleLevelObject;_PyEval_EvalFrameDefault;PyEval_EvalCode;0x607fc2;0x6b4393;_PyRun_SimpleFileObject;_PyRun_AnyFileObject;Py_RunMain;Py_BytesMain;__libc_start_call_main;__libc_start_main@@GLIBC_2.34;_start;|, 30.445396, 0.00, 24.899000
2025-11-15T20:26:39.135840Z, , 39.672417, 50.00, 24.899000
2025-11-15T20:26:39.141070Z, , 26.739035, 0.00, 24.899000
2025-11-15T20:26:39.146305Z, , 26.426644, 0.00, 24.899000
2025-11-15T20:26:39.151474Z, , 25.753430, 0.00, 24.899000
2025-11-15T20:26:39.158401Z, 0xfffffffffffffe00;_PyObject_GenericGetAttrWithDict;0x5a372c;PyObject_GetAttr;_PyEval_EvalFrameDefault;_PyObject_Call_Prepend;0x59da4f;0x599513;_PyObject_MakeTpCall;_PyEval_EvalFrameDefault;PyObject_Vectorcall;0x5a379d;PyObject_GetAttr;_PyEval_EvalFrameDefault;PyEval_EvalCode;0x5d2bac;0x5818ed;_PyEval_EvalFrameDefault;0x54a0c7;PyObject_CallMethodObjArgs;PyImport_ImportModuleLevelObject;0x5d2ef4;0x5818ed;_PyEval_EvalFrameDefault;0x54a0c7;PyObject_CallMethodObjArgs;PyImport_ImportModuleLevelObject;_PyEval_EvalFrameDefault;PyEval_EvalCode;0x5d2bac;0x5818ed;_PyEval_EvalFrameDefault;0x54a0c7;PyObject_CallMethodObjArgs;PyImport_ImportModuleLevelObject;_PyEval_EvalFrameDefault;PyEval_EvalCode;0x607fc2;0x6b4393;_PyRun_SimpleFileObject;_PyRun_AnyFileObject;Py_RunMain;Py_BytesMain;__libc_start_call_main;__libc_start_main@@GLIBC_2.34;_start;|, 40.382783, 0.00, 24.899000
2025-11-15T20:26:39.164074Z, 0xfffffffffffffe00;_PyEval_EvalFrameDefault;0x54cea2;_PyEval_EvalFrameDefault;PyObject_VectorcallMethod;PyImport_ImportModuleLevelObject;PyImport_ImportModuleLevelObject;0x5d2ef4;0x5818ed;PyObject_CallFunction;PyImport_Import;PyImport_ImportModule;0x75125e74981f;_PyNone_Type;|, 35.013595, 100.00, 24.899000
2025-11-15T20:26:39.169332Z, 0xfffffffffffffe00;0x75124ae7b996;|, 31.509653, 200.00, 24.899000
2025-11-15T20:26:39.174548Z, , 29.066681, 200.00, 24.899000
2025-11-15T20:26:39.181702Z, 0xfffffffffffffe00;_int_free;free;0x75125df78975;_PyObject_MakeTpCall;0x54d035;0x5a0e94;0x5a3a93;PyNumber_Long;0x75125e1a7f81;_PyObject_MakeTpCall;0x54cff6;0x5a1084;0x5a46cc;0x57273c;_PyEval_EvalFrameDefault;PyEval_EvalCode;0x5d2bac;0x5818ed;_PyEval_EvalFrameDefault;0x54a0c7;PyObject_CallMethodObjArgs;PyImport_ImportModuleLevelObject;0x5d2ef4;0x5818ed;_PyEval_EvalFrameDefault;0x54a0c7;PyObject_CallMethodObjArgs;PyImport_ImportModuleLevelObject;_PyEval_EvalFrameDefault;PyEval_EvalCode;0x5d2bac;0x5818ed;_PyEval_EvalFrameDefault;0x54a0c7;PyObject_CallMethodObjArgs;PyImport_ImportModuleLevelObject;_PyEval_EvalFrameDefault;PyEval_EvalCode;0x607fc2;0x6b4393;_PyRun_SimpleFileObject;_PyRun_AnyFileObject;Py_RunMain;Py_BytesMain;__libc_start_call_main;__libc_start_main@@GLIBC_2.34;_start;|, 41.354499, 300.00, 24.899000
2025-11-15T20:26:39.186898Z, `S©b, 44.571440, 150.00, 24.899000
2025-11-15T20:26:39.195389Z, 0xfffffffffffffe00;PyType_IsSubtype;0x59dea3;PyObject_GetAttr;_PyEval_EvalFrameDefault;0x5a1d52;PyObject_SetAttr;0x5d260a;_PyEval_EvalFrameDefault;0x54ce3d;0x54a0c7;PyObject_CallFunctionObjArgs;0x59a00f;0x59e81f;0x581a6f;PyObject_Call;_PyEval_EvalFrameDefault;_PyObject_Call_Prepend;0x59e673;0x5994d7;_PyObject_MakeTpCall;0x5d1fdb;0x5818ed;PyObject_Vectorcall;_PyEval_EvalFrameDefault;PyEval_EvalCode;0x5d2bac;0x5818ed;_PyEval_EvalFrameDefault;0x54a0c7;PyObject_CallMethodObjArgs;PyImport_ImportModuleLevelObject;0x5d2ef4;0x5818ed;_PyEval_EvalFrameDefault;0x54a0c7;PyObject_CallMethodObjArgs;PyImport_ImportModuleLevelObject;_PyEval_EvalFrameDefault;PyEval_EvalCode;0x5d2bac;0x5818ed;_PyEval_EvalFrameDefault;0x54a0c7;PyObject_CallMethodObjArgs;PyImport_ImportModuleLevelObject;0x5d2ef4;0x5818ed;_PyEval_EvalFrameDefault;0x54a0c7;PyObject_CallMethodObjArgs;PyImport_ImportModuleLevelObject;_PyEval_EvalFrameDefault;PyEval_EvalCode;0x5d2bac;0x5818ed;_PyEval_EvalFrameDefault;0x54a0c7;PyObject_CallMethodObjArgs;PyImport_ImportModuleLevelObject;_PyEval_EvalFrameDefault;PyEval_EvalCode;0x5d2bac;0x5818ed;_PyEval_EvalFrameDefault;0x54a0c7;PyObject_CallMethodObjArgs;PyImport_ImportModuleLevelObject;0x5d2ef4;0x5818ed;_PyEval_EvalFrameDefault;0x54a0c7;PyObject_CallMethodObjArgs;PyImport_ImportModuleLevelObject;_PyEval_EvalFrameDefault;PyEval_EvalCode;0x5d2bac;0x5818ed;_PyEval_EvalFrameDefault;0x54a0c7;PyObject_CallMethodObjArgs;PyImport_ImportModuleLevelObject;_PyEval_EvalFrameDefault;PyEval_EvalCode;0x607fc2;0x6b4393;_PyRun_SimpleFileObject;_PyRun_AnyFileObject;Py_RunMain;Py_BytesMain;__libc_start_call_main;__libc_start_main@@GLIBC_2.34;_start;|, 31.569524, 0.00, 24.899000
2025-11-15T20:26:39.200630Z, `S©b, 52.346133, 33.33, 24.899000
2025-11-15T20:26:39.208015Z, 0xffffffffffffff80;0xffffffff96e28e41;0xffffffff96e41a22;0xffffffff96e41e95;0xffffffff96e4249f;0xffffffff96e3dead;0xffffffff96e3e027;0xffffffff96dc872c;0xffffffff96bc7b67;0xffffffff96bc864e;0xffffffff96bc86f4;0xffffffff96bc876c;0xffffffff9668510c;0xffffffff978d678e;0xffffffff9640012b;0xfffffffffffffe00;fstatat64;_PyEval_EvalFrameDefault;0x54a0c7;PyObject_CallMethodObjArgs;PyImport_ImportModuleLevelObject;_PyEval_EvalFrameDefault;PyEval_EvalCode;0x5d2bac;0x5818ed;_PyEval_EvalFrameDefault;0x54a0c7;PyObject_CallMethodObjArgs;PyImport_ImportModuleLevelObject;_PyEval_EvalFrameDefault;PyEval_EvalCode;0x5d2bac;0x5818ed;_PyEval_EvalFrameDefault;0x54a0c7;PyObject_CallMethodObjArgs;PyImport_ImportModuleLevelObject;_PyEval_EvalFrameDefault;PyEval_EvalCode;0x5d2bac;0x5818ed;_PyEval_EvalFrameDefault;0x54a0c7;PyObject_CallMethodObjArgs;PyImport_ImportModuleLevelObject;0x5d2ef4;0x5818ed;_PyEval_EvalFrameDefault;0x54a0c7;PyObject_CallMethodObjArgs;PyImport_ImportModuleLevelObject;_PyEval_EvalFrameDefault;PyEval_EvalCode;0x5d2bac;0x5818ed;_PyEval_EvalFrameDefault;0x54a0c7;PyObject_CallMethodObjArgs;PyImport_ImportModuleLevelObject;_PyEval_EvalFrameDefault;PyEval_EvalCode;0x607fc2;0x6b4393;_PyRun_SimpleFileObject;_PyRun_AnyFileObject;Py_RunMain;Py_BytesMain;__libc_start_call_main;__libc_start_main@@GLIBC_2.34;_start;|, 36.837342, 100.00, 24.899000
2025-11-15T20:26:39.214919Z, 0xfffffffffffffe00;_PyTrash_end;0x638297;0x599513;_PyObject_MakeTpCall;_PyObject_CallFunction_SizeT;0x637151;0x5818ed;_PyObject_CallFunction_SizeT;PyFile_OpenCodeObject;0x636c93;_PyEval_EvalFrameDefault;0x54a0c7;PyObject_CallMethodObjArgs;PyImport_ImportModuleLevelObject;_PyEval_EvalFrameDefault;PyEval_EvalCode;0x5d2bac;0x5818ed;_PyEval_EvalFrameDefault;0x54a0c7;PyObject_CallMethodObjArgs;PyImport_ImportModuleLevelObject;0x5d2ef4;0x5818ed;_PyEval_EvalFrameDefault;0x54a0c7;PyObject_CallMethodObjArgs;PyImport_ImportModuleLevelObject;_PyEval_EvalFrameDefault;PyEval_EvalCode;0x5d2bac;0x5818ed;_PyEval_EvalFrameDefault;0x54a0c7;PyObject_CallMethodObjArgs;PyImport_ImportModuleLevelObject;_PyEval_EvalFrameDefault;PyEval_EvalCode;0x607fc2;0x6b4393;_PyRun_SimpleFileObject;_PyRun_AnyFileObject;Py_RunMain;Py_BytesMain;__libc_start_call_main;__libc_start_main@@GLIBC_2.34;_start;|, 44.729204, 66.67, 27.202000
2025-11-15T20:26:39.220128Z, , 44.832900, 200.00, 27.202000
2025-11-15T20:26:39.228594Z, 0xfffffffffffffe00;_PyArena_Malloc;0x519f49;0x5272ab;0x51f4b0;0x532010;0x52ba1d;0x51d1b1;0x51c807;0x518fbd;PyRun_StringFlags;0x5d2c59;_PyEval_EvalFrameDefault;PyEval_EvalCode;0x5d2bac;0x5818ed;_PyEval_EvalFrameDefault;0x54a0c7;PyObject_CallMethodObjArgs;PyImport_ImportModuleLevelObject;_PyEval_EvalFrameDefault;PyEval_EvalCode;0x5d2bac;0x5818ed;_PyEval_EvalFrameDefault;0x54a0c7;PyObject_CallMethodObjArgs;PyImport_ImportModuleLevelObject;_PyEval_EvalFrameDefault;PyEval_EvalCode;0x5d2bac;0x5818ed;_PyEval_EvalFrameDefault;0x54a0c7;PyObject_CallMethodObjArgs;PyImport_ImportModuleLevelObject;_PyEval_EvalFrameDefault;PyEval_EvalCode;0x5d2bac;0x5818ed;_PyEval_EvalFrameDefault;0x54a0c7;PyObject_CallMethodObjArgs;PyImport_ImportModuleLevelObject;0x5d2ef4;0x5818ed;_PyEval_EvalFrameDefault;0x54a0c7;PyObject_CallMethodObjArgs;PyImport_ImportModuleLevelObject;_PyEval_EvalFrameDefault;PyEval_EvalCode;0x5d2bac;0x5818ed;_PyEval_EvalFrameDefault;0x54a0c7;PyObject_CallMethodObjArgs;PyImport_ImportModuleLevelObject;_PyEval_EvalFrameDefault;PyEval_EvalCode;0x5d2bac;0x5818ed;_PyEval_EvalFrameDefault;0x54a0c7;PyObject_CallMethodObjArgs;PyImport_ImportModuleLevelObject;0x5d2ef4;0x5818ed;_PyEval_EvalFrameDefault;0x54a0c7;PyObject_CallMethodObjArgs;PyImport_ImportModuleLevelObject;_PyEval_EvalFrameDefault;PyEval_EvalCode;0x5d2bac;0x5818ed;_PyEval_EvalFrameDefault;0x54a0c7;PyObject_CallMethodObjArgs;PyImport_ImportModuleLevelObject;_PyEval_EvalFrameDefault;PyEval_EvalCode;0x607fc2;0x6b4393;_PyRun_SimpleFileObject;_PyRun_AnyFileObject;Py_RunMain;Py_BytesMain;__libc_start_call_main;__libc_start_main@@GLIBC_2.34;_start;|, 39.813252, 150.00, 27.202000
2025-11-15T20:26:39.237536Z, 0xfffffffffffffe00;0x5d3803;_PyEval_EvalFrameDefault;_PyObject_Call_Prepend;0x59da4f;0x599513;_PyObject_MakeTpCall;_PyEval_EvalFrameDefault;PyEval_EvalCode;0x5d2bac;0x5818ed;_PyEval_EvalFrameDefault;0x54a0c7;PyObject_CallMethodObjArgs;PyImport_ImportModuleLevelObject;0x5d2ef4;0x5818ed;_PyEval_EvalFrameDefault;0x54a0c7;PyObject_CallMethodObjArgs;PyImport_ImportModuleLevelObject;_PyEval_EvalFrameDefault;PyEval_EvalCode;0x5d2bac;0x5818ed;_PyEval_EvalFrameDefault;0x54a0c7;PyObject_CallMethodObjArgs;PyImport_ImportModuleLevelObject;0x5d2ef4;0x5818ed;_PyEval_EvalFrameDefault;0x54a0c7;PyObject_CallMethodObjArgs;PyImport_ImportModuleLevelObject;_PyEval_EvalFrameDefault;PyEval_EvalCode;0x5d2bac;0x5818ed;_PyEval_EvalFrameDefault;0x54a0c7;PyObject_CallMethodObjArgs;PyImport_ImportModuleLevelObject;_PyEval_EvalFrameDefault;PyEval_EvalCode;0x5d2bac;0x5818ed;_PyEval_EvalFrameDefault;0x54a0c7;PyObject_CallMethodObjArgs;PyImport_ImportModuleLevelObject;_PyEval_EvalFrameDefault;PyEval_EvalCode;0x5d2bac;0x5818ed;_PyEval_EvalFrameDefault;0x54a0c7;PyObject_CallMethodObjArgs;PyImport_ImportModuleLevelObject;0x5d2ef4;0x5818ed;_PyEval_EvalFrameDefault;0x54a0c7;PyObject_CallMethodObjArgs;PyImport_ImportModuleLevelObject;_PyEval_EvalFrameDefault;PyEval_EvalCode;0x5d2bac;0x5818ed;_PyEval_EvalFrameDefault;0x54a0c7;PyObject_CallMethodObjArgs;PyImport_ImportModuleLevelObject;_PyEval_EvalFrameDefault;PyEval_EvalCode;0x5d2bac;0x5818ed;_PyEval_EvalFrameDefault;0x54a0c7;PyObject_CallMethodObjArgs;PyImport_ImportModuleLevelObject;0x5d2ef4;0x5818ed;_PyEval_EvalFrameDefault;0x54a0c7;PyObject_CallMethodObjArgs;PyImport_ImportModuleLevelObject;_PyEval_EvalFrameDefault;PyEval_EvalCode;0x5d2bac;0x5818ed;_PyEval_EvalFrameDefault;0x54a0c7;PyObject_CallMethodObjArgs;PyImport_ImportModuleLevelObject;_PyEval_EvalFrameDefault;PyEval_EvalCode;0x607fc2;0x6b4393;_PyRun_SimpleFileObject;_PyRun_AnyFileObject;Py_RunMain;Py_BytesMain;__libc_start_call_main;__libc_start_main@@GLIBC_2.34;_start;|, 38.517272, 400.00, 27.202000
2025-11-15T20:26:39.245983Z, 0xfffffffffffffe00;0x5914a8;0x5d539f;0x5d5229;_PyEval_EvalFrameDefault;PyObject_Call;0x64e874;_PyObject_MakeTpCall;_PyEval_EvalFrameDefault;PyEval_EvalCode;0x5d2bac;0x5818ed;_PyEval_EvalFrameDefault;0x54a0c7;PyObject_CallMethodObjArgs;PyImport_ImportModuleLevelObject;0x5d2ef4;0x5818ed;_PyEval_EvalFrameDefault;0x54a0c7;PyObject_CallMethodObjArgs;PyImport_ImportModuleLevelObject;_PyEval_EvalFrameDefault;PyEval_EvalCode;0x5d2bac;0x5818ed;_PyEval_EvalFrameDefault;0x54a0c7;PyObject_CallMethodObjArgs;PyImport_ImportModuleLevelObject;_PyEval_EvalFrameDefault;PyEval_EvalCode;0x5d2bac;0x5818ed;_PyEval_EvalFrameDefault;0x54a0c7;PyObject_CallMethodObjArgs;PyImport_ImportModuleLevelObject;_PyEval_EvalFrameDefault;PyEval_EvalCode;0x5d2bac;0x5818ed;_PyEval_EvalFrameDefault;0x54a0c7;PyObject_CallMethodObjArgs;PyImport_ImportModuleLevelObject;0x5d2ef4;0x5818ed;_PyEval_EvalFrameDefault;0x54a0c7;PyObject_CallMethodObjArgs;PyImport_ImportModuleLevelObject;_PyEval_EvalFrameDefault;PyEval_EvalCode;0x5d2bac;0x5818ed;_PyEval_EvalFrameDefault;0x54a0c7;PyObject_CallMethodObjArgs;PyImport_ImportModuleLevelObject;_PyEval_EvalFrameDefault;PyEval_EvalCode;0x5d2bac;0x5818ed;_PyEval_EvalFrameDefault;0x54a0c7;PyObject_CallMethodObjArgs;PyImport_ImportModuleLevelObject;0x5d2ef4;0x5818ed;_PyEval_EvalFrameDefault;0x54a0c7;PyObject_CallMethodObjArgs;PyImport_ImportModuleLevelObject;_PyEval_EvalFrameDefault;PyEval_EvalCode;0x5d2bac;0x5818ed;_PyEval_EvalFrameDefault;0x54a0c7;PyObject_CallMethodObjArgs;PyImport_ImportModuleLevelObject;_PyEval_EvalFrameDefault;PyEval_EvalCode;0x607fc2;0x6b4393;_PyRun_SimpleFileObject;_PyRun_AnyFileObject;Py_RunMain;Py_BytesMain;__libc_start_call_main;__libc_start_main@@GLIBC_2.34;_start;|, 33.939818, 250.00, 27.202000
2025-11-15T20:26:39.251197Z, `S©b, 34.120525, 300.00, 27.202000
2025-11-15T20:26:39.260960Z, 0xfffffffffffffe00;0x55aec0;0x59e021;PyObject_GetAttr;_PyObject_GetMethod;_PyEval_EvalFrameDefault;PyEval_EvalCode;0x5d2bac;0x5818ed;_PyEval_EvalFrameDefault;0x54a0c7;PyObject_CallMethodObjArgs;PyImport_ImportModuleLevelObject;_PyEval_EvalFrameDefault;PyEval_EvalCode;0x5d2bac;0x5818ed;_PyEval_EvalFrameDefault;0x54a0c7;PyObject_CallMethodObjArgs;PyImport_ImportModuleLevelObject;_PyEval_EvalFrameDefault;PyEval_EvalCode;0x5d2bac;0x5818ed;_PyEval_EvalFrameDefault;0x54a0c7;PyObject_CallMethodObjArgs;PyImport_ImportModuleLevelObject;_PyEval_EvalFrameDefault;PyEval_EvalCode;0x5d2bac;0x5818ed;_PyEval_EvalFrameDefault;0x54a0c7;PyObject_CallMethodObjArgs;PyImport_ImportModuleLevelObject;_PyEval_EvalFrameDefault;PyEval_EvalCode;0x5d2bac;0x5818ed;_PyEval_EvalFrameDefault;0x54a0c7;PyObject_CallMethodObjArgs;PyImport_ImportModuleLevelObject;0x5d2ef4;0x5818ed;_PyEval_EvalFrameDefault;0x54a0c7;PyObject_CallMethodObjArgs;PyImport_ImportModuleLevelObject;_PyEval_EvalFrameDefault;PyEval_EvalCode;0x5d2bac;0x5818ed;_PyEval_EvalFrameDefault;0x54a0c7;PyObject_CallMethodObjArgs;PyImport_ImportModuleLevelObject;0x5d2ef4;0x5818ed;_PyEval_EvalFrameDefault;0x54a0c7;PyObject_CallMethodObjArgs;PyImport_ImportModuleLevelObject;_PyEval_EvalFrameDefault;PyEval_EvalCode;0x5d2bac;0x5818ed;_PyEval_EvalFrameDefault;0x54a0c7;PyObject_CallMethodObjArgs;PyImport_ImportModuleLevelObject;_PyEval_EvalFrameDefault;PyEval_EvalCode;0x5d2bac;0x5818ed;_PyEval_EvalFrameDefault;0x54a0c7;PyObject_CallMethodObjArgs;PyImport_ImportModuleLevelObject;_PyEval_EvalFrameDefault;PyEval_EvalCode;0x5d2bac;0x5818ed;_PyEval_EvalFrameDefault;0x54a0c7;PyObject_CallMethodObjArgs;PyImport_ImportModuleLevelObject;0x5d2ef4;0x5818ed;_PyEval_EvalFrameDefault;0x54a0c7;PyObject_CallMethodObjArgs;PyImport_ImportModuleLevelObject;_PyEval_EvalFrameDefault;PyEval_EvalCode;0x5d2bac;0x5818ed;_PyEval_EvalFrameDefault;0x54a0c7;PyObject_CallMethodObjArgs;PyImport_ImportModuleLevelObject;_PyEval_EvalFrameDefault;PyEval_EvalCode;0x5d2bac;0x5818ed;_PyEval_EvalFrameDefault;0x54a0c7;PyObject_CallMethodObjArgs;PyImport_ImportModuleLevelObject;0x5d2ef4;0x5818ed;_PyEval_EvalFrameDefault;0x54a0c7;PyObject_CallMethodObjArgs;PyImport_ImportModuleLevelObject;_PyEval_EvalFrameDefault;PyEval_EvalCode;0x5d2bac;0x5818ed;_PyEval_EvalFrameDefault;0x54a0c7;PyObject_CallMethodObjArgs;PyImport_ImportModuleLevelObject;_PyEval_EvalFrameDefault;PyEval_EvalCode;0x607fc2;|, 33.217908, 350.00, 27.202000
2025-11-15T20:26:39.270610Z, 0xfffffffffffffe00;_PyEval_EvalFrameDefault;_PyObject_Call_Prepend;0x59da4f;0x599513;_PyObject_MakeTpCall;_PyEval_EvalFrameDefault;0x54cea2;_PyEval_EvalFrameDefault;0x54a0c7;PyObject_CallMethodObjArgs;PyImport_ImportModuleLevelObject;_PyEval_EvalFrameDefault;PyEval_EvalCode;0x5d2bac;0x5818ed;_PyEval_EvalFrameDefault;0x54a0c7;PyObject_CallMethodObjArgs;PyImport_ImportModuleLevelObject;_PyEval_EvalFrameDefault;PyEval_EvalCode;0x5d2bac;0x5818ed;_PyEval_EvalFrameDefault;0x54a0c7;PyObject_CallMethodObjArgs;PyImport_ImportModuleLevelObject;_PyEval_EvalFrameDefault;PyEval_EvalCode;0x5d2bac;0x5818ed;_PyEval_EvalFrameDefault;0x54a0c7;PyObject_CallMethodObjArgs;PyImport_ImportModuleLevelObject;_PyEval_EvalFrameDefault;PyEval_EvalCode;0x5d2bac;0x5818ed;_PyEval_EvalFrameDefault;0x54a0c7;PyObject_CallMethodObjArgs;PyImport_ImportModuleLevelObject;_PyEval_EvalFrameDefault;PyEval_EvalCode;0x5d2bac;0x5818ed;_PyEval_EvalFrameDefault;0x54a0c7;PyObject_CallMethodObjArgs;PyImport_ImportModuleLevelObject;_PyEval_EvalFrameDefault;PyEval_EvalCode;0x5d2bac;0x5818ed;_PyEval_EvalFrameDefault;0x54a0c7;PyObject_CallMethodObjArgs;PyImport_ImportModuleLevelObject;_PyEval_EvalFrameDefault;PyEval_EvalCode;0x5d2bac;0x5818ed;_PyEval_EvalFrameDefault;0x54a0c7;PyObject_CallMethodObjArgs;PyImport_ImportModuleLevelObject;_PyEval_EvalFrameDefault;PyEval_EvalCode;0x5d2bac;0x5818ed;_PyEval_EvalFrameDefault;0x54a0c7;PyObject_CallMethodObjArgs;PyImport_ImportModuleLevelObject;_PyEval_EvalFrameDefault;PyEval_EvalCode;0x5d2bac;0x5818ed;_PyEval_EvalFrameDefault;0x54a0c7;PyObject_CallMethodObjArgs;PyImport_ImportModuleLevelObject;_PyEval_EvalFrameDefault;PyEval_EvalCode;0x5d2bac;0x5818ed;_PyEval_EvalFrameDefault;0x54a0c7;PyObject_CallMethodObjArgs;PyImport_ImportModuleLevelObject;0x5d2ef4;0x5818ed;_PyEval_EvalFrameDefault;0x54a0c7;PyObject_CallMethodObjArgs;PyImport_ImportModuleLevelObject;_PyEval_EvalFrameDefault;PyEval_EvalCode;0x5d2bac;0x5818ed;_PyEval_EvalFrameDefault;0x54a0c7;PyObject_CallMethodObjArgs;PyImport_ImportModuleLevelObject;0x5d2ef4;0x5818ed;_PyEval_EvalFrameDefault;0x54a0c7;PyObject_CallMethodObjArgs;PyImport_ImportModuleLevelObject;_PyEval_EvalFrameDefault;PyEval_EvalCode;0x5d2bac;0x5818ed;_PyEval_EvalFrameDefault;0x54a0c7;PyObject_CallMethodObjArgs;PyImport_ImportModuleLevelObject;_PyEval_EvalFrameDefault;PyEval_EvalCode;0x5d2bac;0x5818ed;_PyEval_EvalFrameDefault;0x54a0c7;PyObject_CallMethodObjArgs;PyImport_ImportModuleLevelObject;|, 39.504918, 350.00, 27.202000
2025-11-15T20:26:39.275912Z, , 33.659697, 800.00, 27.202000
2025-11-15T20:26:39.281169Z, , 34.298003, 0.00, 27.202000
2025-11-15T20:26:39.290720Z, 0xffffffffffffff80;0xffffffff978e7251;0xffffffff96bf0acd;0xffffffff96bbbc19;0xffffffff96bbbcd8;0xffffffff96685148;0xffffffff978d678e;0xffffffff9640012b;0xfffffffffffffe00;llseek@GLIBC_2.2.5;0x5518e1;PyObject_VectorcallMethod;0x639e42;0x599513;_PyObject_MakeTpCall;_PyObject_CallFunction_SizeT;0x6372b4;0x5818ed;_PyObject_CallFunction_SizeT;PyFile_OpenCodeObject;0x636c93;_PyEval_EvalFrameDefault;0x54a0c7;PyObject_CallMethodObjArgs;PyImport_ImportModuleLevelObject;_PyEval_EvalFrameDefault;PyEval_EvalCode;0x5d2bac;0x5818ed;_PyEval_EvalFrameDefault;0x54a0c7;PyObject_CallMethodObjArgs;PyImport_ImportModuleLevelObject;0x5d2ef4;0x5818ed;_PyEval_EvalFrameDefault;0x54a0c7;PyObject_CallMethodObjArgs;PyImport_ImportModuleLevelObject;_PyEval_EvalFrameDefault;PyEval_EvalCode;0x5d2bac;0x5818ed;_PyEval_EvalFrameDefault;0x54a0c7;PyObject_CallMethodObjArgs;PyImport_ImportModuleLevelObject;_PyEval_EvalFrameDefault;PyEval_EvalCode;0x5d2bac;0x5818ed;_PyEval_EvalFrameDefault;0x54a0c7;PyObject_CallMethodObjArgs;PyImport_ImportModuleLevelObject;_PyEval_EvalFrameDefault;PyEval_EvalCode;0x5d2bac;0x5818ed;_PyEval_EvalFrameDefault;0x54a0c7;PyObject_CallMethodObjArgs;PyImport_ImportModuleLevelObject;_PyEval_EvalFrameDefault;PyEval_EvalCode;0x5d2bac;0x5818ed;_PyEval_EvalFrameDefault;0x54a0c7;PyObject_CallMethodObjArgs;PyImport_ImportModuleLevelObject;_PyEval_EvalFrameDefault;PyEval_EvalCode;0x5d2bac;0x5818ed;_PyEval_EvalFrameDefault;0x54a0c7;PyObject_CallMethodObjArgs;PyImport_ImportModuleLevelObject;_PyEval_EvalFrameDefault;PyEval_EvalCode;0x5d2bac;0x5818ed;_PyEval_EvalFrameDefault;0x54a0c7;PyObject_CallMethodObjArgs;PyImport_ImportModuleLevelObject;0x5d2ef4;0x5818ed;_PyEval_EvalFrameDefault;0x54a0c7;PyObject_CallMethodObjArgs;PyImport_ImportModuleLevelObject;_PyEval_EvalFrameDefault;PyEval_EvalCode;0x5d2bac;0x5818ed;_PyEval_EvalFrameDefault;0x54a0c7;PyObject_CallMethodObjArgs;PyImport_ImportModuleLevelObject;0x5d2ef4;0x5818ed;_PyEval_EvalFrameDefault;0x54a0c7;PyObject_CallMethodObjArgs;PyImport_ImportModuleLevelObject;_PyEval_EvalFrameDefault;PyEval_EvalCode;0x5d2bac;0x5818ed;_PyEval_EvalFrameDefault;0x54a0c7;PyObject_CallMethodObjArgs;PyImport_ImportModuleLevelObject;_PyEval_EvalFrameDefault;PyEval_EvalCode;0x5d2bac;0x5818ed;_PyEval_EvalFrameDefault;0x54a0c7;PyObject_CallMethodObjArgs;PyImport_ImportModuleLevelObject;_PyEval_EvalFrameDefault;PyEval_EvalCode;0x5d2bac;0x5818ed;_PyEval_EvalFrameDefault;0x54a0c7;|, 35.283420, 100.00, 27.202000
2025-11-15T20:26:39.300184Z, 0xfffffffffffffe00;_PyEval_EvalFrameDefault;PyObject_Call;0x64e874;_PyObject_MakeTpCall;PyObject_Vectorcall;_PyEval_EvalFrameDefault;_PyObject_Call_Prepend;0x59da4f;0x599513;_PyObject_MakeTpCall;0x5d1fdb;0x5818ed;PyObject_Vectorcall;_PyEval_EvalFrameDefault;PyEval_EvalCode;0x5d2bac;0x5818ed;_PyEval_EvalFrameDefault;0x54a0c7;PyObject_CallMethodObjArgs;PyImport_ImportModuleLevelObject;_PyEval_EvalFrameDefault;PyEval_EvalCode;0x5d2bac;0x5818ed;_PyEval_EvalFrameDefault;0x54a0c7;PyObject_CallMethodObjArgs;PyImport_ImportModuleLevelObject;0x5d2ef4;0x5818ed;_PyEval_EvalFrameDefault;0x54a0c7;PyObject_CallMethodObjArgs;PyImport_ImportModuleLevelObject;_PyEval_EvalFrameDefault;PyEval_EvalCode;0x5d2bac;0x5818ed;_PyEval_EvalFrameDefault;0x54a0c7;PyObject_CallMethodObjArgs;PyImport_ImportModuleLevelObject;_PyEval_EvalFrameDefault;PyEval_EvalCode;0x5d2bac;0x5818ed;_PyEval_EvalFrameDefault;0x54a0c7;PyObject_CallMethodObjArgs;PyImport_ImportModuleLevelObject;_PyEval_EvalFrameDefault;PyEval_EvalCode;0x5d2bac;0x5818ed;_PyEval_EvalFrameDefault;0x54a0c7;PyObject_CallMethodObjArgs;PyImport_ImportModuleLevelObject;_PyEval_EvalFrameDefault;PyEval_EvalCode;0x5d2bac;0x5818ed;_PyEval_EvalFrameDefault;0x54a0c7;PyObject_CallMethodObjArgs;PyImport_ImportModuleLevelObject;_PyEval_EvalFrameDefault;PyEval_EvalCode;0x5d2bac;0x5818ed;_PyEval_EvalFrameDefault;0x54a0c7;PyObject_CallMethodObjArgs;PyImport_ImportModuleLevelObject;_PyEval_EvalFrameDefault;PyEval_EvalCode;0x5d2bac;0x5818ed;_PyEval_EvalFrameDefault;0x54a0c7;PyObject_CallMethodObjArgs;PyImport_ImportModuleLevelObject;_PyEval_EvalFrameDefault;PyEval_EvalCode;0x5d2bac;0x5818ed;_PyEval_EvalFrameDefault;0x54a0c7;PyObject_CallMethodObjArgs;PyImport_ImportModuleLevelObject;0x5d2ef4;0x5818ed;_PyEval_EvalFrameDefault;0x54a0c7;PyObject_CallMethodObjArgs;PyImport_ImportModuleLevelObject;_PyEval_EvalFrameDefault;PyEval_EvalCode;0x5d2bac;0x5818ed;_PyEval_EvalFrameDefault;0x54a0c7;PyObject_CallMethodObjArgs;PyImport_ImportModuleLevelObject;_PyEval_EvalFrameDefault;PyEval_EvalCode;0x5d2bac;0x5818ed;_PyEval_EvalFrameDefault;0x54a0c7;PyObject_CallMethodObjArgs;PyImport_ImportModuleLevelObject;_PyEval_EvalFrameDefault;PyEval_EvalCode;0x5d2bac;0x5818ed;_PyEval_EvalFrameDefault;0x54a0c7;PyObject_CallMethodObjArgs;PyImport_ImportModuleLevelObject;_PyEval_EvalFrameDefault;PyEval_EvalCode;0x5d2bac;0x5818ed;_PyEval_EvalFrameDefault;0x54a0c7;|, 30.677585, 200.00, 27.202000
2025-11-15T20:26:39.309464Z, 0xffffffffffffff80;0xffffffff96b25ef3;0xffffffff96b61a0e;0xffffffff96b64924;0xffffffff96b64b38;0xffffffff96aeff3a;0xffffffff96af0330;0xffffffff96af1971;0xffffffff96af1fcc;0xffffffff96af2229;0xffffffff96755662;0xffffffff978dd385;0xffffffff96400bb7;0xfffffffffffffe00;PyObject_Malloc;PyUnicode_FromKindAndData;0x6022a5;0x6023e7;0x602793;0x602531;0x602793;0x602531;0x602793;0x604dd4;_PyEval_EvalFrameDefault;0x54a0c7;PyObject_CallMethodObjArgs;PyImport_ImportModuleLevelObject;_PyEval_EvalFrameDefault;PyEval_EvalCode;0x5d2bac;0x5818ed;_PyEval_EvalFrameDefault;0x54a0c7;PyObject_CallMethodObjArgs;PyImport_ImportModuleLevelObject;_PyEval_EvalFrameDefault;PyEval_EvalCode;0x5d2bac;0x5818ed;_PyEval_EvalFrameDefault;0x54a0c7;PyObject_CallMethodObjArgs;PyImport_ImportModuleLevelObject;_PyEval_EvalFrameDefault;PyEval_EvalCode;0x5d2bac;0x5818ed;_PyEval_EvalFrameDefault;0x54a0c7;PyObject_CallMethodObjArgs;PyImport_ImportModuleLevelObject;_PyEval_EvalFrameDefault;PyEval_EvalCode;0x5d2bac;0x5818ed;_PyEval_EvalFrameDefault;0x54a0c7;PyObject_CallMethodObjArgs;PyImport_ImportModuleLevelObject;_PyEval_EvalFrameDefault;PyEval_EvalCode;0x5d2bac;0x5818ed;_PyEval_EvalFrameDefault;0x54a0c7;PyObject_CallMethodObjArgs;PyImport_ImportModuleLevelObject;_PyEval_EvalFrameDefault;PyEval_EvalCode;0x5d2bac;0x5818ed;_PyEval_EvalFrameDefault;0x54a0c7;PyObject_CallMethodObjArgs;PyImport_ImportModuleLevelObject;_PyEval_EvalFrameDefault;PyEval_EvalCode;0x5d2bac;0x5818ed;_PyEval_EvalFrameDefault;0x54a0c7;PyObject_CallMethodObjArgs;PyImport_ImportModuleLevelObject;_PyEval_EvalFrameDefault;PyEval_EvalCode;0x5d2bac;0x5818ed;_PyEval_EvalFrameDefault;0x54a0c7;PyObject_CallMethodObjArgs;PyImport_ImportModuleLevelObject;_PyEval_EvalFrameDefault;PyEval_EvalCode;0x5d2bac;0x5818ed;_PyEval_EvalFrameDefault;0x54a0c7;PyObject_CallMethodObjArgs;PyImport_ImportModuleLevelObject;_PyEval_EvalFrameDefault;PyEval_EvalCode;0x5d2bac;0x5818ed;_PyEval_EvalFrameDefault;0x54a0c7;PyObject_CallMethodObjArgs;PyImport_ImportModuleLevelObject;_PyEval_EvalFrameDefault;PyEval_EvalCode;0x5d2bac;0x5818ed;_PyEval_EvalFrameDefault;0x54a0c7;PyObject_CallMethodObjArgs;PyImport_ImportModuleLevelObject;0x5d2ef4;0x5818ed;_PyEval_EvalFrameDefault;0x54a0c7;PyObject_CallMethodObjArgs;PyImport_ImportModuleLevelObject;_PyEval_EvalFrameDefault;PyEval_EvalCode;0x5d2bac;0x5818ed;_PyEval_EvalFrameDefault;0x54a0c7;PyObject_CallMethodObjArgs;|, 37.863878, 66.67, 27.202000
2025-11-15T20:26:39.319440Z, 0xfffffffffffffe00;0x60222e;0x602459;0x6027c3;0x602531;0x602793;0x602531;0x602793;0x604dd4;_PyEval_EvalFrameDefault;0x54a0c7;PyObject_CallMethodObjArgs;PyImport_ImportModuleLevelObject;_PyEval_EvalFrameDefault;PyEval_EvalCode;0x5d2bac;0x5818ed;_PyEval_EvalFrameDefault;0x54a0c7;PyObject_CallMethodObjArgs;PyImport_ImportModuleLevelObject;_PyEval_EvalFrameDefault;PyEval_EvalCode;0x5d2bac;0x5818ed;_PyEval_EvalFrameDefault;0x54a0c7;PyObject_CallMethodObjArgs;PyImport_ImportModuleLevelObject;_PyEval_EvalFrameDefault;PyEval_EvalCode;0x5d2bac;0x5818ed;_PyEval_EvalFrameDefault;0x54a0c7;PyObject_CallMethodObjArgs;PyImport_ImportModuleLevelObject;0x5d2ef4;0x5818ed;_PyEval_EvalFrameDefault;0x54a0c7;PyObject_CallMethodObjArgs;PyImport_ImportModuleLevelObject;_PyEval_EvalFrameDefault;PyEval_EvalCode;0x5d2bac;0x5818ed;_PyEval_EvalFrameDefault;0x54a0c7;PyObject_CallMethodObjArgs;PyImport_ImportModuleLevelObject;_PyEval_EvalFrameDefault;PyEval_EvalCode;0x5d2bac;0x5818ed;_PyEval_EvalFrameDefault;0x54a0c7;PyObject_CallMethodObjArgs;PyImport_ImportModuleLevelObject;_PyEval_EvalFrameDefault;PyEval_EvalCode;0x5d2bac;0x5818ed;_PyEval_EvalFrameDefault;0x54a0c7;PyObject_CallMethodObjArgs;PyImport_ImportModuleLevelObject;_PyEval_EvalFrameDefault;PyEval_EvalCode;0x5d2bac;0x5818ed;_PyEval_EvalFrameDefault;0x54a0c7;PyObject_CallMethodObjArgs;PyImport_ImportModuleLevelObject;_PyEval_EvalFrameDefault;PyEval_EvalCode;0x5d2bac;0x5818ed;_PyEval_EvalFrameDefault;0x54a0c7;PyObject_CallMethodObjArgs;PyImport_ImportModuleLevelObject;_PyEval_EvalFrameDefault;PyEval_EvalCode;0x5d2bac;0x5818ed;_PyEval_EvalFrameDefault;0x54a0c7;PyObject_CallMethodObjArgs;PyImport_ImportModuleLevelObject;_PyEval_EvalFrameDefault;PyEval_EvalCode;0x5d2bac;0x5818ed;_PyEval_EvalFrameDefault;0x54a0c7;PyObject_CallMethodObjArgs;PyImport_ImportModuleLevelObject;_PyEval_EvalFrameDefault;PyEval_EvalCode;0x5d2bac;0x5818ed;_PyEval_EvalFrameDefault;0x54a0c7;PyObject_CallMethodObjArgs;PyImport_ImportModuleLevelObject;_PyEval_EvalFrameDefault;PyEval_EvalCode;0x5d2bac;0x5818ed;_PyEval_EvalFrameDefault;0x54a0c7;PyObject_CallMethodObjArgs;PyImport_ImportModuleLevelObject;_PyEval_EvalFrameDefault;PyEval_EvalCode;0x5d2bac;0x5818ed;_PyEval_EvalFrameDefault;0x54a0c7;PyObject_CallMethodObjArgs;PyImport_ImportModuleLevelObject;0x5d2ef4;0x5818ed;_PyEval_EvalFrameDefault;0x54a0c7;PyObject_CallMethodObjArgs;|, 32.647691, 150.00, 27.202000
2025-11-15T20:26:39.329305Z, 0xfffffffffffffe00;PyObject_Free;0x59a0cd;0x5994d7;_PyObject_MakeTpCall;0x5d1fdb;0x5818ed;PyObject_Vectorcall;_PyEval_EvalFrameDefault;PyEval_EvalCode;0x5d2bac;0x5818ed;_PyEval_EvalFrameDefault;0x54a0c7;PyObject_CallMethodObjArgs;PyImport_ImportModuleLevelObject;_PyEval_EvalFrameDefault;PyEval_EvalCode;0x5d2bac;0x5818ed;_PyEval_EvalFrameDefault;0x54a0c7;PyObject_CallMethodObjArgs;PyImport_ImportModuleLevelObject;0x5d2ef4;0x5818ed;_PyEval_EvalFrameDefault;0x54a0c7;PyObject_CallMethodObjArgs;PyImport_ImportModuleLevelObject;0x5d2ef4;0x5818ed;_PyEval_EvalFrameDefault;0x54a0c7;PyObject_CallMethodObjArgs;PyImport_ImportModuleLevelObject;_PyEval_EvalFrameDefault;PyEval_EvalCode;0x5d2bac;0x5818ed;_PyEval_EvalFrameDefault;0x54a0c7;PyObject_CallMethodObjArgs;PyImport_ImportModuleLevelObject;_PyEval_EvalFrameDefault;PyEval_EvalCode;0x5d2bac;0x5818ed;_PyEval_EvalFrameDefault;0x54a0c7;PyObject_CallMethodObjArgs;PyImport_ImportModuleLevelObject;_PyEval_EvalFrameDefault;PyEval_EvalCode;0x5d2bac;0x5818ed;_PyEval_EvalFrameDefault;0x54a0c7;PyObject_CallMethodObjArgs;PyImport_ImportModuleLevelObject;0x5d2ef4;0x5818ed;_PyEval_EvalFrameDefault;0x54a0c7;PyObject_CallMethodObjArgs;PyImport_ImportModuleLevelObject;_PyEval_EvalFrameDefault;PyEval_EvalCode;0x5d2bac;0x5818ed;_PyEval_EvalFrameDefault;0x54a0c7;PyObject_CallMethodObjArgs;PyImport_ImportModuleLevelObject;_PyEval_EvalFrameDefault;PyEval_EvalCode;0x5d2bac;0x5818ed;_PyEval_EvalFrameDefault;0x54a0c7;PyObject_CallMethodObjArgs;PyImport_ImportModuleLevelObject;_PyEval_EvalFrameDefault;PyEval_EvalCode;0x5d2bac;0x5818ed;_PyEval_EvalFrameDefault;0x54a0c7;PyObject_CallMethodObjArgs;PyImport_ImportModuleLevelObject;_PyEval_EvalFrameDefault;PyEval_EvalCode;0x5d2bac;0x5818ed;_PyEval_EvalFrameDefault;0x54a0c7;PyObject_CallMethodObjArgs;PyImport_ImportModuleLevelObject;_PyEval_EvalFrameDefault;PyEval_EvalCode;0x5d2bac;0x5818ed;_PyEval_EvalFrameDefault;0x54a0c7;PyObject_CallMethodObjArgs;PyImport_ImportModuleLevelObject;_PyEval_EvalFrameDefault;PyEval_EvalCode;0x5d2bac;0x5818ed;_PyEval_EvalFrameDefault;0x54a0c7;PyObject_CallMethodObjArgs;PyImport_ImportModuleLevelObject;_PyEval_EvalFrameDefault;PyEval_EvalCode;0x5d2bac;0x5818ed;_PyEval_EvalFrameDefault;0x54a0c7;PyObject_CallMethodObjArgs;PyImport_ImportModuleLevelObject;_PyEval_EvalFrameDefault;PyEval_EvalCode;0x5d2bac;0x5818ed;_PyEval_EvalFrameDefault;0x54a0c7;|, 35.752900, 133.33, 27.202000
2025-11-15T20:26:39.334759Z, , 33.186440, 250.00, 27.202000
2025-11-15T20:26:39.344641Z, 0xfffffffffffffe00;0x61cf91;0x61c1d6;0x61bbc1;0x5fba23;_PyEval_EvalFrameDefault;PyObject_Call;0x64e874;_PyObject_MakeTpCall;PyObject_Vectorcall;_PyEval_EvalFrameDefault;_PyObject_Call_Prepend;0x59da4f;0x599513;_PyObject_MakeTpCall;0x5d1fdb;0x5818ed;PyObject_Vectorcall;_PyEval_EvalFrameDefault;PyEval_EvalCode;0x5d2bac;0x5818ed;_PyEval_EvalFrameDefault;0x54a0c7;PyObject_CallMethodObjArgs;PyImport_ImportModuleLevelObject;_PyEval_EvalFrameDefault;PyEval_EvalCode;0x5d2bac;0x5818ed;_PyEval_EvalFrameDefault;0x54a0c7;PyObject_CallMethodObjArgs;PyImport_ImportModuleLevelObject;_PyEval_EvalFrameDefault;PyEval_EvalCode;0x5d2bac;0x5818ed;_PyEval_EvalFrameDefault;0x54a0c7;PyObject_CallMethodObjArgs;PyImport_ImportModuleLevelObject;0x5d2ef4;0x5818ed;_PyEval_EvalFrameDefault;0x54a0c7;PyObject_CallMethodObjArgs;PyImport_ImportModuleLevelObject;0x5d2ef4;0x5818ed;_PyEval_EvalFrameDefault;0x54a0c7;PyObject_CallMethodObjArgs;PyImport_ImportModuleLevelObject;_PyEval_EvalFrameDefault;PyEval_EvalCode;0x5d2bac;0x5818ed;_PyEval_EvalFrameDefault;0x54a0c7;PyObject_CallMethodObjArgs;PyImport_ImportModuleLevelObject;_PyEval_EvalFrameDefault;PyEval_EvalCode;0x5d2bac;0x5818ed;_PyEval_EvalFrameDefault;0x54a0c7;PyObject_CallMethodObjArgs;PyImport_ImportModuleLevelObject;_PyEval_EvalFrameDefault;PyEval_EvalCode;0x5d2bac;0x5818ed;_PyEval_EvalFrameDefault;0x54a0c7;PyObject_CallMethodObjArgs;PyImport_ImportModuleLevelObject;0x5d2ef4;0x5818ed;_PyEval_EvalFrameDefault;0x54a0c7;PyObject_CallMethodObjArgs;PyImport_ImportModuleLevelObject;_PyEval_EvalFrameDefault;PyEval_EvalCode;0x5d2bac;0x5818ed;_PyEval_EvalFrameDefault;0x54a0c7;PyObject_CallMethodObjArgs;PyImport_ImportModuleLevelObject;_PyEval_EvalFrameDefault;PyEval_EvalCode;0x5d2bac;0x5818ed;_PyEval_EvalFrameDefault;0x54a0c7;PyObject_CallMethodObjArgs;PyImport_ImportModuleLevelObject;_PyEval_EvalFrameDefault;PyEval_EvalCode;0x5d2bac;0x5818ed;_PyEval_EvalFrameDefault;0x54a0c7;PyObject_CallMethodObjArgs;PyImport_ImportModuleLevelObject;_PyEval_EvalFrameDefault;PyEval_EvalCode;0x5d2bac;0x5818ed;_PyEval_EvalFrameDefault;0x54a0c7;PyObject_CallMethodObjArgs;PyImport_ImportModuleLevelObject;_PyEval_EvalFrameDefault;PyEval_EvalCode;0x5d2bac;0x5818ed;_PyEval_EvalFrameDefault;0x54a0c7;PyObject_CallMethodObjArgs;PyImport_ImportModuleLevelObject;_PyEval_EvalFrameDefault;PyEval_EvalCode;0x5d2bac;0x5818ed;|, 31.355135, 600.00, 27.202000
2025-11-15T20:26:39.354438Z, 0xfffffffffffffe00;0x61cfd0;0x61c23e;0x61bbc1;0x5fba23;_PyEval_EvalFrameDefault;PyObject_Call;0x64e874;_PyObject_MakeTpCall;PyObject_Vectorcall;_PyEval_EvalFrameDefault;_PyObject_Call_Prepend;0x59da4f;0x599513;_PyObject_MakeTpCall;0x5d1fdb;0x5818ed;PyObject_Vectorcall;_PyEval_EvalFrameDefault;PyEval_EvalCode;0x5d2bac;0x5818ed;_PyEval_EvalFrameDefault;0x54a0c7;PyObject_CallMethodObjArgs;PyImport_ImportModuleLevelObject;_PyEval_EvalFrameDefault;PyEval_EvalCode;0x5d2bac;0x5818ed;_PyEval_EvalFrameDefault;0x54a0c7;PyObject_CallMethodObjArgs;PyImport_ImportModuleLevelObject;_PyEval_EvalFrameDefault;PyEval_EvalCode;0x5d2bac;0x5818ed;_PyEval_EvalFrameDefault;0x54a0c7;PyObject_CallMethodObjArgs;PyImport_ImportModuleLevelObject;0x5d2ef4;0x5818ed;_PyEval_EvalFrameDefault;0x54a0c7;PyObject_CallMethodObjArgs;PyImport_ImportModuleLevelObject;0x5d2ef4;0x5818ed;_PyEval_EvalFrameDefault;0x54a0c7;PyObject_CallMethodObjArgs;PyImport_ImportModuleLevelObject;_PyEval_EvalFrameDefault;PyEval_EvalCode;0x5d2bac;0x5818ed;_PyEval_EvalFrameDefault;0x54a0c7;PyObject_CallMethodObjArgs;PyImport_ImportModuleLevelObject;_PyEval_EvalFrameDefault;PyEval_EvalCode;0x5d2bac;0x5818ed;_PyEval_EvalFrameDefault;0x54a0c7;PyObject_CallMethodObjArgs;PyImport_ImportModuleLevelObject;_PyEval_EvalFrameDefault;PyEval_EvalCode;0x5d2bac;0x5818ed;_PyEval_EvalFrameDefault;0x54a0c7;PyObject_CallMethodObjArgs;PyImport_ImportModuleLevelObject;0x5d2ef4;0x5818ed;_PyEval_EvalFrameDefault;0x54a0c7;PyObject_CallMethodObjArgs;PyImport_ImportModuleLevelObject;_PyEval_EvalFrameDefault;PyEval_EvalCode;0x5d2bac;0x5818ed;_PyEval_EvalFrameDefault;0x54a0c7;PyObject_CallMethodObjArgs;PyImport_ImportModuleLevelObject;_PyEval_EvalFrameDefault;PyEval_EvalCode;0x5d2bac;0x5818ed;_PyEval_EvalFrameDefault;0x54a0c7;PyObject_CallMethodObjArgs;PyImport_ImportModuleLevelObject;_PyEval_EvalFrameDefault;PyEval_EvalCode;0x5d2bac;0x5818ed;_PyEval_EvalFrameDefault;0x54a0c7;PyObject_CallMethodObjArgs;PyImport_ImportModuleLevelObject;_PyEval_EvalFrameDefault;PyEval_EvalCode;0x5d2bac;0x5818ed;_PyEval_EvalFrameDefault;0x54a0c7;PyObject_CallMethodObjArgs;PyImport_ImportModuleLevelObject;_PyEval_EvalFrameDefault;PyEval_EvalCode;0x5d2bac;0x5818ed;_PyEval_EvalFrameDefault;0x54a0c7;PyObject_CallMethodObjArgs;PyImport_ImportModuleLevelObject;_PyEval_EvalFrameDefault;PyEval_EvalCode;0x5d2bac;0x5818ed;|, 33.399304, 233.33, 27.202000
2025-11-15T20:26:39.359854Z, , 29.682362, 400.00, 27.202000
2025-11-15T20:26:39.369752Z, 0xfffffffffffffe00;0x57203a;_PyDict_GetItem_KnownHash;0x598f25;0x59d3d3;_PyObject_LookupAttr;0x5d251a;_PyEval_EvalFrameDefault;0x54cea2;PyObject_VectorcallDict;0x59a0e9;0x5994d7;_PyObject_MakeTpCall;0x5d1fdb;0x5818ed;PyObject_Vectorcall;_PyEval_EvalFrameDefault;PyEval_EvalCode;0x5d2bac;0x5818ed;_PyEval_EvalFrameDefault;0x54a0c7;PyObject_CallMethodObjArgs;PyImport_ImportModuleLevelObject;_PyEval_EvalFrameDefault;PyEval_EvalCode;0x5d2bac;0x5818ed;_PyEval_EvalFrameDefault;0x54a0c7;PyObject_CallMethodObjArgs;PyImport_ImportModuleLevelObject;0x5d2ef4;0x5818ed;_PyEval_EvalFrameDefault;0x54a0c7;PyObject_CallMethodObjArgs;PyImport_ImportModuleLevelObject;0x5d2ef4;0x5818ed;_PyEval_EvalFrameDefault;0x54a0c7;PyObject_CallMethodObjArgs;PyImport_ImportModuleLevelObject;_PyEval_EvalFrameDefault;PyEval_EvalCode;0x5d2bac;0x5818ed;_PyEval_EvalFrameDefault;0x54a0c7;PyObject_CallMethodObjArgs;PyImport_ImportModuleLevelObject;_PyEval_EvalFrameDefault;PyEval_EvalCode;0x5d2bac;0x5818ed;_PyEval_EvalFrameDefault;0x54a0c7;PyObject_CallMethodObjArgs;PyImport_ImportModuleLevelObject;_PyEval_EvalFrameDefault;PyEval_EvalCode;0x5d2bac;0x5818ed;_PyEval_EvalFrameDefault;0x54a0c7;PyObject_CallMethodObjArgs;PyImport_ImportModuleLevelObject;0x5d2ef4;0x5818ed;_PyEval_EvalFrameDefault;0x54a0c7;PyObject_CallMethodObjArgs;PyImport_ImportModuleLevelObject;_PyEval_EvalFrameDefault;PyEval_EvalCode;0x5d2bac;0x5818ed;_PyEval_EvalFrameDefault;0x54a0c7;PyObject_CallMethodObjArgs;PyImport_ImportModuleLevelObject;_PyEval_EvalFrameDefault;PyEval_EvalCode;0x5d2bac;0x5818ed;_PyEval_EvalFrameDefault;0x54a0c7;PyObject_CallMethodObjArgs;PyImport_ImportModuleLevelObject;_PyEval_EvalFrameDefault;PyEval_EvalCode;0x5d2bac;0x5818ed;_PyEval_EvalFrameDefault;0x54a0c7;PyObject_CallMethodObjArgs;PyImport_ImportModuleLevelObject;_PyEval_EvalFrameDefault;PyEval_EvalCode;0x5d2bac;0x5818ed;_PyEval_EvalFrameDefault;0x54a0c7;PyObject_CallMethodObjArgs;PyImport_ImportModuleLevelObject;_PyEval_EvalFrameDefault;PyEval_EvalCode;0x5d2bac;0x5818ed;_PyEval_EvalFrameDefault;0x54a0c7;PyObject_CallMethodObjArgs;PyImport_ImportModuleLevelObject;_PyEval_EvalFrameDefault;PyEval_EvalCode;0x5d2bac;0x5818ed;_PyEval_EvalFrameDefault;0x54a0c7;PyObject_CallMethodObjArgs;PyImport_ImportModuleLevelObject;_PyEval_EvalFrameDefault;PyEval_EvalCode;0x5d2bac;0x5818ed;_PyEval_EvalFrameDefault;0x54a0c7;|, 29.345113, 400.00, 27.202000
2025-11-15T20:26:39.383885Z, 0xfffffffffffffe00;0x54d87f;_PyCode_New;0x60292d;0x604dd4;_PyEval_EvalFrameDefault;0x54a0c7;PyObject_CallMethodObjArgs;PyImport_ImportModuleLevelObject;_PyEval_EvalFrameDefault;PyEval_EvalCode;0x5d2bac;0x5818ed;_PyEval_EvalFrameDefault;0x54a0c7;PyObject_CallMethodObjArgs;PyImport_ImportModuleLevelObject;0x5d2ef4;0x5818ed;_PyEval_EvalFrameDefault;0x54a0c7;PyObject_CallMethodObjArgs;PyImport_ImportModuleLevelObject;_PyEval_EvalFrameDefault;PyEval_EvalCode;0x5d2bac;0x5818ed;_PyEval_EvalFrameDefault;0x54a0c7;PyObject_CallMethodObjArgs;PyImport_ImportModuleLevelObject;_PyEval_EvalFrameDefault;PyEval_EvalCode;0x5d2bac;0x5818ed;_PyEval_EvalFrameDefault;0x54a0c7;PyObject_CallMethodObjArgs;PyImport_ImportModuleLevelObject;0x5d2ef4;0x5818ed;_PyEval_EvalFrameDefault;0x54a0c7;PyObject_CallMethodObjArgs;PyImport_ImportModuleLevelObject;0x5d2ef4;0x5818ed;_PyEval_EvalFrameDefault;0x54a0c7;PyObject_CallMethodObjArgs;PyImport_ImportModuleLevelObject;_PyEval_EvalFrameDefault;PyEval_EvalCode;0x5d2bac;0x5818ed;_PyEval_EvalFrameDefault;0x54a0c7;PyObject_CallMethodObjArgs;PyImport_ImportModuleLevelObject;_PyEval_EvalFrameDefault;PyEval_EvalCode;0x5d2bac;0x5818ed;_PyEval_EvalFrameDefault;0x54a0c7;PyObject_CallMethodObjArgs;PyImport_ImportModuleLevelObject;_PyEval_EvalFrameDefault;PyEval_EvalCode;0x5d2bac;0x5818ed;_PyEval_EvalFrameDefault;0x54a0c7;PyObject_CallMethodObjArgs;PyImport_ImportModuleLevelObject;0x5d2ef4;0x5818ed;_PyEval_EvalFrameDefault;0x54a0c7;PyObject_CallMethodObjArgs;PyImport_ImportModuleLevelObject;_PyEval_EvalFrameDefault;PyEval_EvalCode;0x5d2bac;0x5818ed;_PyEval_EvalFrameDefault;0x54a0c7;PyObject_CallMethodObjArgs;PyImport_ImportModuleLevelObject;_PyEval_EvalFrameDefault;PyEval_EvalCode;0x5d2bac;0x5818ed;_PyEval_EvalFrameDefault;0x54a0c7;PyObject_CallMethodObjArgs;PyImport_ImportModuleLevelObject;_PyEval_EvalFrameDefault;PyEval_EvalCode;0x5d2bac;0x5818ed;_PyEval_EvalFrameDefault;0x54a0c7;PyObject_CallMethodObjArgs;PyImport_ImportModuleLevelObject;_PyEval_EvalFrameDefault;PyEval_EvalCode;0x5d2bac;0x5818ed;_PyEval_EvalFrameDefault;0x54a0c7;PyObject_CallMethodObjArgs;PyImport_ImportModuleLevelObject;_PyEval_EvalFrameDefault;PyEval_EvalCode;0x5d2bac;0x5818ed;_PyEval_EvalFrameDefault;0x54a0c7;PyObject_CallMethodObjArgs;PyImport_ImportModuleLevelObject;_PyEval_EvalFrameDefault;PyEval_EvalCode;0x5d2bac;0x5818ed;_PyEval_EvalFrameDefault;0x54a0c7;PyObject_CallMethodObjArgs;|0xfffffffffffffe00;PyObject_Malloc;_PyObject_GC_New;PyDictProxy_New;0x59dea3;PyObject_GetAttr;_PyEval_EvalFrameDefault;0x54cea2;PyObject_VectorcallDict;0x59a0e9;0x5994d7;_PyObject_MakeTpCall;0x5d1fdb;0x5818ed;PyObject_Vectorcall;_PyEval_EvalFrameDefault;PyEval_EvalCode;0x5d2bac;0x5818ed;_PyEval_EvalFrameDefault;0x54a0c7;PyObject_CallMethodObjArgs;PyImport_ImportModuleLevelObject;_PyEval_EvalFrameDefault;PyEval_EvalCode;0x5d2bac;0x5818ed;_PyEval_EvalFrameDefault;0x54a0c7;PyObject_CallMethodObjArgs;PyImport_ImportModuleLevelObject;0x5d2ef4;0x5818ed;_PyEval_EvalFrameDefault;0x54a0c7;PyObject_CallMethodObjArgs;PyImport_ImportModuleLevelObject;0x5d2ef4;0x5818ed;_PyEval_EvalFrameDefault;0x54a0c7;PyObject_CallMethodObjArgs;PyImport_ImportModuleLevelObject;_PyEval_EvalFrameDefault;PyEval_EvalCode;0x5d2bac;0x5818ed;_PyEval_EvalFrameDefault;0x54a0c7;PyObject_CallMethodObjArgs;PyImport_ImportModuleLevelObject;_PyEval_EvalFrameDefault;PyEval_EvalCode;0x5d2bac;0x5818ed;_PyEval_EvalFrameDefault;0x54a0c7;PyObject_CallMethodObjArgs;PyImport_ImportModuleLevelObject;_PyEval_EvalFrameDefault;PyEval_EvalCode;0x5d2bac;0x5818ed;_PyEval_EvalFrameDefault;0x54a0c7;PyObject_CallMethodObjArgs;PyImport_ImportModuleLevelObject;0x5d2ef4;0x5818ed;_PyEval_EvalFrameDefault;0x54a0c7;PyObject_CallMethodObjArgs;PyImport_ImportModuleLevelObject;_PyEval_EvalFrameDefault;PyEval_EvalCode;0x5d2bac;0x5818ed;_PyEval_EvalFrameDefault;0x54a0c7;PyObject_CallMethodObjArgs;PyImport_ImportModuleLevelObject;_PyEval_EvalFrameDefault;PyEval_EvalCode;0x5d2bac;0x5818ed;_PyEval_EvalFrameDefault;0x54a0c7;PyObject_CallMethodObjArgs;PyImport_ImportModuleLevelObject;_PyEval_EvalFrameDefault;PyEval_EvalCode;0x5d2bac;0x5818ed;_PyEval_EvalFrameDefault;0x54a0c7;PyObject_CallMethodObjArgs;PyImport_ImportModuleLevelObject;_PyEval_EvalFrameDefault;PyEval_EvalCode;0x5d2bac;0x5818ed;_PyEval_EvalFrameDefault;0x54a0c7;PyObject_CallMethodObjArgs;PyImport_ImportModuleLevelObject;_PyEval_EvalFrameDefault;PyEval_EvalCode;0x5d2bac;0x5818ed;_PyEval_EvalFrameDefault;0x54a0c7;PyObject_CallMethodObjArgs;PyImport_ImportModuleLevelObject;_PyEval_EvalFrameDefault;PyEval_EvalCode;0x5d2bac;0x5818ed;_PyEval_EvalFrameDefault;0x54a0c7;PyObject_CallMethodObjArgs;PyImport_ImportModuleLevelObject;_PyEval_EvalFrameDefault;PyEval_EvalCode;0x5d2bac;0x5818ed;_PyEval_EvalFrameDefault;0x54a0c7;PyObject_CallMethodObjArgs;|, 33.564010, 450.00, 27.202000
2025-11-15T20:26:39.393583Z, 0xfffffffffffffe00;0x571fe0;_PyDict_GetItem_KnownHash;0x59bc5a;0x599f00;0x5994d7;_PyObject_MakeTpCall;PyObject_VectorcallDict;0x5d1fdb;0x5818ed;PyObject_Vectorcall;_PyEval_EvalFrameDefault;PyEval_EvalCode;0x5d2bac;0x5818ed;_PyEval_EvalFrameDefault;0x54a0c7;PyObject_CallMethodObjArgs;PyImport_ImportModuleLevelObject;_PyEval_EvalFrameDefault;PyEval_EvalCode;0x5d2bac;0x5818ed;_PyEval_EvalFrameDefault;0x54a0c7;PyObject_CallMethodObjArgs;PyImport_ImportModuleLevelObject;_PyEval_EvalFrameDefault;PyEval_EvalCode;0x5d2bac;0x5818ed;_PyEval_EvalFrameDefault;0x54a0c7;PyObject_CallMethodObjArgs;PyImport_ImportModuleLevelObject;_PyEval_EvalFrameDefault;PyEval_EvalCode;0x5d2bac;0x5818ed;_PyEval_EvalFrameDefault;0x54a0c7;PyObject_CallMethodObjArgs;PyImport_ImportModuleLevelObject;_PyEval_EvalFrameDefault;PyEval_EvalCode;0x5d2bac;0x5818ed;_PyEval_EvalFrameDefault;0x54a0c7;PyObject_CallMethodObjArgs;PyImport_ImportModuleLevelObject;_PyEval_EvalFrameDefault;PyEval_EvalCode;0x5d2bac;0x5818ed;_PyEval_EvalFrameDefault;0x54a0c7;PyObject_CallMethodObjArgs;PyImport_ImportModuleLevelObject;_PyEval_EvalFrameDefault;PyEval_EvalCode;0x5d2bac;0x5818ed;_PyEval_EvalFrameDefault;0x54a0c7;PyObject_CallMethodObjArgs;PyImport_ImportModuleLevelObject;_PyEval_EvalFrameDefault;PyEval_EvalCode;0x5d2bac;0x5818ed;_PyEval_EvalFrameDefault;0x54a0c7;PyObject_CallMethodObjArgs;PyImport_ImportModuleLevelObject;_PyEval_EvalFrameDefault;PyEval_EvalCode;0x5d2bac;0x5818ed;_PyEval_EvalFrameDefault;0x54a0c7;PyObject_CallMethodObjArgs;PyImport_ImportModuleLevelObject;_PyEval_EvalFrameDefault;PyEval_EvalCode;0x5d2bac;0x5818ed;_PyEval_EvalFrameDefault;0x54a0c7;PyObject_CallMethodObjArgs;PyImport_ImportModuleLevelObject;0x5d2ef4;0x5818ed;_PyEval_EvalFrameDefault;0x54a0c7;PyObject_CallMethodObjArgs;PyImport_ImportModuleLevelObject;_PyEval_EvalFrameDefault;PyEval_EvalCode;0x5d2bac;0x5818ed;_PyEval_EvalFrameDefault;0x54a0c7;PyObject_CallMethodObjArgs;PyImport_ImportModuleLevelObject;0x5d2ef4;0x5818ed;_PyEval_EvalFrameDefault;0x54a0c7;PyObject_CallMethodObjArgs;PyImport_ImportModuleLevelObject;_PyEval_EvalFrameDefault;PyEval_EvalCode;0x5d2bac;0x5818ed;_PyEval_EvalFrameDefault;0x54a0c7;PyObject_CallMethodObjArgs;PyImport_ImportModuleLevelObject;_PyEval_EvalFrameDefault;PyEval_EvalCode;0x5d2bac;0x5818ed;_PyEval_EvalFrameDefault;0x54a0c7;PyObject_CallMethodObjArgs;PyImport_ImportModuleLevelObject;_PyEval_EvalFrameDefault;|, 33.956099, 333.33, 27.202000
2025-11-15T20:26:39.398980Z, , 29.947482, 1100.00, 27.202000
2025-11-15T20:26:39.408754Z, 0xfffffffffffffe00;0x5746d3;PyObject_SetAttr;0x63848c;0x599513;_PyObject_MakeTpCall;_PyObject_CallFunction_SizeT;0x637151;0x5818ed;_PyObject_CallFunction_SizeT;PyFile_OpenCodeObject;0x636c93;_PyEval_EvalFrameDefault;0x54a0c7;PyObject_CallMethodObjArgs;PyImport_ImportModuleLevelObject;0x5d2ef4;0x5818ed;_PyEval_EvalFrameDefault;0x54a0c7;PyObject_CallMethodObjArgs;PyImport_ImportModuleLevelObject;_PyEval_EvalFrameDefault;PyEval_EvalCode;0x5d2bac;0x5818ed;_PyEval_EvalFrameDefault;0x54a0c7;PyObject_CallMethodObjArgs;PyImport_ImportModuleLevelObject;0x5d2ef4;0x5818ed;_PyEval_EvalFrameDefault;0x54a0c7;PyObject_CallMethodObjArgs;PyImport_ImportModuleLevelObject;_PyEval_EvalFrameDefault;PyEval_EvalCode;0x5d2bac;0x5818ed;_PyEval_EvalFrameDefault;0x54a0c7;PyObject_CallMethodObjArgs;PyImport_ImportModuleLevelObject;_PyEval_EvalFrameDefault;PyEval_EvalCode;0x5d2bac;0x5818ed;_PyEval_EvalFrameDefault;0x54a0c7;PyObject_CallMethodObjArgs;PyImport_ImportModuleLevelObject;_PyEval_EvalFrameDefault;PyEval_EvalCode;0x5d2bac;0x5818ed;_PyEval_EvalFrameDefault;0x54a0c7;PyObject_CallMethodObjArgs;PyImport_ImportModuleLevelObject;_PyEval_EvalFrameDefault;PyEval_EvalCode;0x5d2bac;0x5818ed;_PyEval_EvalFrameDefault;0x54a0c7;PyObject_CallMethodObjArgs;PyImport_ImportModuleLevelObject;_PyEval_EvalFrameDefault;PyEval_EvalCode;0x5d2bac;0x5818ed;_PyEval_EvalFrameDefault;0x54a0c7;PyObject_CallMethodObjArgs;PyImport_ImportModuleLevelObject;_PyEval_EvalFrameDefault;PyEval_EvalCode;0x5d2bac;0x5818ed;_PyEval_EvalFrameDefault;0x54a0c7;PyObject_CallMethodObjArgs;PyImport_ImportModuleLevelObject;_PyEval_EvalFrameDefault;PyEval_EvalCode;0x5d2bac;0x5818ed;_PyEval_EvalFrameDefault;0x54a0c7;PyObject_CallMethodObjArgs;PyImport_ImportModuleLevelObject;_PyEval_EvalFrameDefault;PyEval_EvalCode;0x5d2bac;0x5818ed;_PyEval_EvalFrameDefault;0x54a0c7;PyObject_CallMethodObjArgs;PyImport_ImportModuleLevelObject;_PyEval_EvalFrameDefault;PyEval_EvalCode;0x5d2bac;0x5818ed;_PyEval_EvalFrameDefault;0x54a0c7;PyObject_CallMethodObjArgs;PyImport_ImportModuleLevelObject;_PyEval_EvalFrameDefault;PyEval_EvalCode;0x5d2bac;0x5818ed;_PyEval_EvalFrameDefault;0x54a0c7;PyObject_CallMethodObjArgs;PyImport_ImportModuleLevelObject;_PyEval_EvalFrameDefault;PyEval_EvalCode;0x5d2bac;0x5818ed;_PyEval_EvalFrameDefault;0x54a0c7;PyObject_CallMethodObjArgs;PyImport_ImportModuleLevelObject;_PyEval_EvalFrameDefault;PyEval_EvalCode;0x5d2bac;0x5818ed;|, 25.705793, 1100.00, 27.202000
2025-11-15T20:26:39.418406Z, 0xfffffffffffffe00;_PyEval_EvalFrameDefault;_PyObject_Call_Prepend;0x59da4f;0x599513;_PyObject_MakeTpCall;0x5d1fdb;0x5818ed;PyObject_Vectorcall;_PyEval_EvalFrameDefault;PyEval_EvalCode;0x5d2bac;0x5818ed;_PyEval_EvalFrameDefault;0x54a0c7;PyObject_CallMethodObjArgs;PyImport_ImportModuleLevelObject;_PyEval_EvalFrameDefault;PyEval_EvalCode;0x5d2bac;0x5818ed;_PyEval_EvalFrameDefault;0x54a0c7;PyObject_CallMethodObjArgs;PyImport_ImportModuleLevelObject;_PyEval_EvalFrameDefault;PyEval_EvalCode;0x5d2bac;0x5818ed;_PyEval_EvalFrameDefault;0x54a0c7;PyObject_CallMethodObjArgs;PyImport_ImportModuleLevelObject;_PyEval_EvalFrameDefault;PyEval_EvalCode;0x5d2bac;0x5818ed;_PyEval_EvalFrameDefault;0x54a0c7;PyObject_CallMethodObjArgs;PyImport_ImportModuleLevelObject;_PyEval_EvalFrameDefault;PyEval_EvalCode;0x5d2bac;0x5818ed;_PyEval_EvalFrameDefault;0x54a0c7;PyObject_CallMethodObjArgs;PyImport_ImportModuleLevelObject;_PyEval_EvalFrameDefault;PyEval_EvalCode;0x5d2bac;0x5818ed;_PyEval_EvalFrameDefault;0x54a0c7;PyObject_CallMethodObjArgs;PyImport_ImportModuleLevelObject;_PyEval_EvalFrameDefault;PyEval_EvalCode;0x5d2bac;0x5818ed;_PyEval_EvalFrameDefault;0x54a0c7;PyObject_CallMethodObjArgs;PyImport_ImportModuleLevelObject;_PyEval_EvalFrameDefault;PyEval_EvalCode;0x5d2bac;0x5818ed;_PyEval_EvalFrameDefault;0x54a0c7;PyObject_CallMethodObjArgs;PyImport_ImportModuleLevelObject;0x5d2ef4;0x5818ed;_PyEval_EvalFrameDefault;0x54a0c7;PyObject_CallMethodObjArgs;PyImport_ImportModuleLevelObject;_PyEval_EvalFrameDefault;PyEval_EvalCode;0x5d2bac;0x5818ed;_PyEval_EvalFrameDefault;0x54a0c7;PyObject_CallMethodObjArgs;PyImport_ImportModuleLevelObject;0x5d2ef4;0x5818ed;_PyEval_EvalFrameDefault;0x54a0c7;PyObject_CallMethodObjArgs;PyImport_ImportModuleLevelObject;_PyEval_EvalFrameDefault;PyEval_EvalCode;0x5d2bac;0x5818ed;_PyEval_EvalFrameDefault;0x54a0c7;PyObject_CallMethodObjArgs;PyImport_ImportModuleLevelObject;_PyEval_EvalFrameDefault;PyEval_EvalCode;0x5d2bac;0x5818ed;_PyEval_EvalFrameDefault;0x54a0c7;PyObject_CallMethodObjArgs;PyImport_ImportModuleLevelObject;_PyEval_EvalFrameDefault;PyEval_EvalCode;0x5d2bac;0x5818ed;_PyEval_EvalFrameDefault;0x54a0c7;PyObject_CallMethodObjArgs;PyImport_ImportModuleLevelObject;0x5d2ef4;0x5818ed;_PyEval_EvalFrameDefault;0x54a0c7;PyObject_CallMethodObjArgs;PyImport_ImportModuleLevelObject;_PyEval_EvalFrameDefault;PyEval_EvalCode;0x5d2bac;0x5818ed;_PyEval_EvalFrameDefault;|, 29.600964, 650.00, 27.202000
2025-11-15T20:26:39.423904Z, , 35.830368, 650.00, 27.202000
2025-11-15T20:26:39.433535Z, 0xfffffffffffffe00;PyObject_Malloc;0x5a6602;PyUnicode_InternFromString;PyDescr_NewGetSet;0x593d8e;0x599eda;0x5994d7;_PyObject_MakeTpCall;PyObject_VectorcallDict;0x5d1fdb;0x5818ed;PyObject_Vectorcall;_PyEval_EvalFrameDefault;PyEval_EvalCode;0x5d2bac;0x5818ed;_PyEval_EvalFrameDefault;0x54a0c7;PyObject_CallMethodObjArgs;PyImport_ImportModuleLevelObject;_PyEval_EvalFrameDefault;PyEval_EvalCode;0x5d2bac;0x5818ed;_PyEval_EvalFrameDefault;0x54a0c7;PyObject_CallMethodObjArgs;PyImport_ImportModuleLevelObject;0x5d2ef4;0x5818ed;_PyEval_EvalFrameDefault;0x54a0c7;PyObject_CallMethodObjArgs;PyImport_ImportModuleLevelObject;_PyEval_EvalFrameDefault;PyEval_EvalCode;0x5d2bac;0x5818ed;_PyEval_EvalFrameDefault;0x54a0c7;PyObject_CallMethodObjArgs;PyImport_ImportModuleLevelObject;_PyEval_EvalFrameDefault;PyEval_EvalCode;0x5d2bac;0x5818ed;_PyEval_EvalFrameDefault;0x54a0c7;PyObject_CallMethodObjArgs;PyImport_ImportModuleLevelObject;_PyEval_EvalFrameDefault;PyEval_EvalCode;0x5d2bac;0x5818ed;_PyEval_EvalFrameDefault;0x54a0c7;PyObject_CallMethodObjArgs;PyImport_ImportModuleLevelObject;_PyEval_EvalFrameDefault;PyEval_EvalCode;0x5d2bac;0x5818ed;_PyEval_EvalFrameDefault;0x54a0c7;PyObject_CallMethodObjArgs;PyImport_ImportModuleLevelObject;_PyEval_EvalFrameDefault;PyEval_EvalCode;0x5d2bac;0x5818ed;_PyEval_EvalFrameDefault;0x54a0c7;PyObject_CallMethodObjArgs;PyImport_ImportModuleLevelObject;_PyEval_EvalFrameDefault;PyEval_EvalCode;0x5d2bac;0x5818ed;_PyEval_EvalFrameDefault;0x54a0c7;PyObject_CallMethodObjArgs;PyImport_ImportModuleLevelObject;_PyEval_EvalFrameDefault;PyEval_EvalCode;0x5d2bac;0x5818ed;_PyEval_EvalFrameDefault;0x54a0c7;PyObject_CallMethodObjArgs;PyImport_ImportModuleLevelObject;0x5d2ef4;0x5818ed;_PyEval_EvalFrameDefault;0x54a0c7;PyObject_CallMethodObjArgs;PyImport_ImportModuleLevelObject;_PyEval_EvalFrameDefault;PyEval_EvalCode;0x5d2bac;0x5818ed;_PyEval_EvalFrameDefault;0x54a0c7;PyObject_CallMethodObjArgs;PyImport_ImportModuleLevelObject;0x5d2ef4;0x5818ed;_PyEval_EvalFrameDefault;0x54a0c7;PyObject_CallMethodObjArgs;PyImport_ImportModuleLevelObject;_PyEval_EvalFrameDefault;PyEval_EvalCode;0x5d2bac;0x5818ed;_PyEval_EvalFrameDefault;0x54a0c7;PyObject_CallMethodObjArgs;PyImport_ImportModuleLevelObject;_PyEval_EvalFrameDefault;PyEval_EvalCode;0x5d2bac;0x5818ed;_PyEval_EvalFrameDefault;0x54a0c7;PyObject_CallMethodObjArgs;PyImport_ImportModuleLevelObject;_PyEval_EvalFrameDefault;|, 27.938827, 1400.00, 27.202000
2025-11-15T20:26:39.443266Z, 0xfffffffffffffe00;PyObject_Malloc;_PyObject_GC_NewVar;0x5551f6;_PyEval_EvalFrameDefault;0x54ce3d;_PyEval_EvalFrameDefault;PyEval_EvalCode;0x5d2bac;0x5818ed;_PyEval_EvalFrameDefault;0x54a0c7;PyObject_CallMethodObjArgs;PyImport_ImportModuleLevelObject;_PyEval_EvalFrameDefault;PyEval_EvalCode;0x5d2bac;0x5818ed;_PyEval_EvalFrameDefault;0x54a0c7;PyObject_CallMethodObjArgs;PyImport_ImportModuleLevelObject;_PyEval_EvalFrameDefault;PyEval_EvalCode;0x5d2bac;0x5818ed;_PyEval_EvalFrameDefault;0x54a0c7;PyObject_CallMethodObjArgs;PyImport_ImportModuleLevelObject;_PyEval_EvalFrameDefault;PyEval_EvalCode;0x5d2bac;0x5818ed;_PyEval_EvalFrameDefault;0x54a0c7;PyObject_CallMethodObjArgs;PyImport_ImportModuleLevelObject;_PyEval_EvalFrameDefault;PyEval_EvalCode;0x5d2bac;0x5818ed;_PyEval_EvalFrameDefault;0x54a0c7;PyObject_CallMethodObjArgs;PyImport_ImportModuleLevelObject;_PyEval_EvalFrameDefault;PyEval_EvalCode;0x5d2bac;0x5818ed;_PyEval_EvalFrameDefault;0x54a0c7;PyObject_CallMethodObjArgs;PyImport_ImportModuleLevelObject;_PyEval_EvalFrameDefault;PyEval_EvalCode;0x5d2bac;0x5818ed;_PyEval_EvalFrameDefault;0x54a0c7;PyObject_CallMethodObjArgs;PyImport_ImportModuleLevelObject;_PyEval_EvalFrameDefault;PyEval_EvalCode;0x5d2bac;0x5818ed;_PyEval_EvalFrameDefault;0x54a0c7;PyObject_CallMethodObjArgs;PyImport_ImportModuleLevelObject;_PyEval_EvalFrameDefault;PyEval_EvalCode;0x5d2bac;0x5818ed;_PyEval_EvalFrameDefault;0x54a0c7;PyObject_CallMethodObjArgs;PyImport_ImportModuleLevelObject;_PyEval_EvalFrameDefault;PyEval_EvalCode;0x5d2bac;0x5818ed;_PyEval_EvalFrameDefault;0x54a0c7;PyObject_CallMethodObjArgs;PyImport_ImportModuleLevelObject;0x5d2ef4;0x5818ed;_PyEval_EvalFrameDefault;0x54a0c7;PyObject_CallMethodObjArgs;PyImport_ImportModuleLevelObject;_PyEval_EvalFrameDefault;PyEval_EvalCode;0x5d2bac;0x5818ed;_PyEval_EvalFrameDefault;0x54a0c7;PyObject_CallMethodObjArgs;PyImport_ImportModuleLevelObject;0x5d2ef4;0x5818ed;_PyEval_EvalFrameDefault;0x54a0c7;PyObject_CallMethodObjArgs;PyImport_ImportModuleLevelObject;_PyEval_EvalFrameDefault;PyEval_EvalCode;0x5d2bac;0x5818ed;_PyEval_EvalFrameDefault;0x54a0c7;PyObject_CallMethodObjArgs;PyImport_ImportModuleLevelObject;_PyEval_EvalFrameDefault;PyEval_EvalCode;0x5d2bac;0x5818ed;_PyEval_EvalFrameDefault;0x54a0c7;PyObject_CallMethodObjArgs;PyImport_ImportModuleLevelObject;_PyEval_EvalFrameDefault;PyEval_EvalCode;0x5d2bac;0x5818ed;_PyEval_EvalFrameDefault;0x54a0c7;|, 35.469607, 750.00, 27.202000
2025-11-15T20:26:39.453422Z, 0xfffffffffffffe00;PyObject_Malloc;0x567fad;PyNumber_And;_PyEval_EvalFrameDefault;0x54a0c7;PyObject_CallMethodObjArgs;PyImport_ImportModuleLevelObject;_PyEval_EvalFrameDefault;PyEval_EvalCode;0x5d2bac;0x5818ed;_PyEval_EvalFrameDefault;0x54a0c7;PyObject_CallMethodObjArgs;PyImport_ImportModuleLevelObject;_PyEval_EvalFrameDefault;PyEval_EvalCode;0x5d2bac;0x5818ed;_PyEval_EvalFrameDefault;0x54a0c7;PyObject_CallMethodObjArgs;PyImport_ImportModuleLevelObject;_PyEval_EvalFrameDefault;PyEval_EvalCode;0x5d2bac;0x5818ed;_PyEval_EvalFrameDefault;0x54a0c7;PyObject_CallMethodObjArgs;PyImport_ImportModuleLevelObject;_PyEval_EvalFrameDefault;PyEval_EvalCode;0x5d2bac;0x5818ed;_PyEval_EvalFrameDefault;0x54a0c7;PyObject_CallMethodObjArgs;PyImport_ImportModuleLevelObject;_PyEval_EvalFrameDefault;PyEval_EvalCode;0x5d2bac;0x5818ed;_PyEval_EvalFrameDefault;0x54a0c7;PyObject_CallMethodObjArgs;PyImport_ImportModuleLevelObject;_PyEval_EvalFrameDefault;PyEval_EvalCode;0x5d2bac;0x5818ed;_PyEval_EvalFrameDefault;0x54a0c7;PyObject_CallMethodObjArgs;PyImport_ImportModuleLevelObject;_PyEval_EvalFrameDefault;PyEval_EvalCode;0x5d2bac;0x5818ed;_PyEval_EvalFrameDefault;0x54a0c7;PyObject_CallMethodObjArgs;PyImport_ImportModuleLevelObject;_PyEval_EvalFrameDefault;PyEval_EvalCode;0x5d2bac;0x5818ed;_PyEval_EvalFrameDefault;0x54a0c7;PyObject_CallMethodObjArgs;PyImport_ImportModuleLevelObject;_PyEval_EvalFrameDefault;PyEval_EvalCode;0x5d2bac;0x5818ed;_PyEval_EvalFrameDefault;0x54a0c7;PyObject_CallMethodObjArgs;PyImport_ImportModuleLevelObject;0x5d2ef4;0x5818ed;_PyEval_EvalFrameDefault;0x54a0c7;PyObject_CallMethodObjArgs;PyImport_ImportModuleLevelObject;_PyEval_EvalFrameDefault;PyEval_EvalCode;0x5d2bac;0x5818ed;_PyEval_EvalFrameDefault;0x54a0c7;PyObject_CallMethodObjArgs;PyImport_ImportModuleLevelObject;0x5d2ef4;0x5818ed;_PyEval_EvalFrameDefault;0x54a0c7;PyObject_CallMethodObjArgs;PyImport_ImportModuleLevelObject;_PyEval_EvalFrameDefault;PyEval_EvalCode;0x5d2bac;0x5818ed;_PyEval_EvalFrameDefault;0x54a0c7;PyObject_CallMethodObjArgs;PyImport_ImportModuleLevelObject;_PyEval_EvalFrameDefault;PyEval_EvalCode;0x5d2bac;0x5818ed;_PyEval_EvalFrameDefault;0x54a0c7;PyObject_CallMethodObjArgs;PyImport_ImportModuleLevelObject;_PyEval_EvalFrameDefault;PyEval_EvalCode;0x5d2bac;0x5818ed;_PyEval_EvalFrameDefault;0x54a0c7;PyObject_CallMethodObjArgs;PyImport_ImportModuleLevelObject;0x5d2ef4;0x5818ed;_PyEval_EvalFrameDefault;0x54a0c7;|, 37.826908, 533.33, 27.202000
2025-11-15T20:26:39.463262Z, 0xfffffffffffffe00;0x5f3bd7;0x5ee82f;_PyAST_Compile;PyRun_StringFlags;0x5d2c59;_PyEval_EvalFrameDefault;PyEval_EvalCode;0x5d2bac;0x5818ed;_PyEval_EvalFrameDefault;0x54a0c7;PyObject_CallMethodObjArgs;PyImport_ImportModuleLevelObject;_PyEval_EvalFrameDefault;PyEval_EvalCode;0x5d2bac;0x5818ed;_PyEval_EvalFrameDefault;0x54a0c7;PyObject_CallMethodObjArgs;PyImport_ImportModuleLevelObject;_PyEval_EvalFrameDefault;PyEval_EvalCode;0x5d2bac;0x5818ed;_PyEval_EvalFrameDefault;0x54a0c7;PyObject_CallMethodObjArgs;PyImport_ImportModuleLevelObject;_PyEval_EvalFrameDefault;PyEval_EvalCode;0x5d2bac;0x5818ed;_PyEval_EvalFrameDefault;0x54a0c7;PyObject_CallMethodObjArgs;PyImport_ImportModuleLevelObject;_PyEval_EvalFrameDefault;PyEval_EvalCode;0x5d2bac;0x5818ed;_PyEval_EvalFrameDefault;0x54a0c7;PyObject_CallMethodObjArgs;PyImport_ImportModuleLevelObject;0x5d2ef4;0x5818ed;_PyEval_EvalFrameDefault;0x54a0c7;PyObject_CallMethodObjArgs;PyImport_ImportModuleLevelObject;_PyEval_EvalFrameDefault;PyEval_EvalCode;0x5d2bac;0x5818ed;_PyEval_EvalFrameDefault;0x54a0c7;PyObject_CallMethodObjArgs;PyImport_ImportModuleLevelObject;0x5d2ef4;0x5818ed;_PyEval_EvalFrameDefault;0x54a0c7;PyObject_CallMethodObjArgs;PyImport_ImportModuleLevelObject;_PyEval_EvalFrameDefault;PyEval_EvalCode;0x5d2bac;0x5818ed;_PyEval_EvalFrameDefault;0x54a0c7;PyObject_CallMethodObjArgs;PyImport_ImportModuleLevelObject;_PyEval_EvalFrameDefault;PyEval_EvalCode;0x5d2bac;0x5818ed;_PyEval_EvalFrameDefault;0x54a0c7;PyObject_CallMethodObjArgs;PyImport_ImportModuleLevelObject;_PyEval_EvalFrameDefault;PyEval_EvalCode;0x5d2bac;0x5818ed;_PyEval_EvalFrameDefault;0x54a0c7;PyObject_CallMethodObjArgs;PyImport_ImportModuleLevelObject;0x5d2ef4;0x5818ed;_PyEval_EvalFrameDefault;0x54a0c7;PyObject_CallMethodObjArgs;PyImport_ImportModuleLevelObject;_PyEval_EvalFrameDefault;PyEval_EvalCode;0x5d2bac;0x5818ed;_PyEval_EvalFrameDefault;0x54a0c7;PyObject_CallMethodObjArgs;PyImport_ImportModuleLevelObject;_PyEval_EvalFrameDefault;PyEval_EvalCode;0x5d2bac;0x5818ed;_PyEval_EvalFrameDefault;0x54a0c7;PyObject_CallMethodObjArgs;PyImport_ImportModuleLevelObject;0x5d2ef4;0x5818ed;_PyEval_EvalFrameDefault;0x54a0c7;PyObject_CallMethodObjArgs;PyImport_ImportModuleLevelObject;_PyEval_EvalFrameDefault;PyEval_EvalCode;0x5d2bac;0x5818ed;_PyEval_EvalFrameDefault;0x54a0c7;PyObject_CallMethodObjArgs;PyImport_ImportModuleLevelObject;_PyEval_EvalFrameDefault;PyEval_EvalCode;|, 33.700650, 850.00, 27.202000
2025-11-15T20:26:39.473119Z, 0xfffffffffffffe00;0x61c1c4;0x61bbc1;0x5fba23;_PyEval_EvalFrameDefault;0x54a0c7;PyObject_CallMethodObjArgs;PyImport_ImportModuleLevelObject;_PyEval_EvalFrameDefault;PyEval_EvalCode;0x5d2bac;0x5818ed;_PyEval_EvalFrameDefault;0x54a0c7;PyObject_CallMethodObjArgs;PyImport_ImportModuleLevelObject;0x5d2ef4;0x5818ed;_PyEval_EvalFrameDefault;0x54a0c7;PyObject_CallMethodObjArgs;PyImport_ImportModuleLevelObject;_PyEval_EvalFrameDefault;PyEval_EvalCode;0x5d2bac;0x5818ed;_PyEval_EvalFrameDefault;0x54a0c7;PyObject_CallMethodObjArgs;PyImport_ImportModuleLevelObject;_PyEval_EvalFrameDefault;PyEval_EvalCode;0x5d2bac;0x5818ed;_PyEval_EvalFrameDefault;0x54a0c7;PyObject_CallMethodObjArgs;PyImport_ImportModuleLevelObject;_PyEval_EvalFrameDefault;PyEval_EvalCode;0x5d2bac;0x5818ed;_PyEval_EvalFrameDefault;0x54a0c7;PyObject_CallMethodObjArgs;PyImport_ImportModuleLevelObject;_PyEval_EvalFrameDefault;PyEval_EvalCode;0x5d2bac;0x5818ed;_PyEval_EvalFrameDefault;0x54a0c7;PyObject_CallMethodObjArgs;PyImport_ImportModuleLevelObject;_PyEval_EvalFrameDefault;PyEval_EvalCode;0x5d2bac;0x5818ed;_PyEval_EvalFrameDefault;0x54a0c7;PyObject_CallMethodObjArgs;PyImport_ImportModuleLevelObject;_PyEval_EvalFrameDefault;PyEval_EvalCode;0x5d2bac;0x5818ed;_PyEval_EvalFrameDefault;0x54a0c7;PyObject_CallMethodObjArgs;PyImport_ImportModuleLevelObject;0x5d2ef4;0x5818ed;_PyEval_EvalFrameDefault;0x54a0c7;PyObject_CallMethodObjArgs;PyImport_ImportModuleLevelObject;_PyEval_EvalFrameDefault;PyEval_EvalCode;0x5d2bac;0x5818ed;_PyEval_EvalFrameDefault;0x54a0c7;PyObject_CallMethodObjArgs;PyImport_ImportModuleLevelObject;0x5d2ef4;0x5818ed;_PyEval_EvalFrameDefault;0x54a0c7;PyObject_CallMethodObjArgs;PyImport_ImportModuleLevelObject;_PyEval_EvalFrameDefault;PyEval_EvalCode;0x5d2bac;0x5818ed;_PyEval_EvalFrameDefault;0x54a0c7;PyObject_CallMethodObjArgs;PyImport_ImportModuleLevelObject;_PyEval_EvalFrameDefault;PyEval_EvalCode;0x5d2bac;0x5818ed;_PyEval_EvalFrameDefault;0x54a0c7;PyObject_CallMethodObjArgs;PyImport_ImportModuleLevelObject;_PyEval_EvalFrameDefault;PyEval_EvalCode;0x5d2bac;0x5818ed;_PyEval_EvalFrameDefault;0x54a0c7;PyObject_CallMethodObjArgs;PyImport_ImportModuleLevelObject;0x5d2ef4;0x5818ed;_PyEval_EvalFrameDefault;0x54a0c7;PyObject_CallMethodObjArgs;PyImport_ImportModuleLevelObject;_PyEval_EvalFrameDefault;PyEval_EvalCode;0x5d2bac;0x5818ed;_PyEval_EvalFrameDefault;0x54a0c7;PyObject_CallMethodObjArgs;PyImport_ImportModuleLevelObject;|, 41.985866, 450.00, 27.202000
2025-11-15T20:26:39.482940Z, 0xfffffffffffffe00;_PyEval_EvalFrameDefault;PyEval_EvalCode;0x5d2bac;0x5818ed;_PyEval_EvalFrameDefault;0x54a0c7;PyObject_CallMethodObjArgs;PyImport_ImportModuleLevelObject;0x5d2ef4;0x5818ed;_PyEval_EvalFrameDefault;0x54a0c7;PyObject_CallMethodObjArgs;PyImport_ImportModuleLevelObject;_PyEval_EvalFrameDefault;PyEval_EvalCode;0x5d2bac;0x5818ed;_PyEval_EvalFrameDefault;0x54a0c7;PyObject_CallMethodObjArgs;PyImport_ImportModuleLevelObject;_PyEval_EvalFrameDefault;PyEval_EvalCode;0x5d2bac;0x5818ed;_PyEval_EvalFrameDefault;0x54a0c7;PyObject_CallMethodObjArgs;PyImport_ImportModuleLevelObject;_PyEval_EvalFrameDefault;PyEval_EvalCode;0x5d2bac;0x5818ed;_PyEval_EvalFrameDefault;0x54a0c7;PyObject_CallMethodObjArgs;PyImport_ImportModuleLevelObject;0x5d2ef4;0x5818ed;_PyEval_EvalFrameDefault;0x54a0c7;PyObject_CallMethodObjArgs;PyImport_ImportModuleLevelObject;0x5d2ef4;0x5818ed;_PyEval_EvalFrameDefault;0x54a0c7;PyObject_CallMethodObjArgs;PyImport_ImportModuleLevelObject;_PyEval_EvalFrameDefault;0x64edc8;_PyObject_MakeTpCall;_PyEval_EvalFrameDefault;PyEval_EvalCode;0x5d2bac;0x5818ed;_PyEval_EvalFrameDefault;0x54a0c7;PyObject_CallMethodObjArgs;PyImport_ImportModuleLevelObject;_PyEval_EvalFrameDefault;PyEval_EvalCode;0x5d2bac;0x5818ed;_PyEval_EvalFrameDefault;0x54a0c7;PyObject_CallMethodObjArgs;PyImport_ImportModuleLevelObject;_PyEval_EvalFrameDefault;PyEval_EvalCode;0x5d2bac;0x5818ed;_PyEval_EvalFrameDefault;0x54a0c7;PyObject_CallMethodObjArgs;PyImport_ImportModuleLevelObject;_PyEval_EvalFrameDefault;PyEval_EvalCode;0x5d2bac;0x5818ed;_PyEval_EvalFrameDefault;0x54a0c7;PyObject_CallMethodObjArgs;PyImport_ImportModuleLevelObject;0x5d2ef4;0x5818ed;_PyEval_EvalFrameDefault;0x54a0c7;PyObject_CallMethodObjArgs;PyImport_ImportModuleLevelObject;_PyEval_EvalFrameDefault;PyEval_EvalCode;0x5d2bac;0x5818ed;_PyEval_EvalFrameDefault;0x54a0c7;PyObject_CallMethodObjArgs;PyImport_ImportModuleLevelObject;0x5d2ef4;0x5818ed;_PyEval_EvalFrameDefault;0x54a0c7;PyObject_CallMethodObjArgs;PyImport_ImportModuleLevelObject;_PyEval_EvalFrameDefault;PyEval_EvalCode;0x5d2bac;0x5818ed;_PyEval_EvalFrameDefault;0x54a0c7;PyObject_CallMethodObjArgs;PyImport_ImportModuleLevelObject;_PyEval_EvalFrameDefault;PyEval_EvalCode;0x5d2bac;0x5818ed;_PyEval_EvalFrameDefault;0x54a0c7;PyObject_CallMethodObjArgs;PyImport_ImportModuleLevelObject;_PyEval_EvalFrameDefault;PyEval_EvalCode;0x5d2bac;0x5818ed;_PyEval_EvalFrameDefault;0x54a0c7;|, 30.271350, 950.00, 27.202000
2025-11-15T20:26:39.488345Z, 0xfffffffffffffe00;PyUnicode_AsUTF8AndSize;0x751111d8e054;0x7265646c6975;|, 36.053198, 1000.00, 27.202000
2025-11-15T20:26:39.497979Z, 0xfffffffffffffe00;0x60222e;0x602433;0x602793;0x6024a5;0x602793;0x604dd4;_PyEval_EvalFrameDefault;0x54a0c7;PyObject_CallMethodObjArgs;PyImport_ImportModuleLevelObject;0x5d2ef4;0x5818ed;_PyEval_EvalFrameDefault;0x54a0c7;PyObject_CallMethodObjArgs;PyImport_ImportModuleLevelObject;_PyEval_EvalFrameDefault;PyEval_EvalCode;0x5d2bac;0x5818ed;_PyEval_EvalFrameDefault;0x54a0c7;PyObject_CallMethodObjArgs;PyImport_ImportModuleLevelObject;_PyEval_EvalFrameDefault;PyEval_EvalCode;0x5d2bac;0x5818ed;_PyEval_EvalFrameDefault;PyEval_EvalCode;0x5d2bac;0x5818ed;_PyEval_EvalFrameDefault;0x54a0c7;PyObject_CallMethodObjArgs;PyImport_ImportModuleLevelObject;0x5d2ef4;0x5818ed;_PyEval_EvalFrameDefault;0x54a0c7;PyObject_CallMethodObjArgs;PyImport_ImportModuleLevelObject;_PyEval_EvalFrameDefault;PyEval_EvalCode;0x5d2bac;0x5818ed;_PyEval_EvalFrameDefault;0x54a0c7;PyObject_CallMethodObjArgs;PyImport_ImportModuleLevelObject;0x5d2ef4;0x5818ed;_PyEval_EvalFrameDefault;0x54a0c7;PyObject_CallMethodObjArgs;PyImport_ImportModuleLevelObject;_PyEval_EvalFrameDefault;PyEval_EvalCode;0x5d2bac;0x5818ed;_PyEval_EvalFrameDefault;0x54a0c7;PyObject_CallMethodObjArgs;PyImport_ImportModuleLevelObject;0x5d2ef4;0x5818ed;_PyEval_EvalFrameDefault;0x54a0c7;PyObject_CallMethodObjArgs;PyImport_ImportModuleLevelObject;0x5d2ef4;0x5818ed;_PyEval_EvalFrameDefault;0x54a0c7;PyObject_CallMethodObjArgs;PyImport_ImportModuleLevelObject;_PyEval_EvalFrameDefault;0x64edc8;_PyObject_MakeTpCall;_PyEval_EvalFrameDefault;PyEval_EvalCode;0x5d2bac;0x5818ed;_PyEval_EvalFrameDefault;0x54a0c7;PyObject_CallMethodObjArgs;PyImport_ImportModuleLevelObject;_PyEval_EvalFrameDefault;PyEval_EvalCode;0x5d2bac;0x5818ed;_PyEval_EvalFrameDefault;0x54a0c7;PyObject_CallMethodObjArgs;PyImport_ImportModuleLevelObject;_PyEval_EvalFrameDefault;PyEval_EvalCode;0x5d2bac;0x5818ed;_PyEval_EvalFrameDefault;0x54a0c7;PyObject_CallMethodObjArgs;PyImport_ImportModuleLevelObject;_PyEval_EvalFrameDefault;PyEval_EvalCode;0x5d2bac;0x5818ed;_PyEval_EvalFrameDefault;0x54a0c7;PyObject_CallMethodObjArgs;PyImport_ImportModuleLevelObject;0x5d2ef4;0x5818ed;_PyEval_EvalFrameDefault;0x54a0c7;PyObject_CallMethodObjArgs;PyImport_ImportModuleLevelObject;_PyEval_EvalFrameDefault;PyEval_EvalCode;0x5d2bac;0x5818ed;_PyEval_EvalFrameDefault;0x54a0c7;PyObject_CallMethodObjArgs;PyImport_ImportModuleLevelObject;0x5d2ef4;0x5818ed;|, 31.426673, 2100.00, 27.202000
2025-11-15T20:26:39.507665Z, 0xfffffffffffffe00;PyObject_Malloc;PyType_GenericAlloc;0x59276b;0x59e81f;0x581a6f;_PyObject_MakeTpCall;_PyEval_EvalFrameDefault;_PyObject_Call_Prepend;0x59da4f;0x599513;_PyObject_MakeTpCall;_PyEval_EvalFrameDefault;PyEval_EvalCode;0x5d2bac;0x5818ed;_PyEval_EvalFrameDefault;0x54a0c7;PyObject_CallMethodObjArgs;PyImport_ImportModuleLevelObject;_PyEval_EvalFrameDefault;PyEval_EvalCode;0x5d2bac;0x5818ed;_PyEval_EvalFrameDefault;0x54a0c7;PyObject_CallMethodObjArgs;PyImport_ImportModuleLevelObject;0x5d2ef4;0x5818ed;_PyEval_EvalFrameDefault;0x54a0c7;PyObject_CallMethodObjArgs;PyImport_ImportModuleLevelObject;_PyEval_EvalFrameDefault;PyEval_EvalCode;0x5d2bac;0x5818ed;_PyEval_EvalFrameDefault;0x54a0c7;PyObject_CallMethodObjArgs;PyImport_ImportModuleLevelObject;0x5d2ef4;0x5818ed;_PyEval_EvalFrameDefault;0x54a0c7;PyObject_CallMethodObjArgs;PyImport_ImportModuleLevelObject;0x5d2ef4;0x5818ed;_PyEval_EvalFrameDefault;0x54a0c7;PyObject_CallMethodObjArgs;PyImport_ImportModuleLevelObject;_PyEval_EvalFrameDefault;0x64edc8;_PyObject_MakeTpCall;_PyEval_EvalFrameDefault;PyEval_EvalCode;0x5d2bac;0x5818ed;_PyEval_EvalFrameDefault;0x54a0c7;PyObject_CallMethodObjArgs;PyImport_ImportModuleLevelObject;_PyEval_EvalFrameDefault;PyEval_EvalCode;0x5d2bac;0x5818ed;_PyEval_EvalFrameDefault;0x54a0c7;PyObject_CallMethodObjArgs;PyImport_ImportModuleLevelObject;_PyEval_EvalFrameDefault;PyEval_EvalCode;0x5d2bac;0x5818ed;_PyEval_EvalFrameDefault;0x54a0c7;PyObject_CallMethodObjArgs;PyImport_ImportModuleLevelObject;_PyEval_EvalFrameDefault;PyEval_EvalCode;0x5d2bac;0x5818ed;_PyEval_EvalFrameDefault;0x54a0c7;PyObject_CallMethodObjArgs;PyImport_ImportModuleLevelObject;0x5d2ef4;0x5818ed;_PyEval_EvalFrameDefault;0x54a0c7;PyObject_CallMethodObjArgs;PyImport_ImportModuleLevelObject;_PyEval_EvalFrameDefault;PyEval_EvalCode;0x5d2bac;0x5818ed;_PyEval_EvalFrameDefault;0x54a0c7;PyObject_CallMethodObjArgs;PyImport_ImportModuleLevelObject;0x5d2ef4;0x5818ed;_PyEval_EvalFrameDefault;0x54a0c7;PyObject_CallMethodObjArgs;PyImport_ImportModuleLevelObject;_PyEval_EvalFrameDefault;PyEval_EvalCode;0x5d2bac;0x5818ed;_PyEval_EvalFrameDefault;0x54a0c7;PyObject_CallMethodObjArgs;PyImport_ImportModuleLevelObject;_PyEval_EvalFrameDefault;PyEval_EvalCode;0x5d2bac;0x5818ed;_PyEval_EvalFrameDefault;0x54a0c7;PyObject_CallMethodObjArgs;PyImport_ImportModuleLevelObject;_PyEval_EvalFrameDefault;PyEval_EvalCode;0x5d2bac;|, 34.021121, 700.00, 27.202000
2025-11-15T20:26:39.512989Z, , 31.557385, 2200.00, 27.202000
2025-11-15T20:26:39.518240Z, , 29.295516, 2200.00, 27.202000
2025-11-15T20:26:39.527869Z, 0xfffffffffffffe00;PyType_IsSubtype;PyObject_IsInstance;_PyEval_EvalFrameDefault;_PyObject_Call_Prepend;0x59da4f;0x599513;_PyObject_MakeTpCall;_PyEval_EvalFrameDefault;0x64ef83;PyObject_Call;_PyEval_EvalFrameDefault;0x5a0bf5;_PyEval_EvalFrameDefault;0x5d1fa4;0x5818ed;PyObject_Vectorcall;_PyEval_EvalFrameDefault;PyEval_EvalCode;0x5d2bac;0x5818ed;_PyEval_EvalFrameDefault;0x54a0c7;PyObject_CallMethodObjArgs;PyImport_ImportModuleLevelObject;_PyEval_EvalFrameDefault;PyEval_EvalCode;0x5d2bac;0x5818ed;_PyEval_EvalFrameDefault;0x54a0c7;PyObject_CallMethodObjArgs;PyImport_ImportModuleLevelObject;0x5d2ef4;0x5818ed;_PyEval_EvalFrameDefault;0x54a0c7;PyObject_CallMethodObjArgs;PyImport_ImportModuleLevelObject;_PyEval_EvalFrameDefault;PyEval_EvalCode;0x5d2bac;0x5818ed;_PyEval_EvalFrameDefault;0x54a0c7;PyObject_CallMethodObjArgs;PyImport_ImportModuleLevelObject;0x5d2ef4;0x5818ed;_PyEval_EvalFrameDefault;0x54a0c7;PyObject_CallMethodObjArgs;PyImport_ImportModuleLevelObject;_PyEval_EvalFrameDefault;PyEval_EvalCode;0x5d2bac;0x5818ed;_PyEval_EvalFrameDefault;0x54a0c7;PyObject_CallMethodObjArgs;PyImport_ImportModuleLevelObject;_PyEval_EvalFrameDefault;PyEval_EvalCode;0x5d2bac;0x5818ed;_PyEval_EvalFrameDefault;0x54a0c7;PyObject_CallMethodObjArgs;PyImport_ImportModuleLevelObject;0x5d2ef4;0x5818ed;_PyEval_EvalFrameDefault;0x54a0c7;PyObject_CallMethodObjArgs;PyImport_ImportModuleLevelObject;_PyEval_EvalFrameDefault;PyEval_EvalCode;0x5d2bac;0x5818ed;_PyEval_EvalFrameDefault;0x54a0c7;PyObject_CallMethodObjArgs;PyImport_ImportModuleLevelObject;0x5d2ef4;0x5818ed;_PyEval_EvalFrameDefault;0x54a0c7;PyObject_CallMethodObjArgs;PyImport_ImportModuleLevelObject;_PyEval_EvalFrameDefault;PyEval_EvalCode;0x5d2bac;0x5818ed;_PyEval_EvalFrameDefault;0x54a0c7;PyObject_CallMethodObjArgs;PyImport_ImportModuleLevelObject;_PyEval_EvalFrameDefault;PyEval_EvalCode;0x5d2bac;0x5818ed;_PyEval_EvalFrameDefault;0x54a0c7;PyObject_CallMethodObjArgs;PyImport_ImportModuleLevelObject;_PyEval_EvalFrameDefault;PyEval_EvalCode;0x5d2bac;0x5818ed;_PyEval_EvalFrameDefault;0x54a0c7;PyObject_CallMethodObjArgs;PyImport_ImportModuleLevelObject;0x5d2ef4;0x5818ed;_PyEval_EvalFrameDefault;0x54a0c7;PyObject_CallMethodObjArgs;PyImport_ImportModuleLevelObject;_PyEval_EvalFrameDefault;PyEval_EvalCode;0x5d2bac;0x5818ed;_PyEval_EvalFrameDefault;0x54a0c7;PyObject_CallMethodObjArgs;PyImport_ImportModuleLevelObject;_PyEval_EvalFrameDefault;|, 29.603717, 0.00, 27.202000
2025-11-15T20:26:39.537269Z, 0xfffffffffffffe00;PyMem_Calloc;0x519594;0x522f87;0x522130;0x52a5a0;0x52a21c;0x529c99;0x529148;0x528e2c;0x528bac;0x52888d;0x527e66;0x5268d5;0x5257d6;0x5253c2;0x524f41;0x52e1ac;0x52d0a8;0x52c4ae;0x5214fe;0x51fd66;0x532010;0x52ba1d;0x51d1b1;0x531fd3;0x52ba1d;0x51d1b1;0x51c807;0x518fbd;PyRun_StringFlags;0x5d2c59;_PyEval_EvalFrameDefault;PyEval_EvalCode;0x5d2bac;0x5818ed;_PyEval_EvalFrameDefault;0x54a0c7;PyObject_CallMethodObjArgs;PyImport_ImportModuleLevelObject;_PyEval_EvalFrameDefault;PyEval_EvalCode;0x5d2bac;0x5818ed;_PyEval_EvalFrameDefault;0x54a0c7;PyObject_CallMethodObjArgs;PyImport_ImportModuleLevelObject;_PyEval_EvalFrameDefault;PyEval_EvalCode;0x5d2bac;0x5818ed;_PyEval_EvalFrameDefault;0x54a0c7;PyObject_CallMethodObjArgs;PyImport_ImportModuleLevelObject;_PyEval_EvalFrameDefault;PyEval_EvalCode;0x5d2bac;0x5818ed;_PyEval_EvalFrameDefault;0x54a0c7;PyObject_CallMethodObjArgs;PyImport_ImportModuleLevelObject;0x5d2ef4;0x5818ed;_PyEval_EvalFrameDefault;0x54a0c7;PyObject_CallMethodObjArgs;PyImport_ImportModuleLevelObject;_PyEval_EvalFrameDefault;PyEval_EvalCode;0x5d2bac;0x5818ed;_PyEval_EvalFrameDefault;0x54a0c7;PyObject_CallMethodObjArgs;PyImport_ImportModuleLevelObject;0x5d2ef4;0x5818ed;_PyEval_EvalFrameDefault;0x54a0c7;PyObject_CallMethodObjArgs;PyImport_ImportModuleLevelObject;_PyEval_EvalFrameDefault;PyEval_EvalCode;0x5d2bac;0x5818ed;_PyEval_EvalFrameDefault;0x54a0c7;PyObject_CallMethodObjArgs;PyImport_ImportModuleLevelObject;_PyEval_EvalFrameDefault;PyEval_EvalCode;0x5d2bac;0x5818ed;_PyEval_EvalFrameDefault;0x54a0c7;PyObject_CallMethodObjArgs;PyImport_ImportModuleLevelObject;0x5d2ef4;0x5818ed;_PyEval_EvalFrameDefault;0x54a0c7;PyObject_CallMethodObjArgs;PyImport_ImportModuleLevelObject;_PyEval_EvalFrameDefault;PyEval_EvalCode;0x5d2bac;0x5818ed;_PyEval_EvalFrameDefault;0x54a0c7;PyObject_CallMethodObjArgs;PyImport_ImportModuleLevelObject;0x5d2ef4;0x5818ed;_PyEval_EvalFrameDefault;0x54a0c7;PyObject_CallMethodObjArgs;PyImport_ImportModuleLevelObject;_PyEval_EvalFrameDefault;PyEval_EvalCode;0x5d2bac;0x5818ed;_PyEval_EvalFrameDefault;0x54a0c7;PyObject_CallMethodObjArgs;PyImport_ImportModuleLevelObject;|, 29.673012, 0.00, 27.202000
2025-11-15T20:26:39.546457Z, 0xffffffffffffff80;0xffffffff96759386;0xffffffff968cfb76;0xffffffff968cfef4;0xffffffff9675a207;0xffffffff9675a49d;0xffffffff96afb53f;0xffffffff96b14994;0xffffffff96b16473;0xffffffff96b16de1;0xffffffff96b16f33;0xffffffff96b199cc;0xffffffff96af778b;0xffffffff96684b8a;0xffffffff978d678e;0xffffffff9640012b;0xfffffffffffffe00;__munmap;_PyEval_EvalFrameDefault;PyEval_EvalCode;0x5d2bac;0x5818ed;_PyEval_EvalFrameDefault;0x54a0c7;PyObject_CallMethodObjArgs;PyImport_ImportModuleLevelObject;_PyEval_EvalFrameDefault;PyEval_EvalCode;0x5d2bac;0x5818ed;_PyEval_EvalFrameDefault;0x54a0c7;PyObject_CallMethodObjArgs;PyImport_ImportModuleLevelObject;_PyEval_EvalFrameDefault;PyEval_EvalCode;0x5d2bac;0x5818ed;_PyEval_EvalFrameDefault;0x54a0c7;PyObject_CallMethodObjArgs;PyImport_ImportModuleLevelObject;_PyEval_EvalFrameDefault;PyEval_EvalCode;0x5d2bac;0x5818ed;_PyEval_EvalFrameDefault;0x54a0c7;PyObject_CallMethodObjArgs;PyImport_ImportModuleLevelObject;_PyEval_EvalFrameDefault;PyEval_EvalCode;0x5d2bac;0x5818ed;_PyEval_EvalFrameDefault;0x54a0c7;PyObject_CallMethodObjArgs;PyImport_ImportModuleLevelObject;0x5d2ef4;0x5818ed;_PyEval_EvalFrameDefault;0x54a0c7;PyObject_CallMethodObjArgs;PyImport_ImportModuleLevelObject;_PyEval_EvalFrameDefault;PyEval_EvalCode;0x5d2bac;0x5818ed;_PyEval_EvalFrameDefault;0x54a0c7;PyObject_CallMethodObjArgs;PyImport_ImportModuleLevelObject;_PyEval_EvalFrameDefault;PyEval_EvalCode;0x5d2bac;0x5818ed;_PyEval_EvalFrameDefault;0x54a0c7;PyObject_CallMethodObjArgs;PyImport_ImportModuleLevelObject;0x5d2ef4;0x5818ed;_PyEval_EvalFrameDefault;0x54a0c7;PyObject_CallMethodObjArgs;PyImport_ImportModuleLevelObject;_PyEval_EvalFrameDefault;PyEval_EvalCode;0x5d2bac;0x5818ed;_PyEval_EvalFrameDefault;0x54a0c7;PyObject_CallMethodObjArgs;PyImport_ImportModuleLevelObject;0x5d2ef4;0x5818ed;_PyEval_EvalFrameDefault;0x54a0c7;PyObject_CallMethodObjArgs;PyImport_ImportModuleLevelObject;_PyEval_EvalFrameDefault;PyEval_EvalCode;0x5d2bac;0x5818ed;_PyEval_EvalFrameDefault;0x54a0c7;PyObject_CallMethodObjArgs;PyImport_ImportModuleLevelObject;_PyEval_EvalFrameDefault;PyEval_EvalCode;0x5d2bac;0x5818ed;_PyEval_EvalFrameDefault;0x54a0c7;PyObject_CallMethodObjArgs;PyImport_ImportModuleLevelObject;_PyEval_EvalFrameDefault;PyEval_EvalCode;0x5d2bac;0x5818ed;_PyEval_EvalFrameDefault;0x54a0c7;PyObject_CallMethodObjArgs;PyImport_ImportModuleLevelObject;0x5d2ef4;0x5818ed;_PyEval_EvalFrameDefault;0x54a0c7;PyObject_CallMethodObjArgs;|, 35.183002, 33.33, 27.202000
2025-11-15T20:26:39.555939Z, 0xfffffffffffffe00;0x575745;0x5818ed;PyObject_Vectorcall;_PyEval_EvalFrameDefault;PyEval_EvalCode;0x5d2bac;0x5818ed;_PyEval_EvalFrameDefault;0x54a0c7;PyObject_CallMethodObjArgs;PyImport_ImportModuleLevelObject;_PyEval_EvalFrameDefault;PyEval_EvalCode;0x5d2bac;0x5818ed;_PyEval_EvalFrameDefault;0x54a0c7;PyObject_CallMethodObjArgs;PyImport_ImportModuleLevelObject;_PyEval_EvalFrameDefault;PyEval_EvalCode;0x5d2bac;0x5818ed;_PyEval_EvalFrameDefault;0x54a0c7;PyObject_CallMethodObjArgs;PyImport_ImportModuleLevelObject;_PyEval_EvalFrameDefault;PyEval_EvalCode;0x5d2bac;0x5818ed;_PyEval_EvalFrameDefault;0x54a0c7;PyObject_CallMethodObjArgs;PyImport_ImportModuleLevelObject;_PyEval_EvalFrameDefault;PyEval_EvalCode;0x5d2bac;0x5818ed;_PyEval_EvalFrameDefault;0x54a0c7;PyObject_CallMethodObjArgs;PyImport_ImportModuleLevelObject;0x5d2ef4;0x5818ed;_PyEval_EvalFrameDefault;0x54a0c7;PyObject_CallMethodObjArgs;PyImport_ImportModuleLevelObject;_PyEval_EvalFrameDefault;PyEval_EvalCode;0x5d2bac;0x5818ed;_PyEval_EvalFrameDefault;0x54a0c7;PyObject_CallMethodObjArgs;PyImport_ImportModuleLevelObject;_PyEval_EvalFrameDefault;PyEval_EvalCode;0x5d2bac;0x5818ed;_PyEval_EvalFrameDefault;0x54a0c7;PyObject_CallMethodObjArgs;PyImport_ImportModuleLevelObject;0x5d2ef4;0x5818ed;_PyEval_EvalFrameDefault;0x54a0c7;PyObject_CallMethodObjArgs;PyImport_ImportModuleLevelObject;_PyEval_EvalFrameDefault;PyEval_EvalCode;0x5d2bac;0x5818ed;_PyEval_EvalFrameDefault;0x54a0c7;PyObject_CallMethodObjArgs;PyImport_ImportModuleLevelObject;0x5d2ef4;0x5818ed;_PyEval_EvalFrameDefault;0x54a0c7;PyObject_CallMethodObjArgs;PyImport_ImportModuleLevelObject;_PyEval_EvalFrameDefault;PyEval_EvalCode;0x5d2bac;0x5818ed;_PyEval_EvalFrameDefault;0x54a0c7;PyObject_CallMethodObjArgs;PyImport_ImportModuleLevelObject;_PyEval_EvalFrameDefault;PyEval_EvalCode;0x5d2bac;0x5818ed;_PyEval_EvalFrameDefault;0x54a0c7;PyObject_CallMethodObjArgs;PyImport_ImportModuleLevelObject;_PyEval_EvalFrameDefault;PyEval_EvalCode;0x5d2bac;0x5818ed;_PyEval_EvalFrameDefault;0x54a0c7;PyObject_CallMethodObjArgs;PyImport_ImportModuleLevelObject;0x5d2ef4;0x5818ed;_PyEval_EvalFrameDefault;0x54a0c7;PyObject_CallMethodObjArgs;PyImport_ImportModuleLevelObject;_PyEval_EvalFrameDefault;PyEval_EvalCode;0x5d2bac;0x5818ed;_PyEval_EvalFrameDefault;0x54a0c7;PyObject_CallMethodObjArgs;PyImport_ImportModuleLevelObject;_PyEval_EvalFrameDefault;PyEval_EvalCode;0x5d2bac;0x5818ed;|, 33.491073, 100.00, 27.202000
2025-11-15T20:26:39.565154Z, 0xffffffffffffff80;0xffffffff978ec89b;0xffffffff96e42551;0xffffffff96e3dead;0xffffffff96e3e027;0xffffffff96dc872c;0xffffffff96bc7b67;0xffffffff96bc864e;0xffffffff96bc86f4;0xffffffff96bc876c;0xffffffff9668510c;0xffffffff978d678e;0xffffffff9640012b;0xfffffffffffffe00;fstatat64;_PyEval_EvalFrameDefault;0x54a0c7;PyObject_CallMethodObjArgs;PyImport_ImportModuleLevelObject;_PyEval_EvalFrameDefault;PyEval_EvalCode;0x5d2bac;0x5818ed;_PyEval_EvalFrameDefault;0x54a0c7;PyObject_CallMethodObjArgs;PyImport_ImportModuleLevelObject;_PyEval_EvalFrameDefault;PyEval_EvalCode;0x5d2bac;0x5818ed;_PyEval_EvalFrameDefault;0x54a0c7;PyObject_CallMethodObjArgs;PyImport_ImportModuleLevelObject;_PyEval_EvalFrameDefault;PyEval_EvalCode;0x5d2bac;0x5818ed;_PyEval_EvalFrameDefault;0x54a0c7;PyObject_CallMethodObjArgs;PyImport_ImportModuleLevelObject;_PyEval_EvalFrameDefault;PyEval_EvalCode;0x5d2bac;0x5818ed;_PyEval_EvalFrameDefault;0x54a0c7;PyObject_CallMethodObjArgs;PyImport_ImportModuleLevelObject;_PyEval_EvalFrameDefault;PyEval_EvalCode;0x5d2bac;0x5818ed;_PyEval_EvalFrameDefault;0x54a0c7;PyObject_CallMethodObjArgs;PyImport_ImportModuleLevelObject;0x5d2ef4;0x5818ed;_PyEval_EvalFrameDefault;0x54a0c7;PyObject_CallMethodObjArgs;PyImport_ImportModuleLevelObject;_PyEval_EvalFrameDefault;PyEval_EvalCode;0x5d2bac;0x5818ed;_PyEval_EvalFrameDefault;0x54a0c7;PyObject_CallMethodObjArgs;PyImport_ImportModuleLevelObject;_PyEval_EvalFrameDefault;PyEval_EvalCode;0x5d2bac;0x5818ed;_PyEval_EvalFrameDefault;0x54a0c7;PyObject_CallMethodObjArgs;PyImport_ImportModuleLevelObject;0x5d2ef4;0x5818ed;_PyEval_EvalFrameDefault;0x54a0c7;PyObject_CallMethodObjArgs;PyImport_ImportModuleLevelObject;_PyEval_EvalFrameDefault;PyEval_EvalCode;0x5d2bac;0x5818ed;_PyEval_EvalFrameDefault;0x54a0c7;PyObject_CallMethodObjArgs;PyImport_ImportModuleLevelObject;0x5d2ef4;0x5818ed;_PyEval_EvalFrameDefault;0x54a0c7;PyObject_CallMethodObjArgs;PyImport_ImportModuleLevelObject;_PyEval_EvalFrameDefault;PyEval_EvalCode;0x5d2bac;0x5818ed;_PyEval_EvalFrameDefault;0x54a0c7;PyObject_CallMethodObjArgs;PyImport_ImportModuleLevelObject;_PyEval_EvalFrameDefault;PyEval_EvalCode;0x5d2bac;0x5818ed;_PyEval_EvalFrameDefault;0x54a0c7;PyObject_CallMethodObjArgs;PyImport_ImportModuleLevelObject;_PyEval_EvalFrameDefault;PyEval_EvalCode;0x5d2bac;0x5818ed;_PyEval_EvalFrameDefault;0x54a0c7;PyObject_CallMethodObjArgs;PyImport_ImportModuleLevelObject;0x5d2ef4;0x5818ed;_PyEval_EvalFrameDefault;0x54a0c7;|, 42.304113, 150.00, 27.202000
2025-11-15T20:26:39.570413Z, , 30.491826, 200.00, 27.202000
2025-11-15T20:26:39.579973Z, 0xfffffffffffffe00;0x608cfc;_PyCode_New;0x60292d;0x602531;0x602793;0x602531;0x602793;0x604dd4;_PyEval_EvalFrameDefault;0x54a0c7;PyObject_CallMethodObjArgs;PyImport_ImportModuleLevelObject;_PyEval_EvalFrameDefault;PyEval_EvalCode;0x5d2bac;0x5818ed;_PyEval_EvalFrameDefault;0x54a0c7;PyObject_CallMethodObjArgs;PyImport_ImportModuleLevelObject;0x5d2ef4;0x5818ed;_PyEval_EvalFrameDefault;0x54a0c7;PyObject_CallMethodObjArgs;PyImport_ImportModuleLevelObject;_PyEval_EvalFrameDefault;PyEval_EvalCode;0x5d2bac;0x5818ed;_PyEval_EvalFrameDefault;0x54a0c7;PyObject_CallMethodObjArgs;PyImport_ImportModuleLevelObject;_PyEval_EvalFrameDefault;PyEval_EvalCode;0x5d2bac;0x5818ed;_PyEval_EvalFrameDefault;0x54a0c7;PyObject_CallMethodObjArgs;PyImport_ImportModuleLevelObject;_PyEval_EvalFrameDefault;PyEval_EvalCode;0x5d2bac;0x5818ed;_PyEval_EvalFrameDefault;0x54a0c7;PyObject_CallMethodObjArgs;PyImport_ImportModuleLevelObject;_PyEval_EvalFrameDefault;PyEval_EvalCode;0x5d2bac;0x5818ed;_PyEval_EvalFrameDefault;0x54a0c7;PyObject_CallMethodObjArgs;PyImport_ImportModuleLevelObject;0x5d2ef4;0x5818ed;_PyEval_EvalFrameDefault;0x54a0c7;PyObject_CallMethodObjArgs;PyImport_ImportModuleLevelObject;_PyEval_EvalFrameDefault;PyEval_EvalCode;0x5d2bac;0x5818ed;_PyEval_EvalFrameDefault;0x54a0c7;PyObject_CallMethodObjArgs;PyImport_ImportModuleLevelObject;_PyEval_EvalFrameDefault;PyEval_EvalCode;0x5d2bac;0x5818ed;_PyEval_EvalFrameDefault;0x54a0c7;PyObject_CallMethodObjArgs;PyImport_ImportModuleLevelObject;_PyEval_EvalFrameDefault;PyEval_EvalCode;0x5d2bac;0x5818ed;_PyEval_EvalFrameDefault;0x54a0c7;PyObject_CallMethodObjArgs;PyImport_ImportModuleLevelObject;0x5d2ef4;0x5818ed;_PyEval_EvalFrameDefault;0x54a0c7;PyObject_CallMethodObjArgs;PyImport_ImportModuleLevelObject;_PyEval_EvalFrameDefault;PyEval_EvalCode;0x5d2bac;0x5818ed;_PyEval_EvalFrameDefault;0x54a0c7;PyObject_CallMethodObjArgs;PyImport_ImportModuleLevelObject;_PyEval_EvalFrameDefault;PyEval_EvalCode;0x5d2bac;0x5818ed;_PyEval_EvalFrameDefault;0x54a0c7;PyObject_CallMethodObjArgs;PyImport_ImportModuleLevelObject;0x5d2ef4;0x5818ed;_PyEval_EvalFrameDefault;0x54a0c7;PyObject_CallMethodObjArgs;PyImport_ImportModuleLevelObject;_PyEval_EvalFrameDefault;PyEval_EvalCode;0x5d2bac;0x5818ed;_PyEval_EvalFrameDefault;0x54a0c7;PyObject_CallMethodObjArgs;PyImport_ImportModuleLevelObject;0x5d2ef4;0x5818ed;_PyEval_EvalFrameDefault;|, 38.774318, 400.00, 27.202000
2025-11-15T20:26:39.589451Z, 0xfffffffffffffe00;0x572055;0x572ccb;0x559106;0x66ca24;_PyObject_GenericGetAttrWithDict;PyObject_GetAttr;_PyEval_EvalFrameDefault;_PyObject_Call_Prepend;0x59da4f;0x599513;_PyObject_MakeTpCall;_PyEval_EvalFrameDefault;0x64ef83;PyObject_Call;_PyEval_EvalFrameDefault;0x5a0bf5;_PyEval_EvalFrameDefault;0x5d1fa4;0x5818ed;PyObject_Vectorcall;_PyEval_EvalFrameDefault;PyEval_EvalCode;0x5d2bac;0x5818ed;_PyEval_EvalFrameDefault;0x54a0c7;PyObject_CallMethodObjArgs;PyImport_ImportModuleLevelObject;_PyEval_EvalFrameDefault;PyEval_EvalCode;0x5d2bac;0x5818ed;_PyEval_EvalFrameDefault;0x54a0c7;PyObject_CallMethodObjArgs;PyImport_ImportModuleLevelObject;0x5d2ef4;0x5818ed;_PyEval_EvalFrameDefault;0x54a0c7;PyObject_CallMethodObjArgs;PyImport_ImportModuleLevelObject;_PyEval_EvalFrameDefault;PyEval_EvalCode;0x5d2bac;0x5818ed;_PyEval_EvalFrameDefault;0x54a0c7;PyObject_CallMethodObjArgs;PyImport_ImportModuleLevelObject;_PyEval_EvalFrameDefault;PyEval_EvalCode;0x5d2bac;0x5818ed;_PyEval_EvalFrameDefault;0x54a0c7;PyObject_CallMethodObjArgs;PyImport_ImportModuleLevelObject;_PyEval_EvalFrameDefault;PyEval_EvalCode;0x5d2bac;0x5818ed;_PyEval_EvalFrameDefault;0x54a0c7;PyObject_CallMethodObjArgs;PyImport_ImportModuleLevelObject;_PyEval_EvalFrameDefault;PyEval_EvalCode;0x5d2bac;0x5818ed;_PyEval_EvalFrameDefault;0x54a0c7;PyObject_CallMethodObjArgs;PyImport_ImportModuleLevelObject;_PyEval_EvalFrameDefault;PyEval_EvalCode;0x5d2bac;0x5818ed;_PyEval_EvalFrameDefault;0x54a0c7;PyObject_CallMethodObjArgs;PyImport_ImportModuleLevelObject;0x5d2ef4;0x5818ed;_PyEval_EvalFrameDefault;0x54a0c7;PyObject_CallMethodObjArgs;PyImport_ImportModuleLevelObject;0x5d2ef4;0x5818ed;_PyEval_EvalFrameDefault;0x54a0c7;PyObject_CallMethodObjArgs;PyImport_ImportModuleLevelObject;_PyEval_EvalFrameDefault;PyEval_EvalCode;0x5d2bac;0x5818ed;_PyEval_EvalFrameDefault;0x54a0c7;PyObject_CallMethodObjArgs;PyImport_ImportModuleLevelObject;_PyEval_EvalFrameDefault;PyEval_EvalCode;0x5d2bac;0x5818ed;_PyEval_EvalFrameDefault;0x54a0c7;PyObject_CallMethodObjArgs;PyImport_ImportModuleLevelObject;_PyEval_EvalFrameDefault;PyEval_EvalCode;0x5d2bac;0x5818ed;_PyEval_EvalFrameDefault;0x54a0c7;PyObject_CallMethodObjArgs;PyImport_ImportModuleLevelObject;0x5d2ef4;0x5818ed;_PyEval_EvalFrameDefault;0x54a0c7;PyObject_CallMethodObjArgs;PyImport_ImportModuleLevelObject;_PyEval_EvalFrameDefault;PyEval_EvalCode;0x5d2bac;|, 32.856926, 200.00, 27.202000
2025-11-15T20:26:39.598701Z, 0xffffffffffffff80;0xffffffff96bd037f;0xffffffff96bd6334;0xffffffff96bd6eae;0xffffffff96bd7c6e;0xffffffff96bc7b5a;0xffffffff96bc864e;0xffffffff96bc86f4;0xffffffff96bc876c;0xffffffff9668510c;0xffffffff978d678e;0xffffffff9640012b;0xfffffffffffffe00;fstatat64;_PyEval_EvalFrameDefault;PyEval_EvalCode;0x5d2bac;0x5818ed;_PyEval_EvalFrameDefault;0x54a0c7;PyObject_CallMethodObjArgs;PyImport_ImportModuleLevelObject;_PyEval_EvalFrameDefault;PyEval_EvalCode;0x5d2bac;0x5818ed;_PyEval_EvalFrameDefault;0x54a0c7;PyObject_CallMethodObjArgs;PyImport_ImportModuleLevelObject;_PyEval_EvalFrameDefault;PyEval_EvalCode;0x5d2bac;0x5818ed;_PyEval_EvalFrameDefault;0x54a0c7;PyObject_CallMethodObjArgs;PyImport_ImportModuleLevelObject;_PyEval_EvalFrameDefault;PyEval_EvalCode;0x5d2bac;0x5818ed;_PyEval_EvalFrameDefault;0x54a0c7;PyObject_CallMethodObjArgs;PyImport_ImportModuleLevelObject;_PyEval_EvalFrameDefault;PyEval_EvalCode;0x5d2bac;0x5818ed;_PyEval_EvalFrameDefault;0x54a0c7;PyObject_CallMethodObjArgs;PyImport_ImportModuleLevelObject;_PyEval_EvalFrameDefault;PyEval_EvalCode;0x5d2bac;0x5818ed;_PyEval_EvalFrameDefault;0x54a0c7;PyObject_CallMethodObjArgs;PyImport_ImportModuleLevelObject;_PyEval_EvalFrameDefault;PyEval_EvalCode;0x5d2bac;0x5818ed;_PyEval_EvalFrameDefault;0x54a0c7;PyObject_CallMethodObjArgs;PyImport_ImportModuleLevelObject;_PyEval_EvalFrameDefault;PyEval_EvalCode;0x5d2bac;0x5818ed;_PyEval_EvalFrameDefault;0x54a0c7;PyObject_CallMethodObjArgs;PyImport_ImportModuleLevelObject;_PyEval_EvalFrameDefault;PyEval_EvalCode;0x5d2bac;0x5818ed;_PyEval_EvalFrameDefault;0x54a0c7;PyObject_CallMethodObjArgs;PyImport_ImportModuleLevelObject;_PyEval_EvalFrameDefault;PyEval_EvalCode;0x5d2bac;0x5818ed;_PyEval_EvalFrameDefault;0x54a0c7;PyObject_CallMethodObjArgs;PyImport_ImportModuleLevelObject;0x5d2ef4;0x5818ed;_PyEval_EvalFrameDefault;0x54a0c7;PyObject_CallMethodObjArgs;PyImport_ImportModuleLevelObject;_PyEval_EvalFrameDefault;PyEval_EvalCode;0x5d2bac;0x5818ed;_PyEval_EvalFrameDefault;0x54a0c7;PyObject_CallMethodObjArgs;PyImport_ImportModuleLevelObject;_PyEval_EvalFrameDefault;PyEval_EvalCode;0x5d2bac;0x5818ed;_PyEval_EvalFrameDefault;0x54a0c7;PyObject_CallMethodObjArgs;PyImport_ImportModuleLevelObject;_PyEval_EvalFrameDefault;PyEval_EvalCode;0x5d2bac;0x5818ed;_PyEval_EvalFrameDefault;0x54a0c7;PyObject_CallMethodObjArgs;PyImport_ImportModuleLevelObject;_PyEval_EvalFrameDefault;PyEval_EvalCode;0x5d2bac;0x5818ed;_PyEval_EvalFrameDefault;|, 36.329524, 350.00, 27.202000
2025-11-15T20:26:39.607992Z, 0xffffffffffffff80;0xffffffff9675abe1;0xffffffff96a89f92;0xffffffff96c198aa;0xffffffff96c1992e;0xffffffff96c19a62;0xffffffff96c1a3f0;0xffffffff96e29862;0xffffffff96e29b50;0xffffffff96e418d6;0xffffffff96e4251d;0xffffffff96e3dead;0xffffffff96e3e027;0xffffffff96dc872c;0xffffffff96bc7b67;0xffffffff96bc864e;0xffffffff96bc86f4;0xffffffff96bc876c;0xffffffff9668510c;0xffffffff978d678e;0xffffffff9640012b;0xfffffffffffffe00;fstatat64;_PyEval_EvalFrameDefault;PyEval_EvalCode;0x5d2bac;0x5818ed;_PyEval_EvalFrameDefault;0x54a0c7;PyObject_CallMethodObjArgs;PyImport_ImportModuleLevelObject;_PyEval_EvalFrameDefault;PyEval_EvalCode;0x5d2bac;0x5818ed;_PyEval_EvalFrameDefault;0x54a0c7;PyObject_CallMethodObjArgs;PyImport_ImportModuleLevelObject;_PyEval_EvalFrameDefault;PyEval_EvalCode;0x5d2bac;0x5818ed;_PyEval_EvalFrameDefault;0x54a0c7;PyObject_CallMethodObjArgs;PyImport_ImportModuleLevelObject;_PyEval_EvalFrameDefault;PyEval_EvalCode;0x5d2bac;0x5818ed;_PyEval_EvalFrameDefault;0x54a0c7;PyObject_CallMethodObjArgs;PyImport_ImportModuleLevelObject;_PyEval_EvalFrameDefault;PyEval_EvalCode;0x5d2bac;0x5818ed;_PyEval_EvalFrameDefault;0x54a0c7;PyObject_CallMethodObjArgs;PyImport_ImportModuleLevelObject;_PyEval_EvalFrameDefault;PyEval_EvalCode;0x5d2bac;0x5818ed;_PyEval_EvalFrameDefault;0x54a0c7;PyObject_CallMethodObjArgs;PyImport_ImportModuleLevelObject;_PyEval_EvalFrameDefault;PyEval_EvalCode;0x5d2bac;0x5818ed;_PyEval_EvalFrameDefault;0x54a0c7;PyObject_CallMethodObjArgs;PyImport_ImportModuleLevelObject;_PyEval_EvalFrameDefault;PyEval_EvalCode;0x5d2bac;0x5818ed;_PyEval_EvalFrameDefault;0x54a0c7;PyObject_CallMethodObjArgs;PyImport_ImportModuleLevelObject;_PyEval_EvalFrameDefault;PyEval_EvalCode;0x5d2bac;0x5818ed;_PyEval_EvalFrameDefault;0x54a0c7;PyObject_CallMethodObjArgs;PyImport_ImportModuleLevelObject;_PyEval_EvalFrameDefault;PyEval_EvalCode;0x5d2bac;0x5818ed;_PyEval_EvalFrameDefault;0x54a0c7;PyObject_CallMethodObjArgs;PyImport_ImportModuleLevelObject;0x5d2ef4;0x5818ed;_PyEval_EvalFrameDefault;0x54a0c7;PyObject_CallMethodObjArgs;PyImport_ImportModuleLevelObject;_PyEval_EvalFrameDefault;PyEval_EvalCode;0x5d2bac;0x5818ed;_PyEval_EvalFrameDefault;0x54a0c7;PyObject_CallMethodObjArgs;PyImport_ImportModuleLevelObject;_PyEval_EvalFrameDefault;PyEval_EvalCode;0x5d2bac;0x5818ed;_PyEval_EvalFrameDefault;0x54a0c7;PyObject_CallMethodObjArgs;PyImport_ImportModuleLevelObject;_PyEval_EvalFrameDefault;PyEval_EvalCode;0x5d2bac;0x5818ed;|, 33.944423, 350.00, 27.202000
2025-11-15T20:26:39.617715Z, 0xfffffffffffffe00;0x5a7da0;PyEval_EvalCode;0x5d2bac;0x5818ed;_PyEval_EvalFrameDefault;0x54a0c7;PyObject_CallMethodObjArgs;PyImport_ImportModuleLevelObject;_PyEval_EvalFrameDefault;PyEval_EvalCode;0x5d2bac;0x5818ed;_PyEval_EvalFrameDefault;0x54a0c7;PyObject_CallMethodObjArgs;PyImport_ImportModuleLevelObject;_PyEval_EvalFrameDefault;PyEval_EvalCode;0x5d2bac;0x5818ed;_PyEval_EvalFrameDefault;0x54a0c7;PyObject_CallMethodObjArgs;PyImport_ImportModuleLevelObject;_PyEval_EvalFrameDefault;PyEval_EvalCode;0x5d2bac;0x5818ed;_PyEval_EvalFrameDefault;0x54a0c7;PyObject_CallMethodObjArgs;PyImport_ImportModuleLevelObject;_PyEval_EvalFrameDefault;PyEval_EvalCode;0x5d2bac;0x5818ed;_PyEval_EvalFrameDefault;0x54a0c7;PyObject_CallMethodObjArgs;PyImport_ImportModuleLevelObject;_PyEval_EvalFrameDefault;PyEval_EvalCode;0x5d2bac;0x5818ed;_PyEval_EvalFrameDefault;0x54a0c7;PyObject_CallMethodObjArgs;PyImport_ImportModuleLevelObject;_PyEval_EvalFrameDefault;PyEval_EvalCode;0x5d2bac;0x5818ed;_PyEval_EvalFrameDefault;0x54a0c7;PyObject_CallMethodObjArgs;PyImport_ImportModuleLevelObject;_PyEval_EvalFrameDefault;PyEval_EvalCode;0x5d2bac;0x5818ed;_PyEval_EvalFrameDefault;0x54a0c7;PyObject_CallMethodObjArgs;PyImport_ImportModuleLevelObject;_PyEval_EvalFrameDefault;PyEval_EvalCode;0x5d2bac;0x5818ed;_PyEval_EvalFrameDefault;0x54a0c7;PyObject_CallMethodObjArgs;PyImport_ImportModuleLevelObject;_PyEval_EvalFrameDefault;PyEval_EvalCode;0x5d2bac;0x5818ed;_PyEval_EvalFrameDefault;0x54a0c7;PyObject_CallMethodObjArgs;PyImport_ImportModuleLevelObject;0x5d2ef4;0x5818ed;_PyEval_EvalFrameDefault;0x54a0c7;PyObject_CallMethodObjArgs;PyImport_ImportModuleLevelObject;_PyEval_EvalFrameDefault;PyEval_EvalCode;0x5d2bac;0x5818ed;_PyEval_EvalFrameDefault;0x54a0c7;PyObject_CallMethodObjArgs;PyImport_ImportModuleLevelObject;_PyEval_EvalFrameDefault;PyEval_EvalCode;0x5d2bac;0x5818ed;_PyEval_EvalFrameDefault;0x54a0c7;PyObject_CallMethodObjArgs;PyImport_ImportModuleLevelObject;_PyEval_EvalFrameDefault;PyEval_EvalCode;0x5d2bac;0x5818ed;_PyEval_EvalFrameDefault;0x54a0c7;PyObject_CallMethodObjArgs;PyImport_ImportModuleLevelObject;_PyEval_EvalFrameDefault;PyEval_EvalCode;0x5d2bac;0x5818ed;_PyEval_EvalFrameDefault;0x54a0c7;PyObject_CallMethodObjArgs;PyImport_ImportModuleLevelObject;0x5d2ef4;0x5818ed;_PyEval_EvalFrameDefault;0x54a0c7;PyObject_CallMethodObjArgs;PyImport_ImportModuleLevelObject;_PyEval_EvalFrameDefault;PyEval_EvalCode;0x5d2bac;|, 33.801762, 266.67, 27.202000
2025-11-15T20:26:39.627442Z, 0xfffffffffffffe00;0x519581;0x52e9b9;0x52b8cb;0x51d1b1;0x531fd3;0x52ba1d;0x51d1b1;0x51c807;0x518fbd;PyRun_StringFlags;0x5d2c59;_PyEval_EvalFrameDefault;PyEval_EvalCode;0x5d2bac;0x5818ed;_PyEval_EvalFrameDefault;0x54a0c7;PyObject_CallMethodObjArgs;PyImport_ImportModuleLevelObject;_PyEval_EvalFrameDefault;PyEval_EvalCode;0x5d2bac;0x5818ed;_PyEval_EvalFrameDefault;0x54a0c7;PyObject_CallMethodObjArgs;PyImport_ImportModuleLevelObject;_PyEval_EvalFrameDefault;PyEval_EvalCode;0x5d2bac;0x5818ed;_PyEval_EvalFrameDefault;0x54a0c7;PyObject_CallMethodObjArgs;PyImport_ImportModuleLevelObject;_PyEval_EvalFrameDefault;PyEval_EvalCode;0x5d2bac;0x5818ed;_PyEval_EvalFrameDefault;0x54a0c7;PyObject_CallMethodObjArgs;PyImport_ImportModuleLevelObject;_PyEval_EvalFrameDefault;PyEval_EvalCode;0x5d2bac;0x5818ed;_PyEval_EvalFrameDefault;0x54a0c7;PyObject_CallMethodObjArgs;PyImport_ImportModuleLevelObject;_PyEval_EvalFrameDefault;PyEval_EvalCode;0x5d2bac;0x5818ed;_PyEval_EvalFrameDefault;0x54a0c7;PyObject_CallMethodObjArgs;PyImport_ImportModuleLevelObject;_PyEval_EvalFrameDefault;PyEval_EvalCode;0x5d2bac;0x5818ed;_PyEval_EvalFrameDefault;0x54a0c7;PyObject_CallMethodObjArgs;PyImport_ImportModuleLevelObject;_PyEval_EvalFrameDefault;PyEval_EvalCode;0x5d2bac;0x5818ed;_PyEval_EvalFrameDefault;0x54a0c7;PyObject_CallMethodObjArgs;PyImport_ImportModuleLevelObject;0x5d2ef4;0x5818ed;_PyEval_EvalFrameDefault;0x54a0c7;PyObject_CallMethodObjArgs;PyImport_ImportModuleLevelObject;_PyEval_EvalFrameDefault;PyEval_EvalCode;0x5d2bac;0x5818ed;_PyEval_EvalFrameDefault;0x54a0c7;PyObject_CallMethodObjArgs;PyImport_ImportModuleLevelObject;_PyEval_EvalFrameDefault;PyEval_EvalCode;0x5d2bac;0x5818ed;_PyEval_EvalFrameDefault;0x54a0c7;PyObject_CallMethodObjArgs;PyImport_ImportModuleLevelObject;_PyEval_EvalFrameDefault;PyEval_EvalCode;0x5d2bac;0x5818ed;_PyEval_EvalFrameDefault;0x54a0c7;PyObject_CallMethodObjArgs;PyImport_ImportModuleLevelObject;_PyEval_EvalFrameDefault;PyEval_EvalCode;0x5d2bac;0x5818ed;_PyEval_EvalFrameDefault;0x54a0c7;PyObject_CallMethodObjArgs;PyImport_ImportModuleLevelObject;0x5d2ef4;0x5818ed;_PyEval_EvalFrameDefault;0x54a0c7;PyObject_CallMethodObjArgs;PyImport_ImportModuleLevelObject;_PyEval_EvalFrameDefault;PyEval_EvalCode;0x5d2bac;0x5818ed;_PyEval_EvalFrameDefault;0x54a0c7;PyObject_CallMethodObjArgs;PyImport_ImportModuleLevelObject;|, 34.633019, 450.00, 27.202000
2025-11-15T20:26:39.637211Z, 0xfffffffffffffe00;_Py_NewReference;0x51965c;0x519594;0x52fb77;0x52ea52;0x52b8cb;0x51d1b1;0x51c807;0x518fbd;PyRun_StringFlags;0x5d2c59;_PyEval_EvalFrameDefault;PyEval_EvalCode;0x5d2bac;0x5818ed;_PyEval_EvalFrameDefault;0x54a0c7;PyObject_CallMethodObjArgs;PyImport_ImportModuleLevelObject;_PyEval_EvalFrameDefault;PyEval_EvalCode;0x5d2bac;0x5818ed;_PyEval_EvalFrameDefault;0x54a0c7;PyObject_CallMethodObjArgs;PyImport_ImportModuleLevelObject;_PyEval_EvalFrameDefault;PyEval_EvalCode;0x5d2bac;0x5818ed;_PyEval_EvalFrameDefault;0x54a0c7;PyObject_CallMethodObjArgs;PyImport_ImportModuleLevelObject;_PyEval_EvalFrameDefault;PyEval_EvalCode;0x5d2bac;0x5818ed;_PyEval_EvalFrameDefault;0x54a0c7;PyObject_CallMethodObjArgs;PyImport_ImportModuleLevelObject;0x5d2ef4;0x5818ed;_PyEval_EvalFrameDefault;0x54a0c7;PyObject_CallMethodObjArgs;PyImport_ImportModuleLevelObject;_PyEval_EvalFrameDefault;PyEval_EvalCode;0x5d2bac;0x5818ed;_PyEval_EvalFrameDefault;0x54a0c7;PyObject_CallMethodObjArgs;PyImport_ImportModuleLevelObject;_PyEval_EvalFrameDefault;PyEval_EvalCode;0x5d2bac;0x5818ed;_PyEval_EvalFrameDefault;0x54a0c7;PyObject_CallMethodObjArgs;PyImport_ImportModuleLevelObject;_PyEval_EvalFrameDefault;PyEval_EvalCode;0x5d2bac;0x5818ed;_PyEval_EvalFrameDefault;0x54a0c7;PyObject_CallMethodObjArgs;PyImport_ImportModuleLevelObject;_PyEval_EvalFrameDefault;PyEval_EvalCode;0x5d2bac;0x5818ed;_PyEval_EvalFrameDefault;0x54a0c7;PyObject_CallMethodObjArgs;PyImport_ImportModuleLevelObject;0x5d2ef4;0x5818ed;_PyEval_EvalFrameDefault;0x54a0c7;PyObject_CallMethodObjArgs;PyImport_ImportModuleLevelObject;_PyEval_EvalFrameDefault;PyEval_EvalCode;0x5d2bac;0x5818ed;_PyEval_EvalFrameDefault;0x54a0c7;PyObject_CallMethodObjArgs;PyImport_ImportModuleLevelObject;_PyEval_EvalFrameDefault;PyEval_EvalCode;0x5d2bac;0x5818ed;_PyEval_EvalFrameDefault;0x54a0c7;PyObject_CallMethodObjArgs;PyImport_ImportModuleLevelObject;_PyEval_EvalFrameDefault;PyEval_EvalCode;0x5d2bac;0x5818ed;_PyEval_EvalFrameDefault;0x54a0c7;PyObject_CallMethodObjArgs;PyImport_ImportModuleLevelObject;0x5d2ef4;0x5818ed;_PyEval_EvalFrameDefault;0x54a0c7;PyObject_CallMethodObjArgs;PyImport_ImportModuleLevelObject;_PyEval_EvalFrameDefault;PyEval_EvalCode;0x5d2bac;0x5818ed;_PyEval_EvalFrameDefault;0x54a0c7;PyObject_CallMethodObjArgs;PyImport_ImportModuleLevelObject;_PyEval_EvalFrameDefault;PyEval_EvalCode;|, 33.248145, 333.33, 27.202000
2025-11-15T20:26:39.642675Z, , 36.720221, 366.67, 27.202000
2025-11-15T20:26:39.652464Z, 0xfffffffffffffe00;0x53a17b;0x537a21;0x5378fd;0x5195fd;0x519594;0x52a40b;0x52a268;0x529c99;0x529148;0x528e2c;0x528bac;0x52888d;0x527e66;0x5268d5;0x5257d6;0x5253c2;0x524f41;0x52728b;0x51fc65;0x532010;0x52ba1d;0x51d1b1;0x531fd3;0x52ba1d;0x51d1b1;0x51c807;0x518fbd;PyRun_StringFlags;0x5d2c59;_PyEval_EvalFrameDefault;PyEval_EvalCode;0x5d2bac;0x5818ed;_PyEval_EvalFrameDefault;0x54a0c7;PyObject_CallMethodObjArgs;PyImport_ImportModuleLevelObject;_PyEval_EvalFrameDefault;PyEval_EvalCode;0x5d2bac;0x5818ed;_PyEval_EvalFrameDefault;0x54a0c7;PyObject_CallMethodObjArgs;PyImport_ImportModuleLevelObject;_PyEval_EvalFrameDefault;PyEval_EvalCode;0x5d2bac;0x5818ed;_PyEval_EvalFrameDefault;0x54a0c7;PyObject_CallMethodObjArgs;PyImport_ImportModuleLevelObject;_PyEval_EvalFrameDefault;PyEval_EvalCode;0x5d2bac;0x5818ed;_PyEval_EvalFrameDefault;0x54a0c7;PyObject_CallMethodObjArgs;PyImport_ImportModuleLevelObject;_PyEval_EvalFrameDefault;PyEval_EvalCode;0x5d2bac;0x5818ed;_PyEval_EvalFrameDefault;0x54a0c7;PyObject_CallMethodObjArgs;PyImport_ImportModuleLevelObject;0x5d2ef4;0x5818ed;_PyEval_EvalFrameDefault;0x54a0c7;PyObject_CallMethodObjArgs;PyImport_ImportModuleLevelObject;_PyEval_EvalFrameDefault;PyEval_EvalCode;0x5d2bac;0x5818ed;_PyEval_EvalFrameDefault;0x54a0c7;PyObject_CallMethodObjArgs;PyImport_ImportModuleLevelObject;_PyEval_EvalFrameDefault;PyEval_EvalCode;0x5d2bac;0x5818ed;_PyEval_EvalFrameDefault;0x54a0c7;PyObject_CallMethodObjArgs;PyImport_ImportModuleLevelObject;_PyEval_EvalFrameDefault;PyEval_EvalCode;0x5d2bac;0x5818ed;_PyEval_EvalFrameDefault;0x54a0c7;PyObject_CallMethodObjArgs;PyImport_ImportModuleLevelObject;0x5d2ef4;0x5818ed;_PyEval_EvalFrameDefault;0x54a0c7;PyObject_CallMethodObjArgs;PyImport_ImportModuleLevelObject;_PyEval_EvalFrameDefault;PyEval_EvalCode;0x5d2bac;0x5818ed;_PyEval_EvalFrameDefault;0x54a0c7;PyObject_CallMethodObjArgs;PyImport_ImportModuleLevelObject;_PyEval_EvalFrameDefault;PyEval_EvalCode;0x5d2bac;0x5818ed;_PyEval_EvalFrameDefault;0x54a0c7;PyObject_CallMethodObjArgs;PyImport_ImportModuleLevelObject;0x5d2ef4;0x5818ed;_PyEval_EvalFrameDefault;0x54a0c7;PyObject_CallMethodObjArgs;PyImport_ImportModuleLevelObject;|, 39.430284, 550.00, 27.202000
2025-11-15T20:26:39.657760Z, , 49.874211, 400.00, 27.202000
2025-11-15T20:26:39.667536Z, 0xfffffffffffffe00;0x5f20b3;0x5ee73f;0x5ecaae;0x5ec9d8;0x5e4fd9;_PyAST_Compile;PyRun_StringFlags;0x5d2c59;_PyEval_EvalFrameDefault;PyEval_EvalCode;0x5d2bac;0x5818ed;_PyEval_EvalFrameDefault;0x54a0c7;PyObject_CallMethodObjArgs;PyImport_ImportModuleLevelObject;_PyEval_EvalFrameDefault;PyEval_EvalCode;0x5d2bac;0x5818ed;_PyEval_EvalFrameDefault;0x54a0c7;PyObject_CallMethodObjArgs;PyImport_ImportModuleLevelObject;_PyEval_EvalFrameDefault;PyEval_EvalCode;0x5d2bac;0x5818ed;_PyEval_EvalFrameDefault;0x54a0c7;PyObject_CallMethodObjArgs;PyImport_ImportModuleLevelObject;_PyEval_EvalFrameDefault;PyEval_EvalCode;0x5d2bac;0x5818ed;_PyEval_EvalFrameDefault;0x54a0c7;PyObject_CallMethodObjArgs;PyImport_ImportModuleLevelObject;0x5d2ef4;0x5818ed;_PyEval_EvalFrameDefault;0x54a0c7;PyObject_CallMethodObjArgs;PyImport_ImportModuleLevelObject;_PyEval_EvalFrameDefault;PyEval_EvalCode;0x5d2bac;0x5818ed;_PyEval_EvalFrameDefault;0x54a0c7;PyObject_CallMethodObjArgs;PyImport_ImportModuleLevelObject;_PyEval_EvalFrameDefault;PyEval_EvalCode;0x5d2bac;0x5818ed;_PyEval_EvalFrameDefault;0x54a0c7;PyObject_CallMethodObjArgs;PyImport_ImportModuleLevelObject;_PyEval_EvalFrameDefault;PyEval_EvalCode;0x5d2bac;0x5818ed;_PyEval_EvalFrameDefault;0x54a0c7;PyObject_CallMethodObjArgs;PyImport_ImportModuleLevelObject;_PyEval_EvalFrameDefault;PyEval_EvalCode;0x5d2bac;0x5818ed;_PyEval_EvalFrameDefault;0x54a0c7;PyObject_CallMethodObjArgs;PyImport_ImportModuleLevelObject;_PyEval_EvalFrameDefault;PyEval_EvalCode;0x5d2bac;0x5818ed;_PyEval_EvalFrameDefault;0x54a0c7;PyObject_CallMethodObjArgs;PyImport_ImportModuleLevelObject;_PyEval_EvalFrameDefault;PyEval_EvalCode;0x5d2bac;0x5818ed;_PyEval_EvalFrameDefault;0x54a0c7;PyObject_CallMethodObjArgs;PyImport_ImportModuleLevelObject;0x5d2ef4;0x5818ed;_PyEval_EvalFrameDefault;0x54a0c7;PyObject_CallMethodObjArgs;PyImport_ImportModuleLevelObject;_PyEval_EvalFrameDefault;PyEval_EvalCode;0x5d2bac;0x5818ed;_PyEval_EvalFrameDefault;0x54a0c7;PyObject_CallMethodObjArgs;PyImport_ImportModuleLevelObject;_PyEval_EvalFrameDefault;PyEval_EvalCode;0x5d2bac;0x5818ed;_PyEval_EvalFrameDefault;0x54a0c7;PyObject_CallMethodObjArgs;PyImport_ImportModuleLevelObject;_PyEval_EvalFrameDefault;PyEval_EvalCode;0x5d2bac;0x5818ed;_PyEval_EvalFrameDefault;0x54a0c7;PyObject_CallMethodObjArgs;PyImport_ImportModuleLevelObject;0x5d2ef4;0x5818ed;_PyEval_EvalFrameDefault;|, 38.988086, 1200.00, 27.202000
2025-11-15T20:26:39.677192Z, 0xfffffffffffffe00;0x590c93;PyObject_GetIter;0x5d3710;_PyEval_EvalFrameDefault;_PyObject_Call_Prepend;0x59da4f;0x599513;_PyObject_MakeTpCall;_PyEval_EvalFrameDefault;PyEval_EvalCode;0x5d2bac;0x5818ed;_PyEval_EvalFrameDefault;0x54a0c7;PyObject_CallMethodObjArgs;PyImport_ImportModuleLevelObject;_PyEval_EvalFrameDefault;PyEval_EvalCode;0x5d2bac;0x5818ed;_PyEval_EvalFrameDefault;0x54a0c7;PyObject_CallMethodObjArgs;PyImport_ImportModuleLevelObject;_PyEval_EvalFrameDefault;PyEval_EvalCode;0x5d2bac;0x5818ed;_PyEval_EvalFrameDefault;0x54a0c7;PyObject_CallMethodObjArgs;PyImport_ImportModuleLevelObject;_PyEval_EvalFrameDefault;PyEval_EvalCode;0x5d2bac;0x5818ed;_PyEval_EvalFrameDefault;0x54a0c7;PyObject_CallMethodObjArgs;PyImport_ImportModuleLevelObject;_PyEval_EvalFrameDefault;PyEval_EvalCode;0x5d2bac;0x5818ed;_PyEval_EvalFrameDefault;0x54a0c7;PyObject_CallMethodObjArgs;PyImport_ImportModuleLevelObject;_PyEval_EvalFrameDefault;PyEval_EvalCode;0x5d2bac;0x5818ed;_PyEval_EvalFrameDefault;0x54a0c7;PyObject_CallMethodObjArgs;PyImport_ImportModuleLevelObject;_PyEval_EvalFrameDefault;PyEval_EvalCode;0x5d2bac;0x5818ed;_PyEval_EvalFrameDefault;0x54a0c7;PyObject_CallMethodObjArgs;PyImport_ImportModuleLevelObject;0x5d2ef4;0x5818ed;_PyEval_EvalFrameDefault;0x54a0c7;PyObject_CallMethodObjArgs;PyImport_ImportModuleLevelObject;_PyEval_EvalFrameDefault;PyEval_EvalCode;0x5d2bac;0x5818ed;_PyEval_EvalFrameDefault;0x54a0c7;PyObject_CallMethodObjArgs;PyImport_ImportModuleLevelObject;_PyEval_EvalFrameDefault;PyEval_EvalCode;0x5d2bac;0x5818ed;_PyEval_EvalFrameDefault;0x54a0c7;PyObject_CallMethodObjArgs;PyImport_ImportModuleLevelObject;_PyEval_EvalFrameDefault;PyEval_EvalCode;0x5d2bac;0x5818ed;_PyEval_EvalFrameDefault;0x54a0c7;PyObject_CallMethodObjArgs;PyImport_ImportModuleLevelObject;0x5d2ef4;0x5818ed;_PyEval_EvalFrameDefault;0x54a0c7;PyObject_CallMethodObjArgs;PyImport_ImportModuleLevelObject;_PyEval_EvalFrameDefault;PyEval_EvalCode;0x5d2bac;0x5818ed;_PyEval_EvalFrameDefault;0x54a0c7;PyObject_CallMethodObjArgs;PyImport_ImportModuleLevelObject;_PyEval_EvalFrameDefault;PyEval_EvalCode;0x5d2bac;0x5818ed;_PyEval_EvalFrameDefault;0x54a0c7;PyObject_CallMethodObjArgs;PyImport_ImportModuleLevelObject;0x5d2ef4;0x5818ed;_PyEval_EvalFrameDefault;0x54a0c7;PyObject_CallMethodObjArgs;PyImport_ImportModuleLevelObject;_PyEval_EvalFrameDefault;PyEval_EvalCode;0x5d2bac;0x5818ed;_PyEval_EvalFrameDefault;|, 55.199694, 700.00, 27.202000
2025-11-15T20:26:39.686917Z, 0xfffffffffffffe00;0x57203a;_PyDict_GetItem_KnownHash;0x59bce4;0x599f00;0x5994d7;_PyObject_MakeTpCall;0x5d1fdb;0x5818ed;PyObject_Vectorcall;_PyEval_EvalFrameDefault;PyEval_EvalCode;0x5d2bac;0x5818ed;_PyEval_EvalFrameDefault;0x54a0c7;PyObject_CallMethodObjArgs;PyImport_ImportModuleLevelObject;_PyEval_EvalFrameDefault;PyEval_EvalCode;0x5d2bac;0x5818ed;_PyEval_EvalFrameDefault;0x54a0c7;PyObject_CallMethodObjArgs;PyImport_ImportModuleLevelObject;0x5d2ef4;0x5818ed;_PyEval_EvalFrameDefault;0x54a0c7;PyObject_CallMethodObjArgs;PyImport_ImportModuleLevelObject;_PyEval_EvalFrameDefault;PyEval_EvalCode;0x5d2bac;0x5818ed;_PyEval_EvalFrameDefault;0x54a0c7;PyObject_CallMethodObjArgs;PyImport_ImportModuleLevelObject;_PyEval_EvalFrameDefault;PyEval_EvalCode;0x5d2bac;0x5818ed;_PyEval_EvalFrameDefault;0x54a0c7;PyObject_CallMethodObjArgs;PyImport_ImportModuleLevelObject;_PyEval_EvalFrameDefault;PyEval_EvalCode;0x5d2bac;0x5818ed;_PyEval_EvalFrameDefault;0x54a0c7;PyObject_CallMethodObjArgs;PyImport_ImportModuleLevelObject;0x5d2ef4;0x5818ed;_PyEval_EvalFrameDefault;0x54a0c7;PyObject_CallMethodObjArgs;PyImport_ImportModuleLevelObject;_PyEval_EvalFrameDefault;PyEval_EvalCode;0x5d2bac;0x5818ed;_PyEval_EvalFrameDefault;0x54a0c7;PyObject_CallMethodObjArgs;PyImport_ImportModuleLevelObject;_PyEval_EvalFrameDefault;PyEval_EvalCode;0x5d2bac;0x5818ed;_PyEval_EvalFrameDefault;0x54a0c7;PyObject_CallMethodObjArgs;PyImport_ImportModuleLevelObject;0x5d2ef4;0x5818ed;_PyEval_EvalFrameDefault;0x54a0c7;PyObject_CallMethodObjArgs;PyImport_ImportModuleLevelObject;_PyEval_EvalFrameDefault;PyEval_EvalCode;0x5d2bac;0x5818ed;_PyEval_EvalFrameDefault;0x54a0c7;PyObject_CallMethodObjArgs;PyImport_ImportModuleLevelObject;0x5d2ef4;0x5818ed;_PyEval_EvalFrameDefault;0x54a0c7;PyObject_CallMethodObjArgs;PyImport_ImportModuleLevelObject;_PyEval_EvalFrameDefault;PyEval_EvalCode;0x5d2bac;0x5818ed;_PyEval_EvalFrameDefault;0x54a0c7;PyObject_CallMethodObjArgs;PyImport_ImportModuleLevelObject;_PyEval_EvalFrameDefault;PyEval_EvalCode;0x5d2bac;0x5818ed;_PyEval_EvalFrameDefault;0x54a0c7;PyObject_CallMethodObjArgs;PyImport_ImportModuleLevelObject;_PyEval_EvalFrameDefault;PyEval_EvalCode;0x5d2bac;0x5818ed;_PyEval_EvalFrameDefault;0x54a0c7;PyObject_CallMethodObjArgs;PyImport_ImportModuleLevelObject;0x5d2ef4;0x5818ed;_PyEval_EvalFrameDefault;0x54a0c7;PyObject_CallMethodObjArgs;PyImport_ImportModuleLevelObject;|, 40.409249, 750.00, 27.202000
2025-11-15T20:26:39.696637Z, 0xfffffffffffffe00;PyTuple_New;0x5cddbc;0x5ee9e1;0x5ecaae;0x5ec9d8;0x5e4fd9;_PyAST_Compile;PyRun_StringFlags;0x5d2c59;_PyEval_EvalFrameDefault;PyEval_EvalCode;0x5d2bac;0x5818ed;_PyEval_EvalFrameDefault;0x54a0c7;PyObject_CallMethodObjArgs;PyImport_ImportModuleLevelObject;_PyEval_EvalFrameDefault;PyEval_EvalCode;0x5d2bac;0x5818ed;_PyEval_EvalFrameDefault;0x54a0c7;PyObject_CallMethodObjArgs;PyImport_ImportModuleLevelObject;_PyEval_EvalFrameDefault;PyEval_EvalCode;0x5d2bac;0x5818ed;_PyEval_EvalFrameDefault;0x54a0c7;PyObject_CallMethodObjArgs;PyImport_ImportModuleLevelObject;0x5d2ef4;0x5818ed;_PyEval_EvalFrameDefault;0x54a0c7;PyObject_CallMethodObjArgs;PyImport_ImportModuleLevelObject;_PyEval_EvalFrameDefault;PyEval_EvalCode;0x5d2bac;0x5818ed;_PyEval_EvalFrameDefault;0x54a0c7;PyObject_CallMethodObjArgs;PyImport_ImportModuleLevelObject;0x5d2ef4;0x5818ed;_PyEval_EvalFrameDefault;0x54a0c7;PyObject_CallMethodObjArgs;PyImport_ImportModuleLevelObject;_PyEval_EvalFrameDefault;PyEval_EvalCode;0x5d2bac;0x5818ed;_PyEval_EvalFrameDefault;0x54a0c7;PyObject_CallMethodObjArgs;PyImport_ImportModuleLevelObject;_PyEval_EvalFrameDefault;PyEval_EvalCode;0x5d2bac;0x5818ed;_PyEval_EvalFrameDefault;0x54a0c7;PyObject_CallMethodObjArgs;PyImport_ImportModuleLevelObject;_PyEval_EvalFrameDefault;PyEval_EvalCode;0x5d2bac;0x5818ed;_PyEval_EvalFrameDefault;0x54a0c7;PyObject_CallMethodObjArgs;PyImport_ImportModuleLevelObject;0x5d2ef4;0x5818ed;_PyEval_EvalFrameDefault;0x54a0c7;PyObject_CallMethodObjArgs;PyImport_ImportModuleLevelObject;_PyEval_EvalFrameDefault;PyEval_EvalCode;0x5d2bac;0x5818ed;_PyEval_EvalFrameDefault;0x54a0c7;PyObject_CallMethodObjArgs;PyImport_ImportModuleLevelObject;_PyEval_EvalFrameDefault;PyEval_EvalCode;0x5d2bac;0x5818ed;_PyEval_EvalFrameDefault;0x54a0c7;PyObject_CallMethodObjArgs;PyImport_ImportModuleLevelObject;0x5d2ef4;0x5818ed;_PyEval_EvalFrameDefault;0x54a0c7;PyObject_CallMethodObjArgs;PyImport_ImportModuleLevelObject;_PyEval_EvalFrameDefault;PyEval_EvalCode;0x5d2bac;0x5818ed;_PyEval_EvalFrameDefault;0x54a0c7;PyObject_CallMethodObjArgs;PyImport_ImportModuleLevelObject;_PyEval_EvalFrameDefault;PyEval_EvalCode;0x607fc2;0x6b4393;_PyRun_SimpleFileObject;_PyRun_AnyFileObject;Py_RunMain;Py_BytesMain;__libc_start_call_main;__libc_start_main@@GLIBC_2.34;_start;|, 49.264912, 375.00, 27.202000
2025-11-15T20:26:39.702059Z, , 50.254725, 400.00, 27.202000
2025-11-15T20:26:39.707389Z, , 45.773438, 1700.00, 27.988000
2025-11-15T20:26:39.712631Z, , 37.126364, 900.00, 27.988000
2025-11-15T20:26:39.722384Z, 0xfffffffffffffe00;0x554ece;0x61c23e;0x61bbc1;0x5fba23;_PyEval_EvalFrameDefault;PyEval_EvalCode;PyRun_StringFlags;0x5d2c59;_PyEval_EvalFrameDefault;PyEval_EvalCode;0x5d2bac;0x5818ed;_PyEval_EvalFrameDefault;0x54a0c7;PyObject_CallMethodObjArgs;PyImport_ImportModuleLevelObject;_PyEval_EvalFrameDefault;PyEval_EvalCode;0x5d2bac;0x5818ed;_PyEval_EvalFrameDefault;0x54a0c7;PyObject_CallMethodObjArgs;PyImport_ImportModuleLevelObject;_PyEval_EvalFrameDefault;PyEval_EvalCode;0x5d2bac;0x5818ed;_PyEval_EvalFrameDefault;0x54a0c7;PyObject_CallMethodObjArgs;PyImport_ImportModuleLevelObject;0x5d2ef4;0x5818ed;_PyEval_EvalFrameDefault;0x54a0c7;PyObject_CallMethodObjArgs;PyImport_ImportModuleLevelObject;_PyEval_EvalFrameDefault;PyEval_EvalCode;0x5d2bac;0x5818ed;_PyEval_EvalFrameDefault;0x54a0c7;PyObject_CallMethodObjArgs;PyImport_ImportModuleLevelObject;0x5d2ef4;0x5818ed;_PyEval_EvalFrameDefault;0x54a0c7;PyObject_CallMethodObjArgs;PyImport_ImportModuleLevelObject;_PyEval_EvalFrameDefault;PyEval_EvalCode;0x5d2bac;0x5818ed;_PyEval_EvalFrameDefault;0x54a0c7;PyObject_CallMethodObjArgs;PyImport_ImportModuleLevelObject;_PyEval_EvalFrameDefault;PyEval_EvalCode;0x5d2bac;0x5818ed;_PyEval_EvalFrameDefault;0x54a0c7;PyObject_CallMethodObjArgs;PyImport_ImportModuleLevelObject;_PyEval_EvalFrameDefault;PyEval_EvalCode;0x5d2bac;0x5818ed;_PyEval_EvalFrameDefault;0x54a0c7;PyObject_CallMethodObjArgs;PyImport_ImportModuleLevelObject;0x5d2ef4;0x5818ed;_PyEval_EvalFrameDefault;0x54a0c7;PyObject_CallMethodObjArgs;PyImport_ImportModuleLevelObject;_PyEval_EvalFrameDefault;PyEval_EvalCode;0x5d2bac;0x5818ed;_PyEval_EvalFrameDefault;0x54a0c7;PyObject_CallMethodObjArgs;PyImport_ImportModuleLevelObject;_PyEval_EvalFrameDefault;PyEval_EvalCode;0x5d2bac;0x5818ed;_PyEval_EvalFrameDefault;0x54a0c7;PyObject_CallMethodObjArgs;PyImport_ImportModuleLevelObject;0x5d2ef4;0x5818ed;_PyEval_EvalFrameDefault;0x54a0c7;PyObject_CallMethodObjArgs;PyImport_ImportModuleLevelObject;_PyEval_EvalFrameDefault;PyEval_EvalCode;0x5d2bac;0x5818ed;_PyEval_EvalFrameDefault;0x54a0c7;PyObject_CallMethodObjArgs;PyImport_ImportModuleLevelObject;_PyEval_EvalFrameDefault;PyEval_EvalCode;0x607fc2;0x6b4393;_PyRun_SimpleFileObject;_PyRun_AnyFileObject;Py_RunMain;Py_BytesMain;__libc_start_call_main;__libc_start_main@@GLIBC_2.34;_start;|, 39.388056, 1800.00, 27.988000
2025-11-15T20:26:39.727780Z, , 38.925086, 380.00, 27.988000
2025-11-15T20:26:39.733038Z, , 40.998345, 2000.00, 27.988000
2025-11-15T20:26:39.738293Z, , 37.604038, 1000.00, 27.988000
2025-11-15T20:26:39.756490Z, 0xfffffffffffffe00;PyObject_Hash;0x591b6e;PyDict_SetDefault;0x5ef929;0x5cd7fb;0x5ee9e1;0x5ecaae;0x5ec9d8;0x5e4fd9;_PyAST_Compile;PyRun_StringFlags;0x5d2c59;_PyEval_EvalFrameDefault;PyEval_EvalCode;0x5d2bac;0x5818ed;_PyEval_EvalFrameDefault;0x54a0c7;PyObject_CallMethodObjArgs;PyImport_ImportModuleLevelObject;_PyEval_EvalFrameDefault;PyEval_EvalCode;0x5d2bac;0x5818ed;_PyEval_EvalFrameDefault;0x54a0c7;PyObject_CallMethodObjArgs;PyImport_ImportModuleLevelObject;_PyEval_EvalFrameDefault;PyEval_EvalCode;0x5d2bac;0x5818ed;_PyEval_EvalFrameDefault;0x54a0c7;PyObject_CallMethodObjArgs;PyImport_ImportModuleLevelObject;0x5d2ef4;0x5818ed;_PyEval_EvalFrameDefault;0x54a0c7;PyObject_CallMethodObjArgs;PyImport_ImportModuleLevelObject;_PyEval_EvalFrameDefault;PyEval_EvalCode;0x5d2bac;0x5818ed;_PyEval_EvalFrameDefault;0x54a0c7;PyObject_CallMethodObjArgs;PyImport_ImportModuleLevelObject;0x5d2ef4;0x5818ed;_PyEval_EvalFrameDefault;0x54a0c7;PyObject_CallMethodObjArgs;PyImport_ImportModuleLevelObject;_PyEval_EvalFrameDefault;PyEval_EvalCode;0x5d2bac;0x5818ed;_PyEval_EvalFrameDefault;0x54a0c7;PyObject_CallMethodObjArgs;PyImport_ImportModuleLevelObject;_PyEval_EvalFrameDefault;PyEval_EvalCode;0x5d2bac;0x5818ed;_PyEval_EvalFrameDefault;0x54a0c7;PyObject_CallMethodObjArgs;PyImport_ImportModuleLevelObject;_PyEval_EvalFrameDefault;PyEval_EvalCode;0x5d2bac;0x5818ed;_PyEval_EvalFrameDefault;0x54a0c7;PyObject_CallMethodObjArgs;PyImport_ImportModuleLevelObject;0x5d2ef4;0x5818ed;_PyEval_EvalFrameDefault;0x54a0c7;PyObject_CallMethodObjArgs;PyImport_ImportModuleLevelObject;_PyEval_EvalFrameDefault;PyEval_EvalCode;0x5d2bac;0x5818ed;_PyEval_EvalFrameDefault;0x54a0c7;PyObject_CallMethodObjArgs;PyImport_ImportModuleLevelObject;_PyEval_EvalFrameDefault;PyEval_EvalCode;0x5d2bac;0x5818ed;_PyEval_EvalFrameDefault;0x54a0c7;PyObject_CallMethodObjArgs;PyImport_ImportModuleLevelObject;0x5d2ef4;0x5818ed;_PyEval_EvalFrameDefault;0x54a0c7;PyObject_CallMethodObjArgs;PyImport_ImportModuleLevelObject;_PyEval_EvalFrameDefault;PyEval_EvalCode;0x5d2bac;0x5818ed;_PyEval_EvalFrameDefault;0x54a0c7;PyObject_CallMethodObjArgs;PyImport_ImportModuleLevelObject;_PyEval_EvalFrameDefault;PyEval_EvalCode;0x607fc2;0x6b4393;_PyRun_SimpleFileObject;_PyRun_AnyFileObject;Py_RunMain;Py_BytesMain;__libc_start_call_main;__libc_start_main@@GLIBC_2.34;_start;|0xfffffffffffffe00;0x5a65d6;0x519d4c;0x519cd0;0x52f96c;0x52ef64;0x52b8cb;0x51d1b1;0x531fd3;0x52ba1d;0x51d1b1;0x51c807;0x518fbd;PyRun_StringFlags;0x5d2c59;_PyEval_EvalFrameDefault;PyEval_EvalCode;0x5d2bac;0x5818ed;_PyEval_EvalFrameDefault;0x54a0c7;PyObject_CallMethodObjArgs;PyImport_ImportModuleLevelObject;_PyEval_EvalFrameDefault;PyEval_EvalCode;0x5d2bac;0x5818ed;_PyEval_EvalFrameDefault;0x54a0c7;PyObject_CallMethodObjArgs;PyImport_ImportModuleLevelObject;0x5d2ef4;0x5818ed;_PyEval_EvalFrameDefault;0x54a0c7;PyObject_CallMethodObjArgs;PyImport_ImportModuleLevelObject;_PyEval_EvalFrameDefault;PyEval_EvalCode;0x5d2bac;0x5818ed;_PyEval_EvalFrameDefault;0x54a0c7;PyObject_CallMethodObjArgs;PyImport_ImportModuleLevelObject;0x5d2ef4;0x5818ed;_PyEval_EvalFrameDefault;0x54a0c7;PyObject_CallMethodObjArgs;PyImport_ImportModuleLevelObject;_PyEval_EvalFrameDefault;PyEval_EvalCode;0x5d2bac;0x5818ed;_PyEval_EvalFrameDefault;0x54a0c7;PyObject_CallMethodObjArgs;PyImport_ImportModuleLevelObject;_PyEval_EvalFrameDefault;PyEval_EvalCode;0x5d2bac;0x5818ed;_PyEval_EvalFrameDefault;0x54a0c7;PyObject_CallMethodObjArgs;PyImport_ImportModuleLevelObject;_PyEval_EvalFrameDefault;PyEval_EvalCode;0x5d2bac;0x5818ed;_PyEval_EvalFrameDefault;0x54a0c7;PyObject_CallMethodObjArgs;PyImport_ImportModuleLevelObject;0x5d2ef4;0x5818ed;_PyEval_EvalFrameDefault;0x54a0c7;PyObject_CallMethodObjArgs;PyImport_ImportModuleLevelObject;_PyEval_EvalFrameDefault;PyEval_EvalCode;0x5d2bac;0x5818ed;_PyEval_EvalFrameDefault;0x54a0c7;PyObject_CallMethodObjArgs;PyImport_ImportModuleLevelObject;_PyEval_EvalFrameDefault;PyEval_EvalCode;0x5d2bac;0x5818ed;_PyEval_EvalFrameDefault;0x54a0c7;PyObject_CallMethodObjArgs;PyImport_ImportModuleLevelObject;0x5d2ef4;0x5818ed;_PyEval_EvalFrameDefault;0x54a0c7;PyObject_CallMethodObjArgs;PyImport_ImportModuleLevelObject;_PyEval_EvalFrameDefault;PyEval_EvalCode;0x5d2bac;0x5818ed;_PyEval_EvalFrameDefault;0x54a0c7;PyObject_CallMethodObjArgs;PyImport_ImportModuleLevelObject;_PyEval_EvalFrameDefault;PyEval_EvalCode;0x607fc2;0x6b4393;_PyRun_SimpleFileObject;_PyRun_AnyFileObject;Py_RunMain;Py_BytesMain;__libc_start_call_main;__libc_start_main@@GLIBC_2.34;_start;|0xfffffffffffffe00;0x590eaf;0x55a155;0x5f7099;0x5e2a34;_PyEval_EvalFrameDefault;0x5d1fa4;0x5818ed;PyObject_Vectorcall;_PyEval_EvalFrameDefault;PyEval_EvalCode;0x5d2bac;0x5818ed;_PyEval_EvalFrameDefault;0x54a0c7;PyObject_CallMethodObjArgs;PyImport_ImportModuleLevelObject;_PyEval_EvalFrameDefault;PyEval_EvalCode;0x5d2bac;0x5818ed;_PyEval_EvalFrameDefault;0x54a0c7;PyObject_CallMethodObjArgs;PyImport_ImportModuleLevelObject;0x5d2ef4;0x5818ed;_PyEval_EvalFrameDefault;0x54a0c7;PyObject_CallMethodObjArgs;PyImport_ImportModuleLevelObject;_PyEval_EvalFrameDefault;PyEval_EvalCode;0x5d2bac;0x5818ed;_PyEval_EvalFrameDefault;0x54a0c7;PyObject_CallMethodObjArgs;PyImport_ImportModuleLevelObject;0x5d2ef4;0x5818ed;_PyEval_EvalFrameDefault;0x54a0c7;PyObject_CallMethodObjArgs;PyImport_ImportModuleLevelObject;_PyEval_EvalFrameDefault;PyEval_EvalCode;0x5d2bac;0x5818ed;_PyEval_EvalFrameDefault;0x54a0c7;PyObject_CallMethodObjArgs;PyImport_ImportModuleLevelObject;_PyEval_EvalFrameDefault;PyEval_EvalCode;0x5d2bac;0x5818ed;_PyEval_EvalFrameDefault;0x54a0c7;PyObject_CallMethodObjArgs;PyImport_ImportModuleLevelObject;_PyEval_EvalFrameDefault;PyEval_EvalCode;0x5d2bac;0x5818ed;_PyEval_EvalFrameDefault;0x54a0c7;PyObject_CallMethodObjArgs;PyImport_ImportModuleLevelObject;0x5d2ef4;0x5818ed;_PyEval_EvalFrameDefault;0x54a0c7;PyObject_CallMethodObjArgs;PyImport_ImportModuleLevelObject;_PyEval_EvalFrameDefault;PyEval_EvalCode;0x5d2bac;0x5818ed;_PyEval_EvalFrameDefault;0x54a0c7;PyObject_CallMethodObjArgs;PyImport_ImportModuleLevelObject;_PyEval_EvalFrameDefault;PyEval_EvalCode;0x5d2bac;0x5818ed;_PyEval_EvalFrameDefault;0x54a0c7;PyObject_CallMethodObjArgs;PyImport_ImportModuleLevelObject;0x5d2ef4;0x5818ed;_PyEval_EvalFrameDefault;0x54a0c7;PyObject_CallMethodObjArgs;PyImport_ImportModuleLevelObject;_PyEval_EvalFrameDefault;PyEval_EvalCode;0x5d2bac;0x5818ed;_PyEval_EvalFrameDefault;0x54a0c7;PyObject_CallMethodObjArgs;PyImport_ImportModuleLevelObject;_PyEval_EvalFrameDefault;PyEval_EvalCode;0x607fc2;0x6b4393;_PyRun_SimpleFileObject;_PyRun_AnyFileObject;Py_RunMain;Py_BytesMain;__libc_start_call_main;__libc_start_main@@GLIBC_2.34;_start;|, 31.552781, 2100.00, 27.988000
2025-11-15T20:26:39.773598Z, 0xfffffffffffffe00;PyMem_Free;0x51900a;PyRun_StringFlags;0x5d2c59;_PyEval_EvalFrameDefault;PyEval_EvalCode;0x5d2bac;0x5818ed;_PyEval_EvalFrameDefault;0x54a0c7;PyObject_CallMethodObjArgs;PyImport_ImportModuleLevelObject;0x5d2ef4;0x5818ed;_PyEval_EvalFrameDefault;0x54a0c7;PyObject_CallMethodObjArgs;PyImport_ImportModuleLevelObject;_PyEval_EvalFrameDefault;PyEval_EvalCode;0x5d2bac;0x5818ed;_PyEval_EvalFrameDefault;0x54a0c7;PyObject_CallMethodObjArgs;PyImport_ImportModuleLevelObject;0x5d2ef4;0x5818ed;_PyEval_EvalFrameDefault;0x54a0c7;PyObject_CallMethodObjArgs;PyImport_ImportModuleLevelObject;_PyEval_EvalFrameDefault;PyEval_EvalCode;0x5d2bac;0x5818ed;_PyEval_EvalFrameDefault;0x54a0c7;PyObject_CallMethodObjArgs;PyImport_ImportModuleLevelObject;0x5d2ef4;0x5818ed;_PyEval_EvalFrameDefault;0x54a0c7;PyObject_CallMethodObjArgs;PyImport_ImportModuleLevelObject;_PyEval_EvalFrameDefault;PyEval_EvalCode;0x5d2bac;0x5818ed;_PyEval_EvalFrameDefault;0x54a0c7;PyObject_CallMethodObjArgs;PyImport_ImportModuleLevelObject;_PyEval_EvalFrameDefault;PyEval_EvalCode;0x5d2bac;0x5818ed;_PyEval_EvalFrameDefault;0x54a0c7;PyObject_CallMethodObjArgs;PyImport_ImportModuleLevelObject;_PyEval_EvalFrameDefault;PyEval_EvalCode;0x5d2bac;0x5818ed;_PyEval_EvalFrameDefault;0x54a0c7;PyObject_CallMethodObjArgs;PyImport_ImportModuleLevelObject;0x5d2ef4;0x5818ed;_PyEval_EvalFrameDefault;0x54a0c7;PyObject_CallMethodObjArgs;PyImport_ImportModuleLevelObject;_PyEval_EvalFrameDefault;PyEval_EvalCode;0x5d2bac;0x5818ed;_PyEval_EvalFrameDefault;0x54a0c7;PyObject_CallMethodObjArgs;PyImport_ImportModuleLevelObject;_PyEval_EvalFrameDefault;PyEval_EvalCode;0x5d2bac;0x5818ed;_PyEval_EvalFrameDefault;0x54a0c7;PyObject_CallMethodObjArgs;PyImport_ImportModuleLevelObject;0x5d2ef4;0x5818ed;_PyEval_EvalFrameDefault;0x54a0c7;PyObject_CallMethodObjArgs;PyImport_ImportModuleLevelObject;_PyEval_EvalFrameDefault;PyEval_EvalCode;0x5d2bac;0x5818ed;_PyEval_EvalFrameDefault;0x54a0c7;PyObject_CallMethodObjArgs;PyImport_ImportModuleLevelObject;_PyEval_EvalFrameDefault;PyEval_EvalCode;0x607fc2;0x6b4393;_PyRun_SimpleFileObject;_PyRun_AnyFileObject;Py_RunMain;Py_BytesMain;__libc_start_call_main;__libc_start_main@@GLIBC_2.34;_start;|0xfffffffffffffe00;PyObject_GC_Del;0x5f70dc;0x5e2a34;_PyEval_EvalFrameDefault;0x64edc8;_PyObject_MakeTpCall;_PyEval_EvalFrameDefault;PyEval_EvalCode;0x5d2bac;0x5818ed;_PyEval_EvalFrameDefault;0x5554a6;PySequence_Tuple;PyObject_Vectorcall;_PyEval_EvalFrameDefault;PyEval_EvalCode;0x5d2bac;0x5818ed;_PyEval_EvalFrameDefault;0x54a0c7;PyObject_CallMethodObjArgs;PyImport_ImportModuleLevelObject;0x5d2ef4;0x5818ed;_PyEval_EvalFrameDefault;0x54a0c7;PyObject_CallMethodObjArgs;PyImport_ImportModuleLevelObject;_PyEval_EvalFrameDefault;PyEval_EvalCode;0x5d2bac;0x5818ed;_PyEval_EvalFrameDefault;0x54a0c7;PyObject_CallMethodObjArgs;PyImport_ImportModuleLevelObject;0x5d2ef4;0x5818ed;_PyEval_EvalFrameDefault;0x54a0c7;PyObject_CallMethodObjArgs;PyImport_ImportModuleLevelObject;_PyEval_EvalFrameDefault;PyEval_EvalCode;0x5d2bac;0x5818ed;_PyEval_EvalFrameDefault;0x54a0c7;PyObject_CallMethodObjArgs;PyImport_ImportModuleLevelObject;_PyEval_EvalFrameDefault;PyEval_EvalCode;0x5d2bac;0x5818ed;_PyEval_EvalFrameDefault;0x54a0c7;PyObject_CallMethodObjArgs;PyImport_ImportModuleLevelObject;_PyEval_EvalFrameDefault;PyEval_EvalCode;0x5d2bac;0x5818ed;_PyEval_EvalFrameDefault;0x54a0c7;PyObject_CallMethodObjArgs;PyImport_ImportModuleLevelObject;0x5d2ef4;0x5818ed;_PyEval_EvalFrameDefault;0x54a0c7;PyObject_CallMethodObjArgs;PyImport_ImportModuleLevelObject;_PyEval_EvalFrameDefault;PyEval_EvalCode;0x5d2bac;0x5818ed;_PyEval_EvalFrameDefault;0x54a0c7;PyObject_CallMethodObjArgs;PyImport_ImportModuleLevelObject;_PyEval_EvalFrameDefault;PyEval_EvalCode;0x5d2bac;0x5818ed;_PyEval_EvalFrameDefault;0x54a0c7;PyObject_CallMethodObjArgs;PyImport_ImportModuleLevelObject;0x5d2ef4;0x5818ed;_PyEval_EvalFrameDefault;0x54a0c7;PyObject_CallMethodObjArgs;PyImport_ImportModuleLevelObject;_PyEval_EvalFrameDefault;PyEval_EvalCode;0x5d2bac;0x5818ed;_PyEval_EvalFrameDefault;0x54a0c7;PyObject_CallMethodObjArgs;PyImport_ImportModuleLevelObject;_PyEval_EvalFrameDefault;PyEval_EvalCode;0x607fc2;0x6b4393;_PyRun_SimpleFileObject;_PyRun_AnyFileObject;Py_RunMain;Py_BytesMain;__libc_start_call_main;__libc_start_main@@GLIBC_2.34;_start;|0xfffffffffffffe00;0x55a030;0x5e2a7f;_PyEval_EvalFrameDefault;0x5554a6;PySequence_Tuple;_PyEval_EvalFrameDefault;PyEval_EvalCode;0x5d2bac;0x5818ed;_PyEval_EvalFrameDefault;0x5554a6;PySequence_Tuple;PyObject_Vectorcall;_PyEval_EvalFrameDefault;PyEval_EvalCode;0x5d2bac;0x5818ed;_PyEval_EvalFrameDefault;0x54a0c7;PyObject_CallMethodObjArgs;PyImport_ImportModuleLevelObject;0x5d2ef4;0x5818ed;_PyEval_EvalFrameDefault;0x54a0c7;PyObject_CallMethodObjArgs;PyImport_ImportModuleLevelObject;_PyEval_EvalFrameDefault;PyEval_EvalCode;0x5d2bac;0x5818ed;_PyEval_EvalFrameDefault;0x54a0c7;PyObject_CallMethodObjArgs;PyImport_ImportModuleLevelObject;0x5d2ef4;0x5818ed;_PyEval_EvalFrameDefault;0x54a0c7;PyObject_CallMethodObjArgs;PyImport_ImportModuleLevelObject;_PyEval_EvalFrameDefault;PyEval_EvalCode;0x5d2bac;0x5818ed;_PyEval_EvalFrameDefault;0x54a0c7;PyObject_CallMethodObjArgs;PyImport_ImportModuleLevelObject;_PyEval_EvalFrameDefault;PyEval_EvalCode;0x5d2bac;0x5818ed;_PyEval_EvalFrameDefault;0x54a0c7;PyObject_CallMethodObjArgs;PyImport_ImportModuleLevelObject;_PyEval_EvalFrameDefault;PyEval_EvalCode;0x5d2bac;0x5818ed;_PyEval_EvalFrameDefault;0x54a0c7;PyObject_CallMethodObjArgs;PyImport_ImportModuleLevelObject;0x5d2ef4;0x5818ed;_PyEval_EvalFrameDefault;0x54a0c7;PyObject_CallMethodObjArgs;PyImport_ImportModuleLevelObject;_PyEval_EvalFrameDefault;PyEval_EvalCode;0x5d2bac;0x5818ed;_PyEval_EvalFrameDefault;0x54a0c7;PyObject_CallMethodObjArgs;PyImport_ImportModuleLevelObject;_PyEval_EvalFrameDefault;PyEval_EvalCode;0x5d2bac;0x5818ed;_PyEval_EvalFrameDefault;0x54a0c7;PyObject_CallMethodObjArgs;PyImport_ImportModuleLevelObject;0x5d2ef4;0x5818ed;_PyEval_EvalFrameDefault;0x54a0c7;PyObject_CallMethodObjArgs;PyImport_ImportModuleLevelObject;_PyEval_EvalFrameDefault;PyEval_EvalCode;0x5d2bac;0x5818ed;_PyEval_EvalFrameDefault;0x54a0c7;PyObject_CallMethodObjArgs;PyImport_ImportModuleLevelObject;_PyEval_EvalFrameDefault;PyEval_EvalCode;0x607fc2;0x6b4393;_PyRun_SimpleFileObject;_PyRun_AnyFileObject;Py_RunMain;Py_BytesMain;__libc_start_call_main;__libc_start_main@@GLIBC_2.34;_start;|, 45.874078, 314.29, 27.988000
2025-11-15T20:26:39.780687Z, 0xfffffffffffffe00;0x5d543e;0x5d4fbf;_PyObject_Call_Prepend;0x59da4f;0x599513;_PyObject_MakeTpCall;_PyEval_EvalFrameDefault;PyEval_EvalCode;0x5d2bac;0x5818ed;_PyEval_EvalFrameDefault;0x54a0c7;PyObject_CallMethodObjArgs;PyImport_ImportModuleLevelObject;_PyEval_EvalFrameDefault;PyEval_EvalCode;0x5d2bac;0x5818ed;_PyEval_EvalFrameDefault;0x54a0c7;PyObject_CallMethodObjArgs;PyImport_ImportModuleLevelObject;0x5d2ef4;0x5818ed;_PyEval_EvalFrameDefault;0x54a0c7;PyObject_CallMethodObjArgs;PyImport_ImportModuleLevelObject;_PyEval_EvalFrameDefault;PyEval_EvalCode;0x5d2bac;0x5818ed;_PyEval_EvalFrameDefault;0x54a0c7;PyObject_CallMethodObjArgs;PyImport_ImportModuleLevelObject;_PyEval_EvalFrameDefault;PyEval_EvalCode;0x607fc2;0x6b4393;_PyRun_SimpleFileObject;_PyRun_AnyFileObject;Py_RunMain;Py_BytesMain;__libc_start_call_main;__libc_start_main@@GLIBC_2.34;_start;|, 46.157655, 400.00, 27.988000
2025-11-15T20:26:39.788390Z, 0xfffffffffffffe00;_PyEval_EvalFrameDefault;0x5a0bf5;_PyEval_EvalFrameDefault;0x64ef83;PyObject_Call;_PyEval_EvalFrameDefault;0x5a0bf5;_PyEval_EvalFrameDefault;PyEval_EvalCode;0x5d2bac;0x5818ed;_PyEval_EvalFrameDefault;0x54a0c7;PyObject_CallMethodObjArgs;PyImport_ImportModuleLevelObject;_PyEval_EvalFrameDefault;PyEval_EvalCode;0x5d2bac;0x5818ed;_PyEval_EvalFrameDefault;0x54a0c7;PyObject_CallMethodObjArgs;PyImport_ImportModuleLevelObject;0x5d2ef4;0x5818ed;_PyEval_EvalFrameDefault;0x54a0c7;PyObject_CallMethodObjArgs;PyImport_ImportModuleLevelObject;_PyEval_EvalFrameDefault;PyEval_EvalCode;0x5d2bac;0x5818ed;_PyEval_EvalFrameDefault;0x54a0c7;PyObject_CallMethodObjArgs;PyImport_ImportModuleLevelObject;0x5d2ef4;0x5818ed;_PyEval_EvalFrameDefault;0x54a0c7;PyObject_CallMethodObjArgs;PyImport_ImportModuleLevelObject;_PyEval_EvalFrameDefault;PyEval_EvalCode;0x5d2bac;0x5818ed;_PyEval_EvalFrameDefault;0x54a0c7;PyObject_CallMethodObjArgs;PyImport_ImportModuleLevelObject;_PyEval_EvalFrameDefault;PyEval_EvalCode;0x607fc2;0x6b4393;_PyRun_SimpleFileObject;_PyRun_AnyFileObject;Py_RunMain;Py_BytesMain;__libc_start_call_main;__libc_start_main@@GLIBC_2.34;_start;|, 47.233716, 833.33, 27.988000
2025-11-15T20:26:39.793746Z, , 36.829517, 2500.00, 27.988000
2025-11-15T20:26:39.799152Z, `S©b, 35.624607, 2600.00, 27.988000
2025-11-15T20:26:39.804550Z, , 34.722231, 2600.00, 27.988000
2025-11-15T20:26:39.809734Z, , 38.397332, 1300.00, 27.988000
2025-11-15T20:26:39.814956Z, , 39.225684, 0.00, 27.988000
2025-11-15T20:26:39.820177Z, , 37.980626, 100.00, 27.988000
2025-11-15T20:26:39.826793Z, 0xfffffffffffffe00;0x75125dd890a0;0x581a6f;_PyObject_MakeTpCall;_PyEval_EvalFrameDefault;_PyObject_Call_Prepend;0x59e673;0x5994d7;_PyObject_MakeTpCall;_PyEval_EvalFrameDefault;0x54cf04;PyObject_Call;_PyEval_EvalFrameDefault;_PyObject_Call_Prepend;0x59da4f;0x599513;_PyObject_MakeTpCall;_PyEval_EvalFrameDefault;_PyObject_Call_Prepend;0x59da4f;0x599513;_PyObject_MakeTpCall;_PyEval_EvalFrameDefault;_PyObject_Call_Prepend;0x59da4f;0x599513;PyObject_Call;_PyEval_EvalFrameDefault;PyEval_EvalCode;0x607fc2;0x6b4393;_PyRun_SimpleFileObject;_PyRun_AnyFileObject;Py_RunMain;Py_BytesMain;__libc_start_call_main;__libc_start_main@@GLIBC_2.34;_start;|0xfffffffffffffe00;0x75124abbbf65;|, 36.757092, 0.00, 27.988000
2025-11-15T20:26:39.832133Z, 0xffffffffffffff80;0xffffffff96758ed6;0xffffffff96af1971;0xffffffff96af1fcc;0xffffffff96af2229;0xffffffff96755662;0xffffffff978dd385;0xffffffff96400bb7;0xfffffffffffffe00;0x7512502049cd;|, 42.817450, 50.00, 27.988000
2025-11-15T20:26:39.837409Z, 0xfffffffffffffe00;0x7512502049cd;|, 41.725603, 50.00, 27.988000
2025-11-15T20:26:39.842658Z, 0xfffffffffffffe00;0x75125020498d;|, 41.059147, 0.00, 27.988000
2025-11-15T20:26:39.847904Z, , 37.785408, 0.00, 27.988000
2025-11-15T20:26:39.853097Z, 0xfffffffffffffe00;0x75124abbbf80;|, 33.626005, 0.00, 27.988000
2025-11-15T20:26:39.858365Z, , 28.824608, 0.00, 27.988000
2025-11-15T20:26:39.863656Z, , 31.082142, 0.00, 27.988000
2025-11-15T20:26:39.868872Z, , 33.550821, 0.00, 27.988000
2025-11-15T20:26:39.874126Z, , 33.545923, 0.00, 27.988000
2025-11-15T20:26:39.879355Z, , 30.732436, 0.00, 27.988000
2025-11-15T20:26:39.884591Z, , 28.940566, 0.00, 27.988000
2025-11-15T20:26:39.889819Z, , 28.640792, 0.00, 27.988000
2025-11-15T20:26:39.895067Z, , 37.327876, 0.00, 27.988000
2025-11-15T20:26:39.900328Z, , 25.995719, 0.00, 27.988000
2025-11-15T20:26:39.905579Z, , 33.552404, 0.00, 27.988000
2025-11-15T20:26:39.910806Z, , 31.846420, 0.00, 27.988000
2025-11-15T20:26:39.916015Z, , 32.418049, 0.00, 27.988000
2025-11-15T20:26:39.921266Z, , 37.109646, 0.00, 27.988000
2025-11-15T20:26:39.926522Z, , 27.699641, 0.00, 27.988000
2025-11-15T20:26:39.931778Z, , 31.429575, 0.00, 27.988000
2025-11-15T20:26:39.936984Z, , 28.118069, 0.00, 27.988000
2025-11-15T20:26:39.942485Z, , 38.517843, 0.00, 27.988000
2025-11-15T20:26:39.947874Z, , 39.032669, 0.00, 27.988000
2025-11-15T20:26:39.953137Z, , 32.294866, 0.00, 27.988000
2025-11-15T20:26:39.958428Z, , 108.568855, 0.00, 27.988000
2025-11-15T20:26:39.963788Z, , 73.029807, 0.00, 27.988000
2025-11-15T20:26:39.969157Z, , 109.458581, 0.00, 27.988000
2025-11-15T20:26:39.974537Z, , 85.515331, 0.00, 27.988000
2025-11-15T20:26:39.979911Z, , 93.256776, 0.00, 27.988000
2025-11-15T20:26:39.985214Z, , 94.533843, 0.00, 27.988000
2025-11-15T20:26:39.990639Z, , 73.282501, 0.00, 27.988000
2025-11-15T20:26:39.996072Z, , 50.415522, 0.00, 27.988000
2025-11-15T20:26:40.001385Z, , 92.273144, 0.00, 27.988000
2025-11-15T20:26:40.006636Z, , 43.454859, 0.00, 27.988000
2025-11-15T20:26:40.011750Z, , 63.139785, 100.00, 27.988000
2025-11-15T20:26:40.016857Z, , 88.681244, 100.00, 27.988000
2025-11-15T20:26:40.021959Z, , 54.085311, 0.00, 27.988000
2025-11-15T20:26:40.027062Z, , 75.045493, 0.00, 27.988000
2025-11-15T20:26:40.032165Z, , 63.093755, 0.00, 27.988000
2025-11-15T20:26:40.037286Z, 0xfffffffffffffe00;0x75125020498d;0x42500000423;|, 58.467754, 0.00, 27.988000
2025-11-15T20:26:40.042365Z, , 57.315396, 100.00, 27.988000
2025-11-15T20:26:40.047476Z, 0xfffffffffffffe00;0x75124abbbf96;0x75124b05ae71;0x29f47f00;|, 66.317983, 200.00, 27.988000
2025-11-15T20:26:40.052577Z, , 61.798664, 200.00, 27.988000
2025-11-15T20:26:40.057727Z, 0xfffffffffffffe00;0x751250218f78;0x75124b05ae71;0x29f47f00;|, 49.927247, 300.00, 27.988000
2025-11-15T20:26:40.062845Z, , 50.059958, 300.00, 27.988000
2025-11-15T20:26:40.067969Z, 0xfffffffffffffe00;0x751250218f78;0x75124b05ae71;0x29f47f00;|, 73.606786, 400.00, 27.988000
2025-11-15T20:26:40.073115Z, , 50.013631, 0.00, 27.988000
2025-11-15T20:26:40.078266Z, , 47.375016, 0.00, 27.988000
2025-11-15T20:26:40.083419Z, , 41.867709, 0.00, 27.988000
2025-11-15T20:26:40.088631Z, `S©b, 23.821838, 0.00, 27.988000
2025-11-15T20:26:40.093736Z, , 79.256913, 0.00, 27.988000
2025-11-15T20:26:40.098916Z, , 54.881094, 0.00, 27.988000
2025-11-15T20:26:40.104099Z, , 62.594989, 0.00, 27.988000
2025-11-15T20:26:40.109323Z, , 46.255108, 0.00, 27.988000
2025-11-15T20:26:40.114549Z, , 53.445419, 0.00, 27.988000
2025-11-15T20:26:40.119737Z, , 58.983913, 0.00, 27.988000
2025-11-15T20:26:40.125110Z, , 39.432565, 0.00, 27.988000
2025-11-15T20:26:40.130582Z, , 42.875215, 0.00, 27.988000
2025-11-15T20:26:40.136134Z, , 50.251348, 50.00, 27.988000
2025-11-15T20:26:40.141591Z, , 58.135924, 33.33, 27.988000
2025-11-15T20:26:40.146826Z, , 62.210634, 0.00, 27.988000
2025-11-15T20:26:40.152108Z, , 24.222802, 0.00, 27.988000
2025-11-15T20:26:40.157477Z, , 19.936656, 0.00, 27.988000
2025-11-15T20:26:40.164022Z, 0xffffffffffffff80;0xffffffff9675c91c;0xffffffff9675da83;0xffffffff9675dc60;0xffffffff9675e187;0xffffffff9675e322;0xffffffff9675e3b3;0xffffffffc0c01e56;0xffffffffc0beeb81;0xffffffffc0d26273;0xffffffffc0e63a08;0xffffffffc0f0bd0e;0xffffffffc0c785ba;0xffffffffc0fae78a;0xffffffffc0f2e0c7;0xffffffffc0fb3a7a;0xffffffffc0f2d25b;0xffffffffc0fb7284;0xffffffffc0f2dd70;0xffffffffc0f2e2d5;0xffffffffc0f3aaff;0xffffffffc0d236b3;0xffffffffc0d2b746;0xffffffffc0bf06b9;0xffffffff96bdde74;0xffffffff96683f9e;0xffffffff978d678e;0xffffffff9640012b;0xfffffffffffffe00;ioctl;0x75127dc8e028;0x75127dc99ffa;0x75127dc7cbfc;0x75127dca115c;0x75127dc1f39a;0x75127dc20794;0x75127dc2133b;0x75127dc238de;0x75127dc252bb;0x75127dc65709;0x75127dbbf5cd;0x75127dc6f0d6;0x75127da22de2;0x75127da295be;0x75127da6c862;0x75127da6ec36;0x75127da6edac;0x75127d99af59;0x75127db3560a;cuDevicePrimaryCtxRetain;0x7512702413a9;0x7512702414a4;0x751270241603;0x7512702421c0;0x75127023a641;0x751270211bd8;0x75127024ae0f;0x75127054735f;|, 23.258068, 100.00, 27.988000
2025-11-15T20:26:40.169217Z, , 30.340852, 100.00, 27.988000
2025-11-15T20:26:40.174502Z, , 20.432245, 100.00, 27.988000
2025-11-15T20:26:40.179755Z, , 29.477376, 0.00, 27.988000
2025-11-15T20:26:40.185627Z, 0xffffffffffffff80;0xffffffffc0d2732a;0xffffffffc0e0297f;0xffffffffc0f9110f;0xffffffffc0f911c8;0xffffffffc0e2b8cf;0xffffffffc0e32836;0xffffffffc0e34710;0xffffffffc0f5fded;0xffffffffc0f72554;0xffffffffc0ddff9a;0xffffffffc0de39a1;0xffffffffc0c4c36c;0xffffffffc0c4c562;0xffffffffc0fae78a;0xffffffffc0f2e0c7;0xffffffffc0fb3a7a;0xffffffffc0f2d25b;0xffffffffc0fb7284;0xffffffffc0f2dd70;0xffffffffc0f2e2d5;0xffffffffc0f3aaff;0xffffffffc0d236b3;0xffffffffc0d2b746;0xffffffffc0bf06b9;0xffffffff96bdde74;0xffffffff96683f9e;0xffffffff978d678e;0xffffffff9640012b;0xfffffffffffffe00;ioctl;0x75127dc8e028;0x75127dc99ffa;0x75127dc7d098;0x75127dc6f3fc;0x75127da22de2;0x75127da295be;0x75127da6c862;0x75127da6ec36;0x75127da6edac;0x75127d99af59;0x75127db3560a;cuDevicePrimaryCtxRetain;0x7512702413a9;0x7512702414a4;0x751270241603;0x7512702421c0;0x75127023a641;0x751270211bd8;0x75127024ae0f;0x75127054735f;|, 53.769174, 0.00, 27.988000
2025-11-15T20:26:40.190788Z, , 56.180997, 100.00, 27.988000
2025-11-15T20:26:40.196003Z, , 42.255525, 0.00, 27.988000
2025-11-15T20:26:40.201256Z, , 50.034403, 100.00, 27.988000
2025-11-15T20:26:40.207272Z, 0xffffffffffffff80;0xffffffff968398e4;0xffffffff978ec85e;0xffffffffc0c04602;0xffffffffc0fb0018;0xffffffffc0d63289;0xffffffffc0d6371c;0xffffffffc0e0ad7e;0xffffffffc0e346f8;0xffffffffc0f5fded;0xffffffffc0f729ba;0xffffffffc0de97cb;0xffffffffc0de9954;0xffffffffc0c4b3b8;0xffffffffc0fae78a;0xffffffffc0f2e0c7;0xffffffffc0fb3a7a;0xffffffffc0fb40b8;0xffffffffc0fb7a27;0xffffffffc0f5c843;0xffffffffc0f5c6c6;0xffffffffc0f52807;0xffffffffc0c0cf64;0xffffffffc27bf448;0xffffffffc272ef47;0xffffffffc272f4cb;0xffffffffc272f5ba;0xffffffff96bdde74;0xffffffff96683f9e;0xffffffff978d678e;0xffffffff9640012b;0xfffffffffffffe00;ioctl;0x75127db1f090;0x75127da22fe6;0x75127da299e4;0x75127da6c862;0x75127da6ec36;0x75127da6edac;0x75127d99af59;0x75127db3560a;cuDevicePrimaryCtxRetain;0x7512702413a9;0x7512702414a4;0x751270241603;0x7512702421c0;0x75127023a641;0x751270211bd8;0x75127024ae0f;0x75127054735f;|, 43.384612, 0.00, 29.293000
2025-11-15T20:26:40.212515Z, , 50.809541, 0.00, 29.293000
2025-11-15T20:26:40.217715Z, , 51.362941, 100.00, 29.293000
2025-11-15T20:26:40.222899Z, , 71.841491, 0.00, 29.293000
2025-11-15T20:26:40.228115Z, , 30.140075, 0.00, 29.293000
2025-11-15T20:26:40.234481Z, 0xffffffffffffff80;0xffffffffc0d27317;0xffffffffc0e0297f;0xffffffffc0f9110f;0xffffffffc0f911c8;0xffffffffc0e2b8cf;0xffffffffc0e32836;0xffffffffc0e34710;0xffffffffc0f5fded;0xffffffffc0f729ba;0xffffffffc0de97cb;0xffffffffc0de9954;0xffffffffc0c4b3b8;0xffffffffc0fae78a;0xffffffffc0f2e0c7;0xffffffffc0fb3a7a;0xffffffffc0fb40b8;0xffffffffc0fb7a27;0xffffffffc0f5c843;0xffffffffc0f5c6c6;0xffffffffc0f52807;0xffffffffc0c0cf64;0xffffffffc27bf448;0xffffffffc272ef47;0xffffffffc272f4cb;0xffffffffc272f5ba;0xffffffff96bdde74;0xffffffff96683f9e;0xffffffff978d678e;0xffffffff9640012b;0xfffffffffffffe00;ioctl;0x75127db1f090;0x75127da22fe6;0x75127da299e4;0x75127da6c862;0x75127da6ec36;0x75127da6edac;0x75127d99af59;0x75127db3560a;cuDevicePrimaryCtxRetain;0x7512702413a9;0x7512702414a4;0x751270241603;0x7512702421c0;0x75127023a641;0x751270211bd8;0x75127024ae0f;0x75127054735f;|, 24.453105, 100.00, 29.293000
2025-11-15T20:26:40.240697Z, 0xffffffffffffff80;0xffffffff96b24883;0xffffffff96b25f24;0xffffffff96b61a0e;0xffffffff96b61cec;0xffffffff96b1b071;0xffffffffc0c01c20;0xffffffffc0beeb81;0xffffffffc0d26273;0xffffffffc0e63a08;0xffffffffc0f0bd0e;0xffffffffc0c785ba;0xffffffffc0fae78a;0xffffffffc0f2e0c7;0xffffffffc0fb3a7a;0xffffffffc0f2d25b;0xffffffffc0fb7284;0xffffffffc0f2dd70;0xffffffffc0f2e2d5;0xffffffffc0f3aaff;0xffffffffc0d236b3;0xffffffffc0d2b746;0xffffffffc0bf06b9;0xffffffff96bdde74;0xffffffff96683f9e;0xffffffff978d678e;0xffffffff9640012b;0xfffffffffffffe00;ioctl;0x75127dc8e028;0x75127dc99ffa;0x75127dc7cbfc;0x75127dca115c;0x75127dc1f39a;0x75127dc20794;0x75127dc2133b;0x75127dc238de;0x75127dc252bb;0x75127dc25ab1;0x75127da6cbeb;0x75127da6ec36;0x75127da6edac;0x75127d99af59;0x75127db3560a;cuDevicePrimaryCtxRetain;0x7512702413a9;0x7512702414a4;0x751270241603;0x7512702421c0;0x75127023a641;0x751270211bd8;0x75127024ae0f;0x75127054735f;|, 26.813750, 100.00, 29.293000
2025-11-15T20:26:40.247034Z, 0xffffffffffffff80;0xffffffff96adc42b;0xffffffff96adcbb3;0xffffffff96add680;0xffffffff96add88a;0xffffffff96adda5a;0xffffffff96addb98;0xffffffff96adee9b;0xffffffff96adfbe6;0xffffffffc0c065d5;0xffffffffc0d22b06;0xffffffffc0d2381d;0xffffffffc0d2b746;0xffffffffc0bf06b9;0xffffffff96bdde74;0xffffffff96683f9e;0xffffffff978d678e;0xffffffff9640012b;0xfffffffffffffe00;ioctl;0x75127dc8e028;0x75127dc6392a;0x75127e75cafb;0x75127dca1a27;0x75127dc1f39a;0x75127dc20794;0x75127dc2133b;0x75127dc238de;0x75127dc252bb;0x75127da5f5c8;0x75127da6d74d;0x75127da6ec36;0x75127da6edac;0x75127d99af59;0x75127db3560a;cuDevicePrimaryCtxRetain;0x7512702413a9;0x7512702414a4;0x751270241603;0x7512702421c0;0x75127023a641;0x751270211bd8;0x75127024ae0f;0x75127054735f;|, 24.137027, 0.00, 29.293000
2025-11-15T20:26:40.252573Z, 0xfffffffffffffe00;0x75127d98e9b0;0x75127d985a8f;0x75127da8bd5d;0x75127dafe365;0x75127dafebcf;0x75127e7679fb;0x75127daffb1a;0x75127e767ccd;0x75127da6e73e;0x75127da6ec36;0x75127da6edac;0x75127d99af59;0x75127db3560a;cuDevicePrimaryCtxRetain;0x7512702413a9;0x7512702414a4;0x751270241603;0x7512702421c0;0x75127023a641;0x751270211bd8;0x75127024ae0f;0x75127054735f;|, 27.290078, 0.00, 29.293000
2025-11-15T20:26:40.258388Z, 0xffffffffffffff80;0xffffffff968a1de0;0xffffffffc0d6372c;0xffffffffc0e0ad7e;0xffffffffc0e346f8;0xffffffffc0f5fded;0xffffffffc0f721bf;0xffffffffc0fb4ed9;0xffffffffc0fbbb1e;0xffffffffc0f37482;0xffffffffc0f37ed9;0xffffffffc0f380df;0xffffffffc0f3a2fd;0xffffffffc0d234fb;0xffffffffc0d2b746;0xffffffffc0bf06b9;0xffffffff96bdde74;0xffffffff96683f9e;0xffffffff978d678e;0xffffffff9640012b;0xfffffffffffffe00;ioctl;0x75127dc8e028;0x75127dc981fc;0x75127dc79f4f;0x75127da6db53;0x75127da6ec36;0x75127da6edac;0x75127d99af59;0x75127db3560a;cuDevicePrimaryCtxRetain;0x7512702413a9;0x7512702414a4;0x751270241603;0x7512702421c0;0x75127023a641;0x751270211bd8;0x75127024ae0f;0x75127054735f;|, 35.146469, 100.00, 29.293000
2025-11-15T20:26:40.263602Z, , 21.157388, 50.00, 29.293000
2025-11-15T20:26:40.268826Z, , 30.649570, 0.00, 29.293000
2025-11-15T20:26:40.274452Z, 0xffffffffffffff80;0xffffffff96b61814;0xffffffff96b619c5;0xffffffff96b64924;0xffffffff96b64b38;0xffffffff96aeff3a;0xffffffff96af0330;0xffffffff96af1971;0xffffffff96af1fcc;0xffffffff96af2229;0xffffffff96755662;0xffffffff978dd385;0xffffffff96400bb7;0xfffffffffffffe00;_int_malloc;__libc_malloc;0x75127023cfaf;0x751270234c97;0x751270240444;0x75127024219b;0x75127023a641;0x751270211bd8;0x75127024ae0f;0x75127054735f;|, 36.850705, 0.00, 29.293000
2025-11-15T20:26:40.279604Z, , 31.146353, 100.00, 29.293000
2025-11-15T20:26:40.284766Z, , 46.533452, 0.00, 29.293000
2025-11-15T20:26:40.290157Z, 0xfffffffffffffe00;0x751283a7cc36;clock_gettime@@GLIBC_2.17;cuptiGetTimestamp;0x75127d158b21;0x75127d10d60a;0x75127d117c50;0x75127dcae696;0x75127024f03a;0x75127053f27b;|, 33.068407, 100.00, 29.293000
2025-11-15T20:26:40.295433Z, 0xfffffffffffffe00;0x75124abbbf96;0x75124b05ae71;0x7fffb421f300;|, 55.666026, 0.00, 29.293000
2025-11-15T20:26:40.300673Z, 0xfffffffffffffe00;0x751250218f78;0x75124b05ae71;0x7fffb421f300;|, 42.728044, 0.00, 29.293000
2025-11-15T20:26:40.305867Z, , 48.322329, 100.00, 29.293000
2025-11-15T20:26:40.311109Z, 0xfffffffffffffe00;0x75125021924a;0x75124b05ae71;0x7fffb421f300;|, 39.251431, 0.00, 29.293000
2025-11-15T20:26:40.316309Z, `S©b, 46.359196, 0.00, 29.293000
2025-11-15T20:26:40.321558Z, `S©b, 31.120297, 0.00, 29.293000
2025-11-15T20:26:40.326806Z, `S©b, 51.621152, 0.00, 29.293000
2025-11-15T20:26:40.332084Z, , 45.192639, 0.00, 29.293000
2025-11-15T20:26:40.337503Z, 0xfffffffffffffe00;__libc_malloc;0x7511f1cbb904;0x7510bff5b7ed;0x7510c09f9818;0x7510c0745bc3;0x7510c09fb2f1;0x7510c09fc709;0x7510c0167b39;0x7510c09ead51;0x7510c09553c9;0x7510c05ef111;0x7510bfcb49f2;0x7510bfbd3e8d;0x7510bf5247c0;0x7510bf274cea;0x75110c36c457;0x75110c335d6e;0x75110c37f0db;0x75110c2e9ec1;0x75110c2dc9b4;0x75110c362b47;0x75120e6bf117;0x2be18520;0x30001637a;0x75110c375e00;0x5500000181870f04;|, 42.854792, 0.00, 29.293000
2025-11-15T20:26:40.342852Z, 0xfffffffffffffe00;__libc_malloc;0x7511f1cbb904;0x7510bfeda3f7;0x7510bfee2b9f;0x7510bfee087b;0x7510bfede2e8;0x7510bfefd47c;0x7510bfcb49f7;0x7510bfbd3e8d;0x7510bf5247c0;0x7510bf274cea;0x75110c36c457;0x75110c335d6e;0x75110c37f0db;0x75110c2e9ec1;0x75110c2dc9b4;0x75110c362b47;0x75120e6bf117;0x2be18520;0x30001637a;0x75110c375e00;0x5500000181870f04;|, 36.555330, 0.00, 29.293000
2025-11-15T20:26:40.348140Z, , 33.464266, 0.00, 29.293000
2025-11-15T20:26:40.353428Z, 0xfffffffffffffe00;0x7510bfed8fe0;0x7510bfef886d;0x7510bfee0b5e;0x7510bfede302;0x7510bfefd47c;0x7510bfcb49f7;0x7510bfbd3e8d;0x7510bf5247c0;0x7510bf274cea;0x75110c36c457;0x75110c335d6e;0x75110c37f0db;0x75110c2e9ec1;0x75110c2dc9b4;0x75110c362b47;0x75120e6bf117;0x2be18520;0x30001637a;0x75110c375e00;0x5500000181870f04;|, 30.085727, 100.00, 29.293000
2025-11-15T20:26:40.358673Z, 0xfffffffffffffe00;0x7511f1cbcc5e;0x7511f1cb9996;0x7510bfefc490;0x7510bfee15e4;0x7510bfede343;0x7510bfefd47c;0x7510bfcb49f7;0x7510bfbd3e8d;0x7510bf5247c0;0x7510bf274cea;0x75110c36c457;0x75110c335d6e;0x75110c37f0db;0x75110c2e9ec1;0x75110c2dc9b4;0x75110c362b47;0x75120e6bf117;0x2be18520;0x30001637a;0x75110c375e00;0x5500000181870f04;|, 24.328007, 100.00, 29.293000
2025-11-15T20:26:40.363891Z, , 37.901036, 0.00, 29.293000
2025-11-15T20:26:40.369035Z, , 36.460238, 0.00, 29.293000
2025-11-15T20:26:40.374356Z, , 30.766264, 0.00, 29.293000
2025-11-15T20:26:40.379630Z, , 26.348478, 0.00, 29.293000
2025-11-15T20:26:40.384855Z, , 28.584892, 0.00, 29.293000
2025-11-15T20:26:40.389972Z, , 32.675493, 0.00, 29.293000
2025-11-15T20:26:40.395102Z, , 29.807677, 0.00, 29.293000
2025-11-15T20:26:40.400243Z, , 19.822406, 0.00, 29.293000
2025-11-15T20:26:40.405355Z, , 28.270500, 0.00, 29.293000
2025-11-15T20:26:40.410519Z, 0xffffffffffffff80;0xffffffff978d92b8;0xfffffffffffffe00;0x7510c1ff8f91;0x7510c1fe1eef;0x7510c1ffcfdc;0x7510c1ffe7f9;0x7510c1ffeda3;0x7510c1fd01f4;0x7510c201346c;0x7510c0514953;0x7510bfc59a1a;0x7510bfc59a85;0x7510bfc5d313;0x7510bfc57bf7;0x7510bf51df00;0x7510bf273f73;0x75110c36c457;0x75110c335d6e;0x75110c37f0db;0x75110c2e9ec1;0x75110c2dc9b4;0x75110c362b47;0x75120e6bf117;0x2be18520;0x30001637a;0x75110c375e00;0x5500000181870f04;|, 37.595886, 0.00, 29.293000
2025-11-15T20:26:40.415653Z, , 29.288225, 0.00, 29.293000
2025-11-15T20:26:40.421178Z, 0xffffffffffffff80;0xffffffff96a911e0;0xffffffff96a91ef6;0xffffffff96a932a8;0xffffffff96a93461;0xffffffff96a934fc;0xffffffff96a9413f;0xffffffff96af04c9;0xffffffff96af1971;0xffffffff96af1fcc;0xffffffff96af2229;0xffffffff96755662;0xffffffff978dd385;0xffffffff96400bb7;0xfffffffffffffe00;__memmove_sse2_unaligned_erms;0x75127dadb78c;0x75127dadc62a;0x75127d9b8dd7;0x75127db3e2dc;cuLibraryLoadData;0x7510c1fde983;0x7510c203fc08;|, 34.328391, 0.00, 29.293000
2025-11-15T20:26:40.426311Z, , 55.698094, 0.00, 29.293000
2025-11-15T20:26:40.431455Z, , 29.270908, 100.00, 29.293000
2025-11-15T20:26:40.436579Z, , 39.574777, 0.00, 29.293000
2025-11-15T20:26:40.441835Z, 0xfffffffffffffe00;0x75127e7b6162;0x75127da8bd22;0x75127dafe365;0x75127dabff08;0x75127dac0275;0x75127d9b8a29;0x75127db3f373;cuLibraryGetModule;0x7510c1ff7a9a;0x7510c1ff83f5;0x7510c1ff84d4;0x7510c1ffb53a;0x7510c1fcf7f7;0x7510c2037798;0x7510c097ea9c;0x7510c097f928;0x7510c0984750;0x7510bfbe261b;0x7510bfbe2fd3;0x75110c3caf90;0x75110c3caf90;0x7510bf3e8334;0x7510bf3e902c;0x7510bf406b59;0x75110c3caf90;0x75110c371db7;0x75110c371ee6;0x75120d608be4;0x75120e6a4830;0x75120e6abafd;|, 47.575989, 0.00, 29.293000
2025-11-15T20:26:40.447322Z, 0xffffffffffffff80;0xffffffff96af225c;0xffffffff96755662;0xffffffff978dd385;0xffffffff96400bb7;0xfffffffffffffe00;__memset_avx2_unaligned_erms;0x75127da7e375;0x75127dadb82b;0x75127dadc62a;0x75127d9b8dd7;0x75127db3e2dc;cuLibraryLoadData;0x7512702234e6;0x751270282418;|, 28.065259, 0.00, 29.293000
2025-11-15T20:26:40.452534Z, , 30.419306, 0.00, 29.293000
2025-11-15T20:26:40.458279Z, 0xffffffffffffff80;0xffffffff966e7393;0xffffffffc272b281;0xffffffffc279f26e;0xffffffffc2798961;0xffffffffc27bd06a;0xffffffffc27be0fc;0xffffffffc27be8d5;0xffffffffc272ecb1;0xffffffffc272f4cb;0xffffffffc272f5ba;0xffffffff96bdde74;0xffffffff96683f9e;0xffffffff978d678e;0xffffffff9640012b;0xfffffffffffffe00;ioctl;0x75127dc4200f;0x75127e74d068;0x75127db208bc;0x75127dc8ee48;0x75127dc900b2;0x75127dc1f40e;0x75127dc20794;0x75127dc2133b;0x75127dc238de;0x75127dc252bb;0x75127dac2b49;0x75127dc4b5b2;0x75127dafe077;0x75127dafe539;0x75127dabff08;0x75127dac0275;0x75127d9b8a29;0x75127db3f373;cuLibraryGetModule;0x75127023b31a;0x75127023bab8;0x75127023bb46;0x75127023ea69;0x751270213e31;0x751270279f88;0x751210f0a903;0x751210eeb9d6;0x751210eec4f9;0x75127c048390;0x100000001;0x75127015c170;0x85e38058b4818;|, 40.077402, 100.00, 29.293000
2025-11-15T20:26:40.463547Z, , 26.443774, 100.00, 29.293000
2025-11-15T20:26:40.469215Z, 0xffffffffffffff80;0xffffffff96b25dc0;0xffffffff96b64924;0xffffffff96b64b38;0xffffffff96aeff3a;0xffffffff96af0330;0xffffffff96af1971;0xffffffff96af1fcc;0xffffffff96af2229;0xffffffff96755662;0xffffffff978dd385;0xffffffff96400bb7;0xfffffffffffffe00;__memmove_sse2_unaligned_erms;0x75127da8c479;0x75127dafe365;0x75127dabff08;0x75127dac0275;0x75127d9b8a29;0x75127db3f373;cuLibraryGetModule;0x7510a62545ba;0x7510a6254f15;0x7510a6254ff4;0x7510a625805a;0x7510a622c317;0x7510a62942b8;0x7510a6153617;0x7510a616e58d;0x7510a6161d43;0x7510a616c215;0x75120e68928c;0x751210db0d46;0x751210db0e46;0x7fffb421e250;|, 32.752904, 0.00, 29.293000
2025-11-15T20:26:40.474488Z, , 24.884989, 0.00, 29.293000
2025-11-15T20:26:40.479889Z, 0xfffffffffffffe00;0x75127d98e9b0;0x75127d985a8f;0x75127da8bd5d;0x75127dafe365;0x75127dabff08;0x75127dac0275;0x75127d9b8a29;0x75127db3f373;cuLibraryGetModule;0x75127023b31a;0x75127023bab8;0x75127023bb46;0x75127023ea69;0x751270213e31;0x751270279f88;0x751210311b52;0x7512102c8c63;0x7512102c8f36;0x7fffb421e328;0x751210d3d1a0;0x800000033807848d;|, 27.020095, 0.00, 29.293000
2025-11-15T20:26:40.485108Z, , 29.561959, 0.00, 29.293000
2025-11-15T20:26:40.490329Z, , 27.927031, 0.00, 29.293000
2025-11-15T20:26:40.495511Z, , 32.092637, 0.00, 29.293000
2025-11-15T20:26:40.500874Z, 0xfffffffffffffe00;0x75127dbc2c60;0x75127dbe7dc9;0x75127dc23cb8;0x75127dc252bb;0x75127e7977ab;0x75127da7392a;0x75127da7f542;0x75127da7e375;0x75127da8b2c1;0x75127dafe365;0x75127dabff08;0x75127dac0275;0x75127d9b8a29;0x75127db3f373;cuLibraryGetModule;0x7510c1ff7a9a;0x7510c1ff83f5;0x7510c1ff84d4;0x7510c1ffb53a;0x7510c1fcf7f7;0x7510c2037798;0x7510bf83c1f5;0x7510bf82dd3a;0x7510bf813c9b;0x7510bf8200c0;0x7510bf3e8100;0x7510bf3e8849;0x7510bf3e902c;0x7510bf409259;0x75110c3caf90;0x75110c371db7;0x75110c371ee6;0x75120d608be4;0x75120e6a4830;0x75120e6abafd;|, 32.137900, 0.00, 29.293000
2025-11-15T20:26:40.506027Z, , 34.372962, 0.00, 29.293000
2025-11-15T20:26:40.511192Z, , 26.916225, 0.00, 29.293000
2025-11-15T20:26:40.516371Z, , 17.211460, 0.00, 29.293000
2025-11-15T20:26:40.521541Z, , 19.419538, 0.00, 29.293000
2025-11-15T20:26:40.526729Z, , 20.261220, 100.00, 29.293000
2025-11-15T20:26:40.532091Z, 0xfffffffffffffe00;__strcmp_avx2;0x7511f1cbccc2;0x7511f1cb9996;0x7510c053f88d;0x7510bfee229a;0x7510bfee9852;0x7510bfb92da1;0x7510bfb93015;0x7510bfe302b2;0x7510bf30e6b1;0x7510bf30e6b1;0x7510bf4be788;0x75110c383fc1;0x75110c37f20d;0x75110c2e9ec1;0x75110c2dc9b4;0x75110c362b47;0x75120e6bf117;0x3483b420;0x30001637a;0x75110c375e00;0x5500000181870f04;|, 23.135043, 0.00, 29.293000
2025-11-15T20:26:40.537226Z, , 22.081698, 0.00, 29.293000
2025-11-15T20:26:40.542341Z, , 43.086557, 50.00, 29.293000
2025-11-15T20:26:40.547596Z, , 18.651869, 0.00, 29.293000
2025-11-15T20:26:40.552746Z, , 20.226583, 0.00, 29.293000
2025-11-15T20:26:40.557908Z, , 22.975757, 0.00, 29.293000
2025-11-15T20:26:40.563066Z, , 17.039021, 0.00, 29.293000
2025-11-15T20:26:40.568313Z, 0xfffffffffffffe00;0x7510c053f83d;0x7510bfee21d5;0x7510bfee9852;0x7510bfb92da1;0x7510bfb93015;0x7510bfe3eb4f;0x7510bfe38bc8;0x7510bf519430;0x7510bf2734b0;0x75110c36c457;0x75110c335d6e;0x75110c37f0db;0x75110c2e9ec1;0x75110c2dc9b4;0x75110c362b47;0x75120e6bf117;0x3485b390;0x30001637a;0x75110c375e00;0x5500000181870f04;|, 19.853574, 0.00, 29.293000
2025-11-15T20:26:40.573517Z, , 16.952857, 50.00, 29.293000
2025-11-15T20:26:40.578705Z, , 19.156065, 0.00, 29.293000
2025-11-15T20:26:40.583803Z, , 10.944924, 0.00, 29.293000
2025-11-15T20:26:40.588979Z, , 36.829813, 0.00, 29.293000
2025-11-15T20:26:40.594158Z, , 14.772084, 50.00, 29.293000
2025-11-15T20:26:40.599338Z, , 16.945164, 0.00, 29.293000
2025-11-15T20:26:40.604501Z, , 16.892042, 0.00, 29.293000
2025-11-15T20:26:40.609685Z, , 18.328639, 0.00, 29.293000
2025-11-15T20:26:40.614871Z, , 15.759492, 0.00, 29.293000
2025-11-15T20:26:40.620068Z, , 16.947829, 0.00, 29.293000
2025-11-15T20:26:40.625256Z, , 17.250263, 0.00, 29.293000
2025-11-15T20:26:40.630399Z, , 13.942077, 0.00, 29.293000
2025-11-15T20:26:40.635523Z, , 22.562564, 100.00, 29.293000
2025-11-15T20:26:40.640692Z, , 18.598376, 0.00, 29.293000
2025-11-15T20:26:40.646218Z, 0xfffffffffffffe00;0x75127dbe52f9;0x75127dac0325;0x75127da7e136;0x75127da7f802;0x75127dadbd21;0x75127dadc62a;0x75127d9b8dd7;0x75127db3e2dc;cuLibraryLoadData;0x7512702234e6;0x751270282418;|, 16.875508, 0.00, 29.293000
2025-11-15T20:26:40.651416Z, , 18.344863, 0.00, 29.293000
2025-11-15T20:26:40.656700Z, 0xfffffffffffffe00;__libc_malloc;0x7511a0d4f6d7;0x7511a0d391cf;0x7511a0d53cac;0x7511a0d554e9;0x7511a0d55a93;0x7511a0d4da35;0x7511a0d29493;0x7511a0d6c6c2;0x7511a09700cf;0x751210f8d53b;0x751210f51b21;0x751210fc3fdf;0x751210fc5bc2;0x751210cdb21c;|, 20.294412, 0.00, 29.293000
2025-11-15T20:26:40.661830Z, , 26.422658, 0.00, 29.293000
2025-11-15T20:26:40.667033Z, , 24.824397, 0.00, 29.293000
2025-11-15T20:26:40.672278Z, , 16.079896, 0.00, 29.293000
2025-11-15T20:26:40.677454Z, , 15.376214, 0.00, 29.293000
2025-11-15T20:26:40.682845Z, , 21.662760, 0.00, 29.293000
2025-11-15T20:26:40.688255Z, 0xfffffffffffffe00;0x75116fd4e067;0x75116fd5bc2c;0x75116fd5c4e0;0x75116fd3e3a5;0x751170132a07;0x751170133026;0x75116fd6db4a;0x75116fd6dfd8;0x75116fd6e1f2;0x75116fd6e3fe;0x75116f3797b1;0x75116f3b8cad;0x75116f3e8874;0x75116f490591;0x75116f490963;0x75116f4c24a9;0x751210f51b83;0x751210fc3fdf;0x751210fc5bc2;0x751210cdb21c;|, 16.492303, 0.00, 29.293000
2025-11-15T20:26:40.693456Z, 0xfffffffffffffe00;0x75116fd4de84;0x75116fd5bc2c;0x75116fd5c4e0;0x75116fd3e3a5;0x751170132a07;0x751170133026;0x75116fd6db4a;0x75116fd6dfd8;0x75116fd6e1f2;0x75116fd6e3fe;0x75116f3797b1;0x75116f3b8cad;0x75116f3e8874;0x75116f490591;0x75116f490963;0x75116f4c24a9;0x751210f51b83;0x751210fc3fdf;0x751210fc5bc2;0x751210cdb21c;|, 19.854749, 0.00, 29.293000
2025-11-15T20:26:40.698579Z, , 26.430225, 0.00, 29.293000
2025-11-15T20:26:40.703814Z, 0xfffffffffffffe00;0x75116fd4dcab;0x75116fd5bc2c;0x75116fd5c4e0;0x75116fd3e3a5;0x751170132a0e;0x751170133026;0x75116fd6db4a;0x75116fd6dfd8;0x75116fd6e1f2;0x75116fd6e3fe;0x75116f3797b1;0x75116f3b8cad;0x75116f3e8874;0x75116f490591;0x75116f490963;0x75116f4c24a9;0x751210f51b83;0x751210fc3fdf;0x751210fc5bc2;0x751210cdb21c;|, 29.410463, 0.00, 29.293000
2025-11-15T20:26:40.709599Z, 0xffffffffffffff80;0xffffffff978afdd2;0xffffffff96ae2398;0xffffffff967555dc;0xffffffff978dd385;0xffffffff96400bb7;0xfffffffffffffe00;__memmove_sse2_unaligned_erms;0x75127dadb78c;0x75127dadc62a;0x75127d9b8dd7;0x75127db3e2dc;cuLibraryLoadData;0x75116fd3e316;0x751170132a0e;0x751170133026;0x75116fd6db4a;0x75116fd6dfd8;0x75116fd6e1f2;0x75116fd6e3fe;0x75116f3797b1;0x75116f3b8cad;0x75116f3e8874;0x75116f490591;0x75116f490963;0x75116f4c24a9;0x751210f51b83;0x751210fc3fdf;0x751210fc5bc2;0x751210cdb21c;|, 29.113688, 0.00, 44.426000
2025-11-15T20:26:40.715268Z, 0xfffffffffffffe00;__vfscanf_internal;__isoc99_sscanf;0x75127da685c2;0x75127dadb78c;0x75127dadc62a;0x75127d9b8dd7;0x75127db3e2dc;cuLibraryLoadData;0x75116fd3e316;0x751170133026;0x75116fd6db4a;0x75116fd6dfd8;0x75116fd6e1f2;0x75116fd6e3fe;0x75116f3797b1;0x75116f3b8cad;0x75116f3e8874;0x75116f490591;0x75116f490963;0x75116f4c24a9;0x751210f51b83;0x751210fc3fdf;0x751210fc5bc2;0x751210cdb21c;|, 31.011629, 100.00, 44.426000
2025-11-15T20:26:40.720676Z, , 24.737735, 0.00, 44.426000
2025-11-15T20:26:40.726032Z, , 23.013257, 0.00, 44.426000
2025-11-15T20:26:40.731991Z, 0xffffffffffffff80;0xffffffff96af034b;0xffffffff96af1971;0xffffffff96af1fcc;0xffffffff96af2229;0xffffffff96755662;0xffffffff978dd385;0xffffffff96400bb7;0xfffffffffffffe00;__memmove_sse2_unaligned_erms;0x75127da8c479;0x75127dafe365;0x75127dabff08;0x75127dac0275;0x75127d9b8a29;0x75127db3f373;cuLibraryGetModule;0x75117630a7ea;0x75117630b145;0x75117630b224;0x75117630e279;0x7511762e3e77;0x75117634a3f8;0x75116fe7109a;0x75116fe9c560;0x75116fd706ba;0x75116f381c1e;0x75116f4c0b59;0x75116f4c4dcd;0x751210f51c11;0x751210fc3fdf;0x751210fc5bc2;0x751210cdb21c;|, 28.063565, 100.00, 44.426000
2025-11-15T20:26:40.737406Z, , 19.626955, 0.00, 44.426000
2025-11-15T20:26:40.742703Z, , 36.259801, 0.00, 44.426000
2025-11-15T20:26:40.747886Z, , 31.284003, 0.00, 44.426000
2025-11-15T20:26:40.753152Z, , 15.719874, 0.00, 44.426000
2025-11-15T20:26:40.758427Z, , 26.477501, 0.00, 44.426000
2025-11-15T20:26:40.763691Z, , 17.485396, 0.00, 44.426000
2025-11-15T20:26:40.769399Z, 0xfffffffffffffe00;0x75127d9f91e8;0x75127dbe6a9a;0x75127dbe7dc9;0x75127dc23cb8;0x75127dc252bb;0x75127e7977ab;0x75127da7392a;0x75127da7f542;0x75127da7e375;0x75127da8b2c1;0x75127dafe365;0x75127dabff08;0x75127dac0275;0x75127d9b8a29;0x75127db3f373;cuLibraryGetModule;0x75127023b31a;0x75127023bab8;0x75127023bb46;0x75127023ea69;0x751270213e31;0x751270279f88;0x7512100b98d8;|, 17.310251, 0.00, 44.426000
2025-11-15T20:26:40.774548Z, , 19.112248, 0.00, 44.426000
2025-11-15T20:26:40.779682Z, , 20.368619, 0.00, 44.426000
2025-11-15T20:26:40.784838Z, , 22.614999, 0.00, 44.426000
2025-11-15T20:26:40.789978Z, , 17.424326, 0.00, 44.426000
2025-11-15T20:26:40.795131Z, , 19.518498, 0.00, 44.426000
2025-11-15T20:26:40.800700Z, 0xffffffffffffff80;0xffffffff96838fcc;0xffffffff96755a60;0xffffffff978dd385;0xffffffff96400bb7;0xfffffffffffffe00;__memmove_sse2_unaligned_erms;0x75127dadb78c;0x75127dadc62a;0x75127d9b8dd7;0x75127db3e2dc;cuLibraryLoadData;0x7512702234e6;0x751270282418;|, 23.216073, 100.00, 44.426000
2025-11-15T20:26:40.805909Z, , 34.299325, 200.00, 44.426000
2025-11-15T20:26:40.811043Z, , 39.938627, 0.00, 44.426000
2025-11-15T20:26:40.816270Z, , 43.605809, 0.00, 44.426000
2025-11-15T20:26:40.821467Z, , 24.363283, 0.00, 44.426000
2025-11-15T20:26:40.826644Z, , 31.017602, 100.00, 44.426000
2025-11-15T20:26:40.831860Z, , 26.449046, 100.00, 44.426000
2025-11-15T20:26:40.837025Z, , 15.854103, 0.00, 44.426000
2025-11-15T20:26:40.842205Z, , 20.867774, 100.00, 44.426000
2025-11-15T20:26:40.847385Z, , 15.623281, 0.00, 44.426000
2025-11-15T20:26:40.852509Z, , 17.676727, 0.00, 44.426000
2025-11-15T20:26:40.857655Z, , 20.925362, 0.00, 44.426000
2025-11-15T20:26:40.862829Z, , 12.689182, 0.00, 44.426000
2025-11-15T20:26:40.868004Z, , 18.777528, 0.00, 44.426000
2025-11-15T20:26:40.873198Z, , 18.103034, 50.00, 44.426000
2025-11-15T20:26:40.878410Z, , 15.404494, 0.00, 44.426000
2025-11-15T20:26:40.883645Z, , 16.643627, 100.00, 44.426000
2025-11-15T20:26:40.888966Z, , 18.201771, 0.00, 44.426000
2025-11-15T20:26:40.894191Z, , 11.514330, 0.00, 44.426000
2025-11-15T20:26:40.899426Z, , 19.048203, 0.00, 44.426000
2025-11-15T20:26:40.904707Z, , 13.024358, 0.00, 44.426000
2025-11-15T20:26:40.909933Z, , 20.670874, 0.00, 44.426000
2025-11-15T20:26:40.915105Z, , 16.158389, 0.00, 44.426000
2025-11-15T20:26:40.920218Z, , 18.888940, 0.00, 44.426000
2025-11-15T20:26:40.925402Z, , 34.224891, 0.00, 44.426000
2025-11-15T20:26:40.930516Z, , 23.898622, 0.00, 44.426000
2025-11-15T20:26:40.935683Z, , 33.996565, 0.00, 44.426000
2025-11-15T20:26:40.940870Z, , 22.867531, 0.00, 44.426000
2025-11-15T20:26:40.946057Z, , 17.844077, 0.00, 44.426000
2025-11-15T20:26:40.951242Z, , 15.001519, 0.00, 44.426000
2025-11-15T20:26:40.956456Z, , 18.276877, 100.00, 44.426000
2025-11-15T20:26:40.961603Z, , 19.497762, 0.00, 44.426000
2025-11-15T20:26:40.966803Z, , 16.117544, 100.00, 44.426000
2025-11-15T20:26:40.972091Z, , 24.375012, 100.00, 44.426000
2025-11-15T20:26:40.977360Z, , 18.073189, 0.00, 44.426000
2025-11-15T20:26:40.982503Z, , 14.333319, 0.00, 44.426000
2025-11-15T20:26:40.987645Z, , 21.826918, 0.00, 44.426000
2025-11-15T20:26:40.992828Z, , 18.663400, 0.00, 44.426000
2025-11-15T20:26:40.998030Z, , 18.014790, 0.00, 44.426000
2025-11-15T20:26:41.003232Z, , 16.987148, 100.00, 44.426000
2025-11-15T20:26:41.008452Z, , 14.829833, 100.00, 44.426000
2025-11-15T20:26:41.013638Z, , 16.895693, 0.00, 44.426000
2025-11-15T20:26:41.018812Z, , 19.284460, 0.00, 44.426000
2025-11-15T20:26:41.023927Z, , 18.949956, 0.00, 44.426000
2025-11-15T20:26:41.029061Z, , 22.785533, 0.00, 44.426000
2025-11-15T20:26:41.034244Z, , 20.555359, 0.00, 44.426000
2025-11-15T20:26:41.039391Z, , 41.528894, 0.00, 44.426000
2025-11-15T20:26:41.044545Z, , 42.288499, 0.00, 44.426000
2025-11-15T20:26:41.049670Z, , 25.929465, 0.00, 44.426000
2025-11-15T20:26:41.054792Z, , 25.193919, 0.00, 44.426000
2025-11-15T20:26:41.059976Z, , 26.285783, 0.00, 44.426000
2025-11-15T20:26:41.065122Z, , 25.210177, 0.00, 44.426000
2025-11-15T20:26:41.070542Z, 0xfffffffffffffe00;0x75127dcfecdc;0x75127dd0767b;0x75127dd11bc2;0x75127dab88fa;0x75127dada079;0x75127dadb10b;0x75127dadb638;0x75127dadc62a;0x75127d9b8dd7;0x75127db3e2dc;cuLibraryLoadData;0x7512702234e6;0x751270282418;|, 22.730881, 0.00, 44.426000
2025-11-15T20:26:41.075944Z, 0xfffffffffffffe00;free;0x75127dc2124a;0x75127dc238de;0x75127dc252bb;0x75127e7977ab;0x75127da7392a;0x75127da7f542;0x75127da7e375;0x75127da8b2c1;0x75127dafe365;0x75127dabff08;0x75127dac0275;0x75127d9b8a29;0x75127db3f373;cuLibraryGetModule;0x75127023b31a;0x75127023bab8;0x75127023bb46;0x75127023ea69;0x751270213e31;0x751270279f88;0x75120f3b40a7;0x348a0680;0x4261dfc0;0x29fe14c0;0x100000005;0x75127015c170;0x85e38058b4818;|, 24.968625, 200.00, 44.426000
2025-11-15T20:26:41.081090Z, , 40.899209, 0.00, 44.426000
2025-11-15T20:26:41.086222Z, , 19.438046, 0.00, 44.426000
2025-11-15T20:26:41.091389Z, , 22.319795, 0.00, 44.426000
2025-11-15T20:26:41.096554Z, , 17.505303, 0.00, 44.426000
2025-11-15T20:26:41.101733Z, , 15.948524, 0.00, 44.426000
2025-11-15T20:26:41.106953Z, , 17.229947, 0.00, 44.426000
2025-11-15T20:26:41.112126Z, , 13.231926, 0.00, 44.426000
2025-11-15T20:26:41.117308Z, , 15.269740, 0.00, 44.426000
2025-11-15T20:26:41.122447Z, , 16.055432, 0.00, 44.426000
2025-11-15T20:26:41.127755Z, , 15.521354, 0.00, 44.426000
2025-11-15T20:26:41.132964Z, , 16.234856, 0.00, 44.426000
2025-11-15T20:26:41.138155Z, , 14.920530, 0.00, 44.426000
2025-11-15T20:26:41.143348Z, , 12.122680, 0.00, 44.426000
2025-11-15T20:26:41.148531Z, , 15.032026, 0.00, 44.426000
2025-11-15T20:26:41.153716Z, , 15.275604, 0.00, 44.426000
2025-11-15T20:26:41.158988Z, , 15.036528, 0.00, 44.426000
2025-11-15T20:26:41.164260Z, , 18.764816, 0.00, 44.426000
2025-11-15T20:26:41.169469Z, , 13.703622, 0.00, 44.426000
2025-11-15T20:26:41.174656Z, , 14.243585, 0.00, 44.426000
2025-11-15T20:26:41.179851Z, , 14.436999, 0.00, 44.426000
2025-11-15T20:26:41.185090Z, , 11.321306, 0.00, 44.426000
2025-11-15T20:26:41.190616Z, , 15.115485, 0.00, 44.426000
2025-11-15T20:26:41.196042Z, , 18.332601, 0.00, 44.426000
2025-11-15T20:26:41.201488Z, , 17.495397, 50.00, 44.426000
2025-11-15T20:26:41.206936Z, , 21.082178, 100.00, 60.502000
2025-11-15T20:26:41.213064Z, 0xffffffffffffff80;0xffffffff96af238f;0xffffffff96755662;0xffffffff978dd385;0xffffffff96400bb7;0xfffffffffffffe00;0x75127dcfedbd;0x75127dd0767b;0x75127dd11bc2;0x75127dab88fa;0x75127dada079;0x75127dadb10b;0x75127dadb638;0x75127dadc62a;0x75127d9b8dd7;0x75127db3e2dc;cuLibraryLoadData;0x7512702234e6;0x751270282418;|, 19.068427, 0.00, 60.502000
2025-11-15T20:26:41.218430Z, , 16.881489, 0.00, 60.502000
2025-11-15T20:26:41.223572Z, , 16.032987, 0.00, 60.502000
2025-11-15T20:26:41.228856Z, , 26.747104, 0.00, 60.502000
2025-11-15T20:26:41.234218Z, , 16.518210, 0.00, 60.502000
2025-11-15T20:26:41.239515Z, , 17.732354, 0.00, 60.502000
2025-11-15T20:26:41.244800Z, , 15.694892, 0.00, 60.502000
2025-11-15T20:26:41.250530Z, 0xfffffffffffffe00;0x75127dbe52f9;0x75127dabfb47;0x75127dafe5a1;0x75127dabff08;0x75127dac0275;0x75127d9b8a29;0x75127db3f373;cuLibraryGetModule;0x75127023b31a;0x75127023bab8;0x75127023bb46;0x75127023ea69;0x751270213e31;0x751270279f88;0x75120f43c89f;|, 16.464910, 0.00, 60.502000
2025-11-15T20:26:41.255799Z, , 14.580359, 0.00, 60.502000
2025-11-15T20:26:41.261089Z, , 13.770777, 0.00, 60.502000
2025-11-15T20:26:41.266378Z, , 14.336144, 0.00, 60.502000
2025-11-15T20:26:41.271652Z, , 16.137635, 0.00, 60.502000
2025-11-15T20:26:41.276911Z, , 14.194745, 0.00, 60.502000
2025-11-15T20:26:41.282179Z, , 19.069905, 0.00, 60.502000
2025-11-15T20:26:41.287526Z, , 13.760400, 0.00, 60.502000
2025-11-15T20:26:41.292774Z, , 14.698708, 0.00, 60.502000
2025-11-15T20:26:41.297971Z, , 16.863715, 0.00, 60.502000
2025-11-15T20:26:41.303212Z, , 12.743928, 0.00, 60.502000
2025-11-15T20:26:41.308524Z, , 14.413776, 0.00, 60.502000
2025-11-15T20:26:41.313719Z, , 14.656954, 0.00, 60.502000
2025-11-15T20:26:41.318906Z, , 17.478652, 0.00, 60.502000
2025-11-15T20:26:41.324099Z, , 18.706256, 0.00, 60.502000
2025-11-15T20:26:41.329304Z, , 15.924670, 0.00, 60.502000
2025-11-15T20:26:41.334456Z, , 14.400752, 0.00, 60.502000
2025-11-15T20:26:41.339644Z, , 14.009727, 0.00, 60.502000
2025-11-15T20:26:41.344839Z, , 13.019721, 0.00, 60.502000
2025-11-15T20:26:41.350027Z, , 19.118278, 0.00, 60.502000
2025-11-15T20:26:41.355312Z, , 17.694512, 0.00, 60.502000
2025-11-15T20:26:41.360486Z, , 34.641072, 0.00, 60.502000
2025-11-15T20:26:41.365702Z, , 40.107198, 0.00, 60.502000
2025-11-15T20:26:41.370854Z, , 27.836794, 0.00, 60.502000
2025-11-15T20:26:41.376012Z, , 31.480213, 0.00, 60.502000
2025-11-15T20:26:41.381145Z, , 72.265742, 0.00, 60.502000
2025-11-15T20:26:41.386286Z, , 57.268853, 0.00, 60.502000
2025-11-15T20:26:41.391463Z, , 25.424098, 0.00, 60.502000
2025-11-15T20:26:41.396700Z, , 23.808855, 0.00, 60.502000
2025-11-15T20:26:41.401890Z, , 28.276531, 100.00, 60.502000
2025-11-15T20:26:41.407027Z, , 29.462127, 100.00, 60.502000
2025-11-15T20:26:41.412192Z, , 38.104899, 0.00, 60.502000
2025-11-15T20:26:41.417494Z, , 19.426889, 0.00, 60.502000
2025-11-15T20:26:41.422709Z, , 16.166709, 0.00, 60.502000
2025-11-15T20:26:41.427913Z, , 17.031479, 0.00, 60.502000
2025-11-15T20:26:41.433119Z, , 13.604011, 0.00, 60.502000
2025-11-15T20:26:41.438333Z, , 18.138166, 0.00, 60.502000
2025-11-15T20:26:41.443814Z, , 13.125366, 0.00, 60.502000
2025-11-15T20:26:41.449125Z, , 14.043223, 0.00, 60.502000
2025-11-15T20:26:41.454401Z, , 15.242945, 0.00, 60.502000
2025-11-15T20:26:41.459750Z, , 12.073226, 0.00, 60.502000
2025-11-15T20:26:41.465061Z, , 11.151636, 0.00, 60.502000
2025-11-15T20:26:41.470370Z, , 12.530150, 0.00, 60.502000
2025-11-15T20:26:41.475679Z, , 10.217033, 0.00, 60.502000
2025-11-15T20:26:41.481013Z, , 13.036748, 0.00, 60.502000
2025-11-15T20:26:41.486266Z, , 11.008719, 0.00, 60.502000
2025-11-15T20:26:41.491562Z, , 17.188455, 0.00, 60.502000
2025-11-15T20:26:41.496825Z, , 11.894538, 0.00, 60.502000
2025-11-15T20:26:41.502117Z, , 10.589552, 0.00, 60.502000
2025-11-15T20:26:41.507417Z, , 13.670165, 0.00, 60.502000
2025-11-15T20:26:41.512756Z, , 11.578779, 100.00, 60.502000
2025-11-15T20:26:41.518366Z, 0xfffffffffffffe00;pthread_rwlock_unlock@@GLIBC_2.34;0x7512702356a2;0x75127024ef2a;0x75127053edc2;0x6475632f3031632f;|, 14.828615, 200.00, 60.502000
2025-11-15T20:26:41.523688Z, , 20.619851, 300.00, 60.502000
2025-11-15T20:26:41.528995Z, , 11.718883, 150.00, 60.502000
2025-11-15T20:26:41.534257Z, , 20.758403, 300.00, 60.502000
2025-11-15T20:26:41.539597Z, , 13.313582, 0.00, 60.502000
2025-11-15T20:26:41.544922Z, , 15.276375, 0.00, 60.502000
2025-11-15T20:26:41.550219Z, , 12.631226, 0.00, 60.502000
2025-11-15T20:26:41.555515Z, , 14.481315, 0.00, 60.502000
2025-11-15T20:26:41.560818Z, , 14.409502, 0.00, 60.502000
2025-11-15T20:26:41.566115Z, , 13.362648, 0.00, 60.502000
2025-11-15T20:26:41.571408Z, , 17.400691, 0.00, 60.502000
2025-11-15T20:26:41.576675Z, , 12.719950, 0.00, 60.502000
2025-11-15T20:26:41.581919Z, , 16.348859, 0.00, 60.502000
2025-11-15T20:26:41.587181Z, , 15.713284, 0.00, 60.502000
2025-11-15T20:26:41.592451Z, , 12.844204, 0.00, 60.502000
2025-11-15T20:26:41.597710Z, , 15.660639, 0.00, 60.502000
2025-11-15T20:26:41.602961Z, , 14.953333, 0.00, 60.502000
2025-11-15T20:26:41.608202Z, , 19.432809, 0.00, 60.502000
2025-11-15T20:26:41.613412Z, , 14.893706, 0.00, 60.502000
2025-11-15T20:26:41.618607Z, , 14.322031, 0.00, 60.502000
2025-11-15T20:26:41.623816Z, , 15.273707, 0.00, 60.502000
2025-11-15T20:26:41.629017Z, , 18.321877, 0.00, 60.502000
2025-11-15T20:26:41.634230Z, , 18.202612, 100.00, 60.502000
2025-11-15T20:26:41.639428Z, , 17.555423, 50.00, 60.502000
2025-11-15T20:26:41.644657Z, , 16.828352, 0.00, 60.502000
2025-11-15T20:26:41.649848Z, , 21.436946, 0.00, 60.502000
2025-11-15T20:26:41.655026Z, , 20.993522, 0.00, 60.502000
2025-11-15T20:26:41.660597Z, , 19.452582, 0.00, 60.502000
2025-11-15T20:26:41.665893Z, , 20.682533, 0.00, 60.502000
2025-11-15T20:26:41.671107Z, , 13.948613, 0.00, 60.502000
2025-11-15T20:26:41.676331Z, , 14.483896, 0.00, 60.502000
2025-11-15T20:26:41.681531Z, , 14.809217, 0.00, 60.502000
2025-11-15T20:26:41.686801Z, , 16.313714, 0.00, 60.502000
2025-11-15T20:26:41.692001Z, , 9.422420, 0.00, 60.502000
2025-11-15T20:26:41.697239Z, , 17.912872, 0.00, 60.502000
2025-11-15T20:26:41.702489Z, , 15.834919, 0.00, 60.502000
2025-11-15T20:26:41.707742Z, , 14.393274, 0.00, 73.025000
2025-11-15T20:26:41.712945Z, , 17.929005, 0.00, 73.025000
2025-11-15T20:26:41.718414Z, , 14.714550, 0.00, 73.025000
2025-11-15T20:26:41.723655Z, , 15.226606, 0.00, 73.025000
2025-11-15T20:26:41.728857Z, , 16.189782, 0.00, 73.025000
2025-11-15T20:26:41.734056Z, , 13.133470, 0.00, 73.025000
2025-11-15T20:26:41.739261Z, , 17.573588, 0.00, 73.025000
2025-11-15T20:26:41.744474Z, , 12.686225, 0.00, 73.025000
2025-11-15T20:26:41.749662Z, , 16.212232, 0.00, 73.025000
2025-11-15T20:26:41.754847Z, , 15.909076, 0.00, 73.025000
2025-11-15T20:26:41.760435Z, 0xfffffffffffffe00;0x751283a7cc36;clock_gettime@@GLIBC_2.17;cuptiGetTimestamp;0x75127d158b21;0x75127d10d60a;0x75127d117c50;0x75127dcae696;0x7510c203776d;0x7510c0974bb5;0x7510bfbe241b;0x7510bfbe2fd3;0x75110c3caf90;0x75110c3caf90;0x7510bf3e8334;0x7510bf3e902c;0x7510bf406b59;0x75110c3caf90;0x75110c371db7;0x75110c371ee6;0x75120d608be4;0x75120e6a4830;0x75120e6abe2b;0x75120e6ace60;0x75120e68f14d;0x75120e68f5c6;0x751210dadeab;0x751210dadf77;0x75124bce7844;0x75124aff2c8e;0x75124c10515c;0x7fffb421cd20;0x0;0x751270166b30;0x2de907894810c083;|, 18.074226, 100.00, 73.025000
2025-11-15T20:26:41.765625Z, , 15.919735, 100.00, 73.025000
2025-11-15T20:26:41.770805Z, , 17.145038, 200.00, 73.025000
2025-11-15T20:26:41.775998Z, , 18.456716, 0.00, 73.025000
2025-11-15T20:26:41.781202Z, , 16.851235, 0.00, 73.025000
2025-11-15T20:26:41.786412Z, , 18.964017, 0.00, 73.025000
2025-11-15T20:26:41.791610Z, , 15.121045, 0.00, 73.025000
2025-11-15T20:26:41.796800Z, , 14.238963, 0.00, 73.025000
2025-11-15T20:26:41.801985Z, , 14.593098, 0.00, 73.025000
2025-11-15T20:26:41.807200Z, , 9.969130, 0.00, 73.025000
2025-11-15T20:26:41.812428Z, , 19.138074, 100.00, 73.025000
2025-11-15T20:26:41.817620Z, , 15.444069, 100.00, 73.025000
2025-11-15T20:26:41.822838Z, , 16.022272, 100.00, 73.025000
2025-11-15T20:26:41.828028Z, , 15.904658, 0.00, 73.025000
2025-11-15T20:26:41.833217Z, , 16.786049, 0.00, 73.025000
2025-11-15T20:26:41.838426Z, , 14.734413, 0.00, 73.025000
2025-11-15T20:26:41.843610Z, , 15.484714, 0.00, 73.025000
2025-11-15T20:26:41.848804Z, , 16.156724, 0.00, 73.025000
2025-11-15T20:26:41.853993Z, , 15.003901, 0.00, 73.025000
2025-11-15T20:26:41.859187Z, , 16.345851, 0.00, 73.025000
2025-11-15T20:26:41.864397Z, , 13.946867, 0.00, 73.025000
2025-11-15T20:26:41.869683Z, , 14.015148, 0.00, 73.025000
2025-11-15T20:26:41.874963Z, , 16.542074, 100.00, 73.025000
2025-11-15T20:26:41.880282Z, , 13.839288, 200.00, 73.025000
2025-11-15T20:26:41.885532Z, , 16.093203, 100.00, 73.025000
2025-11-15T20:26:41.890901Z, , 55.558233, 200.00, 73.025000
2025-11-15T20:26:41.896217Z, , 14.859288, 200.00, 73.025000
2025-11-15T20:26:41.901549Z, , 19.275583, 0.00, 73.025000
2025-11-15T20:26:41.906875Z, , 14.586325, 0.00, 73.025000
2025-11-15T20:26:41.912167Z, , 16.568305, 0.00, 73.025000
2025-11-15T20:26:41.917398Z, , 14.995791, 0.00, 73.025000
2025-11-15T20:26:41.922589Z, , 9.024611, 0.00, 73.025000
2025-11-15T20:26:41.927780Z, , 16.529207, 0.00, 73.025000
2025-11-15T20:26:41.932974Z, , 15.092343, 0.00, 73.025000
2025-11-15T20:26:41.938165Z, , 16.377489, 0.00, 73.025000
2025-11-15T20:26:41.943395Z, , 10.980686, 0.00, 73.025000
2025-11-15T20:26:41.948598Z, , 15.328544, 0.00, 73.025000
2025-11-15T20:26:41.953807Z, , 17.556494, 0.00, 73.025000
2025-11-15T20:26:41.958994Z, , 15.698707, 0.00, 73.025000
2025-11-15T20:26:41.964191Z, , 14.828905, 0.00, 73.025000
2025-11-15T20:26:41.969383Z, , 16.463997, 0.00, 73.025000
2025-11-15T20:26:41.974878Z, , 14.255661, 0.00, 73.025000
2025-11-15T20:26:41.980266Z, , 12.820924, 0.00, 73.025000
2025-11-15T20:26:41.985555Z, , 16.352741, 0.00, 73.025000
2025-11-15T20:26:41.990814Z, , 14.985922, 0.00, 73.025000
2025-11-15T20:26:41.996626Z, 0xfffffffffffffe00;0x75127d115325;0x75127d11624b;0x75127d117c50;0x75127db659de;cuFuncGetAttribute;0x7510c1fd02fe;0x7510c201346c;0x7510c03294d0;0x7510c0544a05;0x7510c0544efa;0x7510bfe41288;0x7510bfe41bc3;0x75110c3caf90;0x75110c3caf90;0x7510bf3e8334;0x7510bf3e902c;0x7510bf409259;0x75110c3caf90;0x75110c371db7;0x75110c371ee6;0x75120d608be4;0x75120e6a4830;0x75120e6abe2b;0x75120e6ace60;0x75120e68f14d;0x75120e68f5c6;0x751210dadeab;0x751210dadf77;0x75124bce7844;0x75124aff2c8e;0x75124c10515c;0x229d3eb0;0x0;0x751270166b30;0x2de907894810c083;|, 16.439942, 0.00, 73.025000
2025-11-15T20:26:42.002035Z, , 18.971156, 0.00, 73.025000
2025-11-15T20:26:42.007386Z, , 31.347409, 0.00, 73.025000
2025-11-15T20:26:42.012815Z, , 27.164819, 0.00, 73.025000
2025-11-15T20:26:42.018196Z, , 15.540412, 0.00, 73.025000
2025-11-15T20:26:42.023507Z, , 15.724258, 0.00, 73.025000
2025-11-15T20:26:42.028840Z, , 13.518686, 0.00, 73.025000
2025-11-15T20:26:42.034143Z, , 13.453040, 0.00, 73.025000
2025-11-15T20:26:42.039468Z, , 14.652408, 0.00, 73.025000
2025-11-15T20:26:42.044872Z, , 11.437070, 0.00, 73.025000
2025-11-15T20:26:42.050647Z, , 12.567135, 0.00, 73.025000
2025-11-15T20:26:42.056212Z, , 9.552254, 0.00, 73.025000
2025-11-15T20:26:42.061660Z, , 16.813943, 0.00, 73.025000
2025-11-15T20:26:42.066891Z, , 12.036690, 0.00, 73.025000
2025-11-15T20:26:42.072094Z, , 17.133773, 0.00, 73.025000
2025-11-15T20:26:42.077302Z, , 17.746390, 0.00, 73.025000
2025-11-15T20:26:42.082462Z, , 15.629545, 0.00, 73.025000
2025-11-15T20:26:42.087673Z, , 17.804164, 0.00, 73.025000
2025-11-15T20:26:42.092893Z, , 12.990443, 0.00, 73.025000
2025-11-15T20:26:42.098090Z, , 16.425432, 0.00, 73.025000
2025-11-15T20:26:42.103408Z, , 16.801138, 0.00, 73.025000
2025-11-15T20:26:42.108681Z, , 20.297406, 0.00, 73.025000
2025-11-15T20:26:42.114279Z, 0xfffffffffffffe00;0x75127023a707;0x75127023a524;0x751270222c71;0x751210311a38;0x7512102c8c63;0x7512102c8f36;0x7fffb421d4c8;0x751210d3d1a0;0x800000033807848d;|, 15.605442, 100.00, 73.025000
2025-11-15T20:26:42.119705Z, , 23.186857, 100.00, 73.025000
2025-11-15T20:26:42.125149Z, , 17.037563, 100.00, 73.025000
2025-11-15T20:26:42.130480Z, , 16.143640, 200.00, 73.025000
2025-11-15T20:26:42.135709Z, , 33.076394, 200.00, 73.025000
2025-11-15T20:26:42.140990Z, , 67.597001, 28.57, 73.025000
2025-11-15T20:26:42.146164Z, , 116.113774, 50.00, 73.025000
2025-11-15T20:26:42.151458Z, , 117.532687, 28.57, 73.025000
2025-11-15T20:26:42.156742Z, , 124.245290, 40.00, 73.025000
2025-11-15T20:26:42.161931Z, , 109.722191, 50.00, 73.025000
2025-11-15T20:26:42.167100Z, , 111.047521, 50.00, 73.025000
2025-11-15T20:26:42.172276Z, , 49.497580, 200.00, 73.025000
2025-11-15T20:26:42.177491Z, , 64.418079, 40.00, 73.025000
2025-11-15T20:26:42.182635Z, , 74.224747, 66.67, 73.025000
2025-11-15T20:26:42.187774Z, , 46.246246, 0.00, 73.025000
2025-11-15T20:26:42.192902Z, , 44.451519, 0.00, 73.025000
2025-11-15T20:26:42.198039Z, , 40.620385, 0.00, 73.025000
2025-11-15T20:26:42.203228Z, , 24.794140, 0.00, 73.025000
2025-11-15T20:26:42.208517Z, , 20.952826, 100.00, 89.096000
2025-11-15T20:26:42.213803Z, , 14.296182, 0.00, 89.096000
2025-11-15T20:26:42.219058Z, , 14.472824, 0.00, 89.096000
2025-11-15T20:26:42.224381Z, , 17.489470, 0.00, 89.096000
2025-11-15T20:26:42.229673Z, , 13.145757, 0.00, 89.096000
2025-11-15T20:26:42.234987Z, , 18.197903, 0.00, 89.096000
2025-11-15T20:26:42.240288Z, , 20.425487, 0.00, 89.096000
2025-11-15T20:26:42.245559Z, , 13.645850, 0.00, 89.096000
2025-11-15T20:26:42.250912Z, , 18.489978, 0.00, 89.096000
2025-11-15T20:26:42.256191Z, , 18.223204, 0.00, 89.096000
2025-11-15T20:26:42.261593Z, , 14.072648, 0.00, 89.096000
2025-11-15T20:26:42.266802Z, , 19.434096, 0.00, 89.096000
2025-11-15T20:26:42.272081Z, , 16.860285, 50.00, 89.096000
2025-11-15T20:26:42.277287Z, , 16.613192, 0.00, 89.096000
2025-11-15T20:26:42.282472Z, , 16.950283, 0.00, 89.096000
2025-11-15T20:26:42.287607Z, , 19.564109, 0.00, 89.096000
2025-11-15T20:26:42.292763Z, , 26.194023, 0.00, 89.096000
2025-11-15T20:26:42.297910Z, , 24.679740, 0.00, 89.096000
2025-11-15T20:26:42.303076Z, , 13.461897, 0.00, 89.096000
2025-11-15T20:26:42.308283Z, , 19.206204, 0.00, 89.096000
2025-11-15T20:26:42.313449Z, , 17.989182, 0.00, 89.096000
2025-11-15T20:26:42.318642Z, , 14.903676, 0.00, 89.096000
2025-11-15T20:26:42.323834Z, , 14.646502, 0.00, 89.096000
2025-11-15T20:26:42.329027Z, , 13.580295, 0.00, 89.096000
2025-11-15T20:26:42.334298Z, , 11.280500, 0.00, 89.096000
2025-11-15T20:26:42.339583Z, , 15.665618, 50.00, 89.096000
2025-11-15T20:26:42.344885Z, , 11.737319, 0.00, 89.096000
2025-11-15T20:26:42.350080Z, , 19.710128, 0.00, 89.096000
2025-11-15T20:26:42.355433Z, , 13.954670, 0.00, 89.096000
2025-11-15T20:26:42.360669Z, , 16.536329, 0.00, 89.096000
2025-11-15T20:26:42.365865Z, , 12.061175, 0.00, 89.096000
2025-11-15T20:26:42.371054Z, , 15.560764, 0.00, 89.096000
2025-11-15T20:26:42.376243Z, , 15.888214, 0.00, 89.096000
2025-11-15T20:26:42.381480Z, , 14.461969, 0.00, 89.096000
2025-11-15T20:26:42.386666Z, , 12.991109, 0.00, 89.096000
2025-11-15T20:26:42.391995Z, , 13.362354, 0.00, 89.096000
2025-11-15T20:26:42.397361Z, 0xfffffffffffffe00;0x75120e687b3d;0x0;|, 13.950127, 0.00, 89.096000
2025-11-15T20:26:42.402830Z, , 19.323944, 33.33, 89.096000
2025-11-15T20:26:42.408313Z, , 12.864687, 100.00, 89.096000
2025-11-15T20:26:42.413831Z, , 18.437949, 100.00, 89.096000
2025-11-15T20:26:42.419218Z, , 15.479049, 50.00, 89.096000
2025-11-15T20:26:42.424584Z, , 18.998052, 0.00, 89.096000
2025-11-15T20:26:42.429737Z, , 13.478928, 0.00, 89.096000
2025-11-15T20:26:42.434938Z, , 33.790755, 0.00, 89.096000
2025-11-15T20:26:42.440214Z, , 13.036428, 0.00, 89.096000
2025-11-15T20:26:42.445449Z, , 20.555765, 50.00, 89.096000
2025-11-15T20:26:42.450678Z, , 15.369585, 0.00, 89.096000
2025-11-15T20:26:42.455884Z, , 16.967234, 0.00, 89.096000
2025-11-15T20:26:42.461079Z, , 15.067541, 0.00, 89.096000
2025-11-15T20:26:42.466334Z, , 15.088198, 0.00, 89.096000
2025-11-15T20:26:42.471541Z, , 17.069374, 0.00, 89.096000
2025-11-15T20:26:42.476729Z, , 14.967394, 0.00, 89.096000
2025-11-15T20:26:42.481932Z, , 17.641895, 0.00, 89.096000
2025-11-15T20:26:42.487119Z, , 13.575892, 0.00, 89.096000
2025-11-15T20:26:42.492311Z, , 13.339952, 0.00, 89.096000
2025-11-15T20:26:42.497494Z, , 17.380518, 0.00, 89.096000
2025-11-15T20:26:42.502714Z, , 12.884072, 0.00, 89.096000
2025-11-15T20:26:42.507892Z, , 16.147278, 0.00, 89.096000
2025-11-15T20:26:42.513099Z, , 14.168540, 0.00, 89.096000
2025-11-15T20:26:42.518296Z, , 15.436225, 0.00, 89.096000
2025-11-15T20:26:42.523464Z, , 13.629826, 0.00, 89.096000
2025-11-15T20:26:42.528649Z, , 11.651508, 0.00, 89.096000
2025-11-15T20:26:42.533837Z, , 15.623735, 0.00, 89.096000
2025-11-15T20:26:42.539215Z, , 18.714117, 0.00, 89.096000
2025-11-15T20:26:42.544640Z, , 17.021401, 0.00, 89.096000
2025-11-15T20:26:42.550024Z, , 18.391779, 0.00, 89.096000
2025-11-15T20:26:42.555502Z, 0xfffffffffffffe00;0x75127d15089b;0x75127d1162e7;0x75127d117c50;0x75127db35ba7;cuDevicePrimaryCtxGetState;0x75120e672e9a;|, 18.048500, 33.33, 89.096000
2025-11-15T20:26:42.560741Z, , 16.701194, 0.00, 89.096000
2025-11-15T20:26:42.566026Z, , 16.750781, 0.00, 89.096000
2025-11-15T20:26:42.571398Z, , 14.701824, 0.00, 89.096000
2025-11-15T20:26:42.576621Z, , 9.501301, 0.00, 89.096000
2025-11-15T20:26:42.581823Z, , 17.094391, 0.00, 89.096000
2025-11-15T20:26:42.587014Z, , 16.812709, 0.00, 89.096000
2025-11-15T20:26:42.592202Z, , 16.732598, 0.00, 89.096000
2025-11-15T20:26:42.597410Z, , 13.472646, 0.00, 89.096000
2025-11-15T20:26:42.602613Z, , 15.620050, 0.00, 89.096000
2025-11-15T20:26:42.607816Z, , 12.140107, 0.00, 89.096000
2025-11-15T20:26:42.613009Z, , 17.630690, 0.00, 89.096000
2025-11-15T20:26:42.618197Z, , 10.974075, 0.00, 89.096000
2025-11-15T20:26:42.623432Z, , 16.027528, 0.00, 89.096000
2025-11-15T20:26:42.628617Z, , 12.201760, 0.00, 89.096000
2025-11-15T20:26:42.633806Z, , 18.254243, 0.00, 89.096000
2025-11-15T20:26:42.638986Z, , 19.832632, 100.00, 89.096000
2025-11-15T20:26:42.644169Z, , 16.050446, 0.00, 89.096000
2025-11-15T20:26:42.649369Z, , 17.749522, 0.00, 89.096000
2025-11-15T20:26:42.654553Z, , 17.296630, 0.00, 89.096000
2025-11-15T20:26:42.659759Z, , 17.830057, 0.00, 89.096000
2025-11-15T20:26:42.665086Z, , 18.315749, 0.00, 89.096000
2025-11-15T20:26:42.670388Z, , 16.851056, 100.00, 89.096000
2025-11-15T20:26:42.675659Z, , 20.108417, 100.00, 89.096000
2025-11-15T20:26:42.680856Z, , 18.479162, 100.00, 89.096000
2025-11-15T20:26:42.686082Z, , 22.116722, 100.00, 89.096000
2025-11-15T20:26:42.691273Z, , 19.823577, 100.00, 89.096000
2025-11-15T20:26:42.696458Z, , 19.404391, 200.00, 89.096000
2025-11-15T20:26:42.701613Z, , 15.850537, 0.00, 89.096000
2025-11-15T20:26:42.706804Z, , 20.042454, 0.00, 91.260000
2025-11-15T20:26:42.711959Z, , 16.898829, 0.00, 91.260000
2025-11-15T20:26:42.717058Z, , 21.878429, 0.00, 91.260000
2025-11-15T20:26:42.722172Z, , 43.613610, 0.00, 91.260000
2025-11-15T20:26:42.727313Z, , 19.764879, 100.00, 91.260000
2025-11-15T20:26:42.732472Z, , 19.678093, 0.00, 91.260000
2025-11-15T20:26:42.737647Z, , 17.419853, 0.00, 91.260000
2025-11-15T20:26:42.742842Z, , 15.710567, 0.00, 91.260000
2025-11-15T20:26:42.748027Z, , 13.496495, 0.00, 91.260000
2025-11-15T20:26:42.753196Z, , 16.186284, 0.00, 91.260000
2025-11-15T20:26:42.758448Z, , 14.961776, 0.00, 91.260000
2025-11-15T20:26:42.763746Z, , 17.307646, 0.00, 91.260000
2025-11-15T20:26:42.768967Z, , 14.000117, 0.00, 91.260000
2025-11-15T20:26:42.774171Z, , 17.584508, 0.00, 91.260000
2025-11-15T20:26:42.779376Z, , 14.162936, 0.00, 91.260000
2025-11-15T20:26:42.784564Z, , 12.153199, 0.00, 91.260000
2025-11-15T20:26:42.789745Z, , 16.117821, 0.00, 91.260000
2025-11-15T20:26:42.794928Z, , 15.010013, 0.00, 91.260000
2025-11-15T20:26:42.800115Z, , 14.882813, 0.00, 91.260000
2025-11-15T20:26:42.805308Z, , 8.400086, 0.00, 91.260000
2025-11-15T20:26:42.810444Z, , 18.358167, 0.00, 91.260000
2025-11-15T20:26:42.815630Z, , 15.975567, 0.00, 91.260000
2025-11-15T20:26:42.820814Z, , 14.431213, 100.00, 91.260000
2025-11-15T20:26:42.826854Z, 0xfffffffffffffe00;0x55155c;_PyObject_GenericGetAttrWithDict;_PyObject_LookupAttr;_PyObject_RealIsInstance;0x5a3006;0x581982;PyObject_CallOneArg;PyObject_IsInstance;0x75125e72f050;|, 17.256222, 0.00, 91.260000
2025-11-15T20:26:42.832091Z, , 15.571219, 0.00, 91.260000
2025-11-15T20:26:42.837282Z, , 20.166573, 0.00, 91.260000
2025-11-15T20:26:42.842443Z, , 17.146506, 0.00, 91.260000
2025-11-15T20:26:42.847640Z, , 16.844656, 0.00, 91.260000
2025-11-15T20:26:42.852794Z, , 29.231419, 0.00, 91.260000
2025-11-15T20:26:42.858051Z, , 15.047888, 0.00, 91.260000
2025-11-15T20:26:42.863262Z, , 20.173293, 0.00, 91.260000
2025-11-15T20:26:42.868512Z, , 16.427889, 0.00, 91.260000
2025-11-15T20:26:42.873715Z, , 16.877396, 0.00, 91.260000
2025-11-15T20:26:42.878934Z, , 25.393965, 0.00, 91.260000
2025-11-15T20:26:42.884140Z, , 16.740499, 0.00, 91.260000
2025-11-15T20:26:42.889327Z, , 16.229771, 0.00, 91.260000
2025-11-15T20:26:42.894505Z, , 16.463496, 100.00, 91.260000
2025-11-15T20:26:42.899687Z, , 17.057591, 0.00, 91.260000
2025-11-15T20:26:42.904829Z, , 19.702232, 0.00, 91.260000
2025-11-15T20:26:42.910018Z, , 16.717129, 0.00, 91.260000
2025-11-15T20:26:42.915309Z, , 13.340167, 100.00, 91.260000
2025-11-15T20:26:42.920556Z, , 18.375228, 100.00, 91.260000
2025-11-15T20:26:42.925755Z, , 17.532465, 0.00, 91.260000
2025-11-15T20:26:42.930945Z, , 12.967768, 0.00, 91.260000
2025-11-15T20:26:42.936130Z, , 19.349191, 0.00, 91.260000
2025-11-15T20:26:42.941306Z, , 11.812776, 0.00, 91.260000
2025-11-15T20:26:42.946456Z, , 19.878108, 0.00, 91.260000
2025-11-15T20:26:42.951627Z, , 17.212339, 0.00, 91.260000
2025-11-15T20:26:42.956813Z, , 15.198910, 0.00, 91.260000
2025-11-15T20:26:42.962001Z, , 17.000628, 0.00, 91.260000
2025-11-15T20:26:42.967175Z, , 14.355625, 0.00, 91.260000
2025-11-15T20:26:42.972391Z, , 15.571810, 0.00, 91.260000
2025-11-15T20:26:42.977584Z, , 15.704139, 0.00, 91.260000
2025-11-15T20:26:42.982777Z, , 13.926685, 0.00, 91.260000
2025-11-15T20:26:42.987952Z, , 14.007716, 0.00, 91.260000
2025-11-15T20:26:42.993142Z, , 9.117374, 0.00, 91.260000
2025-11-15T20:26:42.998372Z, , 18.285538, 0.00, 91.260000
2025-11-15T20:26:43.003558Z, , 9.970022, 0.00, 91.260000
2025-11-15T20:26:43.008742Z, , 22.349592, 0.00, 91.260000
2025-11-15T20:26:43.013926Z, , 16.569126, 0.00, 91.260000
2025-11-15T20:26:43.019107Z, , 14.032092, 0.00, 91.260000
2025-11-15T20:26:43.024298Z, , 14.015906, 0.00, 91.260000
2025-11-15T20:26:43.029467Z, , 15.406481, 0.00, 91.260000
2025-11-15T20:26:43.034641Z, , 12.042778, 0.00, 91.260000
2025-11-15T20:26:43.039819Z, , 18.891302, 0.00, 91.260000
2025-11-15T20:26:43.045225Z, , 12.804709, 0.00, 91.260000
2025-11-15T20:26:43.055571Z, 0xfffffffffffffe00;_PyEval_EvalFrameDefault;0x54ce3d;_PyEval_EvalFrameDefault;0x54ce3d;_PyEval_EvalFrameDefault;_PyObject_Call_Prepend;0x5a30c8;_PyObject_MakeTpCall;_PyEval_EvalFrameDefault;0x54ce3d;_PyEval_EvalFrameDefault;0x54ce3d;_PyEval_EvalFrameDefault;_PyObject_Call_Prepend;0x5a30c8;_PyObject_MakeTpCall;_PyEval_EvalFrameDefault;0x54ce3d;_PyEval_EvalFrameDefault;0x54ce3d;_PyEval_EvalFrameDefault;_PyObject_Call_Prepend;0x5a30c8;_PyObject_MakeTpCall;_PyEval_EvalFrameDefault;0x54ce3d;_PyEval_EvalFrameDefault;0x54ce3d;_PyEval_EvalFrameDefault;_PyObject_Call_Prepend;0x5a30c8;_PyObject_MakeTpCall;_PyEval_EvalFrameDefault;PyEval_EvalCode;0x607fc2;0x6b4393;_PyRun_SimpleFileObject;_PyRun_AnyFileObject;Py_RunMain;Py_BytesMain;__libc_start_call_main;__libc_start_main@@GLIBC_2.34;_start;|, 19.251233, 100.00, 91.260000
2025-11-15T20:26:43.060925Z, , 17.907519, 66.67, 91.260000
2025-11-15T20:26:43.066155Z, , 18.264924, 200.00, 91.260000
2025-11-15T20:26:43.071380Z, , 13.764649, 0.00, 91.260000
2025-11-15T20:26:43.076604Z, , 12.959695, 0.00, 91.260000
2025-11-15T20:26:43.081793Z, , 11.860619, 0.00, 91.260000
2025-11-15T20:26:43.086987Z, , 23.097945, 100.00, 91.260000
2025-11-15T20:26:43.092177Z, , 14.143221, 100.00, 91.260000
2025-11-15T20:26:43.097403Z, , 16.069436, 0.00, 91.260000
2025-11-15T20:26:43.102592Z, , 16.201225, 0.00, 91.260000
2025-11-15T20:26:43.107774Z, , 14.912591, 0.00, 91.260000
2025-11-15T20:26:43.112953Z, , 16.434210, 0.00, 91.260000
2025-11-15T20:26:43.118145Z, , 15.421153, 0.00, 91.260000
2025-11-15T20:26:43.123342Z, , 15.930831, 0.00, 91.260000
2025-11-15T20:26:43.128527Z, , 14.781199, 0.00, 91.260000
2025-11-15T20:26:43.133757Z, , 13.596648, 0.00, 91.260000
2025-11-15T20:26:43.138937Z, , 16.016656, 0.00, 91.260000
2025-11-15T20:26:43.144145Z, , 15.303977, 0.00, 91.260000
2025-11-15T20:26:43.149359Z, , 15.895800, 100.00, 91.260000
2025-11-15T20:26:43.154662Z, , 20.921441, 50.00, 91.260000
2025-11-15T20:26:43.159887Z, , 19.064139, 100.00, 91.260000
2025-11-15T20:26:43.165124Z, , 21.410682, 100.00, 91.260000
2025-11-15T20:26:43.170313Z, , 17.965829, 66.67, 91.260000
2025-11-15T20:26:43.175504Z, , 18.894598, 200.00, 91.260000
2025-11-15T20:26:43.180653Z, , 16.664662, 0.00, 91.260000
2025-11-15T20:26:43.185837Z, , 20.896244, 0.00, 91.260000
2025-11-15T20:26:43.191055Z, , 16.090169, 0.00, 91.260000
2025-11-15T20:26:43.196335Z, , 19.298425, 100.00, 91.260000
2025-11-15T20:26:43.201663Z, , 16.630550, 0.00, 91.260000
2025-11-15T20:26:43.206891Z, , 15.379454, 0.00, 86.062000
2025-11-15T20:26:43.212084Z, , 14.784406, 0.00, 86.062000
2025-11-15T20:26:43.217279Z, , 16.927661, 0.00, 86.062000
2025-11-15T20:26:43.222467Z, , 14.872073, 0.00, 86.062000
2025-11-15T20:26:43.227661Z, , 15.404548, 0.00, 86.062000
2025-11-15T20:26:43.232842Z, , 12.864839, 0.00, 86.062000
2025-11-15T20:26:43.238025Z, , 18.509191, 0.00, 86.062000
2025-11-15T20:26:43.243220Z, , 13.104124, 0.00, 86.062000
2025-11-15T20:26:43.248429Z, , 14.545971, 0.00, 86.062000
2025-11-15T20:26:43.253637Z, , 11.375988, 0.00, 86.062000
2025-11-15T20:26:43.258817Z, , 17.391361, 0.00, 86.062000
2025-11-15T20:26:43.263998Z, , 15.328530, 0.00, 86.062000
2025-11-15T20:26:43.269179Z, , 16.479484, 0.00, 86.062000
2025-11-15T20:26:43.274471Z, , 15.368703, 0.00, 86.062000
2025-11-15T20:26:43.279800Z, 0xfffffffffffffe00;0x75120e687bb5;0x9;|, 20.947947, 100.00, 86.062000
2025-11-15T20:26:43.285043Z, , 17.948657, 200.00, 86.062000
2025-11-15T20:26:43.290153Z, , 24.402656, 200.00, 86.062000
2025-11-15T20:26:43.295275Z, , 66.016937, 200.00, 86.062000
2025-11-15T20:26:43.300388Z, , 27.860895, 200.00, 86.062000
2025-11-15T20:26:43.305566Z, , 20.296465, 0.00, 86.062000
2025-11-15T20:26:43.310753Z, , 15.327579, 0.00, 86.062000
2025-11-15T20:26:43.315945Z, , 16.583148, 0.00, 86.062000
2025-11-15T20:26:43.321153Z, , 14.732342, 0.00, 86.062000
2025-11-15T20:26:43.326511Z, , 14.489731, 0.00, 86.062000
2025-11-15T20:26:43.331734Z, , 15.231422, 0.00, 86.062000
2025-11-15T20:26:43.336923Z, , 14.713402, 0.00, 86.062000
2025-11-15T20:26:43.342127Z, , 16.829492, 0.00, 86.062000
2025-11-15T20:26:43.347312Z, , 11.437799, 0.00, 86.062000
2025-11-15T20:26:43.352502Z, , 16.670333, 0.00, 86.062000
2025-11-15T20:26:43.357690Z, , 16.385576, 0.00, 86.062000
2025-11-15T20:26:43.362887Z, , 13.890706, 0.00, 86.062000
2025-11-15T20:26:43.368068Z, , 11.430947, 0.00, 86.062000
2025-11-15T20:26:43.373255Z, , 15.663870, 0.00, 86.062000
2025-11-15T20:26:43.378472Z, , 13.810516, 0.00, 86.062000
2025-11-15T20:26:43.383656Z, , 18.209575, 0.00, 86.062000
2025-11-15T20:26:43.388839Z, , 10.743849, 0.00, 86.062000
2025-11-15T20:26:43.394035Z, , 19.424276, 0.00, 86.062000
2025-11-15T20:26:43.399228Z, , 14.773201, 0.00, 86.062000
2025-11-15T20:26:43.404632Z, 0xfffffffffffffe00;0x75127d1490fa;0x75127d131360;0x75127d158bee;0x75127d10d695;0x75127d117c50;0x75127dcae696;0x75127024d4b5;0x751210f12ccf;0x751210eec366;0x751210eec4f9;0x751283819760;0x100000003;0x75127015c170;0x85e38058b4818;|, 15.566393, 100.00, 86.062000
2025-11-15T20:26:43.409834Z, , 20.912621, 100.00, 86.062000
2025-11-15T20:26:43.415013Z, , 16.380282, 100.00, 86.062000
2025-11-15T20:26:43.420219Z, , 23.801448, 100.00, 86.062000
2025-11-15T20:26:43.425363Z, , 18.627553, 100.00, 86.062000
2025-11-15T20:26:43.430485Z, , 22.280396, 200.00, 86.062000
2025-11-15T20:26:43.435644Z, , 18.962759, 0.00, 86.062000
2025-11-15T20:26:43.440841Z, , 15.367260, 0.00, 86.062000
2025-11-15T20:26:43.446021Z, , 15.297847, 0.00, 86.062000
2025-11-15T20:26:43.451202Z, , 13.439935, 0.00, 86.062000
2025-11-15T20:26:43.456543Z, , 17.103299, 0.00, 86.062000
2025-11-15T20:26:43.461786Z, , 14.969940, 0.00, 86.062000
2025-11-15T20:26:43.466987Z, , 15.634646, 0.00, 86.062000
2025-11-15T20:26:43.472200Z, , 19.049243, 0.00, 86.062000
2025-11-15T20:26:43.477413Z, , 17.700422, 0.00, 86.062000
2025-11-15T20:26:43.482602Z, , 15.661143, 0.00, 86.062000
2025-11-15T20:26:43.487808Z, , 15.477034, 0.00, 86.062000
2025-11-15T20:26:43.492999Z, , 14.573785, 0.00, 86.062000
2025-11-15T20:26:43.498179Z, , 16.461934, 0.00, 86.062000
2025-11-15T20:26:43.503394Z, , 15.981881, 0.00, 86.062000
2025-11-15T20:26:43.508582Z, , 14.965779, 0.00, 86.062000
2025-11-15T20:26:43.513765Z, , 15.220085, 0.00, 86.062000
2025-11-15T20:26:43.518950Z, , 15.650916, 0.00, 86.062000
2025-11-15T20:26:43.524133Z, , 16.011547, 0.00, 86.062000
2025-11-15T20:26:43.529369Z, , 17.894477, 0.00, 86.062000
2025-11-15T20:26:43.534557Z, , 15.756665, 0.00, 86.062000
2025-11-15T20:26:43.539908Z, , 17.647647, 0.00, 86.062000
2025-11-15T20:26:43.545127Z, , 19.039314, 0.00, 86.062000
2025-11-15T20:26:43.550305Z, , 16.883345, 0.00, 86.062000
2025-11-15T20:26:43.555489Z, , 16.663179, 0.00, 86.062000
2025-11-15T20:26:43.560625Z, , 18.410709, 0.00, 86.062000
2025-11-15T20:26:43.565772Z, , 29.211295, 0.00, 86.062000
2025-11-15T20:26:43.570920Z, , 44.241523, 0.00, 86.062000
2025-11-15T20:26:43.576058Z, , 24.036955, 0.00, 86.062000
2025-11-15T20:26:43.581229Z, , 14.918812, 0.00, 86.062000
2025-11-15T20:26:43.586456Z, , 18.238552, 0.00, 86.062000
2025-11-15T20:26:43.591645Z, , 16.806307, 0.00, 86.062000
2025-11-15T20:26:43.596824Z, , 13.938314, 0.00, 86.062000
2025-11-15T20:26:43.601969Z, , 18.161639, 0.00, 86.062000
2025-11-15T20:26:43.607098Z, , 14.211016, 0.00, 86.062000
2025-11-15T20:26:43.612253Z, , 20.697845, 0.00, 86.062000
2025-11-15T20:26:43.617457Z, , 15.720014, 0.00, 86.062000
2025-11-15T20:26:43.622627Z, , 16.746201, 0.00, 86.062000
2025-11-15T20:26:43.627825Z, , 14.982844, 0.00, 86.062000
2025-11-15T20:26:43.633004Z, , 16.388218, 0.00, 86.062000
2025-11-15T20:26:43.638193Z, , 15.888234, 0.00, 86.062000
2025-11-15T20:26:43.643433Z, , 13.942615, 0.00, 86.062000
2025-11-15T20:26:43.648609Z, , 15.006348, 0.00, 86.062000
2025-11-15T20:26:43.653826Z, , 16.719248, 0.00, 86.062000
2025-11-15T20:26:43.659023Z, , 15.196487, 0.00, 86.062000
2025-11-15T20:26:43.664234Z, , 16.547942, 0.00, 86.062000
2025-11-15T20:26:43.669450Z, , 15.210929, 0.00, 86.062000
2025-11-15T20:26:43.674639Z, , 15.820084, 0.00, 86.062000
2025-11-15T20:26:43.679814Z, , 16.248431, 0.00, 86.062000
2025-11-15T20:26:43.685007Z, , 13.937360, 0.00, 86.062000
2025-11-15T20:26:43.690291Z, 0xfffffffffffffe00;0x7511f1cbb8f9;0x75127050a7fe;0x751270526944;0x751270528c05;0x75124abd64ad;0x1;0x75127050fec0;0x5554415541564100;|, 17.584502, 100.00, 86.062000
2025-11-15T20:26:43.695511Z, , 25.720406, 200.00, 86.062000
2025-11-15T20:26:43.700816Z, , 18.653530, 66.67, 86.062000
2025-11-15T20:26:43.706033Z, , 18.309859, 100.00, 86.062000
2025-11-15T20:26:43.711174Z, , 15.312295, 100.00, 89.546000
2025-11-15T20:26:43.716325Z, , 49.100818, 200.00, 89.546000
2025-11-15T20:26:43.721432Z, , 48.493096, 0.00, 89.546000
2025-11-15T20:26:43.726579Z, , 32.702269, 0.00, 89.546000
2025-11-15T20:26:43.731751Z, , 20.201654, 0.00, 89.546000
2025-11-15T20:26:43.736954Z, , 14.498013, 0.00, 89.546000
2025-11-15T20:26:43.742139Z, , 18.913596, 0.00, 89.546000
2025-11-15T20:26:43.747358Z, , 14.396042, 0.00, 89.546000
2025-11-15T20:26:43.752550Z, , 12.561983, 0.00, 89.546000
2025-11-15T20:26:43.757729Z, , 18.406669, 0.00, 89.546000
2025-11-15T20:26:43.762936Z, , 13.435659, 0.00, 89.546000
2025-11-15T20:26:43.768123Z, , 16.528757, 0.00, 89.546000
2025-11-15T20:26:43.773336Z, , 13.256332, 0.00, 89.546000
2025-11-15T20:26:43.778524Z, , 13.639141, 0.00, 89.546000
2025-11-15T20:26:43.783764Z, , 17.503660, 0.00, 89.546000
2025-11-15T20:26:43.788961Z, , 14.470668, 0.00, 89.546000
2025-11-15T20:26:43.794155Z, , 15.932442, 0.00, 89.546000
2025-11-15T20:26:43.799355Z, , 20.397813, 0.00, 89.546000
2025-11-15T20:26:43.804547Z, , 15.108623, 0.00, 89.546000
2025-11-15T20:26:43.809731Z, , 18.694695, 0.00, 89.546000
2025-11-15T20:26:43.815029Z, , 17.300316, 33.33, 89.546000
2025-11-15T20:26:43.820174Z, 0xfffffffffffffe00;0x75124e756710;0x2;0x0;|, 20.412922, 100.00, 89.546000
2025-11-15T20:26:43.825405Z, , 40.317090, 100.00, 89.546000
2025-11-15T20:26:43.830604Z, , 16.531167, 0.00, 89.546000
2025-11-15T20:26:43.835792Z, , 14.739682, 0.00, 89.546000
2025-11-15T20:26:43.840990Z, , 19.948250, 0.00, 89.546000
2025-11-15T20:26:43.846154Z, , 17.821516, 0.00, 89.546000
2025-11-15T20:26:43.851361Z, , 14.720952, 0.00, 89.546000
2025-11-15T20:26:43.856574Z, , 16.815152, 0.00, 89.546000
2025-11-15T20:26:43.861767Z, , 14.461193, 100.00, 89.546000
2025-11-15T20:26:43.866962Z, , 19.026674, 100.00, 89.546000
2025-11-15T20:26:43.872114Z, , 13.571451, 100.00, 89.546000
2025-11-15T20:26:43.877264Z, , 18.420762, 0.00, 89.546000
2025-11-15T20:26:43.882467Z, , 17.606372, 0.00, 89.546000
2025-11-15T20:26:43.887646Z, , 14.536951, 0.00, 89.546000
2025-11-15T20:26:43.892838Z, , 15.140979, 0.00, 89.546000
2025-11-15T20:26:43.898019Z, , 15.556976, 0.00, 89.546000
2025-11-15T20:26:43.903203Z, , 17.531001, 0.00, 89.546000
2025-11-15T20:26:43.908406Z, , 16.334689, 0.00, 89.546000
2025-11-15T20:26:43.913584Z, , 16.081878, 0.00, 89.546000
2025-11-15T20:26:43.918760Z, , 17.980312, 0.00, 89.546000
2025-11-15T20:26:43.923943Z, , 16.000113, 0.00, 89.546000
2025-11-15T20:26:43.929250Z, , 18.243389, 50.00, 89.546000
2025-11-15T20:26:43.934482Z, , 29.389620, 100.00, 89.546000
2025-11-15T20:26:43.939745Z, , 24.428502, 50.00, 89.546000
2025-11-15T20:26:43.944939Z, , 26.727134, 200.00, 89.546000
2025-11-15T20:26:43.950115Z, , 20.208961, 100.00, 89.546000
2025-11-15T20:26:43.955298Z, , 17.178170, 0.00, 89.546000
2025-11-15T20:26:43.960478Z, , 16.232280, 0.00, 89.546000
2025-11-15T20:26:43.965667Z, , 15.189590, 0.00, 89.546000
2025-11-15T20:26:43.970877Z, , 13.253427, 0.00, 89.546000
2025-11-15T20:26:43.976063Z, , 17.483487, 0.00, 89.546000
2025-11-15T20:26:43.981251Z, , 15.811449, 0.00, 89.546000
2025-11-15T20:26:43.986463Z, , 13.735969, 0.00, 89.546000
2025-11-15T20:26:43.991661Z, , 13.181389, 0.00, 89.546000
2025-11-15T20:26:43.996857Z, , 15.890380, 0.00, 89.546000
2025-11-15T20:26:44.002052Z, , 12.926777, 0.00, 89.546000
2025-11-15T20:26:44.007240Z, , 14.430681, 0.00, 89.546000
2025-11-15T20:26:44.012439Z, , 7.878915, 0.00, 89.546000
2025-11-15T20:26:44.017620Z, , 19.756423, 0.00, 89.546000
2025-11-15T20:26:44.022798Z, , 13.030278, 0.00, 89.546000
2025-11-15T20:26:44.027997Z, , 14.094194, 0.00, 89.546000
2025-11-15T20:26:44.033171Z, , 13.500529, 0.00, 89.546000
2025-11-15T20:26:44.038561Z, , 11.546446, 0.00, 89.546000
2025-11-15T20:26:44.043847Z, , 10.905958, 0.00, 89.546000
2025-11-15T20:26:44.053440Z, 0xfffffffffffffe00;0x5d4fe5;PyObject_Vectorcall;0x5a379d;PyObject_GetAttr;_PyObject_GetMethod;_PyEval_EvalFrameDefault;0x54ce3d;_PyEval_EvalFrameDefault;0x54ce3d;_PyEval_EvalFrameDefault;_PyObject_Call_Prepend;0x5a30c8;_PyObject_MakeTpCall;_PyEval_EvalFrameDefault;0x54ce3d;_PyEval_EvalFrameDefault;0x54ce3d;_PyEval_EvalFrameDefault;_PyObject_Call_Prepend;0x5a30c8;_PyObject_MakeTpCall;_PyEval_EvalFrameDefault;0x54ce3d;_PyEval_EvalFrameDefault;0x54ce3d;_PyEval_EvalFrameDefault;_PyObject_Call_Prepend;0x5a30c8;_PyObject_MakeTpCall;_PyEval_EvalFrameDefault;PyEval_EvalCode;0x607fc2;0x6b4393;_PyRun_SimpleFileObject;_PyRun_AnyFileObject;Py_RunMain;Py_BytesMain;__libc_start_call_main;__libc_start_main@@GLIBC_2.34;_start;|, 12.162597, 0.00, 89.546000
2025-11-15T20:26:44.058850Z, , 14.753492, 100.00, 89.546000
2025-11-15T20:26:44.064172Z, , 17.053717, 200.00, 89.546000
2025-11-15T20:26:44.069774Z, , 14.826167, 100.00, 89.546000
2025-11-15T20:26:44.075178Z, , 13.971642, 0.00, 89.546000
2025-11-15T20:26:44.080440Z, , 14.575551, 0.00, 89.546000
2025-11-15T20:26:44.085634Z, , 16.345983, 0.00, 89.546000
2025-11-15T20:26:44.090843Z, , 11.727974, 0.00, 89.546000
2025-11-15T20:26:44.096042Z, , 16.153685, 0.00, 89.546000
2025-11-15T20:26:44.101241Z, , 13.617025, 0.00, 89.546000
2025-11-15T20:26:44.106438Z, , 14.781460, 0.00, 89.546000
2025-11-15T20:26:44.111625Z, , 14.307706, 0.00, 89.546000
2025-11-15T20:26:44.116809Z, , 10.195893, 0.00, 89.546000
2025-11-15T20:26:44.122007Z, , 16.439268, 0.00, 89.546000
2025-11-15T20:26:44.127193Z, , 16.779964, 0.00, 89.546000
2025-11-15T20:26:44.132410Z, , 13.073931, 0.00, 89.546000
2025-11-15T20:26:44.137611Z, , 15.885744, 0.00, 89.546000
2025-11-15T20:26:44.142808Z, , 12.571665, 0.00, 89.546000
2025-11-15T20:26:44.147989Z, , 15.011899, 0.00, 89.546000
2025-11-15T20:26:44.153177Z, , 11.854967, 0.00, 89.546000
2025-11-15T20:26:44.158386Z, , 11.726261, 0.00, 89.546000
2025-11-15T20:26:44.163564Z, , 25.359922, 0.00, 89.546000
2025-11-15T20:26:44.168896Z, , 15.896423, 0.00, 89.546000
2025-11-15T20:26:44.174210Z, 0xfffffffffffffe00;0x75120e68875b;0x751210db0d46;0x751210db0e46;0x7fffb421ccc0;|, 18.747776, 100.00, 89.546000
2025-11-15T20:26:44.179428Z, , 16.290799, 100.00, 89.546000
2025-11-15T20:26:44.184629Z, , 21.316966, 0.00, 89.546000
2025-11-15T20:26:44.189932Z, , 24.608359, 0.00, 89.546000
2025-11-15T20:26:44.195259Z, , 14.262830, 0.00, 89.546000
2025-11-15T20:26:44.200549Z, , 14.798672, 0.00, 89.546000
2025-11-15T20:26:44.205841Z, , 16.725309, 0.00, 89.546000
2025-11-15T20:26:44.211090Z, , 18.630095, 0.00, 93.711000
2025-11-15T20:26:44.216299Z, , 13.760912, 0.00, 93.711000
2025-11-15T20:26:44.221478Z, , 15.844999, 0.00, 93.711000
2025-11-15T20:26:44.226686Z, , 19.817323, 0.00, 93.711000
2025-11-15T20:26:44.231979Z, , 15.345176, 0.00, 93.711000
2025-11-15T20:26:44.237136Z, , 21.238911, 0.00, 93.711000
2025-11-15T20:26:44.242284Z, , 46.974998, 0.00, 93.711000
2025-11-15T20:26:44.247458Z, , 59.202672, 0.00, 93.711000
2025-11-15T20:26:44.252579Z, , 66.164049, 0.00, 93.711000
2025-11-15T20:26:44.257687Z, , 52.103719, 0.00, 93.711000
2025-11-15T20:26:44.262802Z, , 39.687135, 0.00, 93.711000
2025-11-15T20:26:44.267958Z, , 77.872071, 0.00, 93.711000
2025-11-15T20:26:44.273079Z, , 46.294595, 0.00, 93.711000
2025-11-15T20:26:44.278207Z, , 49.724097, 0.00, 93.711000
2025-11-15T20:26:44.283576Z, 0xfffffffffffffe00;0x75127d10d43a;0x75127d117c50;0x75127dcae696;0x75127024f03a;0x75127053edc2;0x6475632f3031632f;|, 46.537455, 100.00, 93.711000
2025-11-15T20:26:44.288740Z, , 65.164313, 100.00, 93.711000
2025-11-15T20:26:44.293903Z, , 58.923277, 100.00, 93.711000
2025-11-15T20:26:44.299079Z, , 19.140142, 50.00, 93.711000
2025-11-15T20:26:44.304283Z, , 28.956684, 0.00, 93.711000
2025-11-15T20:26:44.309496Z, , 20.165524, 0.00, 93.711000
2025-11-15T20:26:44.314722Z, , 16.842706, 0.00, 93.711000
2025-11-15T20:26:44.319913Z, , 20.077307, 0.00, 93.711000
2025-11-15T20:26:44.325071Z, , 32.026298, 0.00, 93.711000
2025-11-15T20:26:44.330271Z, , 23.567489, 0.00, 93.711000
2025-11-15T20:26:44.335516Z, , 14.185991, 0.00, 93.711000
2025-11-15T20:26:44.340786Z, , 18.249928, 0.00, 93.711000
2025-11-15T20:26:44.346041Z, , 16.410407, 0.00, 93.711000
2025-11-15T20:26:44.351305Z, , 12.906332, 0.00, 93.711000
2025-11-15T20:26:44.356550Z, , 15.445957, 0.00, 93.711000
2025-11-15T20:26:44.361786Z, , 13.284990, 0.00, 93.711000
2025-11-15T20:26:44.367033Z, , 13.039770, 0.00, 93.711000
2025-11-15T20:26:44.372277Z, , 8.859040, 0.00, 93.711000
2025-11-15T20:26:44.377521Z, , 14.307830, 0.00, 93.711000
2025-11-15T20:26:44.382782Z, , 13.311104, 0.00, 93.711000
2025-11-15T20:26:44.388033Z, , 13.301431, 0.00, 93.711000
2025-11-15T20:26:44.393448Z, , 12.487988, 33.33, 93.711000
2025-11-15T20:26:44.398768Z, , 20.245016, 200.00, 93.711000
2025-11-15T20:26:44.403920Z, , 20.010800, 200.00, 93.711000
2025-11-15T20:26:44.409200Z, , 32.538447, 100.00, 93.711000
2025-11-15T20:26:44.414565Z, , 16.524130, 150.00, 93.711000
2025-11-15T20:26:44.419859Z, , 16.837175, 0.00, 93.711000
2025-11-15T20:26:44.425136Z, , 14.216454, 0.00, 93.711000
2025-11-15T20:26:44.430441Z, , 15.670775, 0.00, 93.711000
2025-11-15T20:26:44.435710Z, , 18.258080, 0.00, 93.711000
2025-11-15T20:26:44.440983Z, , 14.722933, 0.00, 93.711000
2025-11-15T20:26:44.446255Z, , 16.950082, 0.00, 93.711000
2025-11-15T20:26:44.451548Z, , 14.648365, 0.00, 93.711000
2025-11-15T20:26:44.456819Z, , 16.528954, 0.00, 93.711000
2025-11-15T20:26:44.462084Z, , 16.024639, 0.00, 93.711000
2025-11-15T20:26:44.467366Z, , 18.669082, 0.00, 93.711000
2025-11-15T20:26:44.472635Z, , 15.009019, 0.00, 93.711000
2025-11-15T20:26:44.477903Z, , 15.877395, 0.00, 93.711000
2025-11-15T20:26:44.483154Z, , 16.444298, 0.00, 93.711000
2025-11-15T20:26:44.488457Z, , 15.175762, 0.00, 93.711000
2025-11-15T20:26:44.493716Z, , 15.996978, 0.00, 93.711000
2025-11-15T20:26:44.498983Z, , 14.585000, 0.00, 93.711000
2025-11-15T20:26:44.504246Z, , 13.207890, 0.00, 93.711000
2025-11-15T20:26:44.509770Z, , 15.745036, 0.00, 93.711000
2025-11-15T20:26:44.515258Z, 0xfffffffffffffe00;0x75127d158b92;0x75127d10d695;0x75127d117c50;0x75127dcae696;0x75127024f082;0x75127053f27b;|, 15.325397, 0.00, 93.711000
2025-11-15T20:26:44.521149Z, , 18.237575, 100.00, 93.711000
2025-11-15T20:26:44.526468Z, , 14.982035, 100.00, 93.711000
2025-11-15T20:26:44.531911Z, , 31.603071, 100.00, 93.711000
2025-11-15T20:26:44.537247Z, , 17.106467, 100.00, 93.711000
2025-11-15T20:26:44.542691Z, , 15.294366, 0.00, 93.711000
2025-11-15T20:26:44.548013Z, , 17.831874, 0.00, 93.711000
2025-11-15T20:26:44.553346Z, , 14.567275, 0.00, 93.711000
2025-11-15T20:26:44.558574Z, , 19.139714, 0.00, 93.711000
2025-11-15T20:26:44.563769Z, , 15.993938, 0.00, 93.711000
2025-11-15T20:26:44.569012Z, , 16.630640, 0.00, 93.711000
2025-11-15T20:26:44.574208Z, , 15.713369, 0.00, 93.711000
2025-11-15T20:26:44.579430Z, , 13.786475, 0.00, 93.711000
2025-11-15T20:26:44.584642Z, , 13.202905, 0.00, 93.711000
2025-11-15T20:26:44.589827Z, , 19.079712, 0.00, 93.711000
2025-11-15T20:26:44.595023Z, , 12.523928, 0.00, 93.711000
2025-11-15T20:26:44.600209Z, , 18.211126, 0.00, 93.711000
2025-11-15T20:26:44.605405Z, , 14.181836, 100.00, 93.711000
2025-11-15T20:26:44.610585Z, , 16.716600, 100.00, 93.711000
2025-11-15T20:26:44.615763Z, , 15.934606, 0.00, 93.711000
2025-11-15T20:26:44.620939Z, , 18.856230, 0.00, 93.711000
2025-11-15T20:26:44.626122Z, , 14.715222, 0.00, 93.711000
2025-11-15T20:26:44.631333Z, , 16.563298, 100.00, 93.711000
2025-11-15T20:26:44.636530Z, , 21.200979, 50.00, 93.711000
2025-11-15T20:26:44.641712Z, , 21.674143, 200.00, 93.711000
2025-11-15T20:26:44.646921Z, , 32.374188, 200.00, 93.711000
2025-11-15T20:26:44.652109Z, , 17.995901, 200.00, 93.711000
2025-11-15T20:26:44.657243Z, , 18.597699, 200.00, 93.711000
2025-11-15T20:26:44.662430Z, , 18.147911, 0.00, 93.711000
2025-11-15T20:26:44.667635Z, , 14.809801, 0.00, 93.711000
2025-11-15T20:26:44.672829Z, , 13.825137, 0.00, 93.711000
2025-11-15T20:26:44.678029Z, , 15.063907, 0.00, 93.711000
2025-11-15T20:26:44.683223Z, , 15.348457, 0.00, 93.711000
2025-11-15T20:26:44.688517Z, , 12.140037, 0.00, 93.711000
2025-11-15T20:26:44.693711Z, , 16.372646, 0.00, 93.711000
2025-11-15T20:26:44.698896Z, , 13.473857, 0.00, 93.711000
2025-11-15T20:26:44.704080Z, , 14.616086, 0.00, 93.711000
2025-11-15T20:26:44.709262Z, , 16.317099, 0.00, 93.776000
2025-11-15T20:26:44.714489Z, , 11.765381, 0.00, 93.776000
2025-11-15T20:26:44.719682Z, , 15.401982, 0.00, 93.776000
2025-11-15T20:26:44.724896Z, , 19.272163, 0.00, 93.776000
2025-11-15T20:26:44.730084Z, , 16.389025, 0.00, 93.776000
2025-11-15T20:26:44.735277Z, , 18.383251, 0.00, 93.776000
2025-11-15T20:26:44.740479Z, , 14.278157, 0.00, 93.776000
2025-11-15T20:26:44.745671Z, , 16.625499, 0.00, 93.776000
2025-11-15T20:26:44.750868Z, , 15.470419, 0.00, 93.776000
2025-11-15T20:26:44.756158Z, , 18.547538, 0.00, 93.776000
2025-11-15T20:26:44.761390Z, 0xfffffffffffffe00;0x75127d15875e;0x75127d116364;0x75127d117c50;0x75127db35ba7;cuDevicePrimaryCtxGetState;0x75120e672e9a;|, 20.757044, 100.00, 93.776000
2025-11-15T20:26:44.766638Z, , 43.609981, 100.00, 93.776000
2025-11-15T20:26:44.771829Z, , 19.111268, 0.00, 93.776000
2025-11-15T20:26:44.777047Z, , 19.854709, 50.00, 93.776000
2025-11-15T20:26:44.782224Z, , 18.971918, 0.00, 93.776000
2025-11-15T20:26:44.787381Z, , 19.292478, 0.00, 93.776000
2025-11-15T20:26:44.792534Z, , 35.810711, 0.00, 93.776000
2025-11-15T20:26:44.797688Z, , 21.203228, 0.00, 93.776000
2025-11-15T20:26:44.802867Z, , 18.886512, 0.00, 93.776000
2025-11-15T20:26:44.808075Z, , 14.711987, 0.00, 93.776000
2025-11-15T20:26:44.813272Z, , 14.316892, 0.00, 93.776000
2025-11-15T20:26:44.818475Z, , 12.061834, 0.00, 93.776000
2025-11-15T20:26:44.823669Z, , 18.566128, 0.00, 93.776000
2025-11-15T20:26:44.828861Z, , 14.420823, 0.00, 93.776000
2025-11-15T20:26:44.834040Z, , 16.374994, 0.00, 93.776000
2025-11-15T20:26:44.839232Z, , 13.138218, 0.00, 93.776000
2025-11-15T20:26:44.844425Z, , 14.351866, 0.00, 93.776000
2025-11-15T20:26:44.849606Z, , 13.542065, 0.00, 93.776000
2025-11-15T20:26:44.854808Z, , 10.924340, 0.00, 93.776000
2025-11-15T20:26:44.859985Z, , 17.334573, 100.00, 93.776000
2025-11-15T20:26:44.865187Z, , 14.187342, 0.00, 93.776000
2025-11-15T20:26:44.870396Z, , 13.221777, 0.00, 93.776000
2025-11-15T20:26:44.875575Z, , 15.571706, 0.00, 93.776000
2025-11-15T20:26:44.880788Z, , 12.467881, 0.00, 93.776000
2025-11-15T20:26:44.885971Z, , 19.438211, 0.00, 93.776000
2025-11-15T20:26:44.891154Z, , 12.639934, 0.00, 93.776000
2025-11-15T20:26:44.896552Z, 0xfffffffffffffe00;0x75127d117b9b;0x75127db330e7;cuCtxGetDevice;0x751270211116;0x75127024f042;0x75127053edc2;0x6475632f3031632f;|, 17.650892, 0.00, 93.776000
2025-11-15T20:26:44.901750Z, , 15.040681, 0.00, 93.776000
2025-11-15T20:26:44.906927Z, , 16.104873, 0.00, 93.776000
2025-11-15T20:26:44.912105Z, , 18.315446, 0.00, 93.776000
2025-11-15T20:26:44.917289Z, , 44.538281, 0.00, 93.776000
2025-11-15T20:26:44.922509Z, , 16.866042, 0.00, 93.776000
2025-11-15T20:26:44.927656Z, , 20.927208, 0.00, 93.776000
2025-11-15T20:26:44.932784Z, , 18.500404, 100.00, 93.776000
2025-11-15T20:26:44.937915Z, , 27.696700, 100.00, 93.776000
2025-11-15T20:26:44.943076Z, , 17.749594, 0.00, 93.776000
2025-11-15T20:26:44.948207Z, , 17.930336, 0.00, 93.776000
2025-11-15T20:26:44.953364Z, , 22.763611, 0.00, 93.776000
2025-11-15T20:26:44.958510Z, , 33.737812, 0.00, 93.776000
2025-11-15T20:26:44.963679Z, , 21.135251, 100.00, 93.776000
2025-11-15T20:26:44.968866Z, , 18.593971, 0.00, 93.776000
2025-11-15T20:26:44.974054Z, , 14.357297, 0.00, 93.776000
2025-11-15T20:26:44.979245Z, , 13.416017, 0.00, 93.776000
2025-11-15T20:26:44.984490Z, , 16.454204, 0.00, 93.776000
2025-11-15T20:26:44.989685Z, , 14.048095, 0.00, 93.776000
2025-11-15T20:26:44.994863Z, , 16.126964, 0.00, 93.776000
2025-11-15T20:26:45.000043Z, , 13.139321, 0.00, 93.776000
2025-11-15T20:26:45.005223Z, , 12.951379, 0.00, 93.776000
2025-11-15T20:26:45.010445Z, , 17.970515, 0.00, 93.776000
2025-11-15T20:26:45.015626Z, , 11.597103, 0.00, 93.776000
2025-11-15T20:26:45.020808Z, , 16.800367, 0.00, 93.776000
2025-11-15T20:26:45.025998Z, , 15.342106, 0.00, 93.776000
2025-11-15T20:26:45.031179Z, , 12.542230, 0.00, 93.776000
2025-11-15T20:26:45.036411Z, , 17.483507, 0.00, 93.776000
2025-11-15T20:26:45.041597Z, , 14.303767, 0.00, 93.776000
2025-11-15T20:26:45.046779Z, , 16.472102, 0.00, 93.776000
2025-11-15T20:26:45.051962Z, , 13.292525, 0.00, 93.776000
2025-11-15T20:26:45.057163Z, , 16.854963, 0.00, 93.776000
2025-11-15T20:26:45.062378Z, , 14.874555, 0.00, 93.776000
2025-11-15T20:26:45.067568Z, , 15.603802, 0.00, 93.776000
2025-11-15T20:26:45.072759Z, , 16.880653, 0.00, 93.776000
2025-11-15T20:26:45.077945Z, , 18.343288, 0.00, 93.776000
2025-11-15T20:26:45.083143Z, , 18.300484, 0.00, 93.776000
2025-11-15T20:26:45.090359Z, 0xfffffffffffffe00;_PyEval_EvalFrameDefault;0x54ce3d;_PyEval_EvalFrameDefault;0x54ce3d;_PyEval_EvalFrameDefault;_PyObject_Call_Prepend;0x5a30c8;_PyObject_MakeTpCall;_PyEval_EvalFrameDefault;0x54ce3d;_PyEval_EvalFrameDefault;0x54ce3d;_PyEval_EvalFrameDefault;_PyObject_Call_Prepend;0x5a30c8;_PyObject_MakeTpCall;_PyEval_EvalFrameDefault;0x54ce3d;_PyEval_EvalFrameDefault;0x54ce3d;_PyEval_EvalFrameDefault;_PyObject_Call_Prepend;0x5a30c8;_PyObject_MakeTpCall;_PyEval_EvalFrameDefault;0x54ce3d;_PyEval_EvalFrameDefault;0x54ce3d;_PyEval_EvalFrameDefault;_PyObject_Call_Prepend;0x5a30c8;_PyObject_MakeTpCall;_PyEval_EvalFrameDefault;PyEval_EvalCode;0x607fc2;0x6b4393;_PyRun_SimpleFileObject;_PyRun_AnyFileObject;Py_RunMain;Py_BytesMain;__libc_start_call_main;__libc_start_main@@GLIBC_2.34;_start;|, 20.764215, 100.00, 93.776000
2025-11-15T20:26:45.095582Z, , 19.241179, 0.00, 93.776000
2025-11-15T20:26:45.100811Z, , 9.514571, 0.00, 93.776000
2025-11-15T20:26:45.106141Z, , 20.488543, 0.00, 93.776000
2025-11-15T20:26:45.111402Z, , 13.411348, 0.00, 93.776000
2025-11-15T20:26:45.116618Z, , 19.212810, 0.00, 93.776000
2025-11-15T20:26:45.121836Z, , 15.189679, 0.00, 93.776000
2025-11-15T20:26:45.127024Z, , 16.813393, 0.00, 93.776000
2025-11-15T20:26:45.132208Z, , 12.623681, 0.00, 93.776000
2025-11-15T20:26:45.137404Z, , 19.155922, 0.00, 93.776000
2025-11-15T20:26:45.142600Z, , 14.229788, 0.00, 93.776000
2025-11-15T20:26:45.147795Z, , 17.150352, 0.00, 93.776000
2025-11-15T20:26:45.152978Z, , 16.624975, 0.00, 93.776000
2025-11-15T20:26:45.158173Z, , 18.170538, 0.00, 93.776000
2025-11-15T20:26:45.163495Z, , 16.439622, 0.00, 93.776000
2025-11-15T20:26:45.168719Z, , 17.692432, 0.00, 93.776000
2025-11-15T20:26:45.173907Z, , 14.444724, 0.00, 93.776000
2025-11-15T20:26:45.179096Z, , 14.172344, 0.00, 93.776000
2025-11-15T20:26:45.184291Z, , 15.928636, 100.00, 93.776000
2025-11-15T20:26:45.189455Z, , 13.740179, 0.00, 93.776000
2025-11-15T20:26:45.194760Z, , 19.565952, 0.00, 93.776000
2025-11-15T20:26:45.200054Z, , 17.983469, 50.00, 93.776000
2025-11-15T20:26:45.205275Z, , 17.938521, 100.00, 93.776000
2025-11-15T20:26:45.210494Z, , 16.036484, 100.00, 93.748000
2025-11-15T20:26:45.215722Z, , 15.116807, 0.00, 93.748000
2025-11-15T20:26:45.220931Z, , 13.261231, 0.00, 93.748000
2025-11-15T20:26:45.226125Z, , 11.470292, 0.00, 93.748000
2025-11-15T20:26:45.231331Z, , 20.849587, 0.00, 93.748000
2025-11-15T20:26:45.236537Z, , 14.372591, 100.00, 93.748000
2025-11-15T20:26:45.241756Z, , 18.174992, 100.00, 93.748000
2025-11-15T20:26:45.246953Z, , 14.545678, 0.00, 93.748000
2025-11-15T20:26:45.252143Z, , 16.561801, 0.00, 93.748000
2025-11-15T20:26:45.257373Z, , 15.094020, 0.00, 93.748000
2025-11-15T20:26:45.262564Z, , 14.064070, 0.00, 93.748000
2025-11-15T20:26:45.267764Z, , 10.958229, 0.00, 93.748000
2025-11-15T20:26:45.273047Z, , 16.936217, 0.00, 93.748000
2025-11-15T20:26:45.278238Z, , 9.758939, 0.00, 93.748000
2025-11-15T20:26:45.283443Z, , 16.671883, 0.00, 93.748000
2025-11-15T20:26:45.288729Z, , 19.332947, 0.00, 93.748000
2025-11-15T20:26:45.294054Z, , 13.750797, 0.00, 93.748000
2025-11-15T20:26:45.299298Z, , 16.400435, 0.00, 93.748000
2025-11-15T20:26:45.304500Z, , 16.702543, 0.00, 93.748000
2025-11-15T20:26:45.314272Z, 0xfffffffffffffe00;_PyType_Lookup;_PyObject_GenericGetAttrWithDict;0x5a372c;PyObject_GetAttr;_PyEval_EvalFrameDefault;_PyObject_Call_Prepend;0x5a30c8;_PyObject_MakeTpCall;_PyEval_EvalFrameDefault;0x54ce3d;_PyEval_EvalFrameDefault;0x54ce3d;_PyEval_EvalFrameDefault;_PyObject_Call_Prepend;0x5a30c8;_PyObject_MakeTpCall;_PyEval_EvalFrameDefault;0x54ce3d;_PyEval_EvalFrameDefault;0x54ce3d;_PyEval_EvalFrameDefault;_PyObject_Call_Prepend;0x5a30c8;_PyObject_MakeTpCall;_PyEval_EvalFrameDefault;0x54ce3d;_PyEval_EvalFrameDefault;0x54ce3d;_PyEval_EvalFrameDefault;_PyObject_Call_Prepend;0x5a30c8;_PyObject_MakeTpCall;_PyEval_EvalFrameDefault;PyEval_EvalCode;0x607fc2;0x6b4393;_PyRun_SimpleFileObject;_PyRun_AnyFileObject;Py_RunMain;Py_BytesMain;__libc_start_call_main;__libc_start_main@@GLIBC_2.34;_start;|, 17.144010, 0.00, 93.748000
2025-11-15T20:26:45.319487Z, , 20.135686, 66.67, 93.748000
2025-11-15T20:26:45.324740Z, , 15.864816, 200.00, 93.748000
2025-11-15T20:26:45.329935Z, , 16.948837, 0.00, 93.748000
2025-11-15T20:26:45.335133Z, , 15.406165, 0.00, 93.748000
2025-11-15T20:26:45.340338Z, , 12.651514, 0.00, 93.748000
2025-11-15T20:26:45.345528Z, , 17.684733, 0.00, 93.748000
2025-11-15T20:26:45.350733Z, , 13.886203, 0.00, 93.748000
2025-11-15T20:26:45.355922Z, , 13.307309, 0.00, 93.748000
2025-11-15T20:26:45.361124Z, , 12.243076, 0.00, 93.748000
2025-11-15T20:26:45.366340Z, , 15.474277, 0.00, 93.748000
2025-11-15T20:26:45.371582Z, , 15.080477, 0.00, 93.748000
2025-11-15T20:26:45.376774Z, , 16.996406, 0.00, 93.748000
2025-11-15T20:26:45.381976Z, , 13.097775, 0.00, 93.748000
2025-11-15T20:26:45.387169Z, , 13.166683, 0.00, 93.748000
2025-11-15T20:26:45.392374Z, , 15.869060, 0.00, 93.748000
2025-11-15T20:26:45.397579Z, , 12.528917, 0.00, 93.748000
2025-11-15T20:26:45.402780Z, , 11.019656, 0.00, 93.748000
2025-11-15T20:26:45.407961Z, , 11.798272, 0.00, 93.748000
2025-11-15T20:26:45.413153Z, , 11.487639, 0.00, 93.748000
2025-11-15T20:26:45.418480Z, , 16.158079, 0.00, 93.748000
2025-11-15T20:26:45.423711Z, , 12.904938, 200.00, 93.748000
2025-11-15T20:26:45.430630Z, 0xfffffffffffffe00;0x57202a;PyDict_Contains;_PyEval_EvalFrameDefault;PyObject_Vectorcall;0x5a379d;PyObject_GetAttr;_PyObject_GetMethod;_PyEval_EvalFrameDefault;0x54ce3d;_PyEval_EvalFrameDefault;0x54ce3d;_PyEval_EvalFrameDefault;_PyObject_Call_Prepend;0x5a30c8;_PyObject_MakeTpCall;_PyEval_EvalFrameDefault;0x54ce3d;_PyEval_EvalFrameDefault;0x54ce3d;_PyEval_EvalFrameDefault;_PyObject_Call_Prepend;0x5a30c8;_PyObject_MakeTpCall;_PyEval_EvalFrameDefault;0x54ce3d;_PyEval_EvalFrameDefault;0x54ce3d;_PyEval_EvalFrameDefault;_PyObject_Call_Prepend;0x5a30c8;_PyObject_MakeTpCall;_PyEval_EvalFrameDefault;PyEval_EvalCode;0x607fc2;0x6b4393;_PyRun_SimpleFileObject;_PyRun_AnyFileObject;Py_RunMain;Py_BytesMain;__libc_start_call_main;__libc_start_main@@GLIBC_2.34;_start;|, 18.692654, 200.00, 93.748000
2025-11-15T20:26:45.435809Z, , 33.412679, 200.00, 93.748000
2025-11-15T20:26:45.441005Z, , 19.351449, 100.00, 93.748000
2025-11-15T20:26:45.446273Z, , 13.061559, 0.00, 93.748000
2025-11-15T20:26:45.451479Z, , 15.203182, 0.00, 93.748000
2025-11-15T20:26:45.456672Z, , 15.210638, 0.00, 93.748000
2025-11-15T20:26:45.461883Z, , 14.938222, 0.00, 93.748000
2025-11-15T20:26:45.467081Z, , 14.015979, 0.00, 93.748000
2025-11-15T20:26:45.472267Z, , 13.352063, 0.00, 93.748000
2025-11-15T20:26:45.477474Z, , 14.087674, 0.00, 93.748000
2025-11-15T20:26:45.482659Z, , 16.317513, 0.00, 93.748000
2025-11-15T20:26:45.487870Z, , 12.609341, 0.00, 93.748000
2025-11-15T20:26:45.493055Z, , 15.148681, 0.00, 93.748000
2025-11-15T20:26:45.498246Z, , 14.307184, 0.00, 93.748000
2025-11-15T20:26:45.503479Z, , 15.184351, 0.00, 93.748000
2025-11-15T20:26:45.508669Z, , 16.769803, 0.00, 93.748000
2025-11-15T20:26:45.513856Z, , 18.426020, 0.00, 93.748000
2025-11-15T20:26:45.519044Z, , 14.363321, 0.00, 93.748000
2025-11-15T20:26:45.524227Z, , 18.317105, 0.00, 93.748000
2025-11-15T20:26:45.529437Z, , 14.534748, 0.00, 93.748000
2025-11-15T20:26:45.534628Z, , 19.775793, 0.00, 93.748000
2025-11-15T20:26:45.539833Z, , 17.305394, 0.00, 93.748000
2025-11-15T20:26:45.544962Z, , 31.146215, 0.00, 93.748000
2025-11-15T20:26:45.550201Z, , 18.327281, 100.00, 93.748000
2025-11-15T20:26:45.555421Z, , 19.646554, 100.00, 93.748000
2025-11-15T20:26:45.560684Z, , 16.230901, 0.00, 93.748000
2025-11-15T20:26:45.565884Z, , 12.767428, 0.00, 93.748000
2025-11-15T20:26:45.571196Z, , 14.743362, 0.00, 93.748000
2025-11-15T20:26:45.576429Z, , 18.602174, 0.00, 93.748000
2025-11-15T20:26:45.581639Z, , 14.843405, 0.00, 93.748000
2025-11-15T20:26:45.586835Z, , 16.152262, 0.00, 93.748000
2025-11-15T20:26:45.592019Z, , 16.664090, 0.00, 93.748000
2025-11-15T20:26:45.597212Z, , 14.907373, 0.00, 93.748000
2025-11-15T20:26:45.602407Z, , 11.631035, 0.00, 93.748000
2025-11-15T20:26:45.607598Z, , 18.525942, 0.00, 93.748000
2025-11-15T20:26:45.612784Z, , 15.019328, 0.00, 93.748000
2025-11-15T20:26:45.617971Z, , 14.567460, 0.00, 93.748000
2025-11-15T20:26:45.623151Z, , 15.589709, 0.00, 93.748000
2025-11-15T20:26:45.628381Z, , 12.401209, 0.00, 93.748000
2025-11-15T20:26:45.633563Z, , 14.534440, 0.00, 93.748000
2025-11-15T20:26:45.638748Z, , 15.763615, 0.00, 93.748000
2025-11-15T20:26:45.643933Z, , 14.317376, 0.00, 93.748000
2025-11-15T20:26:45.649118Z, , 17.025292, 0.00, 93.748000
2025-11-15T20:26:45.654307Z, , 15.714446, 0.00, 93.748000
2025-11-15T20:26:45.659785Z, 0xfffffffffffffe00;pthread_getspecific@@GLIBC_2.34;0x75127db33143;cuCtxGetDevice;0x751270211116;0x75127024f042;0x75127053f115;0x10400007fff;|, 12.272399, 100.00, 93.748000
2025-11-15T20:26:45.665058Z, , 20.920912, 33.33, 93.748000
2025-11-15T20:26:45.670284Z, , 18.950482, 50.00, 93.748000
2025-11-15T20:26:45.675458Z, , 15.332884, 0.00, 93.748000
2025-11-15T20:26:45.680596Z, , 17.153352, 0.00, 93.748000
2025-11-15T20:26:45.685698Z, , 17.503261, 100.00, 93.748000
2025-11-15T20:26:45.690845Z, , 26.280297, 0.00, 93.748000
2025-11-15T20:26:45.696028Z, , 15.411979, 0.00, 93.748000
2025-11-15T20:26:45.701214Z, , 17.095276, 0.00, 93.748000
2025-11-15T20:26:45.706411Z, , 14.627510, 0.00, 91.941000
2025-11-15T20:26:45.711590Z, , 13.660099, 0.00, 91.941000
2025-11-15T20:26:45.716780Z, , 16.874022, 0.00, 91.941000
2025-11-15T20:26:45.721964Z, , 13.323283, 0.00, 91.941000
2025-11-15T20:26:45.727148Z, , 14.281132, 0.00, 91.941000
2025-11-15T20:26:45.732423Z, , 13.315027, 0.00, 91.941000
2025-11-15T20:26:45.737619Z, , 16.630836, 0.00, 91.941000
2025-11-15T20:26:45.742814Z, , 16.927308, 0.00, 91.941000
2025-11-15T20:26:45.747992Z, , 10.607383, 0.00, 91.941000
2025-11-15T20:26:45.753179Z, , 17.475939, 0.00, 91.941000
2025-11-15T20:26:45.758377Z, , 15.427483, 0.00, 91.941000
2025-11-15T20:26:45.763559Z, , 15.984061, 0.00, 91.941000
2025-11-15T20:26:45.768738Z, , 13.450955, 0.00, 91.941000
2025-11-15T20:26:45.773920Z, , 15.353101, 0.00, 91.941000
2025-11-15T20:26:45.779105Z, , 17.619724, 0.00, 91.941000
2025-11-15T20:26:45.784305Z, , 14.860311, 0.00, 91.941000
2025-11-15T20:26:45.789458Z, , 14.600412, 0.00, 91.941000
2025-11-15T20:26:45.794697Z, , 17.262711, 0.00, 91.941000
2025-11-15T20:26:45.799890Z, , 15.697117, 0.00, 91.941000
2025-11-15T20:26:45.805561Z, , 18.261834, 100.00, 91.941000
2025-11-15T20:26:45.811179Z, , 17.776758, 200.00, 91.941000
2025-11-15T20:26:45.816855Z, , 17.857212, 200.00, 91.941000
2025-11-15T20:26:45.822266Z, , 17.154171, 0.00, 91.941000
2025-11-15T20:26:45.827589Z, , 15.397343, 0.00, 91.941000
2025-11-15T20:26:45.832886Z, , 27.018907, 0.00, 91.941000
2025-11-15T20:26:45.838170Z, , 15.920421, 0.00, 91.941000
2025-11-15T20:26:45.843492Z, , 21.095979, 0.00, 91.941000
2025-11-15T20:26:45.848765Z, , 14.616546, 0.00, 91.941000
2025-11-15T20:26:45.854044Z, , 16.609588, 0.00, 91.941000
2025-11-15T20:26:45.859328Z, , 13.901119, 0.00, 91.941000
2025-11-15T20:26:45.864598Z, , 17.290471, 0.00, 91.941000
2025-11-15T20:26:45.869858Z, , 12.387587, 0.00, 91.941000
2025-11-15T20:26:45.875226Z, , 16.701670, 0.00, 91.941000
2025-11-15T20:26:45.880578Z, , 19.115958, 0.00, 91.941000
2025-11-15T20:26:45.885891Z, , 15.614267, 0.00, 91.941000
2025-11-15T20:26:45.891205Z, , 16.308652, 0.00, 91.941000
2025-11-15T20:26:45.896653Z, , 14.493801, 0.00, 91.941000
2025-11-15T20:26:45.901983Z, , 17.565380, 0.00, 91.941000
2025-11-15T20:26:45.907397Z, , 13.996418, 0.00, 91.941000
2025-11-15T20:26:45.912788Z, , 15.878821, 0.00, 91.941000
2025-11-15T20:26:45.918120Z, , 10.719053, 0.00, 91.941000
2025-11-15T20:26:45.923441Z, , 17.777280, 0.00, 91.941000
2025-11-15T20:26:45.928753Z, , 14.701781, 0.00, 91.941000
2025-11-15T20:26:45.938101Z, 0xfffffffffffffe00;_PyEval_EvalFrameDefault;_PyObject_Call_Prepend;0x5a30c8;_PyObject_MakeTpCall;_PyEval_EvalFrameDefault;0x54ce3d;_PyEval_EvalFrameDefault;0x54ce3d;_PyEval_EvalFrameDefault;_PyObject_Call_Prepend;0x5a30c8;_PyObject_MakeTpCall;_PyEval_EvalFrameDefault;0x54ce3d;_PyEval_EvalFrameDefault;0x54ce3d;_PyEval_EvalFrameDefault;_PyObject_Call_Prepend;0x5a30c8;_PyObject_MakeTpCall;_PyEval_EvalFrameDefault;0x54ce3d;_PyEval_EvalFrameDefault;0x54ce3d;_PyEval_EvalFrameDefault;_PyObject_Call_Prepend;0x5a30c8;_PyObject_MakeTpCall;_PyEval_EvalFrameDefault;PyEval_EvalCode;0x607fc2;0x6b4393;_PyRun_SimpleFileObject;_PyRun_AnyFileObject;Py_RunMain;Py_BytesMain;__libc_start_call_main;__libc_start_main@@GLIBC_2.34;_start;|, 12.653341, 0.00, 91.941000
2025-11-15T20:26:45.943487Z, , 17.882480, 0.00, 91.941000
2025-11-15T20:26:45.948842Z, , 18.075211, 0.00, 91.941000
2025-11-15T20:26:45.954083Z, , 18.166330, 0.00, 91.941000
2025-11-15T20:26:45.959307Z, , 33.213512, 0.00, 91.941000
2025-11-15T20:26:45.964462Z, , 15.202745, 0.00, 91.941000
2025-11-15T20:26:45.969653Z, , 19.497247, 0.00, 91.941000
2025-11-15T20:26:45.974843Z, , 18.257494, 50.00, 91.941000
2025-11-15T20:26:45.980042Z, , 14.837794, 0.00, 91.941000
2025-11-15T20:26:45.985228Z, , 16.892772, 0.00, 91.941000
2025-11-15T20:26:45.990442Z, , 17.258575, 0.00, 91.941000
2025-11-15T20:26:45.995660Z, , 15.373900, 0.00, 91.941000
2025-11-15T20:26:46.000858Z, , 15.441527, 0.00, 91.941000
2025-11-15T20:26:46.006048Z, , 13.009764, 0.00, 91.941000
2025-11-15T20:26:46.011245Z, , 17.400933, 0.00, 91.941000
2025-11-15T20:26:46.016485Z, , 12.747241, 0.00, 91.941000
2025-11-15T20:26:46.021717Z, , 17.586045, 0.00, 91.941000
2025-11-15T20:26:46.026938Z, , 17.634889, 0.00, 91.941000
2025-11-15T20:26:46.032164Z, , 15.550287, 0.00, 91.941000
2025-11-15T20:26:46.037410Z, , 16.519886, 0.00, 91.941000
2025-11-15T20:26:46.042614Z, , 15.506055, 0.00, 91.941000
2025-11-15T20:26:46.047834Z, , 15.425597, 0.00, 91.941000
2025-11-15T20:26:46.053016Z, , 15.404571, 0.00, 91.941000
2025-11-15T20:26:46.058205Z, , 16.973033, 0.00, 91.941000
2025-11-15T20:26:46.063399Z, , 13.432297, 0.00, 91.941000
2025-11-15T20:26:46.068701Z, , 12.616571, 0.00, 91.941000
2025-11-15T20:26:46.074011Z, , 17.856062, 0.00, 91.941000
2025-11-15T20:26:46.079328Z, , 12.740899, 0.00, 91.941000
2025-11-15T20:26:46.084666Z, , 9.435689, 0.00, 91.941000
2025-11-15T20:26:46.089954Z, , 20.419652, 100.00, 91.941000
2025-11-15T20:26:46.096000Z, 0xfffffffffffffe00;_int_free;free;0x75120e7dcb99;|, 15.252420, 100.00, 91.941000
2025-11-15T20:26:46.101229Z, , 18.118681, 0.00, 91.941000
2025-11-15T20:26:46.106590Z, , 29.534127, 33.33, 91.941000
2025-11-15T20:26:46.111889Z, , 12.871118, 0.00, 91.941000
2025-11-15T20:26:46.117104Z, , 19.618400, 0.00, 91.941000
2025-11-15T20:26:46.122400Z, , 15.743320, 0.00, 91.941000
2025-11-15T20:26:46.127631Z, , 16.761513, 0.00, 91.941000
2025-11-15T20:26:46.132826Z, , 15.369323, 0.00, 91.941000
2025-11-15T20:26:46.138013Z, , 14.077144, 0.00, 91.941000
2025-11-15T20:26:46.143311Z, , 16.291697, 0.00, 91.941000
2025-11-15T20:26:46.148536Z, , 11.177029, 0.00, 91.941000
2025-11-15T20:26:46.153732Z, , 19.570874, 0.00, 91.941000
2025-11-15T20:26:46.158950Z, , 16.969815, 0.00, 91.941000
2025-11-15T20:26:46.164157Z, , 13.953458, 0.00, 91.941000
2025-11-15T20:26:46.169367Z, , 15.819032, 0.00, 91.941000
2025-11-15T20:26:46.174551Z, , 12.602536, 0.00, 91.941000
2025-11-15T20:26:46.179841Z, , 14.353315, 0.00, 91.941000
2025-11-15T20:26:46.185141Z, , 11.984346, 0.00, 91.941000
2025-11-15T20:26:46.190512Z, , 16.401210, 0.00, 91.941000
2025-11-15T20:26:46.195736Z, , 12.922945, 0.00, 91.941000
2025-11-15T20:26:46.200943Z, , 18.607944, 0.00, 91.941000
2025-11-15T20:26:46.206139Z, , 15.345554, 0.00, 91.941000
2025-11-15T20:26:46.211338Z, , 17.730333, 0.00, 93.558000
2025-11-15T20:26:46.216520Z, , 13.252108, 0.00, 93.558000
2025-11-15T20:26:46.221736Z, , 13.942843, 0.00, 93.558000
2025-11-15T20:26:46.226988Z, , 18.779400, 0.00, 93.558000
2025-11-15T20:26:46.232304Z, , 14.375465, 0.00, 93.558000
2025-11-15T20:26:46.237488Z, , 23.483547, 50.00, 93.558000
2025-11-15T20:26:46.242710Z, , 20.098215, 50.00, 93.558000
2025-11-15T20:26:46.247902Z, , 15.076102, 100.00, 93.558000
2025-11-15T20:26:46.253037Z, , 27.456492, 0.00, 93.558000
2025-11-15T20:26:46.258145Z, , 44.725665, 0.00, 93.558000
2025-11-15T20:26:46.263325Z, , 27.885723, 0.00, 93.558000
2025-11-15T20:26:46.270937Z, 0xfffffffffffffe00;_PyEval_EvalFrameDefault;0x5554a6;0x5d3843;0x5d29e6;_PyEval_EvalFrameDefault;_PyObject_Call_Prepend;0x5a30c8;_PyObject_MakeTpCall;_PyEval_EvalFrameDefault;0x54cf04;PyObject_Vectorcall;_PyEval_EvalFrameDefault;PyEval_EvalCode;0x607fc2;0x6b4393;_PyRun_SimpleFileObject;_PyRun_AnyFileObject;Py_RunMain;Py_BytesMain;__libc_start_call_main;__libc_start_main@@GLIBC_2.34;_start;|, 18.199931, 100.00, 93.558000
2025-11-15T20:26:46.276274Z, , 16.931656, 100.00, 93.558000
2025-11-15T20:26:46.281490Z, , 14.783481, 0.00, 93.558000
2025-11-15T20:26:46.286689Z, , 14.253123, 0.00, 93.558000
2025-11-15T20:26:46.291879Z, , 14.376548, 0.00, 93.558000
2025-11-15T20:26:46.297201Z, , 13.772170, 0.00, 93.558000
2025-11-15T20:26:46.302538Z, , 16.742095, 0.00, 93.558000
2025-11-15T20:26:46.307772Z, , 16.532152, 0.00, 93.558000
2025-11-15T20:26:46.312966Z, , 13.374503, 0.00, 93.558000
2025-11-15T20:26:46.318176Z, , 10.595059, 0.00, 93.558000
2025-11-15T20:26:46.323416Z, , 18.955997, 0.00, 93.558000
2025-11-15T20:26:46.328621Z, , 15.691187, 0.00, 93.558000
2025-11-15T20:26:46.333823Z, , 13.255212, 0.00, 93.558000
2025-11-15T20:26:46.339018Z, , 13.752688, 0.00, 93.558000
2025-11-15T20:26:46.344220Z, , 14.999116, 0.00, 93.558000
2025-11-15T20:26:46.349410Z, , 12.444212, 0.00, 93.558000
2025-11-15T20:26:46.354593Z, , 15.922307, 0.00, 93.558000
2025-11-15T20:26:46.359833Z, , 13.303733, 0.00, 93.558000
2025-11-15T20:26:46.365035Z, , 15.849773, 0.00, 93.558000
2025-11-15T20:26:46.370410Z, , 17.126841, 0.00, 93.558000
2025-11-15T20:26:46.375747Z, , 13.669111, 50.00, 93.558000
2025-11-15T20:26:46.381005Z, , 24.359958, 50.00, 93.558000
2025-11-15T20:26:46.386339Z, , 22.931676, 100.00, 93.558000
2025-11-15T20:26:46.391630Z, , 18.491004, 100.00, 93.558000
2025-11-15T20:26:46.396847Z, , 15.685725, 100.00, 93.558000
2025-11-15T20:26:46.402122Z, , 14.772923, 0.00, 93.558000
2025-11-15T20:26:46.407363Z, , 15.056788, 0.00, 93.558000
2025-11-15T20:26:46.412574Z, , 17.003814, 100.00, 93.558000
2025-11-15T20:26:46.417777Z, , 13.190743, 0.00, 93.558000
2025-11-15T20:26:46.422968Z, , 18.068194, 0.00, 93.558000
2025-11-15T20:26:46.428161Z, , 14.529715, 0.00, 93.558000
2025-11-15T20:26:46.433363Z, , 17.396552, 0.00, 93.558000
2025-11-15T20:26:46.438550Z, , 11.543963, 0.00, 93.558000
2025-11-15T20:26:46.443734Z, , 17.194305, 0.00, 93.558000
2025-11-15T20:26:46.448912Z, , 17.142924, 0.00, 93.558000
2025-11-15T20:26:46.454093Z, , 8.784918, 0.00, 93.558000
2025-11-15T20:26:46.459293Z, , 19.686904, 0.00, 93.558000
2025-11-15T20:26:46.464482Z, , 8.931844, 0.00, 93.558000
2025-11-15T20:26:46.469671Z, , 16.826877, 0.00, 93.558000
2025-11-15T20:26:46.474892Z, , 18.130887, 0.00, 93.558000
2025-11-15T20:26:46.480103Z, , 13.186802, 0.00, 93.558000
2025-11-15T20:26:46.485306Z, , 18.754477, 0.00, 93.558000
2025-11-15T20:26:46.490608Z, , 14.482457, 0.00, 93.558000
2025-11-15T20:26:46.500812Z, 0xfffffffffffffe00;0x572130;_PyEval_EvalFrameDefault;PyObject_Vectorcall;0x5a379d;PyObject_GetAttr;_PyEval_EvalFrameDefault;0x54ce3d;_PyEval_EvalFrameDefault;0x54ce3d;_PyEval_EvalFrameDefault;_PyObject_Call_Prepend;0x5a30c8;_PyObject_MakeTpCall;_PyEval_EvalFrameDefault;0x54ce3d;_PyEval_EvalFrameDefault;0x54ce3d;_PyEval_EvalFrameDefault;_PyObject_Call_Prepend;0x5a30c8;_PyObject_MakeTpCall;_PyEval_EvalFrameDefault;0x54ce3d;_PyEval_EvalFrameDefault;0x54ce3d;_PyEval_EvalFrameDefault;_PyObject_Call_Prepend;0x5a30c8;_PyObject_MakeTpCall;_PyEval_EvalFrameDefault;0x54ce3d;_PyEval_EvalFrameDefault;0x54ce3d;_PyEval_EvalFrameDefault;_PyObject_Call_Prepend;0x5a30c8;_PyObject_MakeTpCall;_PyEval_EvalFrameDefault;PyEval_EvalCode;0x607fc2;0x6b4393;_PyRun_SimpleFileObject;_PyRun_AnyFileObject;Py_RunMain;Py_BytesMain;__libc_start_call_main;__libc_start_main@@GLIBC_2.34;_start;|, 15.013677, 50.00, 93.558000
2025-11-15T20:26:46.506060Z, , 18.509178, 50.00, 93.558000
2025-11-15T20:26:46.511275Z, , 19.224550, 100.00, 93.558000
2025-11-15T20:26:46.516474Z, , 14.663925, 200.00, 93.558000
2025-11-15T20:26:46.521662Z, , 14.961379, 0.00, 93.558000
2025-11-15T20:26:46.526852Z, , 13.920990, 0.00, 93.558000
2025-11-15T20:26:46.532046Z, , 11.226349, 0.00, 93.558000
2025-11-15T20:26:46.537227Z, , 21.158081, 0.00, 93.558000
2025-11-15T20:26:46.542440Z, , 12.461512, 0.00, 93.558000
2025-11-15T20:26:46.547643Z, , 15.406984, 0.00, 93.558000
2025-11-15T20:26:46.552838Z, , 16.006613, 0.00, 93.558000
2025-11-15T20:26:46.558028Z, , 13.075109, 0.00, 93.558000
2025-11-15T20:26:46.563215Z, , 15.922765, 0.00, 93.558000
2025-11-15T20:26:46.568418Z, , 16.259815, 0.00, 93.558000
2025-11-15T20:26:46.573598Z, , 9.834809, 0.00, 93.558000
2025-11-15T20:26:46.578781Z, , 17.314078, 0.00, 93.558000
2025-11-15T20:26:46.583982Z, , 14.533455, 0.00, 93.558000
2025-11-15T20:26:46.589164Z, , 16.093353, 0.00, 93.558000
2025-11-15T20:26:46.594375Z, , 11.493846, 0.00, 93.558000
2025-11-15T20:26:46.599587Z, , 14.786181, 0.00, 93.558000
2025-11-15T20:26:46.604800Z, , 12.437995, 100.00, 93.558000
2025-11-15T20:26:46.609997Z, , 17.932956, 0.00, 93.558000
2025-11-15T20:26:46.615205Z, , 13.568388, 0.00, 93.558000
2025-11-15T20:26:46.620415Z, , 17.256594, 0.00, 93.558000
2025-11-15T20:26:46.625646Z, , 19.126635, 100.00, 93.558000
2025-11-15T20:26:46.630836Z, , 16.903932, 100.00, 93.558000
2025-11-15T20:26:46.636049Z, , 26.729852, 0.00, 93.558000
2025-11-15T20:26:46.641245Z, , 12.878359, 0.00, 93.558000
2025-11-15T20:26:46.646470Z, , 14.505427, 0.00, 93.558000
2025-11-15T20:26:46.651677Z, , 14.151109, 0.00, 93.558000
2025-11-15T20:26:46.656880Z, , 15.461097, 0.00, 93.558000
2025-11-15T20:26:46.662076Z, , 17.997893, 100.00, 93.558000
2025-11-15T20:26:46.667299Z, , 15.598646, 100.00, 93.558000
2025-11-15T20:26:46.672488Z, , 12.685898, 0.00, 93.558000
2025-11-15T20:26:46.677687Z, , 12.853920, 0.00, 93.558000
2025-11-15T20:26:46.682872Z, , 18.595978, 0.00, 93.558000
2025-11-15T20:26:46.688054Z, , 13.054555, 0.00, 93.558000
2025-11-15T20:26:46.693236Z, , 13.731691, 0.00, 93.558000
2025-11-15T20:26:46.698454Z, , 16.499622, 0.00, 93.558000
2025-11-15T20:26:46.703632Z, , 14.159145, 0.00, 93.558000
2025-11-15T20:26:46.708815Z, , 16.363329, 0.00, 91.124000
2025-11-15T20:26:46.714002Z, , 10.401672, 0.00, 91.124000
2025-11-15T20:26:46.719186Z, , 19.896257, 0.00, 91.124000
2025-11-15T20:26:46.724386Z, , 13.532897, 0.00, 91.124000
2025-11-15T20:26:46.729564Z, , 16.129851, 0.00, 91.124000
2025-11-15T20:26:46.734875Z, 0xfffffffffffffe00;0x75127dcae750;0x75127053f27b;|, 19.253098, 0.00, 91.124000
2025-11-15T20:26:46.740083Z, , 18.146812, 0.00, 91.124000
2025-11-15T20:26:46.745290Z, , 38.396673, 0.00, 91.124000
2025-11-15T20:26:46.750489Z, , 15.758809, 0.00, 91.124000
2025-11-15T20:26:46.755701Z, , 12.865819, 0.00, 91.124000
2025-11-15T20:26:46.760856Z, , 18.271560, 0.00, 91.124000
2025-11-15T20:26:46.766061Z, , 18.435312, 0.00, 91.124000
2025-11-15T20:26:46.771387Z, , 15.685568, 0.00, 91.124000
2025-11-15T20:26:46.776614Z, , 15.882669, 0.00, 91.124000
2025-11-15T20:26:46.781810Z, , 24.648337, 0.00, 91.124000
2025-11-15T20:26:46.786999Z, , 19.172952, 0.00, 91.124000
2025-11-15T20:26:46.792288Z, , 14.456297, 0.00, 91.124000
2025-11-15T20:26:46.797497Z, , 14.740718, 0.00, 91.124000
2025-11-15T20:26:46.802716Z, , 18.284426, 50.00, 91.124000
2025-11-15T20:26:46.807970Z, , 18.263771, 0.00, 91.124000
2025-11-15T20:26:46.813179Z, , 15.961398, 0.00, 91.124000
2025-11-15T20:26:46.818397Z, , 19.082116, 0.00, 91.124000
2025-11-15T20:26:46.823588Z, , 16.844367, 0.00, 91.124000
2025-11-15T20:26:46.828778Z, , 16.185823, 0.00, 91.124000
2025-11-15T20:26:46.833953Z, , 16.946320, 0.00, 91.124000
2025-11-15T20:26:46.839151Z, , 17.166098, 0.00, 91.124000
2025-11-15T20:26:46.844359Z, , 14.905065, 0.00, 91.124000
2025-11-15T20:26:46.849541Z, , 19.639669, 100.00, 91.124000
2025-11-15T20:26:46.854725Z, , 16.645332, 0.00, 91.124000
2025-11-15T20:26:46.859907Z, , 13.712215, 0.00, 91.124000
2025-11-15T20:26:46.865077Z, , 17.955092, 0.00, 91.124000
2025-11-15T20:26:46.870302Z, , 13.817887, 0.00, 91.124000
2025-11-15T20:26:46.875480Z, , 17.335230, 0.00, 91.124000
2025-11-15T20:26:46.880657Z, , 15.911431, 0.00, 91.124000
2025-11-15T20:26:46.885834Z, , 18.191849, 0.00, 91.124000
2025-11-15T20:26:46.891019Z, , 16.665028, 0.00, 91.124000
2025-11-15T20:26:46.896192Z, , 14.354894, 0.00, 91.124000
2025-11-15T20:26:46.901402Z, , 16.316744, 0.00, 91.124000
2025-11-15T20:26:46.906587Z, , 14.089551, 0.00, 91.124000
2025-11-15T20:26:46.911761Z, , 17.785753, 0.00, 91.124000
2025-11-15T20:26:46.916940Z, , 13.363056, 0.00, 91.124000
2025-11-15T20:26:46.922132Z, , 18.777828, 0.00, 91.124000
2025-11-15T20:26:46.927303Z, , 13.700309, 100.00, 91.124000
2025-11-15T20:26:46.932435Z, , 17.352165, 100.00, 91.124000
2025-11-15T20:26:46.937575Z, , 17.105018, 0.00, 91.124000
2025-11-15T20:26:46.942745Z, , 17.957047, 0.00, 91.124000
2025-11-15T20:26:46.947946Z, , 11.931215, 0.00, 91.124000
2025-11-15T20:26:46.953136Z, , 16.127160, 0.00, 91.124000
2025-11-15T20:26:46.958428Z, 0xfffffffffffffe00;0x75120e686d04;0x75120e68f5c6;0x751210dadeab;0x751210dadf77;0x75124bce7844;0x75124aff2c8e;0x75124c10515c;0x229d3eb0;0x0;0x751270166b30;0x2de907894810c083;|, 19.242844, 100.00, 91.124000
2025-11-15T20:26:46.963712Z, , 17.307540, 50.00, 91.124000
2025-11-15T20:26:46.968931Z, , 16.710316, 0.00, 91.124000
2025-11-15T20:26:46.974136Z, , 12.275749, 0.00, 91.124000
2025-11-15T20:26:46.979360Z, , 21.657705, 0.00, 91.124000
2025-11-15T20:26:46.984579Z, , 12.723977, 0.00, 91.124000
2025-11-15T20:26:46.989766Z, , 10.588560, 0.00, 91.124000
2025-11-15T20:26:46.994957Z, , 21.401325, 0.00, 91.124000
2025-11-15T20:26:47.000149Z, , 13.500637, 0.00, 91.124000
2025-11-15T20:26:47.005355Z, , 16.181949, 0.00, 91.124000
2025-11-15T20:26:47.010547Z, , 16.100318, 0.00, 91.124000
2025-11-15T20:26:47.015772Z, , 14.373351, 0.00, 91.124000
2025-11-15T20:26:47.020979Z, , 16.745113, 0.00, 91.124000
2025-11-15T20:26:47.026115Z, , 16.027277, 0.00, 91.124000
2025-11-15T20:26:47.031254Z, , 19.712935, 0.00, 91.124000
2025-11-15T20:26:47.036418Z, , 14.939799, 0.00, 91.124000
2025-11-15T20:26:47.041605Z, , 16.483953, 0.00, 91.124000
2025-11-15T20:26:47.046787Z, , 13.562599, 0.00, 91.124000
2025-11-15T20:26:47.052007Z, , 12.277016, 0.00, 91.124000
2025-11-15T20:26:47.057195Z, , 16.509544, 0.00, 91.124000
2025-11-15T20:26:47.062412Z, , 12.871050, 0.00, 91.124000
2025-11-15T20:26:47.067627Z, , 14.823266, 0.00, 91.124000
2025-11-15T20:26:47.072936Z, , 16.587695, 0.00, 91.124000
2025-11-15T20:26:47.078166Z, , 15.047079, 0.00, 91.124000
2025-11-15T20:26:47.083421Z, , 17.949738, 0.00, 91.124000
2025-11-15T20:26:47.088643Z, , 41.265671, 0.00, 91.124000
2025-11-15T20:26:47.093835Z, , 20.187602, 0.00, 91.124000
2025-11-15T20:26:47.098969Z, , 17.970289, 0.00, 91.124000
2025-11-15T20:26:47.104079Z, , 33.076550, 100.00, 91.124000
2025-11-15T20:26:47.109188Z, , 47.233462, 50.00, 91.124000
2025-11-15T20:26:47.114313Z, , 66.949888, 0.00, 91.124000
2025-11-15T20:26:47.119470Z, , 50.589677, 0.00, 91.124000
2025-11-15T20:26:47.124701Z, 0xfffffffffffffe00;__libc_malloc;0x7511f1cbb904;0x7511f1cbb93d;0x7510bf824c85;0x7510bf81fbe8;0x7510bf3e8100;0x7510bf3e8849;0x7510bf3e902c;0x7510bf4083b9;0x75110c3caf90;0x75110c371db7;0x75110c371ee6;0x75120d608be4;0x75120e6a4830;0x75120e6abe2b;0x75120e6ace60;0x75120e68f14d;0x75120e68f5c6;0x751210dadeab;0x751210dadf77;0x75124bce7844;0x75124aff2c8e;0x75124c10515c;0x229d3eb0;0x0;0x751270166b30;0x2de907894810c083;|, 70.601920, 0.00, 91.124000
2025-11-15T20:26:47.129809Z, , 49.267353, 0.00, 91.124000
2025-11-15T20:26:47.134912Z, , 35.945245, 0.00, 91.124000
2025-11-15T20:26:47.140032Z, , 26.126725, 0.00, 91.124000
2025-11-15T20:26:47.145178Z, , 16.357843, 0.00, 91.124000
2025-11-15T20:26:47.150377Z, , 18.093727, 0.00, 91.124000
2025-11-15T20:26:47.155714Z, , 15.507540, 0.00, 91.124000
2025-11-15T20:26:47.160922Z, , 15.359642, 0.00, 91.124000
2025-11-15T20:26:47.166218Z, , 18.283047, 0.00, 91.124000
2025-11-15T20:26:47.171446Z, , 14.304599, 0.00, 91.124000
2025-11-15T20:26:47.176693Z, , 14.200778, 0.00, 91.124000
2025-11-15T20:26:47.181899Z, , 16.273651, 0.00, 91.124000
2025-11-15T20:26:47.187081Z, , 15.591608, 0.00, 91.124000
2025-11-15T20:26:47.192286Z, , 13.168175, 0.00, 91.124000
2025-11-15T20:26:47.197487Z, , 12.360652, 0.00, 91.124000
2025-11-15T20:26:47.202685Z, , 14.991325, 0.00, 91.124000
2025-11-15T20:26:47.207882Z, , 15.511004, 0.00, 87.169000
2025-11-15T20:26:47.213075Z, , 20.948712, 100.00, 87.169000
2025-11-15T20:26:47.218274Z, , 15.545542, 0.00, 87.169000
2025-11-15T20:26:47.223465Z, , 14.451712, 100.00, 87.169000
2025-11-15T20:26:47.228657Z, , 17.901748, 100.00, 87.169000
2025-11-15T20:26:47.233842Z, , 17.345595, 0.00, 87.169000
2025-11-15T20:26:47.239036Z, , 16.271727, 0.00, 87.169000
2025-11-15T20:26:47.244249Z, , 27.652606, 0.00, 87.169000
2025-11-15T20:26:47.249552Z, , 16.692841, 100.00, 87.169000
2025-11-15T20:26:47.254761Z, , 15.540664, 0.00, 87.169000
2025-11-15T20:26:47.259946Z, , 14.674158, 0.00, 87.169000
2025-11-15T20:26:47.265158Z, , 14.862779, 0.00, 87.169000
2025-11-15T20:26:47.270461Z, , 16.093548, 0.00, 87.169000
2025-11-15T20:26:47.275738Z, , 12.703019, 0.00, 87.169000
2025-11-15T20:26:47.281003Z, , 13.790232, 0.00, 87.169000
2025-11-15T20:26:47.286281Z, , 13.695283, 0.00, 87.169000
2025-11-15T20:26:47.291548Z, , 12.873836, 0.00, 87.169000
2025-11-15T20:26:47.296825Z, , 12.587020, 0.00, 87.169000
2025-11-15T20:26:47.302110Z, , 11.920016, 0.00, 87.169000
2025-11-15T20:26:47.307369Z, , 13.581207, 0.00, 87.169000
2025-11-15T20:26:47.312661Z, , 11.565136, 0.00, 87.169000
2025-11-15T20:26:47.317928Z, , 13.722563, 0.00, 87.169000
2025-11-15T20:26:47.323216Z, , 14.228577, 0.00, 87.169000
2025-11-15T20:26:47.328658Z, , 15.141094, 0.00, 87.169000
2025-11-15T20:26:47.333870Z, , 13.222501, 0.00, 87.169000
2025-11-15T20:26:47.339076Z, , 14.044762, 0.00, 87.169000
2025-11-15T20:26:47.344269Z, , 16.314634, 0.00, 87.169000
2025-11-15T20:26:47.349457Z, , 13.282631, 0.00, 87.169000
2025-11-15T20:26:47.354834Z, 0xfffffffffffffe00;0x75127d116324;0x75127d117c50;0x75127db330e7;cuCtxGetDevice;0x751270211116;0x75127024f042;0x75127053edc2;0x6475632f3031632f;|, 10.248817, 0.00, 87.169000
2025-11-15T20:26:47.360078Z, , 18.746041, 0.00, 87.169000
2025-11-15T20:26:47.365372Z, , 20.534689, 0.00, 87.169000
2025-11-15T20:26:47.370670Z, , 16.625349, 0.00, 87.169000
2025-11-15T20:26:47.375918Z, , 16.582499, 100.00, 87.169000
2025-11-15T20:26:47.381127Z, , 16.071894, 100.00, 87.169000
2025-11-15T20:26:47.386351Z, , 20.842252, 100.00, 87.169000
2025-11-15T20:26:47.391514Z, , 16.069708, 50.00, 87.169000
2025-11-15T20:26:47.396645Z, , 22.040363, 100.00, 87.169000
2025-11-15T20:26:47.401746Z, , 15.964482, 0.00, 87.169000
2025-11-15T20:26:47.406871Z, , 29.678305, 0.00, 87.169000
2025-11-15T20:26:47.412065Z, , 18.076055, 0.00, 87.169000
2025-11-15T20:26:47.417216Z, , 17.943617, 0.00, 87.169000
2025-11-15T20:26:47.422351Z, , 20.327288, 0.00, 87.169000
2025-11-15T20:26:47.427506Z, , 20.138065, 0.00, 87.169000
2025-11-15T20:26:47.432742Z, , 15.271391, 0.00, 87.169000
2025-11-15T20:26:47.437918Z, , 22.032456, 0.00, 87.169000
2025-11-15T20:26:47.443096Z, , 15.869835, 0.00, 87.169000
2025-11-15T20:26:47.448286Z, , 15.446205, 0.00, 87.169000
2025-11-15T20:26:47.453459Z, , 14.643735, 0.00, 87.169000
2025-11-15T20:26:47.458638Z, , 9.116215, 0.00, 87.169000
2025-11-15T20:26:47.463823Z, , 20.576733, 0.00, 87.169000
2025-11-15T20:26:47.469011Z, , 15.046846, 0.00, 87.169000
2025-11-15T20:26:47.474213Z, , 12.873037, 0.00, 87.169000
2025-11-15T20:26:47.479408Z, , 15.671864, 0.00, 87.169000
2025-11-15T20:26:47.484622Z, , 15.691395, 0.00, 87.169000
2025-11-15T20:26:47.489808Z, , 15.182827, 0.00, 87.169000
2025-11-15T20:26:47.495083Z, , 15.884088, 0.00, 87.169000
2025-11-15T20:26:47.500313Z, , 17.473055, 0.00, 87.169000
2025-11-15T20:26:47.505521Z, , 12.644984, 0.00, 87.169000
2025-11-15T20:26:47.510709Z, , 17.027583, 0.00, 87.169000
2025-11-15T20:26:47.515905Z, , 16.104714, 0.00, 87.169000
2025-11-15T20:26:47.521092Z, , 16.138183, 0.00, 87.169000
2025-11-15T20:26:47.526298Z, , 16.398409, 0.00, 87.169000
2025-11-15T20:26:47.531448Z, , 16.575270, 0.00, 87.169000
2025-11-15T20:26:47.536704Z, , 14.946818, 100.00, 87.169000
2025-11-15T20:26:47.541924Z, , 19.336828, 50.00, 87.169000
2025-11-15T20:26:47.547044Z, , 14.073439, 200.00, 87.169000
2025-11-15T20:26:47.552174Z, , 37.362688, 100.00, 87.169000
2025-11-15T20:26:47.557387Z, , 22.878914, 0.00, 87.169000
2025-11-15T20:26:47.562569Z, , 16.634520, 0.00, 87.169000
2025-11-15T20:26:47.567833Z, , 14.483868, 0.00, 87.169000
2025-11-15T20:26:47.573049Z, , 13.452970, 0.00, 87.169000
2025-11-15T20:26:47.578239Z, , 14.299030, 0.00, 87.169000
2025-11-15T20:26:47.583473Z, , 12.918214, 0.00, 87.169000
2025-11-15T20:26:47.588658Z, , 16.942971, 0.00, 87.169000
2025-11-15T20:26:47.593848Z, , 14.808438, 0.00, 87.169000
2025-11-15T20:26:47.599030Z, , 12.818532, 0.00, 87.169000
2025-11-15T20:26:47.604221Z, , 16.400096, 0.00, 87.169000
2025-11-15T20:26:47.609432Z, , 14.589823, 0.00, 87.169000
2025-11-15T20:26:47.614617Z, , 14.864375, 0.00, 87.169000
2025-11-15T20:26:47.619802Z, , 11.343453, 0.00, 87.169000
2025-11-15T20:26:47.624982Z, , 17.003881, 0.00, 87.169000
2025-11-15T20:26:47.630174Z, , 13.104676, 0.00, 87.169000
2025-11-15T20:26:47.635388Z, , 15.895670, 0.00, 87.169000
2025-11-15T20:26:47.640566Z, , 13.785974, 0.00, 87.169000
2025-11-15T20:26:47.645748Z, , 9.589654, 0.00, 87.169000
2025-11-15T20:26:47.650930Z, , 16.199253, 0.00, 87.169000
2025-11-15T20:26:47.656244Z, , 15.083878, 0.00, 87.169000
2025-11-15T20:26:47.661396Z, , 17.453777, 0.00, 87.169000
2025-11-15T20:26:47.666703Z, , 52.012359, 0.00, 87.169000
2025-11-15T20:26:47.671830Z, , 12.239995, 100.00, 87.169000
2025-11-15T20:26:47.677028Z, , 30.242775, 0.00, 87.169000
2025-11-15T20:26:47.682194Z, , 16.391944, 0.00, 87.169000
2025-11-15T20:26:47.687410Z, , 15.862096, 0.00, 87.169000
2025-11-15T20:26:47.692595Z, , 14.022805, 0.00, 87.169000
2025-11-15T20:26:47.697771Z, , 19.144209, 0.00, 87.169000
2025-11-15T20:26:47.707716Z, 0xfffffffffffffe00;_PyEval_EvalFrameDefault;0x54ce3d;_PyEval_EvalFrameDefault;_PyObject_Call_Prepend;0x5a30c8;_PyObject_MakeTpCall;_PyEval_EvalFrameDefault;0x54ce3d;_PyEval_EvalFrameDefault;0x54ce3d;_PyEval_EvalFrameDefault;_PyObject_Call_Prepend;0x5a30c8;_PyObject_MakeTpCall;_PyEval_EvalFrameDefault;0x54ce3d;_PyEval_EvalFrameDefault;0x54ce3d;_PyEval_EvalFrameDefault;_PyObject_Call_Prepend;0x5a30c8;_PyObject_MakeTpCall;_PyEval_EvalFrameDefault;0x54ce3d;_PyEval_EvalFrameDefault;0x54ce3d;_PyEval_EvalFrameDefault;_PyObject_Call_Prepend;0x5a30c8;_PyObject_MakeTpCall;_PyEval_EvalFrameDefault;0x54ce3d;_PyEval_EvalFrameDefault;0x54ce3d;_PyEval_EvalFrameDefault;_PyObject_Call_Prepend;0x5a30c8;_PyObject_MakeTpCall;_PyEval_EvalFrameDefault;PyEval_EvalCode;0x607fc2;0x6b4393;_PyRun_SimpleFileObject;_PyRun_AnyFileObject;Py_RunMain;Py_BytesMain;__libc_start_call_main;__libc_start_main@@GLIBC_2.34;_start;|, 15.794397, 0.00, 87.169000
2025-11-15T20:26:47.712873Z, , 18.322651, 50.00, 86.747000
2025-11-15T20:26:47.718033Z, , 19.749149, 0.00, 86.747000
2025-11-15T20:26:47.723219Z, , 14.764138, 0.00, 86.747000
2025-11-15T20:26:47.728428Z, , 9.895798, 0.00, 86.747000
2025-11-15T20:26:47.733615Z, , 18.189911, 100.00, 86.747000
2025-11-15T20:26:47.738791Z, , 15.893925, 0.00, 86.747000
2025-11-15T20:26:47.743979Z, , 18.413524, 0.00, 86.747000
2025-11-15T20:26:47.749143Z, , 16.948995, 0.00, 86.747000
2025-11-15T20:26:47.754338Z, , 17.347697, 0.00, 86.747000
2025-11-15T20:26:47.759545Z, , 15.750570, 0.00, 86.747000
2025-11-15T20:26:47.764751Z, , 15.996779, 0.00, 86.747000
2025-11-15T20:26:47.769936Z, , 11.637596, 0.00, 86.747000
2025-11-15T20:26:47.775138Z, , 18.400584, 0.00, 86.747000
2025-11-15T20:26:47.780344Z, , 14.057413, 0.00, 86.747000
2025-11-15T20:26:47.785532Z, , 14.352946, 0.00, 86.747000
2025-11-15T20:26:47.790717Z, , 14.712080, 0.00, 86.747000
2025-11-15T20:26:47.795919Z, , 14.747902, 0.00, 86.747000
2025-11-15T20:26:47.801125Z, , 12.217266, 0.00, 86.747000
2025-11-15T20:26:47.806326Z, , 12.446604, 0.00, 86.747000
2025-11-15T20:26:47.811520Z, , 15.155062, 0.00, 86.747000
2025-11-15T20:26:47.816724Z, , 15.952365, 0.00, 86.747000
2025-11-15T20:26:47.821924Z, , 13.779074, 0.00, 86.747000
2025-11-15T20:26:47.827118Z, , 19.014223, 0.00, 86.747000
2025-11-15T20:26:47.832361Z, , 15.722643, 33.33, 86.747000
2025-11-15T20:26:47.837549Z, , 18.061066, 100.00, 86.747000
2025-11-15T20:26:47.842732Z, , 15.193251, 0.00, 86.747000
2025-11-15T20:26:47.847946Z, , 14.437351, 100.00, 86.747000
2025-11-15T20:26:47.853163Z, , 20.552284, 100.00, 86.747000
2025-11-15T20:26:47.858372Z, , 13.481111, 0.00, 86.747000
2025-11-15T20:26:47.863570Z, , 15.612973, 0.00, 86.747000
2025-11-15T20:26:47.869023Z, , 19.202923, 50.00, 86.747000
2025-11-15T20:26:47.874379Z, , 14.256591, 0.00, 86.747000
2025-11-15T20:26:47.879600Z, , 16.891705, 0.00, 86.747000
2025-11-15T20:26:47.884830Z, , 15.673373, 0.00, 86.747000
2025-11-15T20:26:47.890022Z, , 16.805519, 0.00, 86.747000
2025-11-15T20:26:47.895158Z, , 13.600283, 0.00, 86.747000
2025-11-15T20:26:47.900298Z, , 24.902718, 0.00, 86.747000
2025-11-15T20:26:47.905436Z, , 21.783370, 0.00, 86.747000
2025-11-15T20:26:47.910561Z, , 18.131563, 0.00, 86.747000
2025-11-15T20:26:47.915718Z, , 16.419019, 0.00, 86.747000
2025-11-15T20:26:47.920900Z, , 15.232313, 0.00, 86.747000
2025-11-15T20:26:47.926082Z, , 12.817692, 0.00, 86.747000
2025-11-15T20:26:47.931264Z, , 17.646894, 0.00, 86.747000
2025-11-15T20:26:47.936551Z, , 15.317062, 0.00, 86.747000
2025-11-15T20:26:47.941744Z, , 15.581360, 0.00, 86.747000
2025-11-15T20:26:47.946922Z, , 14.597820, 0.00, 86.747000
2025-11-15T20:26:47.952102Z, , 13.900045, 0.00, 86.747000
2025-11-15T20:26:47.957296Z, , 14.533076, 0.00, 86.747000
2025-11-15T20:26:47.962455Z, , 15.077464, 0.00, 86.747000
2025-11-15T20:26:47.967632Z, , 12.472643, 0.00, 86.747000
2025-11-15T20:26:47.972811Z, , 17.654231, 0.00, 86.747000
2025-11-15T20:26:47.978007Z, , 17.716217, 0.00, 86.747000
2025-11-15T20:26:47.987386Z, 0xfffffffffffffe00;_PyEval_EvalFrameDefault;PyObject_Vectorcall;0x5a379d;PyObject_GetAttr;_PyObject_GetMethod;_PyEval_EvalFrameDefault;0x54ce3d;_PyEval_EvalFrameDefault;0x54ce3d;_PyEval_EvalFrameDefault;_PyObject_Call_Prepend;0x5a30c8;_PyObject_MakeTpCall;_PyEval_EvalFrameDefault;0x54ce3d;_PyEval_EvalFrameDefault;0x54ce3d;_PyEval_EvalFrameDefault;_PyObject_Call_Prepend;0x5a30c8;_PyObject_MakeTpCall;_PyEval_EvalFrameDefault;0x54ce3d;_PyEval_EvalFrameDefault;0x54ce3d;_PyEval_EvalFrameDefault;_PyObject_Call_Prepend;0x5a30c8;_PyObject_MakeTpCall;_PyEval_EvalFrameDefault;PyEval_EvalCode;0x607fc2;0x6b4393;_PyRun_SimpleFileObject;_PyRun_AnyFileObject;Py_RunMain;Py_BytesMain;__libc_start_call_main;__libc_start_main@@GLIBC_2.34;_start;|, 21.729880, 0.00, 86.747000
2025-11-15T20:26:47.992619Z, , 20.944982, 100.00, 86.747000
2025-11-15T20:26:47.997821Z, , 14.951787, 200.00, 86.747000
2025-11-15T20:26:48.003008Z, , 15.745990, 200.00, 86.747000
2025-11-15T20:26:48.008204Z, , 12.825056, 0.00, 86.747000
2025-11-15T20:26:48.013403Z, , 17.143620, 0.00, 86.747000
2025-11-15T20:26:48.018596Z, , 15.832521, 0.00, 86.747000
2025-11-15T20:26:48.023770Z, , 14.992005, 0.00, 86.747000
2025-11-15T20:26:48.028943Z, , 18.140527, 0.00, 86.747000
2025-11-15T20:26:48.034119Z, , 15.590965, 0.00, 86.747000
2025-11-15T20:26:48.039309Z, , 14.439999, 0.00, 86.747000
2025-11-15T20:26:48.044461Z, , 14.622524, 0.00, 86.747000
2025-11-15T20:26:48.049648Z, , 14.799055, 0.00, 86.747000
2025-11-15T20:26:48.054844Z, , 14.837828, 0.00, 86.747000
2025-11-15T20:26:48.060046Z, , 13.044158, 0.00, 86.747000
2025-11-15T20:26:48.065225Z, , 11.363091, 0.00, 86.747000
2025-11-15T20:26:48.070431Z, , 11.147121, 0.00, 86.747000
2025-11-15T20:26:48.075613Z, , 14.259597, 0.00, 86.747000
2025-11-15T20:26:48.080804Z, , 11.620850, 0.00, 86.747000
2025-11-15T20:26:48.085984Z, , 11.463350, 0.00, 86.747000
2025-11-15T20:26:48.091169Z, , 15.657220, 0.00, 86.747000
2025-11-15T20:26:48.096356Z, , 13.069214, 0.00, 86.747000
2025-11-15T20:26:48.101690Z, , 18.229143, 0.00, 86.747000
2025-11-15T20:26:48.106810Z, , 17.178624, 0.00, 86.747000
2025-11-15T20:26:48.112120Z, , 30.977442, 0.00, 86.747000
2025-11-15T20:26:48.117418Z, , 15.042636, 0.00, 86.747000
2025-11-15T20:26:48.122626Z, , 20.182685, 0.00, 86.747000
2025-11-15T20:26:48.127809Z, , 15.301028, 0.00, 86.747000
2025-11-15T20:26:48.133018Z, , 19.698244, 0.00, 86.747000
2025-11-15T20:26:48.138219Z, , 20.964621, 0.00, 86.747000
2025-11-15T20:26:48.143429Z, , 18.842924, 0.00, 86.747000
2025-11-15T20:26:48.148617Z, , 15.992332, 0.00, 86.747000
2025-11-15T20:26:48.153749Z, , 21.960052, 0.00, 86.747000
2025-11-15T20:26:48.158899Z, , 27.369913, 0.00, 86.747000
2025-11-15T20:26:48.164050Z, , 26.337897, 100.00, 86.747000
2025-11-15T20:26:48.169417Z, 0xfffffffffffffe00;pthread_mutex_unlock@@GLIBC_2.2.5;0x751270244263;0x75127023fee0;0x75127024219b;0x751270213d9c;0x751270279f88;0x75120f43c89f;|, 21.860798, 0.00, 86.747000
2025-11-15T20:26:48.174607Z, , 20.275969, 0.00, 86.747000
2025-11-15T20:26:48.179795Z, , 15.437763, 0.00, 86.747000
2025-11-15T20:26:48.184986Z, , 13.905966, 0.00, 86.747000
2025-11-15T20:26:48.190184Z, , 15.623825, 0.00, 86.747000
2025-11-15T20:26:48.195378Z, , 17.317748, 0.00, 86.747000
2025-11-15T20:26:48.200565Z, , 14.935479, 0.00, 86.747000
2025-11-15T20:26:48.205756Z, , 11.636925, 0.00, 86.747000
2025-11-15T20:26:48.210948Z, , 16.731800, 0.00, 87.243000
2025-11-15T20:26:48.216145Z, , 16.028113, 0.00, 87.243000
2025-11-15T20:26:48.221363Z, , 15.475197, 0.00, 87.243000
2025-11-15T20:26:48.226548Z, , 16.539356, 0.00, 87.243000
2025-11-15T20:26:48.231747Z, , 17.281984, 0.00, 87.243000
2025-11-15T20:26:48.236920Z, , 17.314436, 0.00, 87.243000
2025-11-15T20:26:48.242109Z, , 14.057172, 0.00, 87.243000
2025-11-15T20:26:48.247311Z, , 14.674167, 0.00, 87.243000
2025-11-15T20:26:48.252469Z, , 10.922108, 0.00, 87.243000
2025-11-15T20:26:48.257647Z, , 18.127229, 0.00, 87.243000
2025-11-15T20:26:48.262834Z, , 20.792527, 0.00, 87.243000
2025-11-15T20:26:48.268024Z, , 12.518385, 0.00, 87.243000
2025-11-15T20:26:48.273213Z, , 17.873043, 0.00, 87.243000
2025-11-15T20:26:48.278451Z, , 21.190573, 0.00, 87.243000
2025-11-15T20:26:48.283748Z, , 17.542887, 0.00, 87.243000
2025-11-15T20:26:48.289059Z, , 19.553290, 0.00, 87.243000
2025-11-15T20:26:48.294323Z, , 14.072136, 0.00, 87.243000
2025-11-15T20:26:48.299520Z, , 16.919926, 50.00, 87.243000
2025-11-15T20:26:48.304753Z, , 16.193698, 0.00, 87.243000
2025-11-15T20:26:48.310080Z, , 21.238039, 0.00, 87.243000
2025-11-15T20:26:48.315366Z, , 13.788466, 0.00, 87.243000
2025-11-15T20:26:48.320695Z, , 20.745850, 0.00, 87.243000
2025-11-15T20:26:48.325921Z, , 17.090722, 0.00, 87.243000
2025-11-15T20:26:48.331134Z, , 16.340881, 0.00, 87.243000
2025-11-15T20:26:48.336375Z, , 14.258564, 0.00, 87.243000
2025-11-15T20:26:48.341557Z, , 20.050579, 0.00, 87.243000
2025-11-15T20:26:48.346694Z, , 20.320974, 0.00, 87.243000
2025-11-15T20:26:48.351819Z, , 31.652186, 100.00, 87.243000
2025-11-15T20:26:48.356921Z, , 28.742629, 0.00, 87.243000
2025-11-15T20:26:48.362024Z, , 51.964936, 0.00, 87.243000
2025-11-15T20:26:48.367216Z, , 18.463295, 0.00, 87.243000
2025-11-15T20:26:48.372445Z, , 15.644718, 0.00, 87.243000
2025-11-15T20:26:48.377648Z, , 15.898572, 0.00, 87.243000
2025-11-15T20:26:48.382847Z, , 14.678428, 0.00, 87.243000
2025-11-15T20:26:48.388031Z, , 13.934308, 0.00, 87.243000
2025-11-15T20:26:48.393214Z, , 17.745383, 0.00, 87.243000
2025-11-15T20:26:48.398424Z, , 12.013851, 0.00, 87.243000
2025-11-15T20:26:48.403628Z, , 16.591156, 0.00, 87.243000
2025-11-15T20:26:48.408812Z, , 16.090695, 0.00, 87.243000
2025-11-15T20:26:48.414009Z, , 18.093965, 0.00, 87.243000
2025-11-15T20:26:48.419211Z, , 11.732082, 0.00, 87.243000
2025-11-15T20:26:48.424474Z, , 19.180894, 0.00, 87.243000
2025-11-15T20:26:48.429670Z, , 14.641579, 0.00, 87.243000
2025-11-15T20:26:48.434875Z, , 19.297827, 100.00, 87.243000
2025-11-15T20:26:48.440168Z, , 15.683549, 200.00, 87.243000
2025-11-15T20:26:48.445423Z, , 17.993720, 100.00, 87.243000
2025-11-15T20:26:48.450677Z, , 14.225518, 0.00, 87.243000
2025-11-15T20:26:48.455890Z, , 17.515436, 0.00, 87.243000
2025-11-15T20:26:48.461167Z, , 16.094118, 0.00, 87.243000
2025-11-15T20:26:48.466384Z, , 17.138359, 0.00, 87.243000
2025-11-15T20:26:48.471575Z, , 14.924553, 0.00, 87.243000
2025-11-15T20:26:48.476767Z, , 15.422999, 0.00, 87.243000
2025-11-15T20:26:48.481952Z, , 15.961932, 0.00, 87.243000
2025-11-15T20:26:48.487138Z, , 14.350282, 0.00, 87.243000
2025-11-15T20:26:48.492350Z, , 14.853756, 0.00, 87.243000
2025-11-15T20:26:48.497527Z, , 13.316083, 0.00, 87.243000
2025-11-15T20:26:48.502712Z, , 15.997417, 0.00, 87.243000
2025-11-15T20:26:48.507894Z, , 16.434910, 0.00, 87.243000
2025-11-15T20:26:48.513080Z, , 15.956915, 0.00, 87.243000
2025-11-15T20:26:48.518285Z, , 12.461485, 0.00, 87.243000
2025-11-15T20:26:48.523464Z, , 11.896061, 0.00, 87.243000
2025-11-15T20:26:48.528668Z, , 12.274841, 0.00, 87.243000
2025-11-15T20:26:48.533872Z, , 11.348863, 0.00, 87.243000
2025-11-15T20:26:48.539050Z, , 17.182051, 0.00, 87.243000
2025-11-15T20:26:48.544238Z, , 9.875878, 0.00, 87.243000
2025-11-15T20:26:48.549450Z, , 20.781122, 0.00, 87.243000
2025-11-15T20:26:48.554638Z, , 14.842022, 0.00, 87.243000
2025-11-15T20:26:48.559816Z, , 11.152306, 0.00, 87.243000
2025-11-15T20:26:48.565005Z, , 17.634021, 0.00, 87.243000
2025-11-15T20:26:48.570194Z, , 14.183165, 50.00, 87.243000
2025-11-15T20:26:48.575300Z, , 19.302172, 100.00, 87.243000
2025-11-15T20:26:48.580532Z, , 26.026809, 0.00, 87.243000
2025-11-15T20:26:48.585851Z, , 15.868469, 50.00, 87.243000
2025-11-15T20:26:48.591090Z, , 18.661305, 0.00, 87.243000
2025-11-15T20:26:48.596299Z, , 15.732930, 0.00, 87.243000
2025-11-15T20:26:48.601516Z, , 17.341542, 0.00, 87.243000
2025-11-15T20:26:48.606726Z, , 13.519971, 0.00, 87.243000
2025-11-15T20:26:48.611917Z, , 17.452409, 0.00, 87.243000
2025-11-15T20:26:48.617125Z, , 16.080644, 0.00, 87.243000
2025-11-15T20:26:48.622353Z, , 16.853555, 0.00, 87.243000
2025-11-15T20:26:48.627561Z, , 14.064371, 0.00, 87.243000
2025-11-15T20:26:48.632753Z, , 16.371953, 0.00, 87.243000
2025-11-15T20:26:48.637956Z, , 13.210369, 0.00, 87.243000
2025-11-15T20:26:48.643136Z, , 12.379636, 0.00, 87.243000
2025-11-15T20:26:48.648342Z, , 19.283450, 0.00, 87.243000
2025-11-15T20:26:48.653751Z, , 12.154049, 0.00, 87.243000
2025-11-15T20:26:48.659051Z, , 17.447143, 0.00, 87.243000
2025-11-15T20:26:48.664273Z, , 10.835433, 0.00, 87.243000
2025-11-15T20:26:48.669470Z, , 18.678374, 0.00, 87.243000
2025-11-15T20:26:48.674664Z, , 18.104132, 0.00, 87.243000
2025-11-15T20:26:48.679995Z, , 16.519745, 0.00, 87.243000
2025-11-15T20:26:48.685232Z, , 16.143956, 100.00, 87.243000
2025-11-15T20:26:48.690379Z, , 19.591948, 100.00, 87.243000
2025-11-15T20:26:48.695626Z, , 32.698349, 100.00, 87.243000
2025-11-15T20:26:48.700804Z, , 17.226579, 200.00, 87.243000
2025-11-15T20:26:48.705986Z, , 23.731197, 0.00, 87.243000
2025-11-15T20:26:48.712513Z, 0xfffffffffffffe00;0x574c76;_PyEval_EvalFrameDefault;PyEval_EvalCode;0x607fc2;0x6b4393;_PyRun_SimpleFileObject;_PyRun_AnyFileObject;Py_RunMain;Py_BytesMain;__libc_start_call_main;__libc_start_main@@GLIBC_2.34;_start;|, 21.308615, 0.00, 89.948000
2025-11-15T20:26:48.717755Z, , 18.049720, 0.00, 89.948000
2025-11-15T20:26:48.722858Z, , 13.150825, 0.00, 89.948000
2025-11-15T20:26:48.728062Z, , 37.577177, 0.00, 89.948000
2025-11-15T20:26:48.733254Z, , 16.904651, 0.00, 89.948000
2025-11-15T20:26:48.738424Z, , 17.025822, 0.00, 89.948000
2025-11-15T20:26:48.743618Z, , 17.960003, 0.00, 89.948000
2025-11-15T20:26:48.748824Z, , 16.462965, 0.00, 89.948000
2025-11-15T20:26:48.754029Z, , 12.027799, 0.00, 89.948000
2025-11-15T20:26:48.759208Z, , 13.680137, 0.00, 89.948000
2025-11-15T20:26:48.764423Z, , 18.165839, 0.00, 89.948000
2025-11-15T20:26:48.769623Z, , 15.120657, 0.00, 89.948000
2025-11-15T20:26:48.774813Z, , 19.043759, 0.00, 89.948000
2025-11-15T20:26:48.780011Z, , 13.967974, 0.00, 89.948000
2025-11-15T20:26:48.785202Z, , 14.109486, 0.00, 89.948000
2025-11-15T20:26:48.790437Z, , 17.013258, 0.00, 89.948000
2025-11-15T20:26:48.795641Z, , 12.881659, 0.00, 89.948000
2025-11-15T20:26:48.800819Z, , 13.685294, 0.00, 89.948000
2025-11-15T20:26:48.805998Z, , 15.136894, 0.00, 89.948000
2025-11-15T20:26:48.811178Z, , 15.693543, 0.00, 89.948000
2025-11-15T20:26:48.816475Z, , 17.743381, 50.00, 89.948000
2025-11-15T20:26:48.821773Z, , 18.731933, 50.00, 89.948000
2025-11-15T20:26:48.826983Z, , 17.224474, 100.00, 89.948000
2025-11-15T20:26:48.832257Z, , 18.183802, 100.00, 89.948000
2025-11-15T20:26:48.837506Z, , 20.915632, 100.00, 89.948000
2025-11-15T20:26:48.842695Z, , 17.159858, 200.00, 89.948000
2025-11-15T20:26:48.847905Z, , 12.901604, 0.00, 89.948000
2025-11-15T20:26:48.853095Z, , 14.754345, 0.00, 89.948000
2025-11-15T20:26:48.858298Z, , 20.158902, 0.00, 89.948000
2025-11-15T20:26:48.863499Z, , 14.485030, 0.00, 89.948000
2025-11-15T20:26:48.868695Z, , 15.060733, 0.00, 89.948000
2025-11-15T20:26:48.873879Z, , 15.411200, 0.00, 89.948000
2025-11-15T20:26:48.879061Z, , 17.433577, 0.00, 89.948000
2025-11-15T20:26:48.884242Z, , 13.660096, 0.00, 89.948000
2025-11-15T20:26:48.889444Z, , 14.503975, 0.00, 89.948000
2025-11-15T20:26:48.894650Z, , 11.916096, 0.00, 89.948000
2025-11-15T20:26:48.899836Z, , 16.216795, 0.00, 89.948000
2025-11-15T20:26:48.905034Z, , 17.226767, 0.00, 89.948000
2025-11-15T20:26:48.910217Z, , 11.482312, 0.00, 89.948000
2025-11-15T20:26:48.915435Z, , 17.523880, 0.00, 89.948000
2025-11-15T20:26:48.920618Z, , 15.669384, 0.00, 89.948000
2025-11-15T20:26:48.925799Z, , 16.233581, 0.00, 89.948000
2025-11-15T20:26:48.930991Z, , 15.099403, 0.00, 89.948000
2025-11-15T20:26:48.936190Z, , 13.514567, 0.00, 89.948000
2025-11-15T20:26:48.941379Z, , 16.242143, 0.00, 89.948000
2025-11-15T20:26:48.946611Z, , 11.806037, 0.00, 89.948000
2025-11-15T20:26:48.951917Z, 0xfffffffffffffe00;__tls_get_addr;0x441c5ab0;0x100000007;0x75127015c170;0x85e38058b4818;|, 14.698900, 100.00, 89.948000
2025-11-15T20:26:48.957124Z, , 17.479117, 50.00, 89.948000
2025-11-15T20:26:48.962332Z, , 15.904197, 0.00, 89.948000
2025-11-15T20:26:48.967605Z, , 16.691290, 0.00, 89.948000
2025-11-15T20:26:48.972939Z, , 15.923678, 0.00, 89.948000
2025-11-15T20:26:48.978141Z, , 18.092421, 0.00, 89.948000
2025-11-15T20:26:48.983314Z, , 12.939725, 0.00, 89.948000
2025-11-15T20:26:48.988513Z, , 27.760646, 100.00, 89.948000
2025-11-15T20:26:48.993706Z, , 21.644223, 100.00, 89.948000
2025-11-15T20:26:48.998949Z, , 16.711614, 0.00, 89.948000
2025-11-15T20:26:49.004096Z, , 18.755832, 0.00, 89.948000
2025-11-15T20:26:49.009207Z, , 19.499417, 0.00, 89.948000
2025-11-15T20:26:49.014351Z, , 49.688117, 50.00, 89.948000
2025-11-15T20:26:49.019470Z, , 53.591779, 0.00, 89.948000
2025-11-15T20:26:49.024612Z, , 34.748812, 0.00, 89.948000
2025-11-15T20:26:49.029758Z, , 17.453335, 0.00, 89.948000
2025-11-15T20:26:49.034947Z, , 12.559075, 0.00, 89.948000
2025-11-15T20:26:49.040161Z, , 20.117737, 0.00, 89.948000
2025-11-15T20:26:49.045357Z, , 14.466806, 0.00, 89.948000
2025-11-15T20:26:49.050566Z, , 13.793568, 0.00, 89.948000
2025-11-15T20:26:49.055746Z, , 15.755300, 0.00, 89.948000
2025-11-15T20:26:49.060954Z, , 16.445695, 0.00, 89.948000
2025-11-15T20:26:49.066153Z, , 12.743693, 0.00, 89.948000
2025-11-15T20:26:49.071370Z, , 19.075582, 0.00, 89.948000
2025-11-15T20:26:49.076543Z, , 17.523171, 0.00, 89.948000
2025-11-15T20:26:49.081720Z, , 14.972873, 0.00, 89.948000
2025-11-15T20:26:49.086894Z, , 16.612527, 0.00, 89.948000
2025-11-15T20:26:49.092069Z, , 16.076231, 0.00, 89.948000
2025-11-15T20:26:49.097246Z, , 17.622961, 0.00, 89.948000
2025-11-15T20:26:49.102550Z, , 15.066149, 0.00, 89.948000
2025-11-15T20:26:49.107793Z, , 15.261334, 0.00, 89.948000
2025-11-15T20:26:49.112988Z, , 12.113256, 0.00, 89.948000
2025-11-15T20:26:49.118192Z, , 12.720683, 0.00, 89.948000
2025-11-15T20:26:49.123390Z, , 15.878448, 0.00, 89.948000
2025-11-15T20:26:49.128576Z, , 15.280914, 0.00, 89.948000
2025-11-15T20:26:49.133694Z, , 17.370750, 0.00, 89.948000
2025-11-15T20:26:49.138999Z, , 39.314463, 0.00, 89.948000
2025-11-15T20:26:49.144236Z, , 18.554657, 100.00, 89.948000
2025-11-15T20:26:49.149442Z, , 16.580128, 50.00, 89.948000
2025-11-15T20:26:49.154625Z, , 15.663378, 100.00, 89.948000
2025-11-15T20:26:49.159827Z, , 15.899112, 0.00, 89.948000
2025-11-15T20:26:49.165027Z, , 21.394708, 0.00, 89.948000
2025-11-15T20:26:49.170220Z, , 11.780533, 0.00, 89.948000
2025-11-15T20:26:49.175414Z, , 17.690197, 0.00, 89.948000
2025-11-15T20:26:49.180614Z, , 8.996186, 0.00, 89.948000
2025-11-15T20:26:49.185831Z, , 16.386369, 0.00, 89.948000
2025-11-15T20:26:49.191013Z, , 16.591175, 0.00, 89.948000
2025-11-15T20:26:49.196211Z, , 20.358194, 0.00, 89.948000
2025-11-15T20:26:49.201438Z, , 14.133812, 0.00, 89.948000
2025-11-15T20:26:49.206633Z, , 17.407204, 0.00, 86.557000
2025-11-15T20:26:49.211837Z, , 15.850616, 0.00, 86.557000
2025-11-15T20:26:49.217039Z, , 13.734881, 0.00, 86.557000
2025-11-15T20:26:49.222224Z, , 14.201007, 0.00, 86.557000
2025-11-15T20:26:49.227414Z, , 16.099869, 0.00, 86.557000
2025-11-15T20:26:49.232612Z, , 17.836887, 0.00, 86.557000
2025-11-15T20:26:49.237794Z, , 13.846852, 0.00, 86.557000
2025-11-15T20:26:49.242979Z, , 16.863943, 0.00, 86.557000
2025-11-15T20:26:49.248174Z, , 15.683304, 0.00, 86.557000
2025-11-15T20:26:49.253522Z, 0xfffffffffffffe00;0x75124abc7ed4;0x75120e67129e;0x7fffb421ca20;0x75121145d78e;0x905fe0c57c717019;0x722e005f31547044;|, 12.888271, 100.00, 86.557000
2025-11-15T20:26:49.258784Z, , 21.196803, 50.00, 86.557000
2025-11-15T20:26:49.267035Z, , 15.529236, 50.00, 86.557000
2025-11-15T20:26:49.272298Z, , 21.127180, 0.00, 86.557000
2025-11-15T20:26:49.277473Z, , 15.970176, 0.00, 86.557000
2025-11-15T20:26:49.282666Z, , 14.539580, 0.00, 86.557000
2025-11-15T20:26:49.287855Z, , 20.179411, 0.00, 86.557000
2025-11-15T20:26:49.293079Z, , 16.289357, 0.00, 86.557000
2025-11-15T20:26:49.298250Z, , 15.846412, 0.00, 86.557000
2025-11-15T20:26:49.303440Z, , 16.067908, 0.00, 86.557000
2025-11-15T20:26:49.308625Z, , 16.441903, 0.00, 86.557000
2025-11-15T20:26:49.313762Z, , 13.691192, 0.00, 86.557000
2025-11-15T20:26:49.318963Z, , 21.407936, 0.00, 86.557000
2025-11-15T20:26:49.324218Z, , 23.466949, 0.00, 86.557000
2025-11-15T20:26:49.329462Z, , 18.204402, 0.00, 86.557000
2025-11-15T20:26:49.334620Z, , 17.296301, 0.00, 86.557000
2025-11-15T20:26:49.339765Z, , 16.837926, 100.00, 86.557000
2025-11-15T20:26:49.344882Z, , 25.760544, 100.00, 86.557000
2025-11-15T20:26:49.350052Z, , 19.260440, 0.00, 86.557000
2025-11-15T20:26:49.355249Z, , 15.097920, 0.00, 86.557000
2025-11-15T20:26:49.360619Z, , 15.704302, 0.00, 86.557000
2025-11-15T20:26:49.365867Z, , 14.077037, 0.00, 86.557000
2025-11-15T20:26:49.371068Z, , 10.985907, 0.00, 86.557000
2025-11-15T20:26:49.376272Z, , 20.779076, 0.00, 86.557000
2025-11-15T20:26:49.381486Z, , 11.311990, 0.00, 86.557000
2025-11-15T20:26:49.386675Z, , 17.312130, 0.00, 86.557000
2025-11-15T20:26:49.391869Z, , 15.985540, 0.00, 86.557000
2025-11-15T20:26:49.397057Z, , 15.614464, 0.00, 86.557000
2025-11-15T20:26:49.402239Z, , 13.910324, 0.00, 86.557000
2025-11-15T20:26:49.407445Z, , 9.930580, 0.00, 86.557000
2025-11-15T20:26:49.412635Z, , 19.456027, 0.00, 86.557000
2025-11-15T20:26:49.417817Z, , 10.986397, 0.00, 86.557000
2025-11-15T20:26:49.422992Z, , 17.317200, 0.00, 86.557000
2025-11-15T20:26:49.428186Z, , 11.675414, 0.00, 86.557000
2025-11-15T20:26:49.433391Z, , 13.923560, 0.00, 86.557000
2025-11-15T20:26:49.438614Z, , 11.168339, 0.00, 86.557000
2025-11-15T20:26:49.446670Z, 0xfffffffffffffe00;_PyEval_EvalFrameDefault;0x54ce3d;_PyEval_EvalFrameDefault;_PyObject_Call_Prepend;0x5a30c8;_PyObject_MakeTpCall;_PyEval_EvalFrameDefault;0x54ce3d;_PyEval_EvalFrameDefault;0x54ce3d;_PyEval_EvalFrameDefault;_PyObject_Call_Prepend;0x5a30c8;_PyObject_MakeTpCall;_PyEval_EvalFrameDefault;PyEval_EvalCode;0x607fc2;0x6b4393;_PyRun_SimpleFileObject;_PyRun_AnyFileObject;Py_RunMain;Py_BytesMain;__libc_start_call_main;__libc_start_main@@GLIBC_2.34;_start;|, 17.978431, 0.00, 86.557000
2025-11-15T20:26:49.451918Z, , 18.291332, 33.33, 86.557000
2025-11-15T20:26:49.457140Z, , 14.207185, 100.00, 86.557000
2025-11-15T20:26:49.462376Z, , 14.837892, 0.00, 86.557000
2025-11-15T20:26:49.467571Z, , 15.690925, 100.00, 86.557000
2025-11-15T20:26:49.472914Z, , 10.216862, 0.00, 86.557000
2025-11-15T20:26:49.478152Z, , 19.435869, 0.00, 86.557000
2025-11-15T20:26:49.483361Z, , 12.946508, 0.00, 86.557000
2025-11-15T20:26:49.488558Z, , 16.795667, 0.00, 86.557000
2025-11-15T20:26:49.493749Z, , 13.626388, 0.00, 86.557000
2025-11-15T20:26:49.498940Z, , 15.351916, 0.00, 86.557000
2025-11-15T20:26:49.504124Z, , 16.680672, 0.00, 86.557000
2025-11-15T20:26:49.509306Z, , 12.629294, 0.00, 86.557000
2025-11-15T20:26:49.514492Z, , 16.197552, 0.00, 86.557000
2025-11-15T20:26:49.519676Z, , 16.924641, 0.00, 86.557000
2025-11-15T20:26:49.524859Z, , 16.451538, 0.00, 86.557000
2025-11-15T20:26:49.530067Z, , 13.270267, 0.00, 86.557000
2025-11-15T20:26:49.535250Z, , 16.147349, 0.00, 86.557000
2025-11-15T20:26:49.540449Z, , 15.533958, 0.00, 86.557000
2025-11-15T20:26:49.545647Z, , 16.154438, 0.00, 86.557000
2025-11-15T20:26:49.550832Z, , 15.108069, 0.00, 86.557000
2025-11-15T20:26:49.556035Z, , 11.995787, 0.00, 86.557000
2025-11-15T20:26:49.561228Z, , 23.004310, 0.00, 86.557000
2025-11-15T20:26:49.566371Z, , 21.486152, 0.00, 86.557000
2025-11-15T20:26:49.571933Z, , 39.097570, 0.00, 86.557000
2025-11-15T20:26:49.577464Z, 0xfffffffffffffe00;0x75125dd82a90;0x7fffb421f628;0x5000000000000000;|, 18.336335, 0.00, 86.557000
2025-11-15T20:26:49.582884Z, , 13.663888, 0.00, 86.557000
2025-11-15T20:26:49.588395Z, , 15.284105, 0.00, 86.557000
2025-11-15T20:26:49.593857Z, , 18.033762, 0.00, 86.557000
2025-11-15T20:26:49.599283Z, , 12.279930, 0.00, 86.557000
2025-11-15T20:26:49.604753Z, , 16.837072, 0.00, 86.557000
2025-11-15T20:26:49.610144Z, , 16.236264, 0.00, 86.557000
2025-11-15T20:26:49.615435Z, , 14.030132, 0.00, 86.557000
2025-11-15T20:26:49.620699Z, , 16.986980, 0.00, 86.557000
2025-11-15T20:26:49.625964Z, , 16.296543, 0.00, 86.557000
2025-11-15T20:26:49.631233Z, , 11.954838, 0.00, 86.557000
2025-11-15T20:26:49.636519Z, , 14.758110, 0.00, 86.557000
2025-11-15T20:26:49.641787Z, , 14.849397, 0.00, 86.557000
2025-11-15T20:26:49.647051Z, , 12.711323, 0.00, 86.557000
2025-11-15T20:26:49.652330Z, , 11.541438, 0.00, 86.557000
2025-11-15T20:26:49.657786Z, , 16.087749, 0.00, 86.557000
2025-11-15T20:26:49.662916Z, , 24.722602, 0.00, 86.557000
2025-11-15T20:26:49.668127Z, , 29.261033, 0.00, 86.557000
2025-11-15T20:26:49.673342Z, , 15.232963, 0.00, 86.557000
2025-11-15T20:26:49.678749Z, , 18.252886, 0.00, 86.557000
2025-11-15T20:26:49.684013Z, , 18.129956, 0.00, 86.557000
2025-11-15T20:26:49.689224Z, , 36.907493, 0.00, 86.557000
2025-11-15T20:26:49.694509Z, , 18.212009, 100.00, 86.557000
2025-11-15T20:26:49.699818Z, , 20.221335, 0.00, 86.557000
2025-11-15T20:26:49.705102Z, , 15.551731, 0.00, 86.557000
2025-11-15T20:26:49.710312Z, , 13.527715, 0.00, 90.022000
2025-11-15T20:26:49.715508Z, , 15.319992, 0.00, 90.022000
2025-11-15T20:26:49.720702Z, , 11.968780, 0.00, 90.022000
2025-11-15T20:26:49.725890Z, , 15.940686, 0.00, 90.022000
2025-11-15T20:26:49.731071Z, , 16.781581, 0.00, 90.022000
2025-11-15T20:26:49.736326Z, , 11.925964, 0.00, 90.022000
2025-11-15T20:26:49.741524Z, , 16.893270, 0.00, 90.022000
2025-11-15T20:26:49.746708Z, , 12.884004, 0.00, 90.022000
2025-11-15T20:26:49.751905Z, , 14.541412, 0.00, 90.022000
2025-11-15T20:26:49.757103Z, , 18.733964, 0.00, 90.022000
2025-11-15T20:26:49.762299Z, , 15.010218, 0.00, 90.022000
2025-11-15T20:26:49.767452Z, , 14.152455, 0.00, 90.022000
2025-11-15T20:26:49.772640Z, , 11.008310, 0.00, 90.022000
2025-11-15T20:26:49.777871Z, , 15.810183, 0.00, 90.022000
2025-11-15T20:26:49.783087Z, , 19.159210, 0.00, 90.022000
2025-11-15T20:26:49.788273Z, , 14.550945, 0.00, 90.022000
2025-11-15T20:26:49.793454Z, , 13.172426, 0.00, 90.022000
2025-11-15T20:26:49.798691Z, , 14.312132, 0.00, 90.022000
2025-11-15T20:26:49.804195Z, 0xfffffffffffffe00;0x75127d116229;0x75127d117c50;0x75127db330e7;cuCtxGetDevice;0x751270211116;0x75127024f042;0x75127053edc2;0x6475632f3031632f;|, 16.792204, 100.00, 90.022000
2025-11-15T20:26:49.809601Z, , 12.413590, 33.33, 90.022000
2025-11-15T20:26:49.814923Z, , 20.489144, 100.00, 90.022000
2025-11-15T20:26:49.820201Z, , 17.199975, 50.00, 90.022000
2025-11-15T20:26:49.825393Z, , 18.050619, 0.00, 90.022000
2025-11-15T20:26:49.830515Z, , 30.157860, 0.00, 90.022000
2025-11-15T20:26:49.835671Z, , 32.823592, 0.00, 90.022000
2025-11-15T20:26:49.840871Z, , 19.376047, 0.00, 90.022000
2025-11-15T20:26:49.846072Z, , 16.073902, 0.00, 90.022000
2025-11-15T20:26:49.851285Z, , 14.393426, 0.00, 90.022000
2025-11-15T20:26:49.856499Z, , 14.038964, 0.00, 90.022000
2025-11-15T20:26:49.861710Z, , 16.864383, 0.00, 90.022000
2025-11-15T20:26:49.866909Z, , 14.630015, 0.00, 90.022000
2025-11-15T20:26:49.872097Z, , 11.772075, 0.00, 90.022000
2025-11-15T20:26:49.877302Z, , 15.824594, 0.00, 90.022000
2025-11-15T20:26:49.882459Z, , 14.223829, 0.00, 90.022000
2025-11-15T20:26:49.887651Z, , 14.645060, 0.00, 90.022000
2025-11-15T20:26:49.892848Z, , 15.122023, 0.00, 90.022000
2025-11-15T20:26:49.898060Z, , 13.475723, 0.00, 90.022000
2025-11-15T20:26:49.903250Z, , 11.742353, 0.00, 90.022000
2025-11-15T20:26:49.908465Z, , 15.973545, 0.00, 90.022000
2025-11-15T20:26:49.913655Z, , 13.240122, 0.00, 90.022000
2025-11-15T20:26:49.918885Z, , 12.611072, 0.00, 90.022000
2025-11-15T20:26:49.924088Z, , 11.864687, 0.00, 90.022000
2025-11-15T20:26:49.929277Z, , 17.219500, 0.00, 90.022000
2025-11-15T20:26:49.934455Z, , 15.294535, 0.00, 90.022000
2025-11-15T20:26:49.939703Z, , 15.125507, 0.00, 90.022000
2025-11-15T20:26:49.944945Z, , 16.179174, 0.00, 90.022000
2025-11-15T20:26:49.950224Z, , 16.095171, 100.00, 90.022000
2025-11-15T20:26:49.955381Z, , 15.594783, 50.00, 90.022000
2025-11-15T20:26:49.960651Z, , 45.405649, 0.00, 90.022000
2025-11-15T20:26:49.965988Z, , 15.396087, 0.00, 90.022000
2025-11-15T20:26:49.971252Z, , 17.800748, 50.00, 90.022000
2025-11-15T20:26:49.976463Z, , 18.290725, 0.00, 90.022000
2025-11-15T20:26:49.981636Z, , 17.496119, 0.00, 90.022000
2025-11-15T20:26:49.986756Z, , 18.445602, 0.00, 90.022000
2025-11-15T20:26:49.991909Z, , 28.672534, 0.00, 90.022000
2025-11-15T20:26:49.997092Z, , 25.226904, 0.00, 90.022000
2025-11-15T20:26:50.002296Z, , 16.927548, 0.00, 90.022000
2025-11-15T20:26:50.007545Z, , 17.863070, 0.00, 90.022000
2025-11-15T20:26:50.012876Z, , 17.231196, 0.00, 90.022000
2025-11-15T20:26:50.018186Z, , 17.195856, 0.00, 90.022000
2025-11-15T20:26:50.023494Z, , 14.253484, 0.00, 90.022000
2025-11-15T20:26:50.028703Z, , 20.946637, 0.00, 90.022000
2025-11-15T20:26:50.033986Z, , 16.879574, 0.00, 90.022000
2025-11-15T20:26:50.039189Z, , 17.434730, 0.00, 90.022000
2025-11-15T20:26:50.044378Z, , 23.175230, 0.00, 90.022000
2025-11-15T20:26:50.049547Z, , 17.736216, 0.00, 90.022000
2025-11-15T20:26:50.054730Z, , 15.526497, 100.00, 90.022000
2025-11-15T20:26:50.059910Z, , 17.240475, 0.00, 90.022000
2025-11-15T20:26:50.065082Z, , 15.522539, 0.00, 90.022000
2025-11-15T20:26:50.070269Z, , 14.599131, 0.00, 90.022000
2025-11-15T20:26:50.075468Z, , 14.657955, 0.00, 90.022000
2025-11-15T20:26:50.080645Z, , 15.178697, 0.00, 90.022000
2025-11-15T20:26:50.085880Z, , 15.162898, 0.00, 90.022000
2025-11-15T20:26:50.091099Z, , 7.387277, 0.00, 90.022000
2025-11-15T20:26:50.096278Z, , 17.394933, 0.00, 90.022000
2025-11-15T20:26:50.101437Z, , 17.637657, 0.00, 90.022000
2025-11-15T20:26:50.106627Z, , 11.524622, 0.00, 90.022000
2025-11-15T20:26:50.111886Z, , 14.778930, 0.00, 90.022000
2025-11-15T20:26:50.117079Z, , 11.668012, 0.00, 90.022000
2025-11-15T20:26:50.122287Z, , 16.163513, 0.00, 90.022000
2025-11-15T20:26:50.127487Z, , 17.148910, 0.00, 90.022000
2025-11-15T20:26:50.132670Z, , 11.464420, 0.00, 90.022000
2025-11-15T20:26:50.137849Z, , 16.392158, 0.00, 90.022000
2025-11-15T20:26:50.143033Z, , 15.673799, 0.00, 90.022000
2025-11-15T20:26:50.148237Z, , 12.314525, 0.00, 90.022000
2025-11-15T20:26:50.153774Z, 0xfffffffffffffe00;0x75127d158b92;0x75127d10d695;0x75127d117c50;0x75127dcae696;0x7510c200ae65;0x7510bfe41294;0x7510bfe41bc3;0x75110c3caf90;0x75110c3caf90;0x7510bf3e8334;0x7510bf3e902c;0x7510bf409259;0x75110c3caf90;0x75110c371db7;0x75110c371ee6;0x75120d608be4;0x75120e6a4830;0x75120e6abe2b;0x75120e6ace60;0x75120e68f14d;0x75120e68f5c6;0x751210dadeab;0x751210dadf77;0x75124bce7844;0x75124aff2c8e;0x75124c10515c;0x229d3eb0;0x0;0x751270166b30;0x2de907894810c083;|, 18.040438, 0.00, 90.022000
2025-11-15T20:26:50.159077Z, , 18.752365, 0.00, 90.022000
2025-11-15T20:26:50.164387Z, , 44.104087, 0.00, 90.022000
2025-11-15T20:26:50.169588Z, , 18.229853, 0.00, 90.022000
2025-11-15T20:26:50.174709Z, , 15.430017, 0.00, 90.022000
2025-11-15T20:26:50.179821Z, , 32.611163, 0.00, 90.022000
2025-11-15T20:26:50.185035Z, , 21.566857, 0.00, 90.022000
2025-11-15T20:26:50.190147Z, , 16.133608, 0.00, 90.022000
2025-11-15T20:26:50.195443Z, , 32.253390, 0.00, 90.022000
2025-11-15T20:26:50.200663Z, , 16.423930, 0.00, 90.022000
2025-11-15T20:26:50.205863Z, , 12.928161, 0.00, 90.022000
2025-11-15T20:26:50.211059Z, , 14.440876, 0.00, 86.094000
2025-11-15T20:26:50.216263Z, , 15.389480, 0.00, 86.094000
2025-11-15T20:26:50.221468Z, , 15.207666, 0.00, 86.094000
2025-11-15T20:26:50.226662Z, , 14.202773, 0.00, 86.094000
2025-11-15T20:26:50.231851Z, , 12.308310, 0.00, 86.094000
2025-11-15T20:26:50.237045Z, , 11.863085, 0.00, 86.094000
2025-11-15T20:26:50.242227Z, , 15.601425, 0.00, 86.094000
2025-11-15T20:26:50.247431Z, , 14.306858, 0.00, 86.094000
2025-11-15T20:26:50.252651Z, , 12.180885, 0.00, 86.094000
2025-11-15T20:26:50.257848Z, , 15.283576, 0.00, 86.094000
2025-11-15T20:26:50.263042Z, , 17.379797, 0.00, 86.094000
2025-11-15T20:26:50.268230Z, , 18.902232, 0.00, 86.094000
2025-11-15T20:26:50.273447Z, , 14.310088, 0.00, 86.094000
2025-11-15T20:26:50.278764Z, , 18.253295, 0.00, 86.094000
2025-11-15T20:26:50.284108Z, , 26.358664, 0.00, 86.094000
2025-11-15T20:26:50.289281Z, , 99.588148, 0.00, 86.094000
2025-11-15T20:26:50.294523Z, 0xfffffffffffffe00;0x751210c86850;0x751210d151c4;0x7fffb421dc38;|, 98.381181, 25.00, 86.094000
2025-11-15T20:26:50.299739Z, , 129.997669, 14.29, 86.094000
2025-11-15T20:26:50.304895Z, , 139.291723, 16.67, 86.094000
2025-11-15T20:26:50.310084Z, , 115.669026, 25.00, 86.094000
2025-11-15T20:26:50.315217Z, , 78.038580, 33.33, 86.094000
2025-11-15T20:26:50.320376Z, , 62.075732, 50.00, 86.094000
2025-11-15T20:26:50.325506Z, , 59.489760, 100.00, 86.094000
2025-11-15T20:26:50.330635Z, , 81.483130, 33.33, 86.094000
2025-11-15T20:26:50.335774Z, , 39.885994, 100.00, 86.094000
2025-11-15T20:26:50.340895Z, , 43.112191, 0.00, 86.094000
2025-11-15T20:26:50.346039Z, , 26.364707, 0.00, 86.094000
2025-11-15T20:26:50.351144Z, , 45.043289, 0.00, 86.094000
2025-11-15T20:26:50.356294Z, , 52.968671, 100.00, 86.094000
2025-11-15T20:26:50.362472Z, , 49.233807, 50.00, 86.094000
2025-11-15T20:26:50.367608Z, , 32.490382, 0.00, 86.094000
2025-11-15T20:26:50.372733Z, , 17.193895, 0.00, 86.094000
2025-11-15T20:26:50.377842Z, , 38.300945, 0.00, 86.094000
2025-11-15T20:26:50.382967Z, , 22.503511, 0.00, 86.094000
2025-11-15T20:26:50.388149Z, , 14.894893, 0.00, 86.094000
2025-11-15T20:26:50.393395Z, , 12.792103, 0.00, 86.094000
2025-11-15T20:26:50.398639Z, , 13.573423, 0.00, 86.094000
2025-11-15T20:26:50.403869Z, , 9.111178, 0.00, 86.094000
2025-11-15T20:26:50.409268Z, , 14.718771, 0.00, 86.094000
2025-11-15T20:26:50.414705Z, , 10.356727, 0.00, 86.094000
2025-11-15T20:26:50.420032Z, , 23.987944, 0.00, 86.094000
2025-11-15T20:26:50.425200Z, , 11.964649, 0.00, 86.094000
2025-11-15T20:26:50.430378Z, , 37.802286, 0.00, 86.094000
2025-11-15T20:26:50.435609Z, , 21.633147, 0.00, 86.094000
2025-11-15T20:26:50.440805Z, , 15.699425, 0.00, 86.094000
2025-11-15T20:26:50.446018Z, , 15.102608, 0.00, 86.094000
2025-11-15T20:26:50.451197Z, , 15.584830, 0.00, 86.094000
2025-11-15T20:26:50.456389Z, , 19.337273, 0.00, 86.094000
2025-11-15T20:26:50.461577Z, , 15.364891, 0.00, 86.094000
2025-11-15T20:26:50.467173Z, 0xfffffffffffffe00;0x75127d3559c9;0x75127d155ca7;0x75127d116cd0;0x75127d117353;0x75127d117c50;0x75127e7b93e3;0x75127d9c9ad5;0x75127d9d5a28;0x75127d9d63ce;0x75127dba98e8;cuLaunchKernel;0x7510c1fcf836;0x7510c2037798;0x7510bf83c1f5;0x7510bf82dd3a;0x7510bf813c9b;0x7510bf8200c0;0x7510bf3e8100;0x7510bf3e8849;0x7510bf3e902c;0x7510bf409259;0x75110c3caf90;0x75110c371db7;0x75110c371ee6;0x75120d608be4;0x75120e6a4830;0x75120e6abe2b;0x75120e6ace60;0x75120e68f14d;0x75120e68f5c6;0x751210dadeab;0x751210dadf77;0x75124bce7844;0x75124aff2c8e;0x75124c10515c;0x7fffb421cd20;0x0;0x751270166b30;0x2de907894810c083;|, 20.588476, 0.00, 86.094000
2025-11-15T20:26:50.472481Z, , 13.933267, 100.00, 86.094000
2025-11-15T20:26:50.477818Z, , 18.250763, 100.00, 86.094000
2025-11-15T20:26:50.483131Z, , 16.884508, 0.00, 86.094000
2025-11-15T20:26:50.488421Z, , 12.855853, 0.00, 86.094000
2025-11-15T20:26:50.493619Z, , 19.753629, 0.00, 86.094000
2025-11-15T20:26:50.498818Z, , 16.023617, 0.00, 86.094000
2025-11-15T20:26:50.504032Z, , 17.445931, 0.00, 86.094000
2025-11-15T20:26:50.509336Z, , 16.228049, 0.00, 86.094000
2025-11-15T20:26:50.514552Z, , 14.384830, 0.00, 86.094000
2025-11-15T20:26:50.519843Z, , 17.041770, 100.00, 86.094000
2025-11-15T20:26:50.525040Z, , 16.894646, 0.00, 86.094000
2025-11-15T20:26:50.530245Z, , 19.213155, 0.00, 86.094000
2025-11-15T20:26:50.535519Z, , 30.640786, 0.00, 86.094000
2025-11-15T20:26:50.540739Z, , 14.743660, 0.00, 86.094000
2025-11-15T20:26:50.545928Z, , 20.300571, 0.00, 86.094000
2025-11-15T20:26:50.551108Z, , 14.563023, 0.00, 86.094000
2025-11-15T20:26:50.556299Z, , 16.873775, 0.00, 86.094000
2025-11-15T20:26:50.561460Z, , 17.091648, 0.00, 86.094000
2025-11-15T20:26:50.566646Z, , 13.020745, 0.00, 86.094000
2025-11-15T20:26:50.571830Z, , 17.842347, 0.00, 86.094000
2025-11-15T20:26:50.577013Z, , 15.806500, 0.00, 86.094000
2025-11-15T20:26:50.582197Z, , 15.368847, 0.00, 86.094000
2025-11-15T20:26:50.587394Z, , 16.633606, 0.00, 86.094000
2025-11-15T20:26:50.592567Z, , 14.309418, 0.00, 86.094000
2025-11-15T20:26:50.597847Z, , 15.130226, 0.00, 86.094000
2025-11-15T20:26:50.603084Z, , 15.982631, 0.00, 86.094000
2025-11-15T20:26:50.608361Z, , 13.970815, 0.00, 86.094000
2025-11-15T20:26:50.613639Z, , 12.058757, 0.00, 86.094000
2025-11-15T20:26:50.618930Z, , 14.530947, 0.00, 86.094000
2025-11-15T20:26:50.624222Z, , 11.499843, 0.00, 86.094000
2025-11-15T20:26:50.629557Z, , 11.995789, 0.00, 86.094000
2025-11-15T20:26:50.634752Z, , 12.520475, 0.00, 86.094000
2025-11-15T20:26:50.639946Z, , 15.462197, 0.00, 86.094000
2025-11-15T20:26:50.645146Z, , 11.659499, 100.00, 86.094000
2025-11-15T20:26:50.652150Z, 0xfffffffffffffe00;_PyEval_EvalFrameDefault;0x5554a6;0x5d2db7;_PyEval_EvalFrameDefault;PyEval_EvalCode;0x607fc2;0x6b4393;_PyRun_SimpleFileObject;_PyRun_AnyFileObject;Py_RunMain;Py_BytesMain;__libc_start_call_main;__libc_start_main@@GLIBC_2.34;_start;|, 23.949752, 50.00, 86.094000
2025-11-15T20:26:50.657348Z, , 14.886917, 50.00, 86.094000
2025-11-15T20:26:50.662507Z, , 19.239965, 50.00, 86.094000
2025-11-15T20:26:50.667704Z, , 20.438905, 0.00, 86.094000
2025-11-15T20:26:50.672843Z, , 24.000026, 0.00, 86.094000
2025-11-15T20:26:50.678028Z, , 16.259728, 0.00, 86.094000
2025-11-15T20:26:50.683210Z, , 15.029385, 0.00, 86.094000
2025-11-15T20:26:50.688416Z, , 13.968837, 0.00, 86.094000
2025-11-15T20:26:50.693599Z, , 12.212780, 0.00, 86.094000
2025-11-15T20:26:50.698781Z, , 19.358080, 0.00, 86.094000
2025-11-15T20:26:50.703965Z, , 14.433654, 0.00, 86.094000
2025-11-15T20:26:50.709146Z, , 12.172451, 0.00, 86.025000
2025-11-15T20:26:50.714340Z, , 14.435218, 0.00, 86.025000
2025-11-15T20:26:50.719530Z, , 14.483822, 0.00, 86.025000
2025-11-15T20:26:50.724727Z, , 17.385156, 0.00, 86.025000
2025-11-15T20:26:50.729906Z, , 14.215147, 0.00, 86.025000
2025-11-15T20:26:50.735088Z, , 15.017060, 0.00, 86.025000
2025-11-15T20:26:50.740268Z, , 12.036843, 0.00, 86.025000
2025-11-15T20:26:50.745457Z, , 19.483994, 0.00, 86.025000
2025-11-15T20:26:50.750756Z, , 12.555167, 0.00, 86.025000
2025-11-15T20:26:50.755985Z, , 17.031844, 0.00, 86.025000
2025-11-15T20:26:50.761164Z, , 18.231008, 0.00, 86.025000
2025-11-15T20:26:50.766272Z, , 25.379244, 0.00, 86.025000
2025-11-15T20:26:50.771470Z, , 26.121135, 0.00, 86.025000
2025-11-15T20:26:50.776573Z, , 6.524333, 0.00, 86.025000
2025-11-15T20:26:50.781864Z, , 41.063287, 0.00, 86.025000
2025-11-15T20:26:50.787165Z, , 16.588984, 0.00, 86.025000
2025-11-15T20:26:50.792384Z, , 28.240632, 0.00, 86.025000
2025-11-15T20:26:50.797573Z, , 14.731454, 0.00, 86.025000
2025-11-15T20:26:50.802750Z, , 13.832021, 0.00, 86.025000
2025-11-15T20:26:50.807934Z, , 18.971911, 0.00, 86.025000
2025-11-15T20:26:50.813111Z, , 14.988539, 0.00, 86.025000
2025-11-15T20:26:50.818322Z, , 16.394746, 0.00, 86.025000
2025-11-15T20:26:50.823515Z, , 16.267680, 0.00, 86.025000
2025-11-15T20:26:50.828702Z, , 15.712734, 0.00, 86.025000
2025-11-15T20:26:50.833876Z, , 16.533678, 0.00, 86.025000
2025-11-15T20:26:50.839046Z, , 15.567041, 0.00, 86.025000
2025-11-15T20:26:50.844223Z, , 18.564209, 0.00, 86.025000
2025-11-15T20:26:50.849452Z, , 15.726078, 0.00, 86.025000
2025-11-15T20:26:50.854590Z, , 21.799297, 0.00, 86.025000
2025-11-15T20:26:50.859762Z, , 39.125407, 0.00, 86.025000
2025-11-15T20:26:50.864929Z, , 21.151173, 50.00, 86.025000
2025-11-15T20:26:50.870123Z, , 17.170911, 0.00, 86.025000
2025-11-15T20:26:50.875264Z, , 16.485965, 0.00, 86.025000
2025-11-15T20:26:50.880449Z, , 16.950202, 0.00, 86.025000
2025-11-15T20:26:50.885631Z, , 18.824257, 0.00, 86.025000
2025-11-15T20:26:50.890826Z, , 14.993639, 0.00, 86.025000
2025-11-15T20:26:50.895996Z, , 18.961865, 0.00, 86.025000
2025-11-15T20:26:50.901171Z, , 18.697946, 0.00, 86.025000
2025-11-15T20:26:50.906353Z, , 13.427002, 100.00, 86.025000
2025-11-15T20:26:50.911511Z, , 20.413787, 0.00, 86.025000
2025-11-15T20:26:50.916685Z, , 15.335776, 0.00, 86.025000
2025-11-15T20:26:50.921857Z, , 17.109581, 100.00, 86.025000
2025-11-15T20:26:50.927038Z, , 15.841871, 0.00, 86.025000
2025-11-15T20:26:50.932225Z, , 17.148321, 0.00, 86.025000
2025-11-15T20:26:50.937418Z, , 13.989263, 0.00, 86.025000
2025-11-15T20:26:50.942594Z, , 16.018210, 0.00, 86.025000
2025-11-15T20:26:50.947767Z, , 18.886870, 0.00, 86.025000
2025-11-15T20:26:50.952960Z, , 15.124646, 0.00, 86.025000
2025-11-15T20:26:50.958134Z, , 17.498964, 0.00, 86.025000
2025-11-15T20:26:50.963338Z, , 17.015405, 0.00, 86.025000
2025-11-15T20:26:50.968525Z, , 14.766803, 0.00, 86.025000
2025-11-15T20:26:50.973696Z, , 16.170319, 0.00, 86.025000
2025-11-15T20:26:50.978870Z, , 15.209410, 0.00, 86.025000
2025-11-15T20:26:50.984047Z, , 16.616889, 0.00, 86.025000
2025-11-15T20:26:50.989359Z, , 14.158292, 0.00, 86.025000
2025-11-15T20:26:50.994869Z, 0xfffffffffffffe00;0x75127d1508b1;0x75127d103e99;0x75127d117c21;0x75127db330e7;cuCtxGetDevice;0x751270211116;0x75127024f042;0x75127053edc2;0x6475632f3031632f;|, 17.185575, 0.00, 86.025000
2025-11-15T20:26:51.000107Z, , 18.020220, 0.00, 86.025000
2025-11-15T20:26:51.005252Z, , 27.192184, 0.00, 86.025000
2025-11-15T20:26:51.010522Z, , 33.213607, 0.00, 86.025000
2025-11-15T20:26:51.015797Z, , 16.359520, 0.00, 86.025000
2025-11-15T20:26:51.021066Z, , 16.401348, 0.00, 86.025000
2025-11-15T20:26:51.026300Z, , 18.498904, 0.00, 86.025000
2025-11-15T20:26:51.031583Z, , 16.744683, 0.00, 86.025000
2025-11-15T20:26:51.036801Z, , 13.458010, 0.00, 86.025000
2025-11-15T20:26:51.041971Z, , 17.200995, 0.00, 86.025000
2025-11-15T20:26:51.047274Z, , 19.718083, 100.00, 86.025000
2025-11-15T20:26:51.052540Z, , 14.904752, 0.00, 86.025000
2025-11-15T20:26:51.057760Z, , 17.275036, 0.00, 86.025000
2025-11-15T20:26:51.062958Z, , 15.432734, 0.00, 86.025000
2025-11-15T20:26:51.068139Z, , 15.180357, 0.00, 86.025000
2025-11-15T20:26:51.073365Z, , 14.403148, 0.00, 86.025000
2025-11-15T20:26:51.078567Z, , 16.023166, 0.00, 86.025000
2025-11-15T20:26:51.083751Z, , 13.426427, 0.00, 86.025000
2025-11-15T20:26:51.088926Z, , 15.500295, 0.00, 86.025000
2025-11-15T20:26:51.094115Z, , 15.883228, 0.00, 86.025000
2025-11-15T20:26:51.099297Z, , 14.359927, 0.00, 86.025000
2025-11-15T20:26:51.104473Z, , 13.904782, 0.00, 86.025000
2025-11-15T20:26:51.109666Z, , 16.195674, 0.00, 86.025000
2025-11-15T20:26:51.114862Z, , 19.934025, 0.00, 86.025000
2025-11-15T20:26:51.120039Z, , 13.890337, 0.00, 86.025000
2025-11-15T20:26:51.125226Z, , 17.106928, 0.00, 86.025000
2025-11-15T20:26:51.130435Z, , 15.383035, 0.00, 86.025000
2025-11-15T20:26:51.135613Z, , 13.520071, 0.00, 86.025000
2025-11-15T20:26:51.140820Z, , 16.919234, 0.00, 86.025000
2025-11-15T20:26:51.146009Z, , 13.941333, 0.00, 86.025000
2025-11-15T20:26:51.151308Z, , 15.335119, 0.00, 86.025000
2025-11-15T20:26:51.156543Z, , 16.877786, 0.00, 86.025000
2025-11-15T20:26:51.161765Z, , 17.586266, 0.00, 86.025000
2025-11-15T20:26:51.166998Z, , 35.445830, 0.00, 86.025000
2025-11-15T20:26:51.172215Z, , 18.600877, 0.00, 86.025000
2025-11-15T20:26:51.177453Z, , 14.624641, 0.00, 86.025000
2025-11-15T20:26:51.182801Z, 0xfffffffffffffe00;0x75127db3307e;cuCtxGetDevice;0x751270211116;0x75127024f042;0x75127053edc2;0x6475632f3031632f;|, 14.486405, 0.00, 86.025000
2025-11-15T20:26:51.187989Z, , 16.906502, 0.00, 86.025000
2025-11-15T20:26:51.193087Z, , 20.602474, 0.00, 86.025000
2025-11-15T20:26:51.198273Z, , 16.397799, 0.00, 86.025000
2025-11-15T20:26:51.203457Z, , 19.143174, 0.00, 86.025000
2025-11-15T20:26:51.208624Z, , 15.096697, 0.00, 84.810000
2025-11-15T20:26:51.213801Z, , 15.396255, 0.00, 84.810000
2025-11-15T20:26:51.218940Z, , 12.955017, 100.00, 84.810000
2025-11-15T20:26:51.224062Z, , 20.216144, 0.00, 84.810000
2025-11-15T20:26:51.229212Z, , 27.985051, 0.00, 84.810000
2025-11-15T20:26:51.234307Z, , 16.637899, 0.00, 84.810000
2025-11-15T20:26:51.239432Z, , 50.457790, 0.00, 84.810000
2025-11-15T20:26:51.244566Z, , 52.322443, 0.00, 84.810000
2025-11-15T20:26:51.249691Z, , 29.315506, 0.00, 84.810000
2025-11-15T20:26:51.254793Z, , 25.021862, 0.00, 84.810000
2025-11-15T20:26:51.259957Z, , 26.143229, 0.00, 84.810000
2025-11-15T20:26:51.265077Z, , 25.236883, 0.00, 84.810000
2025-11-15T20:26:51.270220Z, , 16.099531, 0.00, 84.810000
2025-11-15T20:26:51.275429Z, , 16.959136, 0.00, 84.810000
2025-11-15T20:26:51.280617Z, , 13.857867, 0.00, 84.810000
2025-11-15T20:26:51.285802Z, , 14.729824, 0.00, 84.810000
2025-11-15T20:26:51.290975Z, , 15.773408, 0.00, 84.810000
2025-11-15T20:26:51.296155Z, , 14.186415, 0.00, 84.810000
2025-11-15T20:26:51.301386Z, , 14.699509, 0.00, 84.810000
2025-11-15T20:26:51.306596Z, , 8.699894, 0.00, 84.810000
2025-11-15T20:26:51.311773Z, , 18.166080, 0.00, 84.810000
2025-11-15T20:26:51.316949Z, , 13.739771, 0.00, 84.810000
2025-11-15T20:26:51.322146Z, , 12.991032, 0.00, 84.810000
2025-11-15T20:26:51.327350Z, , 13.196161, 0.00, 84.810000
2025-11-15T20:26:51.332567Z, , 12.685040, 0.00, 84.810000
2025-11-15T20:26:51.337752Z, , 16.914641, 0.00, 84.810000
2025-11-15T20:26:51.342939Z, , 10.222513, 0.00, 84.810000
2025-11-15T20:26:51.348121Z, , 16.163315, 0.00, 84.810000
2025-11-15T20:26:51.353365Z, , 19.223175, 0.00, 84.810000
2025-11-15T20:26:51.358491Z, , 16.620748, 100.00, 84.810000
2025-11-15T20:26:51.363623Z, , 48.552255, 50.00, 84.810000
2025-11-15T20:26:51.368929Z, 0xfffffffffffffe00;0x75127d1490fa;0x75127d131360;0x75127d158bee;0x75127d10d695;0x75127d117c50;0x75127dcae696;0x7510c20359b0;0x7510c097ccc2;0x7510c097cde8;0x7510c0983118;0x7510bfbe261b;0x7510bfbe2fd3;0x75110c3caf90;0x75110c3caf90;0x7510bf3e8334;0x7510bf3e902c;0x7510bf406b59;0x75110c3caf90;0x75110c371db7;0x75110c371ee6;0x75120d608be4;0x75120e6a4830;0x75120e6abe2b;0x75120e6ace60;0x75120e68f14d;0x75120e68f5c6;0x751210dadeab;0x751210dadf77;0x75124bce7844;0x75124aff2c8e;0x75124c10515c;0x7fffb421cd20;0x0;0x751270166b30;0x2de907894810c083;|, 18.995658, 200.00, 84.810000
2025-11-15T20:26:51.374117Z, , 18.964771, 0.00, 84.810000
2025-11-15T20:26:51.379275Z, , 16.600677, 0.00, 84.810000
2025-11-15T20:26:51.384417Z, , 18.203371, 0.00, 84.810000
2025-11-15T20:26:51.389538Z, , 20.042697, 0.00, 84.810000
2025-11-15T20:26:51.394637Z, , 49.978030, 0.00, 84.810000
2025-11-15T20:26:51.399737Z, , 42.926339, 0.00, 84.810000
2025-11-15T20:26:51.404896Z, , 26.322462, 0.00, 84.810000
2025-11-15T20:26:51.410172Z, , 21.891454, 100.00, 84.810000
2025-11-15T20:26:51.415414Z, , 16.122632, 100.00, 84.810000
2025-11-15T20:26:51.420605Z, , 16.845752, 0.00, 84.810000
2025-11-15T20:26:51.425794Z, , 18.045165, 0.00, 84.810000
2025-11-15T20:26:51.430996Z, , 13.607321, 0.00, 84.810000
2025-11-15T20:26:51.436193Z, , 14.854505, 0.00, 84.810000
2025-11-15T20:26:51.441404Z, , 17.496766, 0.00, 84.810000
2025-11-15T20:26:51.446582Z, , 11.931708, 0.00, 84.810000
2025-11-15T20:26:51.451764Z, , 16.088281, 0.00, 84.810000
2025-11-15T20:26:51.456945Z, , 15.133375, 0.00, 84.810000
2025-11-15T20:26:51.462130Z, , 17.110360, 0.00, 84.810000
2025-11-15T20:26:51.467328Z, , 15.929015, 0.00, 84.810000
2025-11-15T20:26:51.472507Z, , 14.043369, 0.00, 84.810000
2025-11-15T20:26:51.477690Z, , 14.096643, 0.00, 84.810000
2025-11-15T20:26:51.482881Z, , 15.123557, 0.00, 84.810000
2025-11-15T20:26:51.488065Z, , 14.309936, 0.00, 84.810000
2025-11-15T20:26:51.493241Z, , 11.792694, 0.00, 84.810000
2025-11-15T20:26:51.498441Z, , 18.118941, 0.00, 84.810000
2025-11-15T20:26:51.503641Z, , 14.368549, 0.00, 84.810000
2025-11-15T20:26:51.508833Z, , 15.087840, 0.00, 84.810000
2025-11-15T20:26:51.514014Z, , 16.866996, 0.00, 84.810000
2025-11-15T20:26:51.519207Z, , 13.382856, 0.00, 84.810000
2025-11-15T20:26:51.524400Z, , 14.993457, 0.00, 84.810000
2025-11-15T20:26:51.530012Z, 0xfffffffffffffe00;pthread_self;0x75127d9d58db;0x75127d9d63ce;0x75127dba98e8;cuLaunchKernel;0x7510c1fcf836;0x7510c2037798;0x7510bf83c1f5;0x7510bf82dd3a;0x7510bf813c9b;0x7510bf8200c0;0x7510bf3e8100;0x7510bf3e89dd;0x7510bf3e902c;0x7510bf4083b9;0x75110c3caf90;0x75110c371db7;0x75110c371ee6;0x75120d608be4;0x75120e6a4830;0x75120e6abe2b;0x75120e6ace60;0x75120e68f14d;0x75120e68f5c6;0x751210dadeab;0x751210dadf77;0x75124bce7844;0x75124aff2c8e;0x75124c10515c;0x229d3eb0;0x0;0x751270166b30;0x2de907894810c083;|, 17.322700, 100.00, 84.810000
2025-11-15T20:26:51.535257Z, , 16.590260, 100.00, 84.810000
2025-11-15T20:26:51.540491Z, , 16.096505, 50.00, 84.810000
2025-11-15T20:26:51.545726Z, , 24.623329, 200.00, 84.810000
2025-11-15T20:26:51.550875Z, , 16.804711, 200.00, 84.810000
2025-11-15T20:26:51.556022Z, , 22.394604, 0.00, 84.810000
2025-11-15T20:26:51.561204Z, , 10.856918, 0.00, 84.810000
2025-11-15T20:26:51.566429Z, , 18.481918, 0.00, 84.810000
2025-11-15T20:26:51.571631Z, , 13.475629, 0.00, 84.810000
2025-11-15T20:26:51.576819Z, , 17.990113, 0.00, 84.810000
2025-11-15T20:26:51.582007Z, , 15.058337, 0.00, 84.810000
2025-11-15T20:26:51.587187Z, , 16.947020, 0.00, 84.810000
2025-11-15T20:26:51.592409Z, , 13.956171, 0.00, 84.810000
2025-11-15T20:26:51.597668Z, , 15.414482, 0.00, 84.810000
2025-11-15T20:26:51.602862Z, , 14.640051, 0.00, 84.810000
2025-11-15T20:26:51.608089Z, , 15.747770, 0.00, 84.810000
2025-11-15T20:26:51.613442Z, , 14.371177, 0.00, 84.810000
2025-11-15T20:26:51.618678Z, , 15.740254, 0.00, 84.810000
2025-11-15T20:26:51.623879Z, , 13.656801, 0.00, 84.810000
2025-11-15T20:26:51.629167Z, , 18.032511, 0.00, 84.810000
2025-11-15T20:26:51.634446Z, , 14.889372, 0.00, 84.810000
2025-11-15T20:26:51.639662Z, , 15.973452, 0.00, 84.810000
2025-11-15T20:26:51.644854Z, , 15.554149, 0.00, 84.810000
2025-11-15T20:26:51.650045Z, , 13.517335, 0.00, 84.810000
2025-11-15T20:26:51.655326Z, , 18.452095, 100.00, 84.810000
2025-11-15T20:26:51.660624Z, , 19.643397, 100.00, 84.810000
2025-11-15T20:26:51.666035Z, , 9.636162, 100.00, 84.810000
2025-11-15T20:26:51.671363Z, , 30.269971, 100.00, 84.810000
2025-11-15T20:26:51.676638Z, , 11.280278, 0.00, 84.810000
2025-11-15T20:26:51.681902Z, , 18.345387, 0.00, 84.810000
2025-11-15T20:26:51.687242Z, , 18.205297, 0.00, 84.810000
2025-11-15T20:26:51.692477Z, , 14.590329, 0.00, 84.810000
2025-11-15T20:26:51.697697Z, , 20.408476, 0.00, 84.810000
2025-11-15T20:26:51.702863Z, , 15.100145, 0.00, 84.810000
2025-11-15T20:26:51.708106Z, , 20.943753, 0.00, 83.048000
2025-11-15T20:26:51.713287Z, , 14.709341, 0.00, 83.048000
2025-11-15T20:26:51.718478Z, , 17.500907, 0.00, 83.048000
2025-11-15T20:26:51.723675Z, , 14.447639, 0.00, 83.048000
2025-11-15T20:26:51.728866Z, , 18.360080, 0.00, 83.048000
2025-11-15T20:26:51.734052Z, , 14.192356, 0.00, 83.048000
2025-11-15T20:26:51.739234Z, , 14.608119, 100.00, 83.048000
2025-11-15T20:26:51.744451Z, , 16.265551, 0.00, 83.048000
2025-11-15T20:26:51.749640Z, , 14.941970, 0.00, 83.048000
2025-11-15T20:26:51.754825Z, , 16.689070, 0.00, 83.048000
2025-11-15T20:26:51.759994Z, , 17.814212, 0.00, 83.048000
2025-11-15T20:26:51.765165Z, , 16.600528, 100.00, 83.048000
2025-11-15T20:26:51.770365Z, , 14.526059, 0.00, 83.048000
2025-11-15T20:26:51.775618Z, , 18.714353, 0.00, 83.048000
2025-11-15T20:26:51.780826Z, , 19.439533, 0.00, 83.048000
2025-11-15T20:26:51.786064Z, , 27.823886, 0.00, 83.048000
2025-11-15T20:26:51.791271Z, , 17.952888, 0.00, 83.048000
2025-11-15T20:26:51.796443Z, , 17.607279, 0.00, 83.048000
2025-11-15T20:26:51.801695Z, 0xfffffffffffffe00;0x7510c1ff70cf;0x7510c203772a;0x7510bf83c1f5;0x7510bf82dd3a;0x7510bf813c9b;0x7510bf8200c0;0x7510bf3e8100;0x7510bf3e8849;0x7510bf3e902c;0x7510bf408fe9;0x75110c3caf90;0x75110c371db7;0x75110c371ee6;0x75120d608be4;0x75120e6a4830;0x75120e6abe2b;0x75120e6ace60;0x75120e68f14d;0x75120e68f5c6;0x751210dadeab;0x751210dadf77;0x75124bce7844;0x75124aff2c8e;0x75124c10515c;0x229d3eb0;0x0;0x751270166b30;0x2de907894810c083;|, 18.799955, 100.00, 83.048000
2025-11-15T20:26:51.806998Z, , 16.851477, 50.00, 83.048000
2025-11-15T20:26:51.812296Z, , 16.305994, 0.00, 83.048000
2025-11-15T20:26:51.817544Z, , 13.928992, 0.00, 83.048000
2025-11-15T20:26:51.822853Z, , 10.258114, 0.00, 83.048000
2025-11-15T20:26:51.828147Z, , 16.092204, 0.00, 83.048000
2025-11-15T20:26:51.833533Z, , 17.307414, 0.00, 83.048000
2025-11-15T20:26:51.838840Z, , 20.439206, 0.00, 83.048000
2025-11-15T20:26:51.844101Z, , 14.074531, 0.00, 83.048000
2025-11-15T20:26:51.849296Z, , 18.653741, 0.00, 83.048000
2025-11-15T20:26:51.854480Z, , 16.220185, 0.00, 83.048000
2025-11-15T20:26:51.859689Z, , 12.704763, 0.00, 83.048000
2025-11-15T20:26:51.864870Z, , 16.172242, 0.00, 83.048000
2025-11-15T20:26:51.870047Z, , 15.591527, 0.00, 83.048000
2025-11-15T20:26:51.875233Z, , 15.074987, 0.00, 83.048000
2025-11-15T20:26:51.880449Z, , 16.808518, 0.00, 83.048000
2025-11-15T20:26:51.885625Z, , 12.945447, 0.00, 83.048000
2025-11-15T20:26:51.890795Z, , 17.662587, 0.00, 83.048000
2025-11-15T20:26:51.895959Z, , 15.159103, 0.00, 83.048000
2025-11-15T20:26:51.901159Z, , 13.791304, 0.00, 83.048000
2025-11-15T20:26:51.906336Z, , 15.684765, 0.00, 83.048000
2025-11-15T20:26:51.911508Z, , 18.256260, 0.00, 83.048000
2025-11-15T20:26:51.916707Z, , 17.067057, 0.00, 83.048000
2025-11-15T20:26:51.921893Z, , 25.473875, 0.00, 83.048000
2025-11-15T20:26:51.927115Z, , 12.002698, 0.00, 83.048000
2025-11-15T20:26:51.932309Z, , 17.760994, 0.00, 83.048000
2025-11-15T20:26:51.937452Z, , 23.606120, 0.00, 83.048000
2025-11-15T20:26:51.942635Z, , 15.171857, 100.00, 83.048000
2025-11-15T20:26:51.947816Z, , 18.618517, 0.00, 83.048000
2025-11-15T20:26:51.953402Z, 0xfffffffffffffe00;PyObject_Malloc;PyType_GenericAlloc;0x75125e2c82f3;0x2a620550;0x100000001;0x75127015c170;0x85e38058b4818;|, 18.963136, 0.00, 83.048000
2025-11-15T20:26:51.958631Z, , 17.217362, 100.00, 83.048000
2025-11-15T20:26:51.963832Z, , 14.905697, 0.00, 83.048000
2025-11-15T20:26:51.969025Z, , 14.370608, 0.00, 83.048000
2025-11-15T20:26:51.974230Z, , 16.212832, 0.00, 83.048000
2025-11-15T20:26:51.979430Z, , 8.482259, 0.00, 83.048000
2025-11-15T20:26:51.984653Z, , 17.788026, 0.00, 83.048000
2025-11-15T20:26:51.989843Z, , 16.328372, 0.00, 83.048000
2025-11-15T20:26:51.995024Z, , 14.702892, 0.00, 83.048000
2025-11-15T20:26:52.000225Z, , 14.379800, 0.00, 83.048000
2025-11-15T20:26:52.005449Z, , 13.930694, 0.00, 83.048000
2025-11-15T20:26:52.010631Z, , 10.346882, 0.00, 83.048000
2025-11-15T20:26:52.015827Z, , 15.746251, 0.00, 83.048000
2025-11-15T20:26:52.021010Z, , 15.769535, 0.00, 83.048000
2025-11-15T20:26:52.026198Z, , 16.126908, 0.00, 83.048000
2025-11-15T20:26:52.031402Z, , 9.619826, 0.00, 83.048000
2025-11-15T20:26:52.036599Z, , 14.099236, 0.00, 83.048000
2025-11-15T20:26:52.041790Z, , 15.920285, 0.00, 83.048000
2025-11-15T20:26:52.046971Z, , 14.718462, 0.00, 83.048000
2025-11-15T20:26:52.052166Z, , 13.214483, 0.00, 83.048000
2025-11-15T20:26:52.057393Z, , 14.900976, 0.00, 83.048000
2025-11-15T20:26:52.062651Z, , 15.526786, 100.00, 83.048000
2025-11-15T20:26:52.067971Z, , 18.014407, 100.00, 83.048000
2025-11-15T20:26:52.073243Z, , 17.788489, 200.00, 83.048000
2025-11-15T20:26:52.078498Z, , 16.773487, 100.00, 83.048000
2025-11-15T20:26:52.083814Z, , 16.794634, 0.00, 83.048000
2025-11-15T20:26:52.089083Z, , 17.586900, 0.00, 83.048000
2025-11-15T20:26:52.094364Z, , 13.116291, 0.00, 83.048000
2025-11-15T20:26:52.099638Z, , 19.077012, 0.00, 83.048000
2025-11-15T20:26:52.104840Z, , 15.885939, 0.00, 83.048000
2025-11-15T20:26:52.110080Z, , 20.300911, 0.00, 83.048000
2025-11-15T20:26:52.115268Z, , 18.093317, 0.00, 83.048000
2025-11-15T20:26:52.120437Z, , 20.919982, 0.00, 83.048000
2025-11-15T20:26:52.125634Z, , 15.876034, 0.00, 83.048000
2025-11-15T20:26:52.130841Z, , 14.719489, 0.00, 83.048000
2025-11-15T20:26:52.136079Z, , 15.345058, 0.00, 83.048000
2025-11-15T20:26:52.141279Z, , 16.003881, 0.00, 83.048000
2025-11-15T20:26:52.146478Z, , 13.851599, 0.00, 83.048000
2025-11-15T20:26:52.151733Z, , 15.542691, 0.00, 83.048000
2025-11-15T20:26:52.156936Z, , 17.337934, 0.00, 83.048000
2025-11-15T20:26:52.162053Z, , 30.277968, 0.00, 83.048000
2025-11-15T20:26:52.167251Z, , 23.175717, 0.00, 83.048000
2025-11-15T20:26:52.175301Z, 0xfffffffffffffe00;PyObject_GetAttr;_PyEval_EvalFrameDefault;PyObject_Vectorcall;0x5a379d;PyObject_GetAttr;_PyObject_GetMethod;_PyEval_EvalFrameDefault;0x54ce3d;_PyEval_EvalFrameDefault;0x54ce3d;_PyEval_EvalFrameDefault;_PyObject_Call_Prepend;0x5a30c8;_PyObject_MakeTpCall;_PyEval_EvalFrameDefault;PyEval_EvalCode;0x607fc2;0x6b4393;_PyRun_SimpleFileObject;_PyRun_AnyFileObject;Py_RunMain;Py_BytesMain;__libc_start_call_main;__libc_start_main@@GLIBC_2.34;_start;|, 16.048728, 0.00, 83.048000
2025-11-15T20:26:52.180504Z, , 17.915752, 50.00, 83.048000
2025-11-15T20:26:52.185720Z, , 14.970679, 100.00, 83.048000
2025-11-15T20:26:52.190997Z, , 37.352779, 100.00, 83.048000
2025-11-15T20:26:52.196209Z, , 12.763860, 200.00, 83.048000
2025-11-15T20:26:52.201544Z, , 19.436279, 300.00, 83.048000
2025-11-15T20:26:52.206859Z, , 13.197695, 300.00, 89.159000
2025-11-15T20:26:52.212078Z, , 19.370118, 0.00, 89.159000
2025-11-15T20:26:52.217268Z, , 13.103786, 0.00, 89.159000
2025-11-15T20:26:52.222477Z, , 20.205325, 0.00, 89.159000
2025-11-15T20:26:52.227680Z, , 14.432026, 0.00, 89.159000
2025-11-15T20:26:52.232949Z, , 17.314180, 0.00, 89.159000
2025-11-15T20:26:52.238189Z, , 16.774111, 0.00, 89.159000
2025-11-15T20:26:52.243454Z, , 16.944521, 50.00, 89.159000
2025-11-15T20:26:52.248684Z, , 17.958291, 0.00, 89.159000
2025-11-15T20:26:52.253934Z, , 14.232899, 0.00, 89.159000
2025-11-15T20:26:52.259170Z, , 16.675310, 0.00, 89.159000
2025-11-15T20:26:52.264443Z, , 11.611978, 0.00, 89.159000
2025-11-15T20:26:52.269711Z, , 18.039111, 0.00, 89.159000
2025-11-15T20:26:52.274913Z, , 12.407286, 0.00, 89.159000
2025-11-15T20:26:52.280115Z, , 16.786349, 0.00, 89.159000
2025-11-15T20:26:52.285413Z, , 10.867199, 0.00, 89.159000
2025-11-15T20:26:52.290649Z, , 19.512187, 0.00, 89.159000
2025-11-15T20:26:52.295935Z, , 15.056070, 0.00, 89.159000
2025-11-15T20:26:52.301185Z, , 16.595101, 0.00, 89.159000
2025-11-15T20:26:52.306444Z, , 13.609205, 0.00, 89.159000
2025-11-15T20:26:52.311688Z, , 13.759763, 0.00, 89.159000
2025-11-15T20:26:52.316933Z, , 14.141805, 0.00, 89.159000
2025-11-15T20:26:52.322184Z, , 14.186287, 0.00, 89.159000
2025-11-15T20:26:52.327554Z, , 14.440089, 0.00, 89.159000
2025-11-15T20:26:52.332814Z, , 14.306392, 0.00, 89.159000
2025-11-15T20:26:52.338022Z, , 13.792318, 0.00, 89.159000
2025-11-15T20:26:52.343207Z, , 16.661048, 0.00, 89.159000
2025-11-15T20:26:52.348406Z, , 15.888202, 50.00, 89.159000
2025-11-15T20:26:52.353610Z, , 14.575533, 0.00, 89.159000
2025-11-15T20:26:52.358801Z, , 16.553484, 0.00, 89.159000
2025-11-15T20:26:52.364034Z, , 20.755153, 0.00, 89.159000
2025-11-15T20:26:52.369179Z, , 17.180623, 0.00, 89.159000
2025-11-15T20:26:52.374375Z, , 38.013726, 0.00, 89.159000
2025-11-15T20:26:52.379564Z, 0xfffffffffffffe00;0x75127d150870;0x75127d117c50;0x75127dcae696;0x75127024f03a;0x75127053f115;0x7800007512;|, 16.294407, 0.00, 89.159000
2025-11-15T20:26:52.384672Z, , 28.481234, 0.00, 89.159000
2025-11-15T20:26:52.389774Z, , 35.454866, 0.00, 89.159000
2025-11-15T20:26:52.394885Z, , 48.653439, 0.00, 89.159000
2025-11-15T20:26:52.400078Z, , 29.567396, 0.00, 89.159000
2025-11-15T20:26:52.405231Z, , 19.736642, 0.00, 89.159000
2025-11-15T20:26:52.410449Z, , 16.749530, 0.00, 89.159000
2025-11-15T20:26:52.415657Z, , 14.329563, 0.00, 89.159000
2025-11-15T20:26:52.420862Z, , 15.907698, 0.00, 89.159000
2025-11-15T20:26:52.426067Z, , 12.556678, 0.00, 89.159000
2025-11-15T20:26:52.431257Z, , 14.638038, 0.00, 89.159000
2025-11-15T20:26:52.436456Z, , 11.785173, 0.00, 89.159000
2025-11-15T20:26:52.441640Z, , 13.158479, 0.00, 89.159000
2025-11-15T20:26:52.446837Z, , 13.832576, 0.00, 89.159000
2025-11-15T20:26:52.452020Z, , 16.589079, 0.00, 89.159000
2025-11-15T20:26:52.457223Z, , 16.726625, 0.00, 89.159000
2025-11-15T20:26:52.462461Z, , 12.796757, 0.00, 89.159000
2025-11-15T20:26:52.467653Z, , 15.565932, 0.00, 89.159000
2025-11-15T20:26:52.472837Z, , 13.863437, 0.00, 89.159000
2025-11-15T20:26:52.478095Z, , 12.212806, 0.00, 89.159000
2025-11-15T20:26:52.483286Z, , 15.095242, 0.00, 89.159000
2025-11-15T20:26:52.488461Z, , 15.123257, 0.00, 89.159000
2025-11-15T20:26:52.493653Z, , 15.099200, 0.00, 89.159000
2025-11-15T20:26:52.498848Z, , 18.276887, 100.00, 89.159000
2025-11-15T20:26:52.504044Z, , 17.875740, 100.00, 89.159000
2025-11-15T20:26:52.509237Z, , 17.618439, 50.00, 89.159000
2025-11-15T20:26:52.514409Z, , 29.607805, 0.00, 89.159000
2025-11-15T20:26:52.523531Z, 0xfffffffffffffe00;_PyTrash_begin;0x5757e8;_PyEval_EvalFrameDefault;0x54ce3d;_PyEval_EvalFrameDefault;_PyObject_Call_Prepend;0x5a30c8;_PyObject_MakeTpCall;_PyEval_EvalFrameDefault;0x54ce3d;_PyEval_EvalFrameDefault;0x54ce3d;_PyEval_EvalFrameDefault;_PyObject_Call_Prepend;0x5a30c8;_PyObject_MakeTpCall;_PyEval_EvalFrameDefault;0x54ce3d;_PyEval_EvalFrameDefault;0x54ce3d;_PyEval_EvalFrameDefault;_PyObject_Call_Prepend;0x5a30c8;_PyObject_MakeTpCall;_PyEval_EvalFrameDefault;0x54ce3d;_PyEval_EvalFrameDefault;0x54ce3d;_PyEval_EvalFrameDefault;_PyObject_Call_Prepend;0x5a30c8;_PyObject_MakeTpCall;_PyEval_EvalFrameDefault;PyEval_EvalCode;0x607fc2;0x6b4393;_PyRun_SimpleFileObject;_PyRun_AnyFileObject;Py_RunMain;Py_BytesMain;__libc_start_call_main;__libc_start_main@@GLIBC_2.34;_start;|, 28.120074, 0.00, 89.159000
2025-11-15T20:26:52.528692Z, , 19.316131, 50.00, 89.159000
2025-11-15T20:26:52.533964Z, , 18.312003, 0.00, 89.159000
2025-11-15T20:26:52.539153Z, , 17.555758, 0.00, 89.159000
2025-11-15T20:26:52.544377Z, , 16.138128, 0.00, 89.159000
2025-11-15T20:26:52.549584Z, , 12.025612, 0.00, 89.159000
2025-11-15T20:26:52.554782Z, , 18.810902, 0.00, 89.159000
2025-11-15T20:26:52.559981Z, , 13.526508, 0.00, 89.159000
2025-11-15T20:26:52.565168Z, , 16.282539, 0.00, 89.159000
2025-11-15T20:26:52.570585Z, , 12.712896, 0.00, 89.159000
2025-11-15T20:26:52.575789Z, , 15.542845, 0.00, 89.159000
2025-11-15T20:26:52.581073Z, , 7.050479, 0.00, 89.159000
2025-11-15T20:26:52.586351Z, , 17.920767, 0.00, 89.159000
2025-11-15T20:26:52.591603Z, , 18.198640, 0.00, 89.159000
2025-11-15T20:26:52.596836Z, , 16.776223, 0.00, 89.159000
2025-11-15T20:26:52.602072Z, , 14.642698, 0.00, 89.159000
2025-11-15T20:26:52.607331Z, , 14.016223, 0.00, 89.159000
2025-11-15T20:26:52.612610Z, , 16.499894, 0.00, 89.159000
2025-11-15T20:26:52.617928Z, , 9.585853, 0.00, 89.159000
2025-11-15T20:26:52.623168Z, , 17.603434, 0.00, 89.159000
2025-11-15T20:26:52.628373Z, , 16.964239, 100.00, 89.159000
2025-11-15T20:26:52.633562Z, , 17.709301, 100.00, 89.159000
2025-11-15T20:26:52.638752Z, , 17.420000, 100.00, 89.159000
2025-11-15T20:26:52.643909Z, 0xfffffffffffffe00;0x75124abf8414;0x0;|, 18.414795, 200.00, 89.159000
2025-11-15T20:26:52.649111Z, , 34.038753, 200.00, 89.159000
2025-11-15T20:26:52.654344Z, , 18.098585, 300.00, 89.159000
2025-11-15T20:26:52.659478Z, , 15.370403, 300.00, 89.159000
2025-11-15T20:26:52.664837Z, , 30.216844, 150.00, 89.159000
2025-11-15T20:26:52.670054Z, , 17.760847, 300.00, 89.159000
2025-11-15T20:26:52.675259Z, , 16.901521, 0.00, 89.159000
2025-11-15T20:26:52.680474Z, , 12.646169, 0.00, 89.159000
2025-11-15T20:26:52.685671Z, , 15.751864, 0.00, 89.159000
2025-11-15T20:26:52.690872Z, , 10.592347, 0.00, 89.159000
2025-11-15T20:26:52.696071Z, , 16.602242, 0.00, 89.159000
2025-11-15T20:26:52.701412Z, , 17.390209, 0.00, 89.159000
2025-11-15T20:26:52.706638Z, , 14.773717, 0.00, 90.087000
2025-11-15T20:26:52.711834Z, , 15.704697, 0.00, 90.087000
2025-11-15T20:26:52.717093Z, , 12.964333, 0.00, 90.087000
2025-11-15T20:26:52.722287Z, , 15.586048, 0.00, 90.087000
2025-11-15T20:26:52.727481Z, , 15.516663, 0.00, 90.087000
2025-11-15T20:26:52.732665Z, , 14.313633, 0.00, 90.087000
2025-11-15T20:26:52.737864Z, , 15.514354, 0.00, 90.087000
2025-11-15T20:26:52.743067Z, , 14.432819, 0.00, 90.087000
2025-11-15T20:26:52.748337Z, , 12.576257, 0.00, 90.087000
2025-11-15T20:26:52.753623Z, , 13.140209, 0.00, 90.087000
2025-11-15T20:26:52.758837Z, , 19.425206, 0.00, 90.087000
2025-11-15T20:26:52.764039Z, , 15.972370, 0.00, 90.087000
2025-11-15T20:26:52.769147Z, , 21.457121, 0.00, 90.087000
2025-11-15T20:26:52.774367Z, , 50.096292, 50.00, 90.087000
2025-11-15T20:26:52.779560Z, , 12.600623, 0.00, 90.087000
2025-11-15T20:26:52.784760Z, , 19.576816, 0.00, 90.087000
2025-11-15T20:26:52.789947Z, , 15.939967, 0.00, 90.087000
2025-11-15T20:26:52.795144Z, , 13.092208, 0.00, 90.087000
2025-11-15T20:26:52.800379Z, , 16.056008, 0.00, 90.087000
2025-11-15T20:26:52.805733Z, , 14.876647, 0.00, 90.087000
2025-11-15T20:26:52.810951Z, , 15.444450, 0.00, 90.087000
2025-11-15T20:26:52.816142Z, , 10.731077, 0.00, 90.087000
2025-11-15T20:26:52.821372Z, , 17.557078, 0.00, 90.087000
2025-11-15T20:26:52.826565Z, , 11.443366, 0.00, 90.087000
2025-11-15T20:26:52.831749Z, , 21.528155, 0.00, 90.087000
2025-11-15T20:26:52.836944Z, , 12.971915, 0.00, 90.087000
2025-11-15T20:26:52.842135Z, , 15.456844, 0.00, 90.087000
2025-11-15T20:26:52.847358Z, , 17.934565, 0.00, 90.087000
2025-11-15T20:26:52.852565Z, , 14.144311, 0.00, 90.087000
2025-11-15T20:26:52.857753Z, , 13.859188, 0.00, 90.087000
2025-11-15T20:26:52.863086Z, , 13.478783, 0.00, 90.087000
2025-11-15T20:26:52.868341Z, , 14.935843, 0.00, 90.087000
2025-11-15T20:26:52.873539Z, , 11.689601, 0.00, 90.087000
2025-11-15T20:26:52.878745Z, , 12.151938, 0.00, 90.087000
2025-11-15T20:26:52.883942Z, , 19.929036, 0.00, 90.087000
2025-11-15T20:26:52.889128Z, , 20.281225, 0.00, 90.087000
2025-11-15T20:26:52.894436Z, , 16.154097, 50.00, 90.087000
2025-11-15T20:26:52.899747Z, , 18.633985, 100.00, 90.087000
2025-11-15T20:26:52.905081Z, , 14.835460, 100.00, 90.087000
2025-11-15T20:26:52.910300Z, , 16.191936, 0.00, 90.087000
2025-11-15T20:26:52.915478Z, , 12.290195, 0.00, 90.087000
2025-11-15T20:26:52.920661Z, , 18.587838, 0.00, 90.087000
2025-11-15T20:26:52.925863Z, , 12.687191, 0.00, 90.087000
2025-11-15T20:26:52.931047Z, , 12.568725, 100.00, 90.087000
2025-11-15T20:26:52.936229Z, , 21.314321, 0.00, 90.087000
2025-11-15T20:26:52.941440Z, , 13.113540, 0.00, 90.087000
2025-11-15T20:26:52.946624Z, , 16.685010, 0.00, 90.087000
2025-11-15T20:26:52.951806Z, , 13.345144, 0.00, 90.087000
2025-11-15T20:26:52.956987Z, , 18.218268, 0.00, 90.087000
2025-11-15T20:26:52.962167Z, , 13.870820, 0.00, 90.087000
2025-11-15T20:26:52.967365Z, , 14.960057, 0.00, 90.087000
2025-11-15T20:26:52.972530Z, , 17.348061, 0.00, 90.087000
2025-11-15T20:26:52.977711Z, , 13.271826, 0.00, 90.087000
2025-11-15T20:26:52.982883Z, , 18.068485, 0.00, 90.087000
2025-11-15T20:26:52.988069Z, , 14.080502, 0.00, 90.087000
2025-11-15T20:26:52.993251Z, , 15.767580, 0.00, 90.087000
2025-11-15T20:26:52.998459Z, , 14.259009, 0.00, 90.087000
2025-11-15T20:26:53.008397Z, 0xfffffffffffffe00;0x54cd17;0x54cb85;0x5f7099;0x5e2a34;_PyEval_EvalFrameDefault;0x54ce3d;_PyEval_EvalFrameDefault;_PyObject_Call_Prepend;0x5a30c8;_PyObject_MakeTpCall;_PyEval_EvalFrameDefault;0x54ce3d;_PyEval_EvalFrameDefault;0x54ce3d;_PyEval_EvalFrameDefault;_PyObject_Call_Prepend;0x5a30c8;_PyObject_MakeTpCall;_PyEval_EvalFrameDefault;0x54ce3d;_PyEval_EvalFrameDefault;0x54ce3d;_PyEval_EvalFrameDefault;_PyObject_Call_Prepend;0x5a30c8;_PyObject_MakeTpCall;_PyEval_EvalFrameDefault;0x54ce3d;_PyEval_EvalFrameDefault;0x54ce3d;_PyEval_EvalFrameDefault;_PyObject_Call_Prepend;0x5a30c8;_PyObject_MakeTpCall;_PyEval_EvalFrameDefault;PyEval_EvalCode;0x607fc2;0x6b4393;_PyRun_SimpleFileObject;_PyRun_AnyFileObject;Py_RunMain;Py_BytesMain;__libc_start_call_main;__libc_start_main@@GLIBC_2.34;_start;|, 14.700626, 0.00, 90.087000
2025-11-15T20:26:53.013614Z, , 17.204940, 0.00, 90.087000
2025-11-15T20:26:53.018805Z, , 18.281246, 0.00, 90.087000
2025-11-15T20:26:53.024005Z, , 19.395108, 0.00, 90.087000
2025-11-15T20:26:53.029185Z, , 15.240095, 0.00, 90.087000
2025-11-15T20:26:53.034323Z, , 17.387913, 0.00, 90.087000
2025-11-15T20:26:53.039532Z, , 19.304155, 0.00, 90.087000
2025-11-15T20:26:53.044716Z, , 14.236124, 0.00, 90.087000
2025-11-15T20:26:53.049892Z, , 18.046922, 0.00, 90.087000
2025-11-15T20:26:53.055040Z, , 14.038760, 0.00, 90.087000
2025-11-15T20:26:53.060180Z, , 19.165563, 0.00, 90.087000
2025-11-15T20:26:53.065325Z, , 18.731427, 0.00, 90.087000
2025-11-15T20:26:53.070515Z, , 30.034304, 0.00, 90.087000
2025-11-15T20:26:53.075696Z, , 18.923033, 0.00, 90.087000
2025-11-15T20:26:53.080875Z, , 12.971668, 0.00, 90.087000
2025-11-15T20:26:53.086053Z, , 17.138499, 0.00, 90.087000
2025-11-15T20:26:53.091248Z, , 16.516610, 0.00, 90.087000
2025-11-15T20:26:53.096465Z, , 15.258232, 0.00, 90.087000
2025-11-15T20:26:53.101743Z, , 16.695907, 0.00, 90.087000
2025-11-15T20:26:53.106979Z, , 16.257547, 0.00, 90.087000
2025-11-15T20:26:53.112087Z, , 20.408868, 0.00, 90.087000
2025-11-15T20:26:53.117310Z, , 29.287460, 0.00, 90.087000
2025-11-15T20:26:53.122530Z, , 20.469214, 0.00, 90.087000
2025-11-15T20:26:53.127639Z, , 35.197434, 0.00, 90.087000
2025-11-15T20:26:53.132764Z, , 34.772539, 0.00, 90.087000
2025-11-15T20:26:53.137903Z, , 21.150253, 0.00, 90.087000
2025-11-15T20:26:53.143097Z, , 20.627687, 0.00, 90.087000
2025-11-15T20:26:53.148298Z, , 16.696658, 0.00, 90.087000
2025-11-15T20:26:53.153466Z, , 20.455848, 50.00, 90.087000
2025-11-15T20:26:53.158664Z, , 16.051929, 50.00, 90.087000
2025-11-15T20:26:53.163970Z, , 20.800384, 50.00, 90.087000
2025-11-15T20:26:53.169264Z, , 18.072864, 50.00, 90.087000
2025-11-15T20:26:53.174484Z, , 18.194163, 0.00, 90.087000
2025-11-15T20:26:53.179666Z, , 17.115197, 0.00, 90.087000
2025-11-15T20:26:53.184854Z, , 14.816082, 0.00, 90.087000
2025-11-15T20:26:53.190043Z, , 15.351856, 0.00, 90.087000
2025-11-15T20:26:53.195230Z, , 14.682449, 0.00, 90.087000
2025-11-15T20:26:53.200462Z, , 18.082356, 0.00, 90.087000
2025-11-15T20:26:53.205659Z, , 15.828484, 0.00, 90.087000
2025-11-15T20:26:53.210839Z, , 14.402702, 0.00, 87.489000
2025-11-15T20:26:53.216028Z, , 14.296630, 0.00, 87.489000
2025-11-15T20:26:53.221212Z, , 15.018619, 0.00, 87.489000
2025-11-15T20:26:53.226429Z, , 15.889387, 0.00, 87.489000
2025-11-15T20:26:53.231616Z, , 17.024792, 0.00, 87.489000
2025-11-15T20:26:53.236817Z, , 14.151220, 0.00, 87.489000
2025-11-15T20:26:53.242013Z, , 14.161671, 0.00, 87.489000
2025-11-15T20:26:53.247276Z, , 11.126846, 0.00, 87.489000
2025-11-15T20:26:53.252457Z, , 16.627279, 0.00, 87.489000
2025-11-15T20:26:53.257654Z, , 15.044786, 0.00, 87.489000
2025-11-15T20:26:53.262843Z, , 15.928467, 0.00, 87.489000
2025-11-15T20:26:53.268048Z, , 16.627052, 0.00, 87.489000
2025-11-15T20:26:53.273233Z, , 14.362611, 0.00, 87.489000
2025-11-15T20:26:53.278685Z, , 18.863775, 0.00, 87.489000
2025-11-15T20:26:53.284002Z, , 17.394623, 0.00, 87.489000
2025-11-15T20:26:53.289300Z, , 28.077440, 0.00, 87.489000
2025-11-15T20:26:53.294554Z, , 19.140640, 0.00, 87.489000
2025-11-15T20:26:53.299822Z, , 14.699857, 0.00, 87.489000
2025-11-15T20:26:53.305076Z, , 16.024618, 0.00, 87.489000
2025-11-15T20:26:53.310380Z, , 15.240631, 0.00, 87.489000
2025-11-15T20:26:53.315597Z, , 10.304096, 0.00, 87.489000
2025-11-15T20:26:53.321241Z, 0xfffffffffffffe00;0x75127d117c1c;0x75127e7ba9a0;0x75127d9c9ad5;0x75127d9d5a28;0x75127d9d63ce;0x75127dba98e8;cuLaunchKernel;0x7511762e3eb6;0x75117634a3f8;0x7511762c2185;0x7511762c219d;0x75116fd6e706;0x75116fd6ff41;0x75116f381c1e;0x75116f4c0b59;0x75116f4c4dcd;0x751210f51c11;0x751210fc3fdf;0x751210fc5bc2;0x751210cdb21c;|, 22.636231, 50.00, 87.489000
2025-11-15T20:26:53.326568Z, , 18.094889, 0.00, 87.489000
2025-11-15T20:26:53.331810Z, , 17.481262, 0.00, 87.489000
2025-11-15T20:26:53.336942Z, , 9.756230, 200.00, 87.489000
2025-11-15T20:26:53.342187Z, , 31.640122, 200.00, 87.489000
2025-11-15T20:26:53.347474Z, , 17.384716, 100.00, 87.489000
2025-11-15T20:26:53.352745Z, , 15.786392, 0.00, 87.489000
2025-11-15T20:26:53.358003Z, , 15.539496, 0.00, 87.489000
2025-11-15T20:26:53.363255Z, , 13.881232, 0.00, 87.489000
2025-11-15T20:26:53.368593Z, , 11.383190, 0.00, 87.489000
2025-11-15T20:26:53.373813Z, , 18.430562, 0.00, 87.489000
2025-11-15T20:26:53.379009Z, , 17.264244, 0.00, 87.489000
2025-11-15T20:26:53.384212Z, , 12.927498, 0.00, 87.489000
2025-11-15T20:26:53.389549Z, , 14.506027, 0.00, 87.489000
2025-11-15T20:26:53.394795Z, , 10.656374, 0.00, 87.489000
2025-11-15T20:26:53.399991Z, , 18.042751, 0.00, 87.489000
2025-11-15T20:26:53.405187Z, , 19.198474, 0.00, 87.489000
2025-11-15T20:26:53.410397Z, , 12.574765, 0.00, 87.489000
2025-11-15T20:26:53.415589Z, , 16.730791, 0.00, 87.489000
2025-11-15T20:26:53.420787Z, , 15.412765, 0.00, 87.489000
2025-11-15T20:26:53.425980Z, , 17.584008, 0.00, 87.489000
2025-11-15T20:26:53.431177Z, , 13.447774, 0.00, 87.489000
2025-11-15T20:26:53.436372Z, , 16.177470, 0.00, 87.489000
2025-11-15T20:26:53.441580Z, , 13.641429, 0.00, 87.489000
2025-11-15T20:26:53.446786Z, , 16.191383, 0.00, 87.489000
2025-11-15T20:26:53.452059Z, , 14.707277, 100.00, 87.489000
2025-11-15T20:26:53.457282Z, , 17.119201, 100.00, 87.489000
2025-11-15T20:26:53.462412Z, , 37.857014, 100.00, 87.489000
2025-11-15T20:26:53.467603Z, , 20.874325, 100.00, 87.489000
2025-11-15T20:26:53.472810Z, , 15.476814, 100.00, 87.489000
2025-11-15T20:26:53.478017Z, , 16.865974, 0.00, 87.489000
2025-11-15T20:26:53.483211Z, , 19.700133, 0.00, 87.489000
2025-11-15T20:26:53.488422Z, , 13.958882, 0.00, 87.489000
2025-11-15T20:26:53.493707Z, , 13.845191, 0.00, 87.489000
2025-11-15T20:26:53.498941Z, , 14.490596, 0.00, 87.489000
2025-11-15T20:26:53.504193Z, , 15.266500, 0.00, 87.489000
2025-11-15T20:26:53.509400Z, , 8.119845, 0.00, 87.489000
2025-11-15T20:26:53.514593Z, , 21.782339, 0.00, 87.489000
2025-11-15T20:26:53.519783Z, , 15.247171, 0.00, 87.489000
2025-11-15T20:26:53.524972Z, , 12.001270, 0.00, 87.489000
2025-11-15T20:26:53.530168Z, , 15.455042, 0.00, 87.489000
2025-11-15T20:26:53.535390Z, , 15.536699, 0.00, 87.489000
2025-11-15T20:26:53.540627Z, , 18.598742, 0.00, 87.489000
2025-11-15T20:26:53.545830Z, , 14.767573, 0.00, 87.489000
2025-11-15T20:26:53.551039Z, , 15.348694, 0.00, 87.489000
2025-11-15T20:26:53.556226Z, , 16.075916, 0.00, 87.489000
2025-11-15T20:26:53.561440Z, , 14.162881, 0.00, 87.489000
2025-11-15T20:26:53.566632Z, , 10.643734, 0.00, 87.489000
2025-11-15T20:26:53.571817Z, , 17.279355, 0.00, 87.489000
2025-11-15T20:26:53.577030Z, , 14.542508, 0.00, 87.489000
2025-11-15T20:26:53.582226Z, , 17.197746, 0.00, 87.489000
2025-11-15T20:26:53.587520Z, , 11.732257, 0.00, 87.489000
2025-11-15T20:26:53.592734Z, , 16.995410, 0.00, 87.489000
2025-11-15T20:26:53.597916Z, , 16.945961, 0.00, 87.489000
2025-11-15T20:26:53.603240Z, 0xfffffffffffffe00;0x75127d10d5ee;0x75127d117c50;0x75127dcae696;0x75127024f03a;0x75127053f27b;|, 16.645558, 0.00, 87.489000
2025-11-15T20:26:53.608454Z, , 17.572938, 0.00, 87.489000
2025-11-15T20:26:53.613655Z, , 17.489937, 100.00, 87.489000
2025-11-15T20:26:53.618870Z, , 16.990830, 0.00, 87.489000
2025-11-15T20:26:53.624067Z, , 14.794296, 0.00, 87.489000
2025-11-15T20:26:53.629271Z, , 13.118004, 0.00, 87.489000
2025-11-15T20:26:53.634473Z, , 15.396175, 0.00, 87.489000
2025-11-15T20:26:53.639674Z, , 16.188454, 0.00, 87.489000
2025-11-15T20:26:53.644893Z, , 12.520956, 0.00, 87.489000
2025-11-15T20:26:53.650099Z, , 15.710762, 0.00, 87.489000
2025-11-15T20:26:53.655290Z, , 15.832336, 0.00, 87.489000
2025-11-15T20:26:53.660470Z, , 13.058907, 0.00, 87.489000
2025-11-15T20:26:53.665667Z, , 10.401799, 0.00, 87.489000
2025-11-15T20:26:53.670856Z, , 20.535626, 0.00, 87.489000
2025-11-15T20:26:53.676039Z, , 15.515647, 0.00, 87.489000
2025-11-15T20:26:53.681398Z, , 11.706519, 0.00, 87.489000
2025-11-15T20:26:53.686622Z, , 12.418800, 0.00, 87.489000
2025-11-15T20:26:53.691820Z, , 19.193594, 0.00, 87.489000
2025-11-15T20:26:53.697026Z, , 12.918460, 0.00, 87.489000
2025-11-15T20:26:53.702219Z, , 15.447273, 0.00, 87.489000
2025-11-15T20:26:53.707438Z, , 16.532612, 0.00, 87.567000
2025-11-15T20:26:53.712625Z, , 14.676743, 0.00, 87.567000
2025-11-15T20:26:53.717829Z, , 15.585778, 0.00, 87.567000
2025-11-15T20:26:53.725904Z, 0xfffffffffffffe00;0x581a50;_PyObject_MakeTpCall;_PyEval_EvalFrameDefault;0x54ce3d;_PyEval_EvalFrameDefault;_PyObject_Call_Prepend;0x5a30c8;_PyObject_MakeTpCall;_PyEval_EvalFrameDefault;0x54ce3d;_PyEval_EvalFrameDefault;0x54ce3d;_PyEval_EvalFrameDefault;_PyObject_Call_Prepend;0x5a30c8;_PyObject_MakeTpCall;_PyEval_EvalFrameDefault;0x54ce3d;_PyEval_EvalFrameDefault;0x54ce3d;_PyEval_EvalFrameDefault;_PyObject_Call_Prepend;0x5a30c8;_PyObject_MakeTpCall;_PyEval_EvalFrameDefault;0x54ce3d;_PyEval_EvalFrameDefault;0x54ce3d;_PyEval_EvalFrameDefault;_PyObject_Call_Prepend;0x5a30c8;_PyObject_MakeTpCall;_PyEval_EvalFrameDefault;PyEval_EvalCode;0x607fc2;0x6b4393;_PyRun_SimpleFileObject;_PyRun_AnyFileObject;Py_RunMain;Py_BytesMain;__libc_start_call_main;__libc_start_main@@GLIBC_2.34;_start;|, 18.019192, 100.00, 87.567000
2025-11-15T20:26:53.731041Z, , 40.032916, 33.33, 87.567000
2025-11-15T20:26:53.736343Z, , 28.601264, 0.00, 87.567000
2025-11-15T20:26:53.741683Z, , 18.422337, 0.00, 87.567000
2025-11-15T20:26:53.746895Z, , 15.854597, 0.00, 87.567000
2025-11-15T20:26:53.752081Z, , 16.577595, 0.00, 87.567000
2025-11-15T20:26:53.757223Z, , 18.281054, 0.00, 87.567000
2025-11-15T20:26:53.762432Z, , 14.527517, 0.00, 87.567000
2025-11-15T20:26:53.767638Z, , 16.012903, 0.00, 87.567000
2025-11-15T20:26:53.772783Z, , 14.231108, 0.00, 87.567000
2025-11-15T20:26:53.777906Z, , 22.470775, 0.00, 87.567000
2025-11-15T20:26:53.783060Z, , 16.340110, 0.00, 87.567000
2025-11-15T20:26:53.788244Z, , 13.503392, 0.00, 87.567000
2025-11-15T20:26:53.793475Z, , 17.588022, 0.00, 87.567000
2025-11-15T20:26:53.798666Z, , 13.540493, 0.00, 87.567000
2025-11-15T20:26:53.803874Z, , 12.562860, 0.00, 87.567000
2025-11-15T20:26:53.809054Z, , 16.944228, 0.00, 87.567000
2025-11-15T20:26:53.814260Z, , 12.477072, 0.00, 87.567000
2025-11-15T20:26:53.819443Z, , 15.554498, 0.00, 87.567000
2025-11-15T20:26:53.824628Z, , 15.777559, 0.00, 87.567000
2025-11-15T20:26:53.829814Z, , 14.802365, 0.00, 87.567000
2025-11-15T20:26:53.834997Z, , 15.526408, 0.00, 87.567000
2025-11-15T20:26:53.840185Z, , 12.176593, 0.00, 87.567000
2025-11-15T20:26:53.845400Z, , 20.069399, 0.00, 87.567000
2025-11-15T20:26:53.850658Z, , 17.770251, 100.00, 87.567000
2025-11-15T20:26:53.855865Z, , 31.732157, 50.00, 87.567000
2025-11-15T20:26:53.861120Z, , 29.052391, 0.00, 87.567000
2025-11-15T20:26:53.866402Z, , 17.858639, 0.00, 87.567000
2025-11-15T20:26:53.871618Z, , 15.462624, 0.00, 87.567000
2025-11-15T20:26:53.876808Z, , 17.666027, 0.00, 87.567000
2025-11-15T20:26:53.881999Z, , 15.772113, 0.00, 87.567000
2025-11-15T20:26:53.887183Z, , 15.842384, 0.00, 87.567000
2025-11-15T20:26:53.892404Z, , 16.757537, 0.00, 87.567000
2025-11-15T20:26:53.897588Z, , 13.900181, 0.00, 87.567000
2025-11-15T20:26:53.902772Z, , 15.791959, 0.00, 87.567000
2025-11-15T20:26:53.907962Z, , 16.092754, 0.00, 87.567000
2025-11-15T20:26:53.913158Z, , 15.878551, 0.00, 87.567000
2025-11-15T20:26:53.918372Z, , 15.624531, 0.00, 87.567000
2025-11-15T20:26:53.923569Z, , 14.450434, 0.00, 87.567000
2025-11-15T20:26:53.928755Z, , 15.524456, 0.00, 87.567000
2025-11-15T20:26:53.933945Z, , 17.221116, 0.00, 87.567000
2025-11-15T20:26:53.939151Z, , 14.354206, 0.00, 87.567000
2025-11-15T20:26:53.944358Z, , 15.161476, 0.00, 87.567000
2025-11-15T20:26:53.949596Z, , 14.386563, 0.00, 87.567000
2025-11-15T20:26:53.954873Z, , 15.488170, 0.00, 87.567000
2025-11-15T20:26:53.960128Z, , 17.214033, 0.00, 87.567000
2025-11-15T20:26:53.965442Z, , 12.565170, 100.00, 87.567000
2025-11-15T20:26:53.970661Z, , 21.329942, 50.00, 87.567000
2025-11-15T20:26:53.975867Z, , 13.300971, 0.00, 87.567000
2025-11-15T20:26:53.981056Z, , 19.245555, 0.00, 87.567000
2025-11-15T20:26:53.986275Z, , 17.640501, 0.00, 87.567000
2025-11-15T20:26:53.991474Z, , 14.989943, 0.00, 87.567000
2025-11-15T20:26:53.996661Z, , 20.141521, 0.00, 87.567000
2025-11-15T20:26:54.001823Z, , 15.358459, 0.00, 87.567000
2025-11-15T20:26:54.006949Z, , 18.267449, 0.00, 87.567000
2025-11-15T20:26:54.012075Z, , 33.739118, 0.00, 87.567000
2025-11-15T20:26:54.017285Z, 0xfffffffffffffe00;0x75124b38ad9a;0x2a154990;0x100000004;0x75127015c170;0x85e38058b4818;|, 20.872877, 0.00, 87.567000
2025-11-15T20:26:54.022459Z, , 16.574200, 0.00, 87.567000
2025-11-15T20:26:54.027643Z, , 14.265587, 0.00, 87.567000
2025-11-15T20:26:54.032825Z, , 15.805622, 0.00, 87.567000
2025-11-15T20:26:54.038143Z, , 15.385923, 0.00, 87.567000
2025-11-15T20:26:54.043465Z, , 11.815248, 0.00, 87.567000
2025-11-15T20:26:54.048757Z, , 13.903446, 0.00, 87.567000
2025-11-15T20:26:54.054097Z, , 10.982348, 0.00, 87.567000
2025-11-15T20:26:54.059717Z, , 13.125814, 0.00, 87.567000
2025-11-15T20:26:54.065243Z, , 13.720552, 100.00, 87.567000
2025-11-15T20:26:54.070727Z, , 13.685510, 0.00, 87.567000
2025-11-15T20:26:54.076092Z, , 15.681633, 0.00, 87.567000
2025-11-15T20:26:54.081450Z, , 12.263620, 0.00, 87.567000
2025-11-15T20:26:54.086761Z, , 12.960074, 0.00, 87.567000
2025-11-15T20:26:54.092064Z, , 9.267414, 0.00, 87.567000
2025-11-15T20:26:54.097368Z, , 16.607492, 0.00, 87.567000
2025-11-15T20:26:54.102670Z, , 14.734527, 0.00, 87.567000
2025-11-15T20:26:54.107913Z, , 14.839309, 0.00, 87.567000
2025-11-15T20:26:54.113104Z, , 18.304076, 0.00, 87.567000
2025-11-15T20:26:54.118299Z, , 12.911249, 0.00, 87.567000
2025-11-15T20:26:54.123499Z, , 19.209767, 0.00, 87.567000
2025-11-15T20:26:54.128606Z, , 13.652800, 0.00, 87.567000
2025-11-15T20:26:54.133832Z, , 34.693633, 0.00, 87.567000
2025-11-15T20:26:54.139217Z, , 20.917948, 0.00, 87.567000
2025-11-15T20:26:54.144553Z, , 12.351699, 100.00, 87.567000
2025-11-15T20:26:54.149847Z, , 19.240615, 100.00, 87.567000
2025-11-15T20:26:54.155064Z, , 19.624015, 200.00, 87.567000
2025-11-15T20:26:54.160290Z, , 16.657129, 200.00, 87.567000
2025-11-15T20:26:54.165527Z, , 22.407233, 0.00, 87.567000
2025-11-15T20:26:54.170931Z, , 14.199987, 0.00, 87.567000
2025-11-15T20:26:54.176237Z, , 18.017265, 0.00, 87.567000
2025-11-15T20:26:54.181574Z, , 14.131861, 0.00, 87.567000
2025-11-15T20:26:54.186815Z, , 17.314973, 0.00, 87.567000
2025-11-15T20:26:54.192009Z, , 13.942279, 0.00, 87.567000
2025-11-15T20:26:54.197265Z, , 13.586977, 0.00, 87.567000
2025-11-15T20:26:54.202456Z, , 15.453499, 0.00, 87.567000
2025-11-15T20:26:54.207640Z, , 14.971779, 0.00, 86.707000
2025-11-15T20:26:54.212826Z, , 12.118753, 0.00, 86.707000
2025-11-15T20:26:54.218009Z, , 15.407948, 0.00, 86.707000
2025-11-15T20:26:54.223188Z, , 13.951997, 0.00, 86.707000
2025-11-15T20:26:54.228409Z, , 12.494060, 0.00, 86.707000
2025-11-15T20:26:54.233615Z, , 12.882159, 0.00, 86.707000
2025-11-15T20:26:54.238805Z, , 11.726621, 0.00, 86.707000
2025-11-15T20:26:54.243993Z, , 12.207719, 0.00, 86.707000
2025-11-15T20:26:54.249194Z, , 13.462755, 0.00, 86.707000
2025-11-15T20:26:54.254416Z, , 11.124239, 0.00, 86.707000
2025-11-15T20:26:54.264396Z, 0xfffffffffffffe00;0x75124ad97e90;0x75124dfe1927;0x75124b82d2be;0x75124afef0d6;0x75124c1ff6f0;0x75124be185a1;0x75125e0eb654;0x581a6f;_PyObject_MakeTpCall;_PyEval_EvalFrameDefault;0x54ce3d;_PyEval_EvalFrameDefault;0x54ce3d;_PyEval_EvalFrameDefault;_PyObject_Call_Prepend;0x5a30c8;_PyObject_MakeTpCall;_PyEval_EvalFrameDefault;0x54ce3d;_PyEval_EvalFrameDefault;0x54ce3d;_PyEval_EvalFrameDefault;_PyObject_Call_Prepend;0x5a30c8;_PyObject_MakeTpCall;_PyEval_EvalFrameDefault;0x54ce3d;_PyEval_EvalFrameDefault;0x54ce3d;_PyEval_EvalFrameDefault;_PyObject_Call_Prepend;0x5a30c8;_PyObject_MakeTpCall;_PyEval_EvalFrameDefault;0x54ce3d;_PyEval_EvalFrameDefault;0x54ce3d;_PyEval_EvalFrameDefault;_PyObject_Call_Prepend;0x5a30c8;_PyObject_MakeTpCall;_PyEval_EvalFrameDefault;PyEval_EvalCode;0x607fc2;0x6b4393;_PyRun_SimpleFileObject;_PyRun_AnyFileObject;Py_RunMain;Py_BytesMain;__libc_start_call_main;__libc_start_main@@GLIBC_2.34;_start;|, 13.720285, 100.00, 86.707000
2025-11-15T20:26:54.269657Z, , 16.784085, 33.33, 86.707000
2025-11-15T20:26:54.277789Z, , 12.697954, 100.00, 86.707000
2025-11-15T20:26:54.282980Z, , 18.425873, 0.00, 86.707000
2025-11-15T20:26:54.288178Z, , 17.345382, 0.00, 86.707000
2025-11-15T20:26:54.293401Z, , 16.597565, 0.00, 86.707000
2025-11-15T20:26:54.298578Z, , 15.968322, 0.00, 86.707000
2025-11-15T20:26:54.303775Z, , 14.303641, 0.00, 86.707000
2025-11-15T20:26:54.308930Z, , 17.974364, 100.00, 86.707000
2025-11-15T20:26:54.314132Z, , 18.229364, 50.00, 86.707000
2025-11-15T20:26:54.319334Z, , 17.771265, 0.00, 86.707000
2025-11-15T20:26:54.324518Z, , 14.544510, 0.00, 86.707000
2025-11-15T20:26:54.329708Z, , 18.731758, 100.00, 86.707000
2025-11-15T20:26:54.334889Z, , 14.148012, 0.00, 86.707000
2025-11-15T20:26:54.340078Z, , 14.379058, 0.00, 86.707000
2025-11-15T20:26:54.345277Z, , 15.924617, 0.00, 86.707000
2025-11-15T20:26:54.350467Z, , 15.379785, 0.00, 86.707000
2025-11-15T20:26:54.355657Z, , 12.945228, 0.00, 86.707000
2025-11-15T20:26:54.360836Z, , 14.586380, 0.00, 86.707000
2025-11-15T20:26:54.366031Z, , 13.709631, 0.00, 86.707000
2025-11-15T20:26:54.371360Z, , 12.137566, 0.00, 86.707000
2025-11-15T20:26:54.376570Z, , 13.820348, 0.00, 86.707000
2025-11-15T20:26:54.381753Z, , 15.347527, 0.00, 86.707000
2025-11-15T20:26:54.386953Z, , 10.900353, 0.00, 86.707000
2025-11-15T20:26:54.392136Z, , 16.763021, 0.00, 86.707000
2025-11-15T20:26:54.397330Z, , 17.019516, 0.00, 86.707000
2025-11-15T20:26:54.402518Z, , 13.484067, 0.00, 86.707000
2025-11-15T20:26:54.407706Z, , 17.496817, 0.00, 86.707000
2025-11-15T20:26:54.412909Z, , 13.244362, 100.00, 86.707000
2025-11-15T20:26:54.418186Z, , 18.370972, 0.00, 86.707000
2025-11-15T20:26:54.423421Z, , 16.436613, 0.00, 86.707000
2025-11-15T20:26:54.428610Z, , 34.994061, 0.00, 86.707000
2025-11-15T20:26:54.433782Z, , 20.319415, 0.00, 86.707000
2025-11-15T20:26:54.438930Z, , 17.815048, 0.00, 86.707000
2025-11-15T20:26:54.444162Z, 0xfffffffffffffe00;0x75127da211d0;0x75127d980b6c;0x75127e7ba8bb;0x75127d9c9ad5;0x75127d9d5a28;0x75127d9d63ce;0x75127dba98e8;cuLaunchKernel;0x751270213e89;0x751270279f88;0x751210311b52;0x7512102c8c63;0x7512102c8f36;0x7fffb421d4c8;0x751210d3d1a0;0x800000033807848d;|, 24.724060, 0.00, 86.707000
2025-11-15T20:26:54.449306Z, , 45.527752, 0.00, 86.707000
2025-11-15T20:26:54.454409Z, , 45.446517, 100.00, 86.707000
2025-11-15T20:26:54.459545Z, , 52.948464, 0.00, 86.707000
2025-11-15T20:26:54.464651Z, , 53.209179, 0.00, 86.707000
2025-11-15T20:26:54.469759Z, , 32.959045, 0.00, 86.707000
2025-11-15T20:26:54.474880Z, , 24.739823, 0.00, 86.707000
2025-11-15T20:26:54.480053Z, , 16.023219, 0.00, 86.707000
2025-11-15T20:26:54.485232Z, , 18.007590, 0.00, 86.707000
2025-11-15T20:26:54.490400Z, , 17.849384, 0.00, 86.707000
2025-11-15T20:26:54.495547Z, , 17.219784, 0.00, 86.707000
2025-11-15T20:26:54.500697Z, , 17.782848, 0.00, 86.707000
2025-11-15T20:26:54.505868Z, , 16.714547, 0.00, 86.707000
2025-11-15T20:26:54.511055Z, , 16.521731, 0.00, 86.707000
2025-11-15T20:26:54.516245Z, , 15.666887, 0.00, 86.707000
2025-11-15T20:26:54.521465Z, , 15.132793, 0.00, 86.707000
2025-11-15T20:26:54.526655Z, , 18.022886, 0.00, 86.707000
2025-11-15T20:26:54.531849Z, , 15.227424, 0.00, 86.707000
2025-11-15T20:26:54.537025Z, , 16.444381, 0.00, 86.707000
2025-11-15T20:26:54.542214Z, , 14.998977, 0.00, 86.707000
2025-11-15T20:26:54.547418Z, , 14.129308, 0.00, 86.707000
2025-11-15T20:26:54.552626Z, , 16.854434, 0.00, 86.707000
2025-11-15T20:26:54.557811Z, , 12.471504, 0.00, 86.707000
2025-11-15T20:26:54.563041Z, , 19.608979, 0.00, 86.707000
2025-11-15T20:26:54.568344Z, , 14.990284, 0.00, 86.707000
2025-11-15T20:26:54.573744Z, , 20.314823, 33.33, 86.707000
2025-11-15T20:26:54.579070Z, , 17.828764, 0.00, 86.707000
2025-11-15T20:26:54.584284Z, , 16.942087, 0.00, 86.707000
2025-11-15T20:26:54.589572Z, , 14.595094, 0.00, 86.707000
2025-11-15T20:26:54.594790Z, , 16.144374, 0.00, 86.707000
2025-11-15T20:26:54.599996Z, , 17.275122, 0.00, 86.707000
2025-11-15T20:26:54.605187Z, , 15.101725, 0.00, 86.707000
2025-11-15T20:26:54.610445Z, , 13.526970, 0.00, 86.707000
2025-11-15T20:26:54.615751Z, , 15.764203, 0.00, 86.707000
2025-11-15T20:26:54.620966Z, , 17.290126, 0.00, 86.707000
2025-11-15T20:26:54.626159Z, , 14.950957, 0.00, 86.707000
2025-11-15T20:26:54.631292Z, , 15.976771, 0.00, 86.707000
2025-11-15T20:26:54.636449Z, , 19.957496, 0.00, 86.707000
2025-11-15T20:26:54.641554Z, , 48.533109, 0.00, 86.707000
2025-11-15T20:26:54.646667Z, , 22.488830, 0.00, 86.707000
2025-11-15T20:26:54.651800Z, , 18.976535, 0.00, 86.707000
2025-11-15T20:26:54.656924Z, , 14.757631, 0.00, 86.707000
2025-11-15T20:26:54.662040Z, , 25.666973, 0.00, 86.707000
2025-11-15T20:26:54.667223Z, , 13.887840, 0.00, 86.707000
2025-11-15T20:26:54.672397Z, , 18.744584, 0.00, 86.707000
2025-11-15T20:26:54.677583Z, , 15.558072, 0.00, 86.707000
2025-11-15T20:26:54.683821Z, 0xfffffffffffffe00;_int_malloc;__libc_malloc;0x7511f1cbb904;0x751270526524;0x751270528c05;0x75124abd64ad;0x1;0x75127050fec0;0x5554415541564100;|, 19.532649, 100.00, 86.707000
2025-11-15T20:26:54.689248Z, , 16.769153, 200.00, 86.707000
2025-11-15T20:26:54.694584Z, , 16.202803, 66.67, 86.707000
2025-11-15T20:26:54.699897Z, , 17.670719, 200.00, 86.707000
2025-11-15T20:26:54.705145Z, , 19.329546, 0.00, 86.707000
2025-11-15T20:26:54.710368Z, , 10.296782, 0.00, 90.477000
2025-11-15T20:26:54.715562Z, , 18.190826, 0.00, 90.477000
2025-11-15T20:26:54.720750Z, , 14.921968, 0.00, 90.477000
2025-11-15T20:26:54.725970Z, , 17.809014, 0.00, 90.477000
2025-11-15T20:26:54.731152Z, , 14.777559, 0.00, 90.477000
2025-11-15T20:26:54.736352Z, , 14.939178, 0.00, 90.477000
2025-11-15T20:26:54.741559Z, , 14.281319, 0.00, 90.477000
2025-11-15T20:26:54.746782Z, , 11.860226, 0.00, 90.477000
2025-11-15T20:26:54.751984Z, , 16.378280, 0.00, 90.477000
2025-11-15T20:26:54.757178Z, , 15.246823, 0.00, 90.477000
2025-11-15T20:26:54.762385Z, , 15.616250, 0.00, 90.477000
2025-11-15T20:26:54.767566Z, , 14.396480, 0.00, 90.477000
2025-11-15T20:26:54.772769Z, , 11.816762, 0.00, 90.477000
2025-11-15T20:26:54.777958Z, , 12.171052, 0.00, 90.477000
2025-11-15T20:26:54.783151Z, , 12.780997, 0.00, 90.477000
2025-11-15T20:26:54.788398Z, , 17.153187, 0.00, 90.477000
2025-11-15T20:26:54.793626Z, , 15.853643, 0.00, 90.477000
2025-11-15T20:26:54.798823Z, , 13.566858, 0.00, 90.477000
2025-11-15T20:26:54.804030Z, , 16.282628, 0.00, 90.477000
2025-11-15T20:26:54.809220Z, , 16.223113, 0.00, 90.477000
2025-11-15T20:26:54.814376Z, , 18.713482, 0.00, 90.477000
2025-11-15T20:26:54.821751Z, 0xfffffffffffffe00;0x75127015adb4;PyObject_SetAttr;_PyEval_EvalFrameDefault;PyEval_EvalCode;0x607fc2;0x6b4393;_PyRun_SimpleFileObject;_PyRun_AnyFileObject;Py_RunMain;Py_BytesMain;__libc_start_call_main;__libc_start_main@@GLIBC_2.34;_start;|, 18.249140, 0.00, 90.477000
2025-11-15T20:26:54.827091Z, , 18.364164, 0.00, 90.477000
2025-11-15T20:26:54.832329Z, , 14.067236, 0.00, 90.477000
2025-11-15T20:26:54.837529Z, , 12.639260, 0.00, 90.477000
2025-11-15T20:26:54.842727Z, , 16.382555, 0.00, 90.477000
2025-11-15T20:26:54.847922Z, , 16.517768, 0.00, 90.477000
2025-11-15T20:26:54.853099Z, , 14.965517, 0.00, 90.477000
2025-11-15T20:26:54.858314Z, , 15.668763, 0.00, 90.477000
2025-11-15T20:26:54.863507Z, , 13.186035, 0.00, 90.477000
2025-11-15T20:26:54.868703Z, , 10.790071, 0.00, 90.477000
2025-11-15T20:26:54.873894Z, , 18.508995, 0.00, 90.477000
2025-11-15T20:26:54.879079Z, , 13.950571, 0.00, 90.477000
2025-11-15T20:26:54.884255Z, , 15.408260, 0.00, 90.477000
2025-11-15T20:26:54.889482Z, , 13.088896, 0.00, 90.477000
2025-11-15T20:26:54.894676Z, , 10.530761, 0.00, 90.477000
2025-11-15T20:26:54.899873Z, , 15.994043, 0.00, 90.477000
2025-11-15T20:26:54.905057Z, , 16.726394, 0.00, 90.477000
2025-11-15T20:26:54.910244Z, , 18.738952, 0.00, 90.477000
2025-11-15T20:26:54.915463Z, , 14.321986, 0.00, 90.477000
2025-11-15T20:26:54.920641Z, , 14.250702, 0.00, 90.477000
2025-11-15T20:26:54.925841Z, , 13.856487, 0.00, 90.477000
2025-11-15T20:26:54.931034Z, , 17.302831, 0.00, 90.477000
2025-11-15T20:26:54.936218Z, , 19.503532, 100.00, 90.477000
2025-11-15T20:26:54.941406Z, , 50.129303, 200.00, 90.477000
2025-11-15T20:26:54.946597Z, , 15.820598, 0.00, 90.477000
2025-11-15T20:26:54.951783Z, , 15.091169, 0.00, 90.477000
2025-11-15T20:26:54.956976Z, , 13.351786, 0.00, 90.477000
2025-11-15T20:26:54.962152Z, , 13.689532, 0.00, 90.477000
2025-11-15T20:26:54.967372Z, , 16.459097, 0.00, 90.477000
2025-11-15T20:26:54.972573Z, , 12.311206, 100.00, 90.477000
2025-11-15T20:26:54.977762Z, , 14.456547, 0.00, 90.477000
2025-11-15T20:26:54.982947Z, , 15.013127, 0.00, 90.477000
2025-11-15T20:26:54.988131Z, , 12.481761, 0.00, 90.477000
2025-11-15T20:26:54.993351Z, , 13.569948, 0.00, 90.477000
2025-11-15T20:26:54.998538Z, , 12.725920, 0.00, 90.477000
2025-11-15T20:26:55.003726Z, , 19.838875, 0.00, 90.477000
2025-11-15T20:26:55.008916Z, , 17.078464, 0.00, 90.477000
2025-11-15T20:26:55.014098Z, , 16.721053, 0.00, 90.477000
2025-11-15T20:26:55.019289Z, , 13.532495, 0.00, 90.477000
2025-11-15T20:26:55.024501Z, , 14.497600, 0.00, 90.477000
2025-11-15T20:26:55.029684Z, , 16.312688, 0.00, 90.477000
2025-11-15T20:26:55.034870Z, , 17.823630, 0.00, 90.477000
2025-11-15T20:26:55.040053Z, , 13.371688, 0.00, 90.477000
2025-11-15T20:26:55.045439Z, 0xfffffffffffffe00;0x75127d10d3f1;0x75127d117c50;0x75127dcae696;0x75127024f082;0x75127053f115;0x7800007512;|, 14.758831, 100.00, 90.477000
2025-11-15T20:26:55.050633Z, , 18.667496, 50.00, 90.477000
2025-11-15T20:26:55.055838Z, , 19.663648, 50.00, 90.477000
2025-11-15T20:26:55.061072Z, , 14.752756, 0.00, 90.477000
2025-11-15T20:26:55.066288Z, , 19.992360, 0.00, 90.477000
2025-11-15T20:26:55.071471Z, , 15.433973, 0.00, 90.477000
2025-11-15T20:26:55.076669Z, , 17.089205, 0.00, 90.477000
2025-11-15T20:26:55.081847Z, , 17.365557, 100.00, 90.477000
2025-11-15T20:26:55.087029Z, , 14.196358, 100.00, 90.477000
2025-11-15T20:26:55.092227Z, , 15.486698, 0.00, 90.477000
2025-11-15T20:26:55.097432Z, , 17.679720, 0.00, 90.477000
2025-11-15T20:26:55.102613Z, , 14.073378, 0.00, 90.477000
2025-11-15T20:26:55.107801Z, , 8.561689, 0.00, 90.477000
2025-11-15T20:26:55.112983Z, , 17.777684, 0.00, 90.477000
2025-11-15T20:26:55.118158Z, , 19.689912, 0.00, 90.477000
2025-11-15T20:26:55.123393Z, , 13.932130, 0.00, 90.477000
2025-11-15T20:26:55.128600Z, , 16.871151, 0.00, 90.477000
2025-11-15T20:26:55.133798Z, , 15.454899, 0.00, 90.477000
2025-11-15T20:26:55.138998Z, , 14.562824, 0.00, 90.477000
2025-11-15T20:26:55.144197Z, , 15.158499, 0.00, 90.477000
2025-11-15T20:26:55.149405Z, , 15.836032, 0.00, 90.477000
2025-11-15T20:26:55.154590Z, , 12.687933, 0.00, 90.477000
2025-11-15T20:26:55.159763Z, , 21.048247, 0.00, 90.477000
2025-11-15T20:26:55.164966Z, , 17.119885, 0.00, 90.477000
2025-11-15T20:26:55.170172Z, , 16.446489, 0.00, 90.477000
2025-11-15T20:26:55.175376Z, , 13.798808, 0.00, 90.477000
2025-11-15T20:26:55.180578Z, , 14.988714, 0.00, 90.477000
2025-11-15T20:26:55.185755Z, , 14.930099, 0.00, 90.477000
2025-11-15T20:26:55.190943Z, , 15.933712, 100.00, 90.477000
2025-11-15T20:26:55.196132Z, , 15.689091, 100.00, 90.477000
2025-11-15T20:26:55.201280Z, , 19.733653, 0.00, 90.477000
2025-11-15T20:26:55.206533Z, 0xfffffffffffffe00;0x75124ae7a615;0x9;0x71;|, 33.799922, 0.00, 90.477000
2025-11-15T20:26:55.211755Z, , 16.187473, 0.00, 91.332000
2025-11-15T20:26:55.216947Z, , 17.908265, 0.00, 91.332000
2025-11-15T20:26:55.222075Z, , 13.886310, 100.00, 91.332000
2025-11-15T20:26:55.227859Z, 0xfffffffffffffe00;0x55995e;0x61c1d6;0x61be8c;PyGC_Collect;Py_FinalizeEx;Py_RunMain;Py_BytesMain;__libc_start_call_main;__libc_start_main@@GLIBC_2.34;_start;|, 19.465516, 0.00, 91.332000
2025-11-15T20:26:55.233110Z, , 22.408566, 50.00, 91.332000
2025-11-15T20:26:55.238297Z, , 19.731169, 0.00, 91.332000
2025-11-15T20:26:55.244188Z, 0xfffffffffffffe00;_PyObject_VisitManagedDict;0x59f91d;0x61c1d6;0x61be8c;PyGC_Collect;Py_FinalizeEx;Py_RunMain;Py_BytesMain;__libc_start_call_main;__libc_start_main@@GLIBC_2.34;_start;|, 17.726185, 0.00, 91.332000
2025-11-15T20:26:55.249862Z, 0xfffffffffffffe00;0x61cfd8;0x61c23e;0x61be8c;PyGC_Collect;Py_FinalizeEx;Py_RunMain;Py_BytesMain;__libc_start_call_main;__libc_start_main@@GLIBC_2.34;_start;|, 31.332223, 0.00, 91.332000
2025-11-15T20:26:55.254984Z, , 35.307244, 0.00, 91.332000
2025-11-15T20:26:55.260609Z, 0xfffffffffffffe00;0x576264;0x61c23e;0x61be8c;PyGC_Collect;Py_FinalizeEx;Py_RunMain;Py_BytesMain;__libc_start_call_main;__libc_start_main@@GLIBC_2.34;_start;|, 50.939424, 0.00, 91.332000
2025-11-15T20:26:55.265728Z, , 45.649334, 0.00, 91.332000
2025-11-15T20:26:55.270862Z, , 44.758005, 0.00, 91.332000
2025-11-15T20:26:55.275979Z, , 39.901156, 0.00, 91.332000
2025-11-15T20:26:55.281573Z, 0xfffffffffffffe00;0x57212d;0x572ccb;0x6b0f0b;Py_FinalizeEx;Py_RunMain;Py_BytesMain;__libc_start_call_main;__libc_start_main@@GLIBC_2.34;_start;|, 45.507670, 100.00, 91.332000
2025-11-15T20:26:55.287192Z, 0xfffffffffffffe00;0x576298;0x61c1d6;0x6bc429;0x6b0f9d;Py_FinalizeEx;Py_RunMain;Py_BytesMain;__libc_start_call_main;__libc_start_main@@GLIBC_2.34;_start;|, 40.863654, 0.00, 91.332000
2025-11-15T20:26:55.292825Z, 0xfffffffffffffe00;0x55da30;0x61c1d6;0x6bc429;0x6b0f9d;Py_FinalizeEx;Py_RunMain;Py_BytesMain;__libc_start_call_main;__libc_start_main@@GLIBC_2.34;_start;|, 38.030604, 100.00, 91.332000
2025-11-15T20:26:55.298462Z, 0xfffffffffffffe00;0x61cfbe;0x5762a5;0x61c1d6;0x6bc429;0x6b0f9d;Py_FinalizeEx;Py_RunMain;Py_BytesMain;__libc_start_call_main;__libc_start_main@@GLIBC_2.34;_start;|, 30.908228, 0.00, 91.332000
2025-11-15T20:26:55.303568Z, , 31.112141, 0.00, 91.332000
2025-11-15T20:26:55.308711Z, , 63.380953, 0.00, 91.332000
2025-11-15T20:26:55.314381Z, 0xfffffffffffffe00;0x61d030;0x5762a5;0x61c23e;0x6bc429;0x6b0f9d;Py_FinalizeEx;Py_RunMain;Py_BytesMain;__libc_start_call_main;__libc_start_main@@GLIBC_2.34;_start;|, 36.126656, 0.00, 91.332000
2025-11-15T20:26:55.319529Z, , 27.829343, 100.00, 91.332000
2025-11-15T20:26:55.324659Z, , 33.455026, 100.00, 91.332000
2025-11-15T20:26:55.330207Z, 0xfffffffffffffe00;0x61c2eb;0x6bc429;0x6b0f9d;Py_FinalizeEx;Py_RunMain;Py_BytesMain;__libc_start_call_main;__libc_start_main@@GLIBC_2.34;_start;|, 18.448720, 0.00, 91.332000
2025-11-15T20:26:55.335340Z, , 49.592657, 0.00, 91.332000
2025-11-15T20:26:55.340469Z, , 38.027770, 50.00, 91.332000
2025-11-15T20:26:55.345601Z, , 27.388456, 0.00, 91.332000
2025-11-15T20:26:55.351603Z, 0xfffffffffffffe00;PyDict_SetItem;_PyModule_Clear;0x6b1029;Py_FinalizeEx;Py_RunMain;Py_BytesMain;__libc_start_call_main;__libc_start_main@@GLIBC_2.34;_start;|0xfffffffffffffe00;0x572ff0;_PyModule_Clear;0x6b1029;Py_FinalizeEx;Py_RunMain;Py_BytesMain;__libc_start_call_main;__libc_start_main@@GLIBC_2.34;_start;|, 26.737376, 100.00, 91.332000
2025-11-15T20:26:55.356733Z, , 24.230121, 100.00, 91.332000
2025-11-15T20:26:55.361874Z, , 35.388080, 0.00, 91.332000
2025-11-15T20:26:55.367540Z, 0xfffffffffffffe00;0x5599c8;0x61c1d6;0x6bc429;Py_FinalizeEx;Py_RunMain;Py_BytesMain;__libc_start_call_main;__libc_start_main@@GLIBC_2.34;_start;|, 20.839553, 0.00, 91.332000
2025-11-15T20:26:55.372736Z, , 31.802886, 0.00, 91.332000
2025-11-15T20:26:55.377921Z, , 59.536980, 0.00, 91.332000
2025-11-15T20:26:55.384119Z, 0xfffffffffffffe00;0x61d032;0x61c23e;0x6bc429;Py_FinalizeEx;Py_RunMain;Py_BytesMain;__libc_start_call_main;__libc_start_main@@GLIBC_2.34;_start;|, 42.452353, 100.00, 91.332000
2025-11-15T20:26:55.389332Z, , 21.736219, 100.00, 91.332000
2025-11-15T20:26:55.394516Z, , 29.691744, 0.00, 91.332000
2025-11-15T20:26:55.400760Z, 0xfffffffffffffe00;PyObject_IS_GC;0x61cd22;0x6bc429;Py_FinalizeEx;Py_RunMain;Py_BytesMain;__libc_start_call_main;__libc_start_main@@GLIBC_2.34;_start;|, 26.058641, 100.00, 91.332000
2025-11-15T20:26:55.406056Z, , 24.838885, 100.00, 91.332000
2025-11-15T20:26:55.411343Z, , 46.468621, 0.00, 91.332000
2025-11-15T20:26:55.417110Z, 0xfffffffffffffe00;0x61cf78;0x6bc429;Py_FinalizeEx;Py_RunMain;Py_BytesMain;__libc_start_call_main;__libc_start_main@@GLIBC_2.34;_start;|, 37.506489, 0.00, 91.332000
2025-11-15T20:26:55.422260Z, , 40.983116, 0.00, 91.332000
2025-11-15T20:26:55.428690Z, 0xfffffffffffffe00;malloc_consolidate;_int_free_maybe_consolidate;_int_free;free;PyObject_Free;0x54eba7;0x55a098;PyDict_Clear;0x5a03e1;0x61c8fd;0x6bc429;Py_FinalizeEx;Py_RunMain;Py_BytesMain;__libc_start_call_main;__libc_start_main@@GLIBC_2.34;_start;|, 38.972698, 100.00, 91.332000
2025-11-15T20:26:55.434384Z, 0xfffffffffffffe00;0x59106d;0x54eacf;0x55a098;0x579f0e;0x61c8fd;0x6bc429;Py_FinalizeEx;Py_RunMain;Py_BytesMain;__libc_start_call_main;__libc_start_main@@GLIBC_2.34;_start;|, 48.207984, 0.00, 91.332000
2025-11-15T20:26:55.439516Z, , 48.329201, 0.00, 91.332000
2025-11-15T20:26:55.444758Z, , 38.384534, 0.00, 91.332000
2025-11-15T20:26:55.449934Z, , 50.060998, 100.00, 91.332000
2025-11-15T20:26:55.456139Z, 0xfffffffffffffe00;0x61cf78;0x61c1d6;0x6bc429;0x6b25d3;0x6b11c1;Py_FinalizeEx;Py_RunMain;Py_BytesMain;__libc_start_call_main;__libc_start_main@@GLIBC_2.34;_start;|, 40.589372, 0.00, 91.332000
2025-11-15T20:26:55.462357Z, 0xfffffffffffffe00;0x61cf7f;0x61c1d6;0x6bc429;0x6b25d3;0x6b11c1;Py_FinalizeEx;Py_RunMain;Py_BytesMain;__libc_start_call_main;__libc_start_main@@GLIBC_2.34;_start;|, 51.849688, 100.00, 91.332000
2025-11-15T20:26:55.468333Z, 0xfffffffffffffe00;0x61cfd8;0x61c23e;0x6bc429;0x6b25d3;0x6b11c1;Py_FinalizeEx;Py_RunMain;Py_BytesMain;__libc_start_call_main;__libc_start_main@@GLIBC_2.34;_start;|, 44.829554, 0.00, 91.332000
2025-11-15T20:26:55.473549Z, , 49.226050, 100.00, 91.332000
2025-11-15T20:26:55.478729Z, , 38.823779, 0.00, 91.332000
2025-11-15T20:26:55.483901Z, , 43.555028, 0.00, 91.332000
2025-11-15T20:26:55.491289Z, 0xfffffffffffffe00;_int_free;free;0x7510c05cb365;__run_exit_handlers;0x751283647bbe;__libc_start_call_main;__libc_start_main@@GLIBC_2.34;_start;|0xfffffffffffffe00;_int_free;free;0x7510c0082180;0x7510c00832a7;__run_exit_handlers;0x751283647bbe;__libc_start_call_main;__libc_start_main@@GLIBC_2.34;_start;|, 43.290623, 0.00, 91.332000
2025-11-15T20:26:55.497272Z, 0xfffffffffffffe00;0x7510c1ffa490;0x7510c1ffae5d;0x7510c1ffd899;0x7510c1fff6ba;0x7510c1ff108b;0x7510c1ff26ed;__run_exit_handlers;0x751283647bbe;__libc_start_call_main;__libc_start_main@@GLIBC_2.34;_start;|, 34.729293, 100.00, 91.332000
2025-11-15T20:26:55.502508Z, , 38.480244, 50.00, 91.332000
2025-11-15T20:26:55.508637Z, 0xfffffffffffffe00;0x75127d9f91f8;0x75127dbe6ea9;0x75127dc22df1;0x75127dc22b77;0x75127dc248b7;0x75127e7b5a07;0x75127dafa87d;0x75127e7a199c;0x75127dac2fa6;0x75127d9b8ff8;0x75127db3e88c;cuLibraryUnload;0x7510c1fe2429;0x7510c1ff15f2;0x7510c1ff26ed;__run_exit_handlers;0x751283647bbe;__libc_start_call_main;__libc_start_main@@GLIBC_2.34;_start;|, 38.796784, 0.00, 91.332000
2025-11-15T20:26:55.513787Z, , 38.014107, 0.00, 91.332000
2025-11-15T20:26:55.518943Z, , 33.600748, 0.00, 91.332000
2025-11-15T20:26:55.524878Z, 0xfffffffffffffe00;malloc_consolidate;_int_free_maybe_consolidate;_int_free;free;0x75124ed46c81;0x0;|, 24.113396, 0.00, 91.332000
2025-11-15T20:26:55.530034Z, , 49.148477, 0.00, 91.332000
2025-11-15T20:26:55.535198Z, 0xfffffffffffffe00;0x75124ae7a7dc;0x16;0x687469775f756c65;|, 42.378357, 0.00, 91.332000
2025-11-15T20:26:55.540412Z, , 51.096526, 0.00, 91.332000
2025-11-15T20:26:55.545570Z, 0xfffffffffffffe00;0x75124ae8eb60;0x10;0x6e74666668695f74;|, 29.186913, 0.00, 91.332000
2025-11-15T20:26:55.550698Z, , 55.767587, 0.00, 91.332000
2025-11-15T20:26:55.555925Z, 0xfffffffffffffe00;0x75124ae8ef10;0xf;0x6b636174735f77;|, 48.096442, 100.00, 91.332000
2025-11-15T20:26:55.561141Z, 0xfffffffffffffe00;0x75124ae7a510;0xe;0x73656e6f5f77;|, 42.384475, 0.00, 91.332000
2025-11-15T20:26:55.566344Z, , 29.933456, 100.00, 91.332000
2025-11-15T20:26:55.571543Z, , 39.295753, 0.00, 91.332000
2025-11-15T20:26:55.576897Z, 0xfffffffffffffe00;free;0x75124ae909fe;|, 35.870461, 100.00, 91.332000
2025-11-15T20:26:55.582122Z, , 17.877511, 100.00, 91.332000
2025-11-15T20:26:55.587272Z, , 60.452439, 0.00, 91.332000
2025-11-15T20:26:55.592466Z, , 29.704330, 0.00, 91.332000
2025-11-15T20:26:55.598722Z, 0xfffffffffffffe00;_int_free;free;0x7511762f5438;0x7511763047a2;0x7511763058ad;__run_exit_handlers;0x751283647bbe;__libc_start_call_main;__libc_start_main@@GLIBC_2.34;_start;|, 42.654293, 100.00, 91.332000
2025-11-15T20:26:55.603910Z, , 36.036059, 100.00, 91.332000
2025-11-15T20:26:55.609023Z, , 34.381194, 0.00, 91.332000
2025-11-15T20:26:55.615200Z, 0xffffffffffffff80;0xffffffffc0fb4489;0xffffffffc0efd212;0xffffffffc0f0e7b6;0xffffffffc0c7ed15;0xffffffffc0fae8f5;0xffffffffc0fb35b3;0xffffffffc0f2fbaf;0xffffffffc0fba7a8;0xffffffffc0fbb053;0xffffffffc0f2e45b;0xffffffffc0f5105b;0xffffffffc0c0e20a;0xffffffffc27bc786;0xffffffffc27bd5e2;0xffffffffc274cd2b;0xffffffffc2764c0e;0xffffffffc272eea3;0xffffffffc272f4cb;0xffffffffc272f5ba;0xffffffff96bdde74;0xffffffff96683f9e;0xffffffff978d678e;0xffffffff9640012b;0xfffffffffffffe00;ioctl;0x75127dc55874;0x75127dc55dc1;0x75127db04d70;0x75127dc8e20a;0x75127dc8fbe4;0x75127dc160a7;0x75127dc1e69a;0x75127dc23416;0x75127dc22b77;0x75127dc248b7;0x75127e7b5a07;0x75127dafa87d;0x75127e7a199c;0x75127dac2fa6;0x75127d9b8ff8;0x75127db3e88c;cuLibraryUnload;0x751270234d03;0x751270235cb9;0x751270236c9d;__run_exit_handlers;0x751283647bbe;__libc_start_call_main;__libc_start_main@@GLIBC_2.34;_start;|, 22.518942, 0.00, 91.332000
2025-11-15T20:26:55.620356Z, , 48.559133, 0.00, 91.332000
2025-11-15T20:26:55.625477Z, , 50.978794, 0.00, 91.332000
2025-11-15T20:26:55.631228Z, 0xfffffffffffffe00;pthread_rwlock_wrlock@@GLIBC_2.34;0x751270288e11;0x751270234cd9;0x751270235cb9;0x751270236c9d;__run_exit_handlers;0x751283647bbe;__libc_start_call_main;__libc_start_main@@GLIBC_2.34;_start;|, 22.438202, 0.00, 91.332000
2025-11-15T20:26:55.636391Z, , 42.107161, 100.00, 91.332000
2025-11-15T20:26:55.641510Z, , 49.944600, 0.00, 91.332000
2025-11-15T20:26:55.647417Z, 0xfffffffffffffe00;pthread_mutex_unlock@@GLIBC_2.2.5;0x75127da1eeed;0x75127e79b721;0x75127dc2493d;0x75127dafaa4f;0x75127e7a199c;0x75127dac2fa6;0x75127d9b8ff8;0x75127db3e88c;cuLibraryUnload;0x751270234d03;0x751270235cb9;0x751270236c9d;__run_exit_handlers;0x751283647bbe;__libc_start_call_main;__libc_start_main@@GLIBC_2.34;_start;|, 17.695052, 0.00, 91.332000
2025-11-15T20:26:55.652529Z, , 72.686562, 0.00, 91.332000
2025-11-15T20:26:55.657630Z, , 42.431896, 0.00, 91.332000
2025-11-15T20:26:55.663637Z, 0xffffffffffffff80;0xffffffff96ae8733;0xffffffff96ae9019;0xffffffff96ae9550;0xffffffff96ae976b;0xffffffff96ae9d99;0xffffffff96ae9f79;0xffffffff96aea585;0xffffffff96b1494e;0xffffffff96b16473;0xffffffff96b16de1;0xffffffff96b16f33;0xffffffff96b199cc;0xffffffff96af778b;0xffffffff96684b8a;0xffffffff978d678e;0xffffffff9640012b;0xfffffffffffffe00;__munmap;0x75127da66d07;0x75127dafac55;0x75127dafbdd4;0x75127da60172;0x75127da61d4b;0x75127da61e8c;0x75127db906c2;cuDevicePrimaryCtxRelease;0x7512702362fc;0x751270236c9d;__run_exit_handlers;0x751283647bbe;__libc_start_call_main;__libc_start_main@@GLIBC_2.34;_start;|, 35.808505, 0.00, 91.332000
2025-11-15T20:26:55.668759Z, , 62.030608, 0.00, 91.332000
2025-11-15T20:26:55.673871Z, , 40.108730, 0.00, 91.332000
2025-11-15T20:26:55.678980Z, , 31.045981, 0.00, 91.332000
2025-11-15T20:26:55.685071Z, 0xffffffffffffff80;0xffffffffc0dd4bb8;0xffffffffc0e32836;0xffffffffc0e34710;0xffffffffc0f5fded;0xffffffffc0f72bdb;0xffffffffc0f2cdec;0xffffffffc0fb3599;0xffffffffc0f2fbaf;0xffffffffc0fba7a8;0xffffffffc0fbb053;0xffffffffc0f2e45b;0xffffffffc0f2e629;0xffffffffc0f3ab5e;0xffffffffc0d23039;0xffffffffc0d2b746;0xffffffffc0bf06b9;0xffffffff96bdde74;0xffffffff96683f9e;0xffffffff978d678e;0xffffffff9640012b;0xfffffffffffffe00;ioctl;0x75127dc8e028;0x75127dc97143;0x75127dc670dd;0x75127dc67484;0x75127dc6ad7c;0x75127da0d2ea;0x75127da0d613;0x75127da1e99d;0x75127da608cd;0x75127da61d4b;0x75127da61e8c;0x75127db906c2;cuDevicePrimaryCtxRelease;0x7512702362fc;0x751270236c9d;__run_exit_handlers;0x751283647bbe;__libc_start_call_main;__libc_start_main@@GLIBC_2.34;_start;|, 44.652490, 0.00, 91.332000
2025-11-15T20:26:55.690171Z, , 46.943904, 0.00, 91.332000
2025-11-15T20:26:55.695319Z, , 49.833731, 100.00, 91.332000
2025-11-15T20:26:55.701356Z, 0xffffffffffffff80;0xffffffffc0f8feb0;0xffffffffc0f8ff03;0xffffffffc0fb293c;0xffffffffc0fb2f62;0xffffffffc0f2fbaf;0xffffffffc0fba7a8;0xffffffffc0fbb053;0xffffffffc0f2e45b;0xffffffffc0f46a2a;0xffffffffc0f5219e;0xffffffffc0c0e752;0xffffffffc27bf222;0xffffffffc274cd5e;0xffffffffc27c0412;0xffffffffc272eed9;0xffffffffc272f4cb;0xffffffffc272f5ba;0xffffffff96bdde74;0xffffffff96683f9e;0xffffffff978d678e;0xffffffff9640012b;0xfffffffffffffe00;ioctl;0x75127db040d6;0x75127da0d4ae;0x75127da0d613;0x75127da1e9f6;0x75127da608cd;0x75127da61d4b;0x75127da61e8c;0x75127db906c2;cuDevicePrimaryCtxRelease;0x7512702362fc;0x751270236c9d;__run_exit_handlers;0x751283647bbe;__libc_start_call_main;__libc_start_main@@GLIBC_2.34;_start;|, 42.319487, 0.00, 91.332000
2025-11-15T20:26:55.708649Z, 0xffffffffffffff80;0xffffffff978ed087;0xffffffff9675ead2;0xffffffffc0c0202e;0xffffffffc0beed55;0xffffffffc0d264f9;0xffffffffc0e60e7e;0xffffffffc0efd6b1;0xffffffffc0c67f45;0xffffffffc0fae8f5;0xffffffffc0fb35b3;0xffffffffc0f2fbaf;0xffffffffc0fba7a8;0xffffffffc0fbb053;0xffffffffc0f2e45b;0xffffffffc0f2e629;0xffffffffc0f3ab5e;0xffffffffc0d23039;0xffffffffc0d2b746;0xffffffffc0bf06b9;0xffffffff96bdde74;0xffffffff96683f9e;0xffffffff978d678e;0xffffffff9640012b;0xfffffffffffffe00;ioctl;0x75127dc8e028;0x75127dc97143;0x75127dc670dd;0x75127dca0299;0x75127dca276c;0x75127dc15e7e;0x75127dc1e69a;0x75127dc23416;0x75127dc22b77;0x75127dc248b7;0x75127dbbf9cb;0x75127dc6af43;0x75127da0d2ea;0x75127da0d613;0x75127da1e9f6;0x75127da608cd;0x75127da61d4b;0x75127da61e8c;0x75127db906c2;cuDevicePrimaryCtxRelease;0x7512702362fc;0x751270236c9d;__run_exit_handlers;0x751283647bbe;__libc_start_call_main;__libc_start_main@@GLIBC_2.34;_start;|0xffffffffffffff80;0xffffffff96b1d877;0xffffffff96b1e848;0xffffffff96b1ef59;0xffffffff96b22938;0xffffffff96b22b38;0xffffffff96b22b9d;0xffffffffc0c01f55;0xffffffffc0beed55;0xffffffffc0d264f9;0xffffffffc0e60e7e;0xffffffffc0efd6b1;0xffffffffc0c67f45;0xffffffffc0fae8f5;0xffffffffc0fb35b3;0xffffffffc0f2fbaf;0xffffffffc0fba7a8;0xffffffffc0fbb053;0xffffffffc0f2e45b;0xffffffffc0f2e629;0xffffffffc0f3ab5e;0xffffffffc0d23039;0xffffffffc0d2b746;0xffffffffc0bf06b9;0xffffffff96bdde74;0xffffffff96683f9e;0xffffffff978d678e;0xffffffff9640012b;0xfffffffffffffe00;ioctl;0x75127dc8e028;0x75127dc97143;0x75127dc670dd;0x75127dca0299;0x75127dca276c;0x75127dc15e7e;0x75127dc1e69a;0x75127dc23416;0x75127dc22b77;0x75127dc248b7;0x75127dbbf9cb;0x75127dc6af43;0x75127da0d2ea;0x75127da0d613;0x75127da1e9f6;0x75127da608cd;0x75127da61d4b;0x75127da61e8c;0x75127db906c2;cuDevicePrimaryCtxRelease;0x7512702362fc;0x751270236c9d;__run_exit_handlers;0x751283647bbe;__libc_start_call_main;__libc_start_main@@GLIBC_2.34;_start;|, 38.830715, 0.00, 91.332000
2025-11-15T20:26:55.714753Z, 0xffffffffffffff80;0xffffffff967ecc55;0xffffffff967f64fe;0xffffffff967fcc14;0xffffffff967d91c2;0xffffffff967dc0a2;0xffffffff978e41dd;0xffffffff978e4709;0xffffffffc272b268;0xffffffffc279f26e;0xffffffffc2794d90;0xffffffffc2795856;0xffffffffc27bd6f0;0xffffffffc2763d92;0xffffffffc2764bbc;0xffffffffc272eea3;0xffffffffc272f4cb;0xffffffffc272f5ba;0xffffffff96bdde74;0xffffffff96683f9e;0xffffffff978d678e;0xffffffff9640012b;0xfffffffffffffe00;ioctl;0x75127dc55874;0x75127dc55dc1;0x75127db04d70;0x75127dc8e20a;0x75127dc8fbe4;0x75127dc160a7;0x75127dc1e69a;0x75127dc23416;0x75127dc22b77;0x75127dc248b7;0x75127dc9ba8a;0x75127da5ff10;0x75127da61d4b;0x75127da61e8c;0x75127db906c2;cuDevicePrimaryCtxRelease;0x7512702362fc;0x751270236c9d;__run_exit_handlers;0x751283647bbe;__libc_start_call_main;__libc_start_main@@GLIBC_2.34;_start;|, 32.055747, 100.00, 78.766000
2025-11-15T20:26:55.720804Z, 0xffffffffffffff80;0xffffffff966e7393;0xffffffffc272b281;0xffffffffc279f26e;0xffffffffc2794d90;0xffffffffc2795856;0xffffffffc27bd6f0;0xffffffffc2763d92;0xffffffffc2764bbc;0xffffffffc272eea3;0xffffffffc272f4cb;0xffffffffc272f5ba;0xffffffff96bdde74;0xffffffff96683f9e;0xffffffff978d678e;0xffffffff9640012b;0xfffffffffffffe00;ioctl;0x75127dc55874;0x75127dc55dc1;0x75127db04d70;0x75127dc8e20a;0x75127dc8fbe4;0x75127dc160a7;0x75127dc1e69a;0x75127dc23416;0x75127dc22b77;0x75127dc248b7;0x75127dc24ad3;0x75127da5ffb7;0x75127da61d4b;0x75127da61e8c;0x75127db906c2;cuDevicePrimaryCtxRelease;0x7512702362fc;0x751270236c9d;__run_exit_handlers;0x751283647bbe;__libc_start_call_main;__libc_start_main@@GLIBC_2.34;_start;|, 29.286203, 0.00, 78.766000
2025-11-15T20:26:55.725914Z, , 28.409486, 100.00, 78.766000
2025-11-15T20:26:55.731009Z, , 62.373938, 200.00, 78.766000
2025-11-15T20:26:55.737119Z, 0xffffffffffffff80;0xffffffff967d9180;0xffffffff978e41dd;0xffffffff978e4709;0xffffffffc272b268;0xffffffffc279f26e;0xffffffffc2794d90;0xffffffffc2795856;0xffffffffc27bd6f0;0xffffffffc2763d92;0xffffffffc2764bbc;0xffffffffc272eea3;0xffffffffc272f4cb;0xffffffffc272f5ba;0xffffffff96bdde74;0xffffffff96683f9e;0xffffffff978d678e;0xffffffff9640012b;0xfffffffffffffe00;ioctl;0x75127dc55874;0x75127dc55dc1;0x75127db04d70;0x75127dc8e20a;0x75127dc8fbe4;0x75127dc160a7;0x75127dc1e69a;0x75127dc23416;0x75127dc22b77;0x75127dc248b7;0x75127dc24ad3;0x75127da5ffb7;0x75127da61d4b;0x75127da61e8c;0x75127db906c2;cuDevicePrimaryCtxRelease;0x7512702362fc;0x751270236c9d;__run_exit_handlers;0x751283647bbe;__libc_start_call_main;__libc_start_main@@GLIBC_2.34;_start;|, 36.752286, 0.00, 78.766000
2025-11-15T20:26:55.742309Z, , 52.996202, 100.00, 78.766000
2025-11-15T20:26:55.748440Z, 0xffffffffffffff80;0xffffffff967ecc10;0xffffffff967f64fe;0xffffffff967fcc14;0xffffffff967d91c2;0xffffffff967dc0a2;0xffffffff978e41dd;0xffffffff978e4709;0xffffffffc272b268;0xffffffffc279f26e;0xffffffffc2794d90;0xffffffffc2795856;0xffffffffc27bd6f0;0xffffffffc2763d92;0xffffffffc2764bbc;0xffffffffc272eea3;0xffffffffc272f4cb;0xffffffffc272f5ba;0xffffffff96bdde74;0xffffffff96683f9e;0xffffffff978d678e;0xffffffff9640012b;0xfffffffffffffe00;ioctl;0x75127dc55874;0x75127dc55dc1;0x75127db04d70;0x75127dc8e20a;0x75127dc8fbe4;0x75127dc160a7;0x75127dc1e69a;0x75127dc23416;0x75127dc22b77;0x75127dc248b7;0x75127dc24ad3;0x75127da5ffb7;0x75127da61d4b;0x75127da61e8c;0x75127db906c2;cuDevicePrimaryCtxRelease;0x7512702362fc;0x751270236c9d;__run_exit_handlers;0x751283647bbe;__libc_start_call_main;__libc_start_main@@GLIBC_2.34;_start;|, 30.749537, 0.00, 78.766000
2025-11-15T20:26:55.753537Z, , 40.947692, 100.00, 78.766000
2025-11-15T20:26:55.759690Z, 0xffffffffffffff80;0xffffffff978e41e6;0xffffffff978e4709;0xffffffffc272b268;0xffffffffc279f26e;0xffffffffc2794d90;0xffffffffc2795856;0xffffffffc27bd6f0;0xffffffffc2763d92;0xffffffffc2764bbc;0xffffffffc272eea3;0xffffffffc272f4cb;0xffffffffc272f5ba;0xffffffff96bdde74;0xffffffff96683f9e;0xffffffff978d678e;0xffffffff9640012b;0xfffffffffffffe00;ioctl;0x75127dc55874;0x75127dc55dc1;0x75127db04d70;0x75127dc8e20a;0x75127dc8fbe4;0x75127dc160a7;0x75127dc1e69a;0x75127dc23416;0x75127dc22b77;0x75127dc248b7;0x75127dc24ad3;0x75127da5ffb7;0x75127da61d4b;0x75127da61e8c;0x75127db906c2;cuDevicePrimaryCtxRelease;0x7512702362fc;0x751270236c9d;__run_exit_handlers;0x751283647bbe;__libc_start_call_main;__libc_start_main@@GLIBC_2.34;_start;|, 44.180154, 0.00, 78.766000
2025-11-15T20:26:55.764789Z, , 50.033833, 100.00, 78.766000
2025-11-15T20:26:55.769901Z, , 50.610836, 0.00, 78.766000
2025-11-15T20:26:55.775157Z, , 51.677134, 50.00, 78.766000
2025-11-15T20:26:55.780361Z, , 51.632272, 0.00, 78.766000
2025-11-15T20:26:55.785513Z, , 47.236533, 50.00, 78.766000
2025-11-15T20:26:55.790643Z, , 33.461483, 100.00, 78.766000
2025-11-15T20:26:55.795850Z, , 40.001329, 0.00, 78.766000
2025-11-15T20:26:55.801084Z, , 38.453532, 0.00, 78.766000
2025-11-15T20:26:55.806302Z, , 34.215861, 0.00, 78.766000
2025-11-15T20:26:55.811460Z, , 34.453865, 0.00, 78.766000
2025-11-15T20:26:55.816615Z, , 42.582120, 0.00, 78.766000
2025-11-15T20:26:55.821811Z, , 48.092219, 0.00, 78.766000
2025-11-15T20:26:55.826946Z, , 55.604094, 0.00, 78.766000
2025-11-15T20:26:55.832088Z, , 60.657289, 0.00, 78.766000
2025-11-15T20:26:55.837226Z, , 63.511407, 50.00, 78.766000
