timestamp, callchains, power, resource_usage, gpu_power
2025-11-25T20:16:11.426411Z, 0xffffffffffffff80;0xffffffffc175368a;0xffffffffc1755710;0xffffffffc1880ded;0xffffffffc18931bf;0xffffffffc18770e7;0xffffffffc18d5e06;0xffffffffc18dcb1e;0xffffffffc1858482;0xffffffffc1858ed9;0xffffffffc18590df;0xffffffffc185b2fd;0xffffffffc16444fb;0xffffffffc164c746;0xffffffffc15116b9;0xffffffffbb1dde74;0xffffffffbac83f9e;0xffffffffbbed678e;0xffffffffbaa0012b;0xfffffffffffffe00;ioctl;0x724fcfe8e028;0x724fcfe981fc;0x724fcfe7635a;0x724fd0975482;0x724fd097db57;0x724fd099c1bf;0x724fcfcc1293;0x724fd09565ce;0x724fcfcd4bde;0x724fcfd146d2;cuInit;init();_dl_init;_dl_start_user;|0xffffffffffffff80;0xffffffffc1523e2a;0xffffffffc168472c;0xffffffffc172bd7e;0xffffffffc17556f8;0xffffffffc1880ded;0xffffffffc1893554;0xffffffffc16da940;0xffffffffc1543fa2;0xffffffffc18cf78a;0xffffffffc184f0c7;0xffffffffc18d4a7a;0xffffffffc184e25b;0xffffffffc18d8284;0xffffffffc184ed70;0xffffffffc184f2d5;0xffffffffc184eb2a;0xffffffffc18701b5;0xffffffffc152d192;0xffffffffc2ae77cc;0xffffffffc2aedef0;0xffffffffc2ae92b3;0xffffffffc2ad0867;0xffffffffc2ad14cb;0xffffffffc2ad15ba;0xffffffffbb1dde74;0xffffffffbac83f9e;0xffffffffbbed678e;0xffffffffbaa0012b;0xfffffffffffffe00;ioctl;0x724fcfe54704;0x724fcfd227b2;0x724fcfcfcafd;0x724fcfcd58f8;0x724fcfd146d2;cuInit;init();_dl_init;_dl_start_user;|0xffffffffffffff80;0xffffffffc1761b66;0xffffffffc16e7ae2;0xffffffffc17558db;0xffffffffc1880ded;0xffffffffc18931bf;0xffffffffc17deb08;0xffffffffc17df807;0xffffffffc17dc08f;0xffffffffc18d5ed9;0xffffffffc18dcb1e;0xffffffffc1858482;0xffffffffc1858ed9;0xffffffffc18590df;0xffffffffc1858e44;0xffffffffc186472f;0xffffffffc1870a37;0xffffffffc152d192;0xffffffffc2ae77cc;0xffffffffc2aedef0;0xffffffffc2ae92b3;0xffffffffc2ad0867;0xffffffffc2ad14cb;0xffffffffc2ad15ba;0xffffffffbb1dde74;0xffffffffbac83f9e;0xffffffffbbed678e;0xffffffffbaa0012b;0xfffffffffffffe00;ioctl;0x724fcfe54704;0x724fcfd227b2;0x724fcfcfcafd;0x724fcfcd58f8;0x724fcfd146d2;cuInit;init();_dl_init;_dl_start_user;|, 40.180851, 57.14, 23.528000
2025-11-25T20:16:11.432181Z, 0xffffffffffffff80;0xffffffffc1780550;0xffffffffc1782c31;0xffffffffc178453a;0xffffffffc1785112;0xffffffffc17d1b4e;0xffffffffc17d1d36;0xffffffffc17d46bb;0xffffffffc158a164;0xffffffffc158a2f1;0xffffffffc18cf78a;0xffffffffc184f0c7;0xffffffffc18d4a7a;0xffffffffc184e25b;0xffffffffc18d8284;0xffffffffc184ed70;0xffffffffc184f2d5;0xffffffffc184eb2a;0xffffffffc18723b7;0xffffffffc152fd13;0xffffffffc2b2efb8;0xffffffffc2ae9b69;0xffffffffc2ae5dca;0xffffffffc2ae7837;0xffffffffc2aedef0;0xffffffffc2ae92b3;0xffffffffc2ad0867;0xffffffffc2ad14cb;0xffffffffc2ad15ba;0xffffffffbb1dde74;0xffffffffbac83f9e;0xffffffffbbed678e;0xffffffffbaa0012b;0xfffffffffffffe00;ioctl;0x724fcfe54704;0x724fcfd227b2;0x724fcfcfcafd;0x724fcfcd58f8;0x724fcfd146d2;cuInit;init();_dl_init;_dl_start_user;|, 30.826394, 200.00, 23.528000
2025-11-25T20:16:11.437948Z, 0xffffffffffffff80;0xffffffffc1648304;0xffffffffc172397f;0xffffffffc17614ae;0xffffffffc1761b80;0xffffffffc16e7ae2;0xffffffffc17558db;0xffffffffc1880ded;0xffffffffc18931bf;0xffffffffc17d1e7c;0xffffffffc17d46bb;0xffffffffc158a164;0xffffffffc158a2f1;0xffffffffc18cf78a;0xffffffffc184f0c7;0xffffffffc18d4a7a;0xffffffffc184e25b;0xffffffffc18d8284;0xffffffffc184ed70;0xffffffffc184f2d5;0xffffffffc184eb2a;0xffffffffc18723b7;0xffffffffc152fd13;0xffffffffc2b2efb8;0xffffffffc2ae9b69;0xffffffffc2ae5dca;0xffffffffc2ae7837;0xffffffffc2aedef0;0xffffffffc2ae92b3;0xffffffffc2ad0867;0xffffffffc2ad14cb;0xffffffffc2ad15ba;0xffffffffbb1dde74;0xffffffffbac83f9e;0xffffffffbbed678e;0xffffffffbaa0012b;0xfffffffffffffe00;ioctl;0x724fcfe54704;0x724fcfd227b2;0x724fcfcfcafd;0x724fcfcd58f8;0x724fcfd146d2;cuInit;init();_dl_init;_dl_start_user;|, 25.888408, 500.00, 23.528000
2025-11-25T20:16:11.443240Z, , 21.501379, 600.00, 23.528000
2025-11-25T20:16:11.448970Z, 0xffffffffffffff80;0xffffffffc1753640;0xffffffffc1880ded;0xffffffffc18931bf;0xffffffffc17d2363;0xffffffffc17d291c;0xffffffffc17d4afd;0xffffffffc18d5ed9;0xffffffffc18dcb1e;0xffffffffc1858482;0xffffffffc1858ed9;0xffffffffc18590df;0xffffffffc1858e44;0xffffffffc18724ef;0xffffffffc152fd13;0xffffffffc2b2efb8;0xffffffffc2ae9b69;0xffffffffc2ae5dca;0xffffffffc2ae7837;0xffffffffc2aedef0;0xffffffffc2ae92b3;0xffffffffc2ad0867;0xffffffffc2ad14cb;0xffffffffc2ad15ba;0xffffffffbb1dde74;0xffffffffbac83f9e;0xffffffffbbed678e;0xffffffffbaa0012b;0xfffffffffffffe00;ioctl;0x724fcfe54704;0x724fcfd227b2;0x724fcfcfcafd;0x724fcfcd58f8;0x724fcfd146d2;cuInit;init();_dl_init;_dl_start_user;|, 20.986763, 0.00, 23.528000
2025-11-25T20:16:11.454191Z, , 23.026817, 100.00, 23.528000
2025-11-25T20:16:11.459909Z, 0xffffffffffffff80;0xffffffffc164832a;0xffffffffc172397f;0xffffffffc17614ae;0xffffffffc1761b80;0xffffffffc16e7ae2;0xffffffffc17558db;0xffffffffc1880ded;0xffffffffc18931bf;0xffffffffc17d2363;0xffffffffc17d291c;0xffffffffc17d4afd;0xffffffffc18d5ed9;0xffffffffc18dcb1e;0xffffffffc1858482;0xffffffffc1858ed9;0xffffffffc18590df;0xffffffffc1858e44;0xffffffffc18724ef;0xffffffffc152fd13;0xffffffffc2b2efb8;0xffffffffc2ae9b69;0xffffffffc2ae5dca;0xffffffffc2ae7837;0xffffffffc2aedef0;0xffffffffc2ae92b3;0xffffffffc2ad0867;0xffffffffc2ad14cb;0xffffffffc2ad15ba;0xffffffffbb1dde74;0xffffffffbac83f9e;0xffffffffbbed678e;0xffffffffbaa0012b;0xfffffffffffffe00;ioctl;0x724fcfe54704;0x724fcfd227b2;0x724fcfcfcafd;0x724fcfcd58f8;0x724fcfd146d2;cuInit;init();_dl_init;_dl_start_user;|, 25.541841, 100.00, 23.528000
2025-11-25T20:16:11.465591Z, 0xffffffffffffff80;0xffffffffc171e0eb;0xffffffffc1753676;0xffffffffc1755710;0xffffffffc1880ded;0xffffffffc18931bf;0xffffffffc17d2363;0xffffffffc17d291c;0xffffffffc17d4afd;0xffffffffc18d5ed9;0xffffffffc18dcb1e;0xffffffffc1858482;0xffffffffc1858ed9;0xffffffffc18590df;0xffffffffc1858e44;0xffffffffc18724ef;0xffffffffc152fd13;0xffffffffc2b2efb8;0xffffffffc2ae9b69;0xffffffffc2ae5dca;0xffffffffc2ae7837;0xffffffffc2aedef0;0xffffffffc2ae92b3;0xffffffffc2ad0867;0xffffffffc2ad14cb;0xffffffffc2ad15ba;0xffffffffbb1dde74;0xffffffffbac83f9e;0xffffffffbbed678e;0xffffffffbaa0012b;0xfffffffffffffe00;ioctl;0x724fcfe54704;0x724fcfd227b2;0x724fcfcfcafd;0x724fcfcd58f8;0x724fcfd146d2;cuInit;init();_dl_init;_dl_start_user;|, 20.543221, 0.00, 23.528000
2025-11-25T20:16:11.470801Z, , 22.823391, 0.00, 23.528000
2025-11-25T20:16:11.476402Z, 0xffffffffffffff80;0xffffffffbae398d0;0xffffffffc1525602;0xffffffffc18d1018;0xffffffffc1684289;0xffffffffc168471c;0xffffffffc172bd7e;0xffffffffc17556f8;0xffffffffc1880ded;0xffffffffc18931bf;0xffffffffc17d2363;0xffffffffc17d291c;0xffffffffc17d4afd;0xffffffffc18d5ed9;0xffffffffc18dcb1e;0xffffffffc1858482;0xffffffffc1858ed9;0xffffffffc18590df;0xffffffffc1858e44;0xffffffffc18724ef;0xffffffffc152fd13;0xffffffffc2b2efb8;0xffffffffc2ae9b69;0xffffffffc2ae5dca;0xffffffffc2ae7837;0xffffffffc2aedef0;0xffffffffc2ae92b3;0xffffffffc2ad0867;0xffffffffc2ad14cb;0xffffffffc2ad15ba;0xffffffffbb1dde74;0xffffffffbac83f9e;0xffffffffbbed678e;0xffffffffbaa0012b;0xfffffffffffffe00;ioctl;0x724fcfe54704;0x724fcfd227b2;0x724fcfcfcafd;0x724fcfcd58f8;0x724fcfd146d2;cuInit;init();_dl_init;_dl_start_user;|, 22.909772, 0.00, 23.528000
2025-11-25T20:16:11.481622Z, , 31.701879, 0.00, 23.528000
2025-11-25T20:16:11.487338Z, 0xffffffffffffff80;0xffffffffc1646c3d;0xffffffffc16841ee;0xffffffffc168471c;0xffffffffc172bd7e;0xffffffffc17556f8;0xffffffffc1880ded;0xffffffffc18931bf;0xffffffffc1818227;0xffffffffc1818a59;0xffffffffc18198f4;0xffffffffc18325df;0xffffffffc17a48cc;0xffffffffc159e1d8;0xffffffffc18cf78a;0xffffffffc184f0c7;0xffffffffc18d4a7a;0xffffffffc184e25b;0xffffffffc18d8284;0xffffffffc184ed70;0xffffffffc184f2d5;0xffffffffc184eb2a;0xffffffffc186b431;0xffffffffc152e50c;0xffffffffc2aded1f;0xffffffffc2ae5179;0xffffffffc2ae7837;0xffffffffc2aedef0;0xffffffffc2ae92b3;0xffffffffc2ad0867;0xffffffffc2ad14cb;0xffffffffc2ad15ba;0xffffffffbb1dde74;0xffffffffbac83f9e;0xffffffffbbed678e;0xffffffffbaa0012b;0xfffffffffffffe00;ioctl;0x724fcfe54704;0x724fcfd227b2;0x724fcfcfcafd;0x724fcfcd58f8;0x724fcfd146d2;cuInit;init();_dl_init;_dl_start_user;|, 21.387400, 0.00, 23.528000
2025-11-25T20:16:11.493028Z, 0xffffffffffffff80;0xffffffffc164832a;0xffffffffc172397f;0xffffffffc17614ae;0xffffffffc1761b80;0xffffffffc16e7ae2;0xffffffffc17558db;0xffffffffc1880ded;0xffffffffc18931bf;0xffffffffc17deb08;0xffffffffc17df807;0xffffffffc17db7c2;0xffffffffc16c9cd9;0xffffffffc16c7436;0xffffffffc16c9820;0xffffffffc16c9962;0xffffffffc18d5ed9;0xffffffffc18dcb1e;0xffffffffc18584d4;0xffffffffc1858ed9;0xffffffffc1858e44;0xffffffffc186fabb;0xffffffffc152ca7a;0xffffffffc2aff663;0xffffffffc2ae5350;0xffffffffc2ae7837;0xffffffffc2aedef0;0xffffffffc2ae92b3;0xffffffffc2ad0867;0xffffffffc2ad14cb;0xffffffffc2ad15ba;0xffffffffbb1dde74;0xffffffffbac83f9e;0xffffffffbbed678e;0xffffffffbaa0012b;0xfffffffffffffe00;ioctl;0x724fcfe54704;0x724fcfd227b2;0x724fcfcfcafd;0x724fcfcd58f8;0x724fcfd146d2;cuInit;init();_dl_init;_dl_start_user;|, 26.304025, 0.00, 23.528000
2025-11-25T20:16:11.498152Z, , 21.180018, 0.00, 23.528000
2025-11-25T20:16:11.503691Z, 0xffffffffffffff80;0xffffffffc171e0eb;0xffffffffc1753676;0xffffffffc1755710;0xffffffffc1880ded;0xffffffffc1893554;0xffffffffc184e400;0xffffffffc18d8284;0xffffffffc184ed70;0xffffffffc184f2d5;0xffffffffc184eb2a;0xffffffffc186ec37;0xffffffffc152d8ca;0xffffffffc2afd632;0xffffffffc2affc93;0xffffffffc2ae5350;0xffffffffc2ae7837;0xffffffffc2aedef0;0xffffffffc2ae92b3;0xffffffffc2ad0867;0xffffffffc2ad14cb;0xffffffffc2ad15ba;0xffffffffbb1dde74;0xffffffffbac83f9e;0xffffffffbbed678e;0xffffffffbaa0012b;0xfffffffffffffe00;ioctl;0x724fcfe54704;0x724fcfd227b2;0x724fcfcfcafd;0x724fcfcd58f8;0x724fcfd146d2;cuInit;init();_dl_init;_dl_start_user;|, 23.699224, 100.00, 23.528000
2025-11-25T20:16:11.509141Z, 0xffffffffffffff80;0xffffffffbbeed087;0xffffffffc2af367b;0xffffffffc2afb992;0xffffffffc2b405bd;0xffffffffc2b40f34;0xffffffffc2b3d7fe;0xffffffffc2afd9e3;0xffffffffc2affc93;0xffffffffc2ae5350;0xffffffffc2ae7837;0xffffffffc2aedef0;0xffffffffc2ae92b3;0xffffffffc2ad0867;0xffffffffc2ad14cb;0xffffffffc2ad15ba;0xffffffffbb1dde74;0xffffffffbac83f9e;0xffffffffbbed678e;0xffffffffbaa0012b;0xfffffffffffffe00;ioctl;0x724fcfe54704;0x724fcfd227b2;0x724fcfcfcafd;0x724fcfcd58f8;0x724fcfd146d2;cuInit;init();_dl_init;_dl_start_user;|, 40.076174, 50.00, 23.528000
2025-11-25T20:16:11.514848Z, 0xffffffffffffff80;0xffffffffc156d7c8;0xffffffffc18b21c8;0xffffffffc174c8cf;0xffffffffc1753836;0xffffffffc1755710;0xffffffffc1880ded;0xffffffffc18931bf;0xffffffffc16ca441;0xffffffffc171ec49;0xffffffffc16ff18d;0xffffffffc170923c;0xffffffffc170aca0;0xffffffffc156c3b8;0xffffffffc18cf78a;0xffffffffc184f0c7;0xffffffffc18d4a7a;0xffffffffc184e25b;0xffffffffc18d8284;0xffffffffc184ed70;0xffffffffc184f2d5;0xffffffffc184eb2a;0xffffffffc186d85e;0xffffffffc152d352;0xffffffffc2afd322;0xffffffffc2affc93;0xffffffffc2ae5350;0xffffffffc2ae7837;0xffffffffc2aedef0;0xffffffffc2ae92b3;0xffffffffc2ad0867;0xffffffffc2ad14cb;0xffffffffc2ad15ba;0xffffffffbb1dde74;0xffffffffbac83f9e;0xffffffffbbed678e;0xffffffffbaa0012b;0xfffffffffffffe00;ioctl;0x724fcfe54704;0x724fcfd227b2;0x724fcfcfcafd;0x724fcfcd58f8;0x724fcfd146d2;cuInit;init();_dl_init;_dl_start_user;|, 25.684736, 0.00, 23.528000
2025-11-25T20:16:11.519952Z, , 21.205038, 0.00, 23.528000
2025-11-25T20:16:11.525538Z, 0xffffffffffffff80;0xffffffffc1723d60;0xffffffffc172390f;0xffffffffc17614ae;0xffffffffc1761b80;0xffffffffc16e7ae2;0xffffffffc17558db;0xffffffffc1880ded;0xffffffffc18931bf;0xffffffffc1779247;0xffffffffc18d5ed9;0xffffffffc18dcb1e;0xffffffffc18584d4;0xffffffffc1858ed9;0xffffffffc1858e44;0xffffffffc1871b3a;0xffffffffc152e60c;0xffffffffc2ae54a6;0xffffffffc2ae7837;0xffffffffc2aedef0;0xffffffffc2ae92b3;0xffffffffc2ad0867;0xffffffffc2ad14cb;0xffffffffc2ad15ba;0xffffffffbb1dde74;0xffffffffbac83f9e;0xffffffffbbed678e;0xffffffffbaa0012b;0xfffffffffffffe00;ioctl;0x724fcfe54704;0x724fcfd227b2;0x724fcfcfcafd;0x724fcfcd58f8;0x724fcfd146d2;cuInit;init();_dl_init;_dl_start_user;|, 25.231883, 0.00, 23.528000
2025-11-25T20:16:11.530638Z, äø•Õ, 29.416008, 0.00, 23.528000
2025-11-25T20:16:11.536729Z, 0xffffffffffffff80;0xffffffffbb1057a6;0xffffffffbb0f04be;0xffffffffbb0f1971;0xffffffffbb0f1fcc;0xffffffffbb0f2229;0xffffffffbad55662;0xffffffffbbedd385;0xffffffffbaa00bb7;0xfffffffffffffe00;0x586a30;PyObject_Malloc;_PyObject_GC_NewVar;PyTuple_New;0x59719d;0x5964f4;0x592f91;0x592e5c;0x583680;0x6afa2c;0x6af5da;Py_InitializeFromConfig;0x6bbb15;0x6bba45;Py_BytesMain;__libc_start_call_main;__libc_start_main@@GLIBC_2.34;_start;|, 27.301639, 0.00, 23.528000
2025-11-25T20:16:11.543824Z, 0xfffffffffffffe00;0x5720a3;_PyDict_GetItem_KnownHash;0x59bd33;0x599f00;0x59e81f;0x581a6f;PyObject_Call;_PyEval_EvalFrameDefault;_PyObject_Call_Prepend;0x59e673;0x5994d7;_PyObject_MakeTpCall;0x5d1fdb;0x5818ed;PyObject_Vectorcall;_PyEval_EvalFrameDefault;PyEval_EvalCode;0x5d2bac;_PyEval_EvalFrameDefault;0x54a0c7;PyObject_CallMethodObjArgs;PyImport_ImportModuleLevelObject;_PyEval_EvalFrameDefault;PyEval_EvalCode;0x5d2bac;_PyEval_EvalFrameDefault;0x54a0c7;PyObject_CallMethodObjArgs;PyImport_ImportModuleLevelObject;_PyEval_EvalFrameDefault;PyEval_EvalCode;0x5d2bac;_PyEval_EvalFrameDefault;0x54a0c7;PyObject_CallMethodObjArgs;PyImport_ImportModuleLevelObject;0x5d2ef4;0x5818ed;PyObject_CallFunction;PyImport_Import;PyImport_ImportModule;0x6b0262;0x6afcf4;Py_InitializeFromConfig;0x6bbb15;0x6bba45;Py_BytesMain;__libc_start_call_main;__libc_start_main@@GLIBC_2.34;_start;|, 29.062781, 0.00, 23.528000
2025-11-25T20:16:11.550529Z, 0xfffffffffffffe00;0x55da93;_PyEval_EvalFrameDefault;0x54a0c7;PyObject_CallMethodObjArgs;PyImport_ImportModuleLevelObject;_PyEval_EvalFrameDefault;PyEval_EvalCode;0x5d2bac;0x5818ed;_PyEval_EvalFrameDefault;0x54a0c7;PyObject_CallMethodObjArgs;PyImport_ImportModuleLevelObject;_PyEval_EvalFrameDefault;PyEval_EvalCode;0x5d2bac;0x5818ed;_PyEval_EvalFrameDefault;0x54a0c7;PyObject_CallMethodObjArgs;PyImport_ImportModuleLevelObject;_PyEval_EvalFrameDefault;PyEval_EvalCode;0x5d2bac;0x5818ed;_PyEval_EvalFrameDefault;0x54a0c7;PyObject_CallMethodObjArgs;PyImport_ImportModuleLevelObject;_PyEval_EvalFrameDefault;PyEval_EvalCode;0x607fc2;0x6b4393;_PyRun_SimpleFileObject;_PyRun_AnyFileObject;Py_RunMain;Py_BytesMain;__libc_start_call_main;__libc_start_main@@GLIBC_2.34;_start;|, 26.810156, 100.00, 23.528000
2025-11-25T20:16:11.557125Z, 0xfffffffffffffe00;0x5c9240;0x5362c8;0x65ac5e;0x65a339;0x52b2bc;0x524fb8;0x535867;0x51ca87;0x518fbd;PyRun_StringFlags;0x69b860;_PyEval_EvalFrameDefault;PyEval_EvalCode;0x5d2bac;0x5818ed;_PyEval_EvalFrameDefault;0x54a0c7;PyObject_CallMethodObjArgs;PyImport_ImportModuleLevelObject;_PyEval_EvalFrameDefault;PyEval_EvalCode;0x5d2bac;0x5818ed;_PyEval_EvalFrameDefault;0x54a0c7;PyObject_CallMethodObjArgs;PyImport_ImportModuleLevelObject;_PyEval_EvalFrameDefault;PyEval_EvalCode;0x607fc2;0x6b4393;_PyRun_SimpleFileObject;_PyRun_AnyFileObject;Py_RunMain;Py_BytesMain;__libc_start_call_main;__libc_start_main@@GLIBC_2.34;_start;|, 33.236919, 200.00, 23.528000
2025-11-25T20:16:11.564115Z, 0xfffffffffffffe00;PyObject_ClearWeakRefs;0x59e9d8;0x54cd45;_PyEval_EvalFrameDefault;0x54a0c7;PyObject_CallMethodObjArgs;PyImport_ImportModuleLevelObject;_PyEval_EvalFrameDefault;PyEval_EvalCode;0x5d2bac;0x5818ed;_PyEval_EvalFrameDefault;0x54a0c7;PyObject_CallMethodObjArgs;PyImport_ImportModuleLevelObject;_PyEval_EvalFrameDefault;PyEval_EvalCode;0x5d2bac;0x5818ed;_PyEval_EvalFrameDefault;0x54a0c7;PyObject_CallMethodObjArgs;PyImport_ImportModuleLevelObject;_PyEval_EvalFrameDefault;PyEval_EvalCode;0x5d2bac;0x5818ed;_PyEval_EvalFrameDefault;0x54a0c7;PyObject_CallMethodObjArgs;PyImport_ImportModuleLevelObject;_PyEval_EvalFrameDefault;PyEval_EvalCode;0x5d2bac;0x5818ed;_PyEval_EvalFrameDefault;0x54a0c7;PyObject_CallMethodObjArgs;PyImport_ImportModuleLevelObject;_PyEval_EvalFrameDefault;PyEval_EvalCode;0x607fc2;0x6b4393;_PyRun_SimpleFileObject;_PyRun_AnyFileObject;Py_RunMain;Py_BytesMain;__libc_start_call_main;__libc_start_main@@GLIBC_2.34;_start;|, 27.729770, 200.00, 23.528000
2025-11-25T20:16:11.569338Z, äø•Õ, 30.563555, 300.00, 23.528000
2025-11-25T20:16:11.576357Z, 0xffffffffffffff80;0xffffffffbb080865;0xffffffffbb0ec184;0xffffffffbb0ec53b;0xffffffffbb0f18f0;0xffffffffbb0f1fcc;0xffffffffbb0f2229;0xffffffffbad55662;0xffffffffbbedd385;0xffffffffbaa00bb7;0xfffffffffffffe00;__strlen_avx2;0x724fb5df1da2;0x724fba4b2876;0x724fb5c1e013;_dl_init;_dl_catch_exception;dl_open_worker;_dl_catch_exception;_dl_open;dlopen_doit;_dl_catch_exception;_dl_catch_error;_dlerror_run;dlopen@GLIBC_2.2.5;0x724fd5a3290a;0x581a90;_PyObject_MakeTpCall;_PyEval_EvalFrameDefault;_PyObject_Call_Prepend;0x59da4f;0x599513;_PyObject_MakeTpCall;_PyEval_EvalFrameDefault;PyEval_EvalCode;0x5d2bac;0x5818ed;_PyEval_EvalFrameDefault;0x54a0c7;PyObject_CallMethodObjArgs;PyImport_ImportModuleLevelObject;_PyEval_EvalFrameDefault;PyEval_EvalCode;0x607fc2;0x6b4393;_PyRun_SimpleFileObject;_PyRun_AnyFileObject;Py_RunMain;Py_BytesMain;__libc_start_call_main;__libc_start_main@@GLIBC_2.34;_start;|, 25.383375, 0.00, 23.528000
2025-11-25T20:16:11.581585Z, äø•Õ, 27.654040, 100.00, 23.528000
2025-11-25T20:16:11.588395Z, 0xfffffffffffffe00;_dl_lookup_symbol_x;_dl_relocate_object;dl_open_worker_begin;_dl_catch_exception;dl_open_worker;_dl_catch_exception;_dl_open;dlopen_doit;_dl_catch_exception;_dl_catch_error;_dlerror_run;dlopen@GLIBC_2.2.5;0x6bb9ac;0x6a8afa;0x6a8282;0x581b07;_PyEval_EvalFrameDefault;0x54a0c7;PyObject_CallMethodObjArgs;PyImport_ImportModuleLevelObject;_PyEval_EvalFrameDefault;PyEval_EvalCode;0x5d2bac;0x5818ed;_PyEval_EvalFrameDefault;0x54a0c7;PyObject_CallMethodObjArgs;PyImport_ImportModuleLevelObject;_PyEval_EvalFrameDefault;PyEval_EvalCode;0x607fc2;0x6b4393;_PyRun_SimpleFileObject;_PyRun_AnyFileObject;Py_RunMain;Py_BytesMain;__libc_start_call_main;__libc_start_main@@GLIBC_2.34;_start;|, 28.819161, 200.00, 23.528000
2025-11-25T20:16:11.595106Z, 0xfffffffffffffe00;do_lookup_x;_dl_lookup_symbol_x;_dl_relocate_object;dl_open_worker_begin;_dl_catch_exception;dl_open_worker;_dl_catch_exception;_dl_open;dlopen_doit;_dl_catch_exception;_dl_catch_error;_dlerror_run;dlopen@GLIBC_2.2.5;0x6bb9ac;0x6a8afa;0x6a8282;0x581b07;_PyEval_EvalFrameDefault;0x54a0c7;PyObject_CallMethodObjArgs;PyImport_ImportModuleLevelObject;_PyEval_EvalFrameDefault;PyEval_EvalCode;0x5d2bac;0x5818ed;_PyEval_EvalFrameDefault;0x54a0c7;PyObject_CallMethodObjArgs;PyImport_ImportModuleLevelObject;_PyEval_EvalFrameDefault;PyEval_EvalCode;0x607fc2;0x6b4393;_PyRun_SimpleFileObject;_PyRun_AnyFileObject;Py_RunMain;Py_BytesMain;__libc_start_call_main;__libc_start_main@@GLIBC_2.34;_start;|, 25.914955, 200.00, 23.528000
2025-11-25T20:16:11.601842Z, 0xfffffffffffffe00;do_lookup_x;_dl_lookup_symbol_x;_dl_relocate_object;dl_open_worker_begin;_dl_catch_exception;dl_open_worker;_dl_catch_exception;_dl_open;dlopen_doit;_dl_catch_exception;_dl_catch_error;_dlerror_run;dlopen@GLIBC_2.2.5;0x6bb9ac;0x6a8afa;0x6a8282;0x581b07;_PyEval_EvalFrameDefault;0x54a0c7;PyObject_CallMethodObjArgs;PyImport_ImportModuleLevelObject;_PyEval_EvalFrameDefault;PyEval_EvalCode;0x5d2bac;0x5818ed;_PyEval_EvalFrameDefault;0x54a0c7;PyObject_CallMethodObjArgs;PyImport_ImportModuleLevelObject;_PyEval_EvalFrameDefault;PyEval_EvalCode;0x607fc2;0x6b4393;_PyRun_SimpleFileObject;_PyRun_AnyFileObject;Py_RunMain;Py_BytesMain;__libc_start_call_main;__libc_start_main@@GLIBC_2.34;_start;|, 21.832318, 0.00, 23.528000
2025-11-25T20:16:11.608581Z, 0xfffffffffffffe00;_dl_lookup_symbol_x;_dl_relocate_object;dl_open_worker_begin;_dl_catch_exception;dl_open_worker;_dl_catch_exception;_dl_open;dlopen_doit;_dl_catch_exception;_dl_catch_error;_dlerror_run;dlopen@GLIBC_2.2.5;0x6bb9ac;0x6a8afa;0x6a8282;0x581b07;_PyEval_EvalFrameDefault;0x54a0c7;PyObject_CallMethodObjArgs;PyImport_ImportModuleLevelObject;_PyEval_EvalFrameDefault;PyEval_EvalCode;0x5d2bac;0x5818ed;_PyEval_EvalFrameDefault;0x54a0c7;PyObject_CallMethodObjArgs;PyImport_ImportModuleLevelObject;_PyEval_EvalFrameDefault;PyEval_EvalCode;0x607fc2;0x6b4393;_PyRun_SimpleFileObject;_PyRun_AnyFileObject;Py_RunMain;Py_BytesMain;__libc_start_call_main;__libc_start_main@@GLIBC_2.34;_start;|, 29.604318, 100.00, 23.528000
2025-11-25T20:16:11.613832Z, , 25.108319, 100.00, 23.528000
2025-11-25T20:16:11.620624Z, 0xfffffffffffffe00;do_lookup_x;_dl_lookup_symbol_x;_dl_relocate_object;dl_open_worker_begin;_dl_catch_exception;dl_open_worker;_dl_catch_exception;_dl_open;dlopen_doit;_dl_catch_exception;_dl_catch_error;_dlerror_run;dlopen@GLIBC_2.2.5;0x6bb9ac;0x6a8afa;0x6a8282;0x581b07;_PyEval_EvalFrameDefault;0x54a0c7;PyObject_CallMethodObjArgs;PyImport_ImportModuleLevelObject;_PyEval_EvalFrameDefault;PyEval_EvalCode;0x5d2bac;0x5818ed;_PyEval_EvalFrameDefault;0x54a0c7;PyObject_CallMethodObjArgs;PyImport_ImportModuleLevelObject;_PyEval_EvalFrameDefault;PyEval_EvalCode;0x607fc2;0x6b4393;_PyRun_SimpleFileObject;_PyRun_AnyFileObject;Py_RunMain;Py_BytesMain;__libc_start_call_main;__libc_start_main@@GLIBC_2.34;_start;|, 28.632155, 0.00, 23.528000
2025-11-25T20:16:11.627609Z, 0xfffffffffffffe00;do_lookup_x;_dl_lookup_symbol_x;_dl_relocate_object;dl_open_worker_begin;_dl_catch_exception;dl_open_worker;_dl_catch_exception;_dl_open;dlopen_doit;_dl_catch_exception;_dl_catch_error;_dlerror_run;dlopen@GLIBC_2.2.5;0x6bb9ac;0x6a8afa;0x6a8282;0x581b07;_PyEval_EvalFrameDefault;0x54a0c7;PyObject_CallMethodObjArgs;PyImport_ImportModuleLevelObject;_PyEval_EvalFrameDefault;PyEval_EvalCode;0x5d2bac;0x5818ed;_PyEval_EvalFrameDefault;0x54a0c7;PyObject_CallMethodObjArgs;PyImport_ImportModuleLevelObject;_PyEval_EvalFrameDefault;PyEval_EvalCode;0x607fc2;0x6b4393;_PyRun_SimpleFileObject;_PyRun_AnyFileObject;Py_RunMain;Py_BytesMain;__libc_start_call_main;__libc_start_main@@GLIBC_2.34;_start;|, 33.247780, 0.00, 23.528000
2025-11-25T20:16:11.632853Z, , 45.952232, 50.00, 23.528000
2025-11-25T20:16:11.639705Z, 0xfffffffffffffe00;_dl_lookup_symbol_x;_dl_relocate_object;dl_open_worker_begin;_dl_catch_exception;dl_open_worker;_dl_catch_exception;_dl_open;dlopen_doit;_dl_catch_exception;_dl_catch_error;_dlerror_run;dlopen@GLIBC_2.2.5;0x6bb9ac;0x6a8afa;0x6a8282;0x581b07;_PyEval_EvalFrameDefault;0x54a0c7;PyObject_CallMethodObjArgs;PyImport_ImportModuleLevelObject;_PyEval_EvalFrameDefault;PyEval_EvalCode;0x5d2bac;0x5818ed;_PyEval_EvalFrameDefault;0x54a0c7;PyObject_CallMethodObjArgs;PyImport_ImportModuleLevelObject;_PyEval_EvalFrameDefault;PyEval_EvalCode;0x607fc2;0x6b4393;_PyRun_SimpleFileObject;_PyRun_AnyFileObject;Py_RunMain;Py_BytesMain;__libc_start_call_main;__libc_start_main@@GLIBC_2.34;_start;|, 32.214964, 0.00, 23.528000
2025-11-25T20:16:11.644923Z, , 36.284039, 200.00, 23.528000
2025-11-25T20:16:11.652058Z, 0xffffffffffffff80;0xffffffffbb0932b0;0xffffffffbb093461;0xffffffffbb0934fc;0xffffffffbb09413f;0xffffffffbb0f04c9;0xffffffffbb0f1971;0xffffffffbb0f1fcc;0xffffffffbb0f2229;0xffffffffbad55662;0xffffffffbbedd385;0xffffffffbaa00bb7;0xfffffffffffffe00;0x724ec0f5e5e8;call_init.part.0;_dl_init;_dl_catch_exception;dl_open_worker;_dl_catch_exception;_dl_open;dlopen_doit;_dl_catch_exception;_dl_catch_error;_dlerror_run;dlopen@GLIBC_2.2.5;0x6bb9ac;0x6a8afa;0x6a8282;0x581b07;_PyEval_EvalFrameDefault;0x54a0c7;PyObject_CallMethodObjArgs;PyImport_ImportModuleLevelObject;_PyEval_EvalFrameDefault;PyEval_EvalCode;0x5d2bac;0x5818ed;_PyEval_EvalFrameDefault;0x54a0c7;PyObject_CallMethodObjArgs;PyImport_ImportModuleLevelObject;_PyEval_EvalFrameDefault;PyEval_EvalCode;0x607fc2;0x6b4393;_PyRun_SimpleFileObject;_PyRun_AnyFileObject;Py_RunMain;Py_BytesMain;__libc_start_call_main;__libc_start_main@@GLIBC_2.34;_start;|, 27.019423, 200.00, 23.528000
2025-11-25T20:16:11.657522Z, , 30.249936, 0.00, 23.528000
2025-11-25T20:16:11.662787Z, , 27.693758, 0.00, 23.528000
2025-11-25T20:16:11.669656Z, 0xffffffffffffff80;0xffffffffbb0911e0;0xffffffffbb091ef6;0xffffffffbb0932a8;0xffffffffbb093461;0xffffffffbb0934fc;0xffffffffbb09413f;0xffffffffbb0f04c9;0xffffffffbb0f1971;0xffffffffbb0f1fcc;0xffffffffbb0f2229;0xffffffffbad55662;0xffffffffbbedd385;0xffffffffbaa00bb7;0xfffffffffffffe00;0x724ec110f4be;call_init.part.0;_dl_init;_dl_catch_exception;dl_open_worker;_dl_catch_exception;_dl_open;dlopen_doit;_dl_catch_exception;_dl_catch_error;_dlerror_run;dlopen@GLIBC_2.2.5;0x6bb9ac;0x6a8afa;0x6a8282;0x581b07;_PyEval_EvalFrameDefault;0x54a0c7;PyObject_CallMethodObjArgs;PyImport_ImportModuleLevelObject;_PyEval_EvalFrameDefault;PyEval_EvalCode;0x5d2bac;0x5818ed;_PyEval_EvalFrameDefault;0x54a0c7;PyObject_CallMethodObjArgs;PyImport_ImportModuleLevelObject;_PyEval_EvalFrameDefault;PyEval_EvalCode;0x607fc2;0x6b4393;_PyRun_SimpleFileObject;_PyRun_AnyFileObject;Py_RunMain;Py_BytesMain;__libc_start_call_main;__libc_start_main@@GLIBC_2.34;_start;|, 24.788892, 100.00, 23.528000
2025-11-25T20:16:11.674931Z, 0xffffffffffffff80;0xffffffffbaa01199;0xfffffffffffffe00;0x724f1b5f2d19;|, 30.682343, 100.00, 23.528000
2025-11-25T20:16:11.680166Z, 0xfffffffffffffe00;0x724f9ce905cd;0x19;0x756c65725f796b61;|, 22.229039, 0.00, 23.528000
2025-11-25T20:16:11.685375Z, , 30.681266, 0.00, 23.528000
2025-11-25T20:16:11.690618Z, 0xfffffffffffffe00;0x724f9ce8b170;0xc;0x65726175;|, 26.822567, 0.00, 23.528000
2025-11-25T20:16:11.695834Z, , 24.479427, 50.00, 23.528000
2025-11-25T20:16:11.701063Z, 0xfffffffffffffe00;0x724f9ce8ed88;|, 29.410054, 0.00, 23.528000
2025-11-25T20:16:11.706313Z, 0xfffffffffffffe00;0x724f9ce8afb4;0x16;0x736e6172745f766e;|, 24.569479, 100.00, 23.528000
2025-11-25T20:16:11.711516Z, , 27.008463, 0.00, 23.528000
2025-11-25T20:16:11.716761Z, 0xfffffffffffffe00;0x724fa2fa9190;0x3;0x4;0x4dbe00000001baff;|, 27.500391, 0.00, 23.528000
2025-11-25T20:16:11.721987Z, , 24.611427, 0.00, 23.528000
2025-11-25T20:16:11.727213Z, 0xfffffffffffffe00;0x724f9cf15d7c;0x3c07d070;0x3be62160;|, 29.008541, 100.00, 23.528000
2025-11-25T20:16:11.732435Z, , 23.745831, 0.00, 23.528000
2025-11-25T20:16:11.737719Z, 0xfffffffffffffe00;0x724f9cbc7990;0x20000ec76;0x724fc0c9a280;|, 28.808257, 0.00, 23.528000
2025-11-25T20:16:11.742927Z, , 25.971559, 0.00, 23.528000
2025-11-25T20:16:11.748156Z, 0xfffffffffffffe00;0x724f9cf04d9a;|, 28.424989, 0.00, 23.528000
2025-11-25T20:16:11.753377Z, , 25.955141, 0.00, 23.528000
2025-11-25T20:16:11.758628Z, 0xfffffffffffffe00;0x724f9cbc7990;0x200000e6c;0x724fc0a5a490;0x441f0f000000;|, 25.424290, 100.00, 23.528000
2025-11-25T20:16:11.763846Z, , 26.601703, 0.00, 23.528000
2025-11-25T20:16:11.769110Z, 0xfffffffffffffe00;0x724f9cf05df8;0x3cd53050;0x3cd5c510;|, 28.445008, 0.00, 23.528000
2025-11-25T20:16:11.774350Z, , 22.125023, 100.00, 23.528000
2025-11-25T20:16:11.779915Z, 0xffffffffffffff80;0xffffffffbb1975fb;0xffffffffbb10576c;0xffffffffbb10722e;0xffffffffbb0f04be;0xffffffffbb0f1971;0xffffffffbb0f1fcc;0xffffffffbb0f2229;0xffffffffbad55662;0xffffffffbbedd385;0xffffffffbaa00bb7;0xfffffffffffffe00;__memcpy_avx_unaligned_erms;|, 26.125825, 200.00, 23.528000
2025-11-25T20:16:11.785153Z, , 29.496662, 300.00, 23.528000
2025-11-25T20:16:11.790335Z, , 23.528189, 0.00, 23.528000
2025-11-25T20:16:11.805710Z, 0xfffffffffffffe00;check_match;do_lookup_x;_dl_lookup_symbol_x;_dl_relocate_object;dl_open_worker_begin;_dl_catch_exception;dl_open_worker;_dl_catch_exception;_dl_open;dlopen_doit;_dl_catch_exception;_dl_catch_error;_dlerror_run;dlopen@GLIBC_2.2.5;0x6bb9ac;0x6a8afa;0x6a8282;0x581b07;_PyEval_EvalFrameDefault;0x54a0c7;PyObject_CallMethodObjArgs;PyImport_ImportModuleLevelObject;0x5d2ef4;0x5818ed;_PyEval_EvalFrameDefault;0x54a0c7;PyObject_CallMethodObjArgs;PyImport_ImportModuleLevelObject;_PyEval_EvalFrameDefault;PyEval_EvalCode;0x5d2bac;0x5818ed;_PyEval_EvalFrameDefault;0x54a0c7;PyObject_CallMethodObjArgs;PyImport_ImportModuleLevelObject;0x5d2ef4;0x5818ed;_PyEval_EvalFrameDefault;0x54a0c7;PyObject_CallMethodObjArgs;PyImport_ImportModuleLevelObject;_PyEval_EvalFrameDefault;PyEval_EvalCode;0x5d2bac;0x5818ed;_PyEval_EvalFrameDefault;0x54a0c7;PyObject_CallMethodObjArgs;PyImport_ImportModuleLevelObject;0x5d2ef4;0x5818ed;_PyEval_EvalFrameDefault;0x54a0c7;PyObject_CallMethodObjArgs;PyImport_ImportModuleLevelObject;_PyEval_EvalFrameDefault;PyEval_EvalCode;0x5d2bac;0x5818ed;_PyEval_EvalFrameDefault;0x54a0c7;PyObject_CallMethodObjArgs;PyImport_ImportModuleLevelObject;_PyEval_EvalFrameDefault;PyEval_EvalCode;0x5d2bac;0x5818ed;_PyEval_EvalFrameDefault;0x54a0c7;PyObject_CallMethodObjArgs;PyImport_ImportModuleLevelObject;0x5d2ef4;0x5818ed;PyObject_CallFunction;PyImport_Import;PyImport_ImportModule;0x724fc0f8079f;|, 52.275243, 100.00, 24.274000
2025-11-25T20:16:11.818521Z, 0xfffffffffffffe00;_PyFunction_Vectorcall;PyObject_ClearWeakRefs;0x59e9d8;0x579702;0x59ea69;0x54cd45;_PyEval_EvalFrameDefault;0x54cea2;_PyEval_EvalFrameDefault;0x54a0c7;PyObject_CallMethodObjArgs;PyImport_ImportModuleLevelObject;0x5d2ef4;0x5818ed;_PyEval_EvalFrameDefault;0x54a0c7;PyObject_CallMethodObjArgs;PyImport_ImportModuleLevelObject;_PyEval_EvalFrameDefault;PyEval_EvalCode;0x5d2bac;0x5818ed;_PyEval_EvalFrameDefault;0x54a0c7;PyObject_CallMethodObjArgs;PyImport_ImportModuleLevelObject;_PyEval_EvalFrameDefault;PyEval_EvalCode;0x5d2bac;0x5818ed;_PyEval_EvalFrameDefault;0x54a0c7;PyObject_CallMethodObjArgs;PyImport_ImportModuleLevelObject;0x5d2ef4;0x5818ed;_PyEval_EvalFrameDefault;0x54a0c7;PyObject_CallMethodObjArgs;PyImport_ImportModuleLevelObject;_PyEval_EvalFrameDefault;PyEval_EvalCode;0x5d2bac;0x5818ed;_PyEval_EvalFrameDefault;0x54a0c7;PyObject_CallMethodObjArgs;PyImport_ImportModuleLevelObject;0x5d2ef4;0x5818ed;_PyEval_EvalFrameDefault;0x54a0c7;PyObject_CallMethodObjArgs;PyImport_ImportModuleLevelObject;_PyEval_EvalFrameDefault;PyEval_EvalCode;0x5d2bac;0x5818ed;_PyEval_EvalFrameDefault;0x54a0c7;PyObject_CallMethodObjArgs;PyImport_ImportModuleLevelObject;_PyEval_EvalFrameDefault;PyEval_EvalCode;0x5d2bac;0x5818ed;_PyEval_EvalFrameDefault;0x54a0c7;PyObject_CallMethodObjArgs;PyImport_ImportModuleLevelObject;0x5d2ef4;0x5818ed;PyObject_CallFunction;PyImport_Import;PyImport_ImportModule;0x724fc0f8079f;|, 140.479449, 121.43, 24.274000
2025-11-25T20:16:11.836891Z, 0xfffffffffffffe00;_PyEval_EvalFrameDefault;_PyObject_Call_Prepend;0x59da4f;0x599513;_PyObject_MakeTpCall;_PyEval_EvalFrameDefault;0x64ef83;PyObject_Call;_PyEval_EvalFrameDefault;0x5a0bf5;_PyEval_EvalFrameDefault;PyEval_EvalCode;0x5d2bac;0x5818ed;_PyEval_EvalFrameDefault;0x54a0c7;PyObject_CallMethodObjArgs;PyImport_ImportModuleLevelObject;_PyEval_EvalFrameDefault;PyEval_EvalCode;0x5d2bac;0x5818ed;_PyEval_EvalFrameDefault;0x54a0c7;PyObject_CallMethodObjArgs;PyImport_ImportModuleLevelObject;_PyEval_EvalFrameDefault;PyEval_EvalCode;0x5d2bac;0x5818ed;_PyEval_EvalFrameDefault;0x54a0c7;PyObject_CallMethodObjArgs;PyImport_ImportModuleLevelObject;0x5d2ef4;0x5818ed;_PyEval_EvalFrameDefault;0x54a0c7;PyObject_CallMethodObjArgs;PyImport_ImportModuleLevelObject;_PyEval_EvalFrameDefault;PyEval_EvalCode;0x5d2bac;0x5818ed;_PyEval_EvalFrameDefault;0x54a0c7;PyObject_CallMethodObjArgs;PyImport_ImportModuleLevelObject;_PyEval_EvalFrameDefault;PyEval_EvalCode;0x5d2bac;0x5818ed;_PyEval_EvalFrameDefault;0x54a0c7;PyObject_CallMethodObjArgs;PyImport_ImportModuleLevelObject;0x5d2ef4;0x5818ed;_PyEval_EvalFrameDefault;0x54a0c7;PyObject_CallMethodObjArgs;PyImport_ImportModuleLevelObject;_PyEval_EvalFrameDefault;PyEval_EvalCode;0x5d2bac;0x5818ed;_PyEval_EvalFrameDefault;0x54a0c7;PyObject_CallMethodObjArgs;PyImport_ImportModuleLevelObject;_PyEval_EvalFrameDefault;PyEval_EvalCode;0x5d2bac;0x5818ed;_PyEval_EvalFrameDefault;0x54a0c7;PyObject_CallMethodObjArgs;PyImport_ImportModuleLevelObject;_PyEval_EvalFrameDefault;PyEval_EvalCode;0x5d2bac;0x5818ed;_PyEval_EvalFrameDefault;0x54a0c7;PyObject_CallMethodObjArgs;PyImport_ImportModuleLevelObject;0x5d2ef4;0x5818ed;_PyEval_EvalFrameDefault;0x54a0c7;PyObject_CallMethodObjArgs;PyImport_ImportModuleLevelObject;_PyEval_EvalFrameDefault;PyEval_EvalCode;0x5d2bac;0x5818ed;_PyEval_EvalFrameDefault;0x54a0c7;PyObject_CallMethodObjArgs;PyImport_ImportModuleLevelObject;0x5d2ef4;0x5818ed;_PyEval_EvalFrameDefault;0x54a0c7;PyObject_CallMethodObjArgs;PyImport_ImportModuleLevelObject;_PyEval_EvalFrameDefault;PyEval_EvalCode;0x5d2bac;0x5818ed;_PyEval_EvalFrameDefault;0x54a0c7;PyObject_CallMethodObjArgs;PyImport_ImportModuleLevelObject;0x5d2ef4;0x5818ed;PyObject_CallFunction;PyImport_Import;PyImport_ImportModule;0x724fc0f8079f;|, 153.817691, 224.39, 24.274000
2025-11-25T20:16:11.844649Z, 0xfffffffffffffe00;_PyEval_EvalFrameDefault;_PyObject_Call_Prepend;0x59da4f;0x599513;_PyObject_MakeTpCall;_PyEval_EvalFrameDefault;0x54a0c7;PyObject_CallMethodObjArgs;PyImport_ImportModuleLevelObject;_PyEval_EvalFrameDefault;PyEval_EvalCode;0x5d2bac;0x5818ed;_PyEval_EvalFrameDefault;0x54a0c7;PyObject_CallMethodObjArgs;PyImport_ImportModuleLevelObject;0x5d2ef4;0x5818ed;PyObject_CallFunction;PyImport_Import;PyImport_ImportModule;0x724fc0f8079f;|0xfffffffffffffe00;0x724fc0589190;0x0;0x74657379656b5f68;|, 164.082174, 245.90, 24.274000
2025-11-25T20:16:11.853042Z, 0xfffffffffffffe00;0x6025b0;0x60280b;0x60240d;0x602793;0x602531;0x602793;0x602531;0x602793;0x604dd4;_PyEval_EvalFrameDefault;0x54a0c7;PyObject_CallMethodObjArgs;PyImport_ImportModuleLevelObject;_PyEval_EvalFrameDefault;PyEval_EvalCode;0x5d2bac;0x5818ed;_PyEval_EvalFrameDefault;0x54a0c7;PyObject_CallMethodObjArgs;PyImport_ImportModuleLevelObject;0x5d2ef4;0x5818ed;_PyEval_EvalFrameDefault;0x54a0c7;PyObject_CallMethodObjArgs;PyImport_ImportModuleLevelObject;_PyEval_EvalFrameDefault;PyEval_EvalCode;0x5d2bac;0x5818ed;_PyEval_EvalFrameDefault;0x54a0c7;PyObject_CallMethodObjArgs;PyImport_ImportModuleLevelObject;_PyEval_EvalFrameDefault;PyEval_EvalCode;0x607fc2;0x6b4393;_PyRun_SimpleFileObject;_PyRun_AnyFileObject;Py_RunMain;Py_BytesMain;__libc_start_call_main;__libc_start_main@@GLIBC_2.34;_start;|, 163.556801, 747.83, 24.274000
2025-11-25T20:16:11.864202Z, 0xfffffffffffffe00;_Py_HashBytes;0x5a61cd;_Py_hashtable_get;PyUnicode_InternInPlace;0x6022cd;0x602433;0x6027ab;0x602531;0x602793;0x604dd4;_PyEval_EvalFrameDefault;0x54a0c7;PyObject_CallMethodObjArgs;PyImport_ImportModuleLevelObject;_PyEval_EvalFrameDefault;PyEval_EvalCode;0x5d2bac;0x5818ed;_PyEval_EvalFrameDefault;0x54a0c7;PyObject_CallMethodObjArgs;PyImport_ImportModuleLevelObject;0x5d2ef4;0x5818ed;_PyEval_EvalFrameDefault;0x54a0c7;PyObject_CallMethodObjArgs;PyImport_ImportModuleLevelObject;_PyEval_EvalFrameDefault;_PyObject_Call_Prepend;0x5a30c8;_PyObject_MakeTpCall;_PyEval_EvalFrameDefault;PyEval_EvalCode;0x5d2bac;0x5818ed;_PyEval_EvalFrameDefault;0x54a0c7;PyObject_CallMethodObjArgs;PyImport_ImportModuleLevelObject;_PyEval_EvalFrameDefault;PyEval_EvalCode;0x5d2bac;0x5818ed;_PyEval_EvalFrameDefault;0x54a0c7;PyObject_CallMethodObjArgs;PyImport_ImportModuleLevelObject;0x5d2ef4;0x5818ed;PyObject_CallFunction;PyImport_Import;PyImport_ImportModule;0x724fc0f10574;0x3e114050;0x724fc158e2e0;|, 161.728542, 591.43, 24.274000
2025-11-25T20:16:11.871993Z, 0xfffffffffffffe00;0x574c68;_PyEval_EvalFrameDefault;PyEval_EvalCode;0x5d2bac;0x5818ed;_PyEval_EvalFrameDefault;0x54a0c7;PyObject_CallMethodObjArgs;PyImport_ImportModuleLevelObject;_PyEval_EvalFrameDefault;PyEval_EvalCode;0x5d2bac;0x5818ed;_PyEval_EvalFrameDefault;0x54a0c7;PyObject_CallMethodObjArgs;PyImport_ImportModuleLevelObject;0x5d2ef4;0x5818ed;_PyEval_EvalFrameDefault;0x54a0c7;PyObject_CallMethodObjArgs;PyImport_ImportModuleLevelObject;_PyEval_EvalFrameDefault;_PyObject_Call_Prepend;0x5a30c8;_PyObject_MakeTpCall;_PyEval_EvalFrameDefault;PyEval_EvalCode;0x5d2bac;0x5818ed;_PyEval_EvalFrameDefault;0x54a0c7;PyObject_CallMethodObjArgs;PyImport_ImportModuleLevelObject;_PyEval_EvalFrameDefault;PyEval_EvalCode;0x5d2bac;0x5818ed;_PyEval_EvalFrameDefault;0x54a0c7;PyObject_CallMethodObjArgs;PyImport_ImportModuleLevelObject;0x5d2ef4;0x5818ed;PyObject_CallFunction;PyImport_Import;PyImport_ImportModule;0x724fc0f10574;0x3e114050;0x724fc158e2e0;|, 162.077561, 924.00, 24.274000
2025-11-25T20:16:11.877236Z, , 151.243092, 976.92, 24.274000
2025-11-25T20:16:11.883687Z, 0xfffffffffffffe00;0x571fa0;_PyEval_EvalFrameDefault;PyEval_EvalCode;0x5d2bac;0x5818ed;_PyEval_EvalFrameDefault;0x54a0c7;PyObject_CallMethodObjArgs;PyImport_ImportModuleLevelObject;_PyEval_EvalFrameDefault;PyEval_EvalCode;0x607fc2;0x6b4393;_PyRun_SimpleFileObject;_PyRun_AnyFileObject;Py_RunMain;Py_BytesMain;__libc_start_call_main;__libc_start_main@@GLIBC_2.34;_start;|, 153.774110, 1681.25, 24.274000
2025-11-25T20:16:11.902447Z, 0xfffffffffffffe00;0x60222e;0x602531;0x602793;0x6024a5;0x602793;0x604dd4;_PyEval_EvalFrameDefault;0x54a0c7;PyObject_CallMethodObjArgs;PyImport_ImportModuleLevelObject;_PyEval_EvalFrameDefault;PyEval_EvalCode;0x5d2bac;0x5818ed;_PyEval_EvalFrameDefault;0x54a0c7;PyObject_CallMethodObjArgs;PyImport_ImportModuleLevelObject;_PyEval_EvalFrameDefault;PyEval_EvalCode;0x5d2bac;0x5818ed;_PyEval_EvalFrameDefault;0x54a0c7;PyObject_CallMethodObjArgs;PyImport_ImportModuleLevelObject;_PyEval_EvalFrameDefault;PyEval_EvalCode;0x5d2bac;0x5818ed;_PyEval_EvalFrameDefault;0x54a0c7;PyObject_CallMethodObjArgs;PyImport_ImportModuleLevelObject;_PyEval_EvalFrameDefault;PyEval_EvalCode;0x5d2bac;0x5818ed;_PyEval_EvalFrameDefault;0x54a0c7;PyObject_CallMethodObjArgs;PyImport_ImportModuleLevelObject;_PyEval_EvalFrameDefault;PyEval_EvalCode;0x5d2bac;0x5818ed;_PyEval_EvalFrameDefault;0x54a0c7;PyObject_CallMethodObjArgs;PyImport_ImportModuleLevelObject;0x5d2ef4;0x5818ed;_PyEval_EvalFrameDefault;0x54a0c7;PyObject_CallMethodObjArgs;PyImport_ImportModuleLevelObject;_PyEval_EvalFrameDefault;PyEval_EvalCode;0x5d2bac;0x5818ed;_PyEval_EvalFrameDefault;0x54a0c7;PyObject_CallMethodObjArgs;PyImport_ImportModuleLevelObject;0x5d2ef4;0x5818ed;_PyEval_EvalFrameDefault;0x54a0c7;PyObject_CallMethodObjArgs;PyImport_ImportModuleLevelObject;_PyEval_EvalFrameDefault;PyEval_EvalCode;0x5d2bac;0x5818ed;_PyEval_EvalFrameDefault;0x54a0c7;PyObject_CallMethodObjArgs;PyImport_ImportModuleLevelObject;_PyEval_EvalFrameDefault;PyEval_EvalCode;0x5d2bac;0x5818ed;_PyEval_EvalFrameDefault;0x54a0c7;PyObject_CallMethodObjArgs;PyImport_ImportModuleLevelObject;_PyEval_EvalFrameDefault;PyEval_EvalCode;0x5d2bac;0x5818ed;_PyEval_EvalFrameDefault;0x54a0c7;PyObject_CallMethodObjArgs;PyImport_ImportModuleLevelObject;0x5d2ef4;0x5818ed;_PyEval_EvalFrameDefault;0x54a0c7;PyObject_CallMethodObjArgs;PyImport_ImportModuleLevelObject;_PyEval_EvalFrameDefault;PyEval_EvalCode;0x5d2bac;0x5818ed;_PyEval_EvalFrameDefault;0x54a0c7;PyObject_CallMethodObjArgs;PyImport_ImportModuleLevelObject;0x5d2ef4;0x5818ed;_PyEval_EvalFrameDefault;0x54a0c7;PyObject_CallMethodObjArgs;PyImport_ImportModuleLevelObject;_PyEval_EvalFrameDefault;PyEval_EvalCode;0x5d2bac;0x5818ed;_PyEval_EvalFrameDefault;0x54a0c7;PyObject_CallMethodObjArgs;PyImport_ImportModuleLevelObject;_PyEval_EvalFrameDefault;PyEval_EvalCode;0x607fc2;0x6b4393;_PyRun_SimpleFileObject;|, 174.058996, 1260.87, 24.274000
2025-11-25T20:16:11.920975Z, 0xffffffffffffff80;0xffffffffbb428e31;0xffffffffbb441a22;0xffffffffbb441e95;0xffffffffbb44249f;0xffffffffbb43dead;0xffffffffbb43e027;0xffffffffbb3c872c;0xffffffffbb1c7c48;0xffffffffbb1c7dee;0xffffffffbb1c7e55;0xffffffffbac84b12;0xffffffffbbed678e;0xffffffffbaa0012b;0xfffffffffffffe00;__fstat64;0x6e25cf;_PyEval_EvalFrameDefault;0x54a0c7;PyObject_CallMethodObjArgs;PyImport_ImportModuleLevelObject;_PyEval_EvalFrameDefault;PyEval_EvalCode;0x5d2bac;0x5818ed;_PyEval_EvalFrameDefault;0x54a0c7;PyObject_CallMethodObjArgs;PyImport_ImportModuleLevelObject;0x5d2ef4;0x5818ed;_PyEval_EvalFrameDefault;0x54a0c7;PyObject_CallMethodObjArgs;PyImport_ImportModuleLevelObject;_PyEval_EvalFrameDefault;PyEval_EvalCode;0x5d2bac;0x5818ed;_PyEval_EvalFrameDefault;0x54a0c7;PyObject_CallMethodObjArgs;PyImport_ImportModuleLevelObject;0x5d2ef4;0x5818ed;_PyEval_EvalFrameDefault;0x54a0c7;PyObject_CallMethodObjArgs;PyImport_ImportModuleLevelObject;0x5d2ef4;0x5818ed;_PyEval_EvalFrameDefault;0x54a0c7;PyObject_CallMethodObjArgs;PyImport_ImportModuleLevelObject;_PyEval_EvalFrameDefault;PyEval_EvalCode;0x5d2bac;0x5818ed;_PyEval_EvalFrameDefault;0x54a0c7;PyObject_CallMethodObjArgs;PyImport_ImportModuleLevelObject;_PyEval_EvalFrameDefault;PyEval_EvalCode;0x5d2bac;0x5818ed;_PyEval_EvalFrameDefault;0x54a0c7;PyObject_CallMethodObjArgs;PyImport_ImportModuleLevelObject;_PyEval_EvalFrameDefault;PyEval_EvalCode;0x5d2bac;0x5818ed;_PyEval_EvalFrameDefault;0x54a0c7;PyObject_CallMethodObjArgs;PyImport_ImportModuleLevelObject;0x5d2ef4;0x5818ed;_PyEval_EvalFrameDefault;0x54a0c7;PyObject_CallMethodObjArgs;PyImport_ImportModuleLevelObject;_PyEval_EvalFrameDefault;PyEval_EvalCode;0x5d2bac;0x5818ed;_PyEval_EvalFrameDefault;0x54a0c7;PyObject_CallMethodObjArgs;PyImport_ImportModuleLevelObject;0x5d2ef4;0x5818ed;_PyEval_EvalFrameDefault;0x54a0c7;PyObject_CallMethodObjArgs;PyImport_ImportModuleLevelObject;_PyEval_EvalFrameDefault;PyEval_EvalCode;0x5d2bac;0x5818ed;_PyEval_EvalFrameDefault;0x54a0c7;PyObject_CallMethodObjArgs;PyImport_ImportModuleLevelObject;_PyEval_EvalFrameDefault;PyEval_EvalCode;0x5d2bac;0x5818ed;_PyEval_EvalFrameDefault;0x54a0c7;PyObject_CallMethodObjArgs;PyImport_ImportModuleLevelObject;_PyEval_EvalFrameDefault;PyEval_EvalCode;0x5d2bac;0x5818ed;_PyEval_EvalFrameDefault;0x54a0c7;PyObject_CallMethodObjArgs;PyImport_ImportModuleLevelObject;0x5d2ef4;0x5818ed;_PyEval_EvalFrameDefault;0x54a0c7;PyObject_CallMethodObjArgs;PyImport_ImportModuleLevelObject;|, 170.383517, 578.33, 24.274000
2025-11-25T20:16:11.939388Z, 0xfffffffffffffe00;_PyUnicode_JoinArray;_PyEval_EvalFrameDefault;PyEval_EvalCode;0x5d2bac;0x5818ed;_PyEval_EvalFrameDefault;0x54a0c7;PyObject_CallMethodObjArgs;PyImport_ImportModuleLevelObject;_PyEval_EvalFrameDefault;PyEval_EvalCode;0x5d2bac;0x5818ed;_PyEval_EvalFrameDefault;0x54a0c7;PyObject_CallMethodObjArgs;PyImport_ImportModuleLevelObject;_PyEval_EvalFrameDefault;PyEval_EvalCode;0x5d2bac;0x5818ed;_PyEval_EvalFrameDefault;0x54a0c7;PyObject_CallMethodObjArgs;PyImport_ImportModuleLevelObject;_PyEval_EvalFrameDefault;PyEval_EvalCode;0x5d2bac;0x5818ed;_PyEval_EvalFrameDefault;0x54a0c7;PyObject_CallMethodObjArgs;PyImport_ImportModuleLevelObject;_PyEval_EvalFrameDefault;PyEval_EvalCode;0x5d2bac;0x5818ed;_PyEval_EvalFrameDefault;0x54a0c7;PyObject_CallMethodObjArgs;PyImport_ImportModuleLevelObject;_PyEval_EvalFrameDefault;PyEval_EvalCode;0x5d2bac;0x5818ed;_PyEval_EvalFrameDefault;0x54a0c7;PyObject_CallMethodObjArgs;PyImport_ImportModuleLevelObject;_PyEval_EvalFrameDefault;PyEval_EvalCode;0x5d2bac;0x5818ed;_PyEval_EvalFrameDefault;0x54a0c7;PyObject_CallMethodObjArgs;PyImport_ImportModuleLevelObject;0x5d2ef4;0x5818ed;_PyEval_EvalFrameDefault;0x54a0c7;PyObject_CallMethodObjArgs;PyImport_ImportModuleLevelObject;_PyEval_EvalFrameDefault;PyEval_EvalCode;0x5d2bac;0x5818ed;_PyEval_EvalFrameDefault;0x54a0c7;PyObject_CallMethodObjArgs;PyImport_ImportModuleLevelObject;0x5d2ef4;0x5818ed;_PyEval_EvalFrameDefault;0x54a0c7;PyObject_CallMethodObjArgs;PyImport_ImportModuleLevelObject;_PyEval_EvalFrameDefault;PyEval_EvalCode;0x5d2bac;0x5818ed;_PyEval_EvalFrameDefault;0x54a0c7;PyObject_CallMethodObjArgs;PyImport_ImportModuleLevelObject;_PyEval_EvalFrameDefault;PyEval_EvalCode;0x607fc2;0x6b4393;_PyRun_SimpleFileObject;_PyRun_AnyFileObject;Py_RunMain;Py_BytesMain;__libc_start_call_main;__libc_start_main@@GLIBC_2.34;_start;|0xfffffffffffffe00;__memset_avx2_unaligned_erms;0x5e43c0;0x5ec8d7;0x5ec9d8;0x5e4fd9;_PyAST_Compile;PyRun_StringFlags;0x5d2c59;_PyEval_EvalFrameDefault;PyEval_EvalCode;0x5d2bac;0x5818ed;_PyEval_EvalFrameDefault;0x54a0c7;PyObject_CallMethodObjArgs;PyImport_ImportModuleLevelObject;_PyEval_EvalFrameDefault;PyEval_EvalCode;0x5d2bac;0x5818ed;_PyEval_EvalFrameDefault;0x54a0c7;PyObject_CallMethodObjArgs;PyImport_ImportModuleLevelObject;_PyEval_EvalFrameDefault;PyEval_EvalCode;0x5d2bac;0x5818ed;_PyEval_EvalFrameDefault;0x54a0c7;PyObject_CallMethodObjArgs;PyImport_ImportModuleLevelObject;_PyEval_EvalFrameDefault;PyEval_EvalCode;0x5d2bac;0x5818ed;_PyEval_EvalFrameDefault;0x54a0c7;PyObject_CallMethodObjArgs;PyImport_ImportModuleLevelObject;_PyEval_EvalFrameDefault;PyEval_EvalCode;0x5d2bac;0x5818ed;_PyEval_EvalFrameDefault;0x54a0c7;PyObject_CallMethodObjArgs;PyImport_ImportModuleLevelObject;0x5d2ef4;0x5818ed;_PyEval_EvalFrameDefault;0x54a0c7;PyObject_CallMethodObjArgs;PyImport_ImportModuleLevelObject;_PyEval_EvalFrameDefault;PyEval_EvalCode;0x5d2bac;0x5818ed;_PyEval_EvalFrameDefault;0x54a0c7;PyObject_CallMethodObjArgs;PyImport_ImportModuleLevelObject;0x5d2ef4;0x5818ed;_PyEval_EvalFrameDefault;0x54a0c7;PyObject_CallMethodObjArgs;PyImport_ImportModuleLevelObject;_PyEval_EvalFrameDefault;PyEval_EvalCode;0x5d2bac;0x5818ed;_PyEval_EvalFrameDefault;0x54a0c7;PyObject_CallMethodObjArgs;PyImport_ImportModuleLevelObject;_PyEval_EvalFrameDefault;PyEval_EvalCode;0x607fc2;0x6b4393;_PyRun_SimpleFileObject;_PyRun_AnyFileObject;Py_RunMain;Py_BytesMain;__libc_start_call_main;__libc_start_main@@GLIBC_2.34;_start;|0xfffffffffffffe00;PyDict_SetDefault;0x5ead3b;0x5eaa52;0x5e79ad;0x5e8021;0x5e7db5;0x5e578c;0x5ec9d8;0x5ec9d8;0x5e4fd9;_PyAST_Compile;PyRun_StringFlags;0x5d2c59;_PyEval_EvalFrameDefault;PyEval_EvalCode;0x5d2bac;0x5818ed;_PyEval_EvalFrameDefault;0x54a0c7;PyObject_CallMethodObjArgs;PyImport_ImportModuleLevelObject;_PyEval_EvalFrameDefault;PyEval_EvalCode;0x5d2bac;0x5818ed;_PyEval_EvalFrameDefault;0x54a0c7;PyObject_CallMethodObjArgs;PyImport_ImportModuleLevelObject;_PyEval_EvalFrameDefault;PyEval_EvalCode;0x5d2bac;0x5818ed;_PyEval_EvalFrameDefault;0x54a0c7;PyObject_CallMethodObjArgs;PyImport_ImportModuleLevelObject;_PyEval_EvalFrameDefault;PyEval_EvalCode;0x5d2bac;0x5818ed;_PyEval_EvalFrameDefault;0x54a0c7;PyObject_CallMethodObjArgs;PyImport_ImportModuleLevelObject;_PyEval_EvalFrameDefault;PyEval_EvalCode;0x5d2bac;0x5818ed;_PyEval_EvalFrameDefault;0x54a0c7;PyObject_CallMethodObjArgs;PyImport_ImportModuleLevelObject;0x5d2ef4;0x5818ed;_PyEval_EvalFrameDefault;0x54a0c7;PyObject_CallMethodObjArgs;PyImport_ImportModuleLevelObject;_PyEval_EvalFrameDefault;PyEval_EvalCode;0x5d2bac;0x5818ed;_PyEval_EvalFrameDefault;0x54a0c7;PyObject_CallMethodObjArgs;PyImport_ImportModuleLevelObject;0x5d2ef4;0x5818ed;_PyEval_EvalFrameDefault;0x54a0c7;PyObject_CallMethodObjArgs;PyImport_ImportModuleLevelObject;_PyEval_EvalFrameDefault;PyEval_EvalCode;0x5d2bac;0x5818ed;_PyEval_EvalFrameDefault;0x54a0c7;PyObject_CallMethodObjArgs;PyImport_ImportModuleLevelObject;_PyEval_EvalFrameDefault;PyEval_EvalCode;0x607fc2;0x6b4393;_PyRun_SimpleFileObject;_PyRun_AnyFileObject;Py_RunMain;Py_BytesMain;__libc_start_call_main;__libc_start_main@@GLIBC_2.34;_start;|, 159.321905, 607.35, 24.274000
2025-11-25T20:16:11.949198Z, 0xfffffffffffffe00;_PyEval_EvalFrameDefault;PyEval_EvalCode;0x5d2bac;0x5818ed;_PyEval_EvalFrameDefault;0x54a0c7;PyObject_CallMethodObjArgs;PyImport_ImportModuleLevelObject;0x5d2ef4;0x5818ed;_PyEval_EvalFrameDefault;0x54a0c7;PyObject_CallMethodObjArgs;PyImport_ImportModuleLevelObject;_PyEval_EvalFrameDefault;PyEval_EvalCode;0x5d2bac;0x5818ed;_PyEval_EvalFrameDefault;0x54a0c7;PyObject_CallMethodObjArgs;PyImport_ImportModuleLevelObject;_PyEval_EvalFrameDefault;PyEval_EvalCode;0x5d2bac;0x5818ed;_PyEval_EvalFrameDefault;0x54a0c7;PyObject_CallMethodObjArgs;PyImport_ImportModuleLevelObject;_PyEval_EvalFrameDefault;PyEval_EvalCode;0x5d2bac;0x5818ed;_PyEval_EvalFrameDefault;0x54a0c7;PyObject_CallMethodObjArgs;PyImport_ImportModuleLevelObject;0x5d2ef4;0x5818ed;_PyEval_EvalFrameDefault;0x54a0c7;PyObject_CallMethodObjArgs;PyImport_ImportModuleLevelObject;_PyEval_EvalFrameDefault;PyEval_EvalCode;0x5d2bac;0x5818ed;_PyEval_EvalFrameDefault;0x54a0c7;PyObject_CallMethodObjArgs;PyImport_ImportModuleLevelObject;_PyEval_EvalFrameDefault;PyEval_EvalCode;0x5d2bac;0x5818ed;_PyEval_EvalFrameDefault;0x54a0c7;PyObject_CallMethodObjArgs;PyImport_ImportModuleLevelObject;_PyEval_EvalFrameDefault;PyEval_EvalCode;0x5d2bac;0x5818ed;_PyEval_EvalFrameDefault;0x54a0c7;PyObject_CallMethodObjArgs;PyImport_ImportModuleLevelObject;0x5d2ef4;0x5818ed;_PyEval_EvalFrameDefault;0x54a0c7;PyObject_CallMethodObjArgs;PyImport_ImportModuleLevelObject;_PyEval_EvalFrameDefault;PyEval_EvalCode;0x5d2bac;0x5818ed;_PyEval_EvalFrameDefault;0x54a0c7;PyObject_CallMethodObjArgs;PyImport_ImportModuleLevelObject;0x5d2ef4;0x5818ed;_PyEval_EvalFrameDefault;0x54a0c7;PyObject_CallMethodObjArgs;PyImport_ImportModuleLevelObject;_PyEval_EvalFrameDefault;PyEval_EvalCode;0x5d2bac;0x5818ed;_PyEval_EvalFrameDefault;0x54a0c7;PyObject_CallMethodObjArgs;PyImport_ImportModuleLevelObject;_PyEval_EvalFrameDefault;PyEval_EvalCode;0x5d2bac;0x5818ed;_PyEval_EvalFrameDefault;0x54a0c7;PyObject_CallMethodObjArgs;PyImport_ImportModuleLevelObject;_PyEval_EvalFrameDefault;PyEval_EvalCode;0x5d2bac;0x5818ed;_PyEval_EvalFrameDefault;0x54a0c7;PyObject_CallMethodObjArgs;PyImport_ImportModuleLevelObject;_PyEval_EvalFrameDefault;PyEval_EvalCode;0x5d2bac;0x5818ed;_PyEval_EvalFrameDefault;0x54a0c7;PyObject_CallMethodObjArgs;PyImport_ImportModuleLevelObject;0x5d2ef4;0x5818ed;_PyEval_EvalFrameDefault;0x54a0c7;PyObject_CallMethodObjArgs;PyImport_ImportModuleLevelObject;_PyEval_EvalFrameDefault;|, 73.386814, 10400.00, 24.274000
2025-11-25T20:16:11.959001Z, 0xfffffffffffffe00;PyDict_Next;0x5994d7;_PyObject_MakeTpCall;PyObject_VectorcallDict;0x5d1fdb;0x5818ed;PyObject_Vectorcall;_PyEval_EvalFrameDefault;PyEval_EvalCode;0x5d2bac;0x5818ed;_PyEval_EvalFrameDefault;0x54a0c7;PyObject_CallMethodObjArgs;PyImport_ImportModuleLevelObject;0x5d2ef4;0x5818ed;_PyEval_EvalFrameDefault;0x54a0c7;PyObject_CallMethodObjArgs;PyImport_ImportModuleLevelObject;_PyEval_EvalFrameDefault;PyEval_EvalCode;0x5d2bac;0x5818ed;_PyEval_EvalFrameDefault;0x54a0c7;PyObject_CallMethodObjArgs;PyImport_ImportModuleLevelObject;0x5d2ef4;0x5818ed;_PyEval_EvalFrameDefault;0x54a0c7;PyObject_CallMethodObjArgs;PyImport_ImportModuleLevelObject;_PyEval_EvalFrameDefault;PyEval_EvalCode;0x5d2bac;0x5818ed;_PyEval_EvalFrameDefault;0x54a0c7;PyObject_CallMethodObjArgs;PyImport_ImportModuleLevelObject;_PyEval_EvalFrameDefault;PyEval_EvalCode;0x5d2bac;0x5818ed;_PyEval_EvalFrameDefault;0x54a0c7;PyObject_CallMethodObjArgs;PyImport_ImportModuleLevelObject;_PyEval_EvalFrameDefault;PyEval_EvalCode;0x5d2bac;0x5818ed;_PyEval_EvalFrameDefault;0x54a0c7;PyObject_CallMethodObjArgs;PyImport_ImportModuleLevelObject;_PyEval_EvalFrameDefault;PyEval_EvalCode;0x5d2bac;0x5818ed;_PyEval_EvalFrameDefault;0x54a0c7;PyObject_CallMethodObjArgs;PyImport_ImportModuleLevelObject;0x5d2ef4;0x5818ed;_PyEval_EvalFrameDefault;0x54a0c7;PyObject_CallMethodObjArgs;PyImport_ImportModuleLevelObject;_PyEval_EvalFrameDefault;PyEval_EvalCode;0x5d2bac;0x5818ed;_PyEval_EvalFrameDefault;0x54a0c7;PyObject_CallMethodObjArgs;PyImport_ImportModuleLevelObject;_PyEval_EvalFrameDefault;PyEval_EvalCode;0x5d2bac;0x5818ed;_PyEval_EvalFrameDefault;0x54a0c7;PyObject_CallMethodObjArgs;PyImport_ImportModuleLevelObject;_PyEval_EvalFrameDefault;PyEval_EvalCode;0x5d2bac;0x5818ed;_PyEval_EvalFrameDefault;0x54a0c7;PyObject_CallMethodObjArgs;PyImport_ImportModuleLevelObject;0x5d2ef4;0x5818ed;_PyEval_EvalFrameDefault;0x54a0c7;PyObject_CallMethodObjArgs;PyImport_ImportModuleLevelObject;_PyEval_EvalFrameDefault;PyEval_EvalCode;0x5d2bac;0x5818ed;_PyEval_EvalFrameDefault;0x54a0c7;PyObject_CallMethodObjArgs;PyImport_ImportModuleLevelObject;0x5d2ef4;0x5818ed;_PyEval_EvalFrameDefault;0x54a0c7;PyObject_CallMethodObjArgs;PyImport_ImportModuleLevelObject;_PyEval_EvalFrameDefault;PyEval_EvalCode;0x5d2bac;0x5818ed;_PyEval_EvalFrameDefault;0x54a0c7;PyObject_CallMethodObjArgs;PyImport_ImportModuleLevelObject;_PyEval_EvalFrameDefault;PyEval_EvalCode;|, 55.205186, 8320.00, 24.274000
2025-11-25T20:16:11.968831Z, 0xfffffffffffffe00;0x572010;_PyDict_GetItem_KnownHash;0x59bc5a;0x599f00;0x5994d7;_PyObject_MakeTpCall;PyObject_VectorcallDict;0x5d1fdb;0x5818ed;PyObject_Vectorcall;_PyEval_EvalFrameDefault;PyEval_EvalCode;0x5d2bac;0x5818ed;_PyEval_EvalFrameDefault;0x54a0c7;PyObject_CallMethodObjArgs;PyImport_ImportModuleLevelObject;_PyEval_EvalFrameDefault;PyEval_EvalCode;0x5d2bac;0x5818ed;_PyEval_EvalFrameDefault;0x54a0c7;PyObject_CallMethodObjArgs;PyImport_ImportModuleLevelObject;_PyEval_EvalFrameDefault;PyEval_EvalCode;0x5d2bac;0x5818ed;_PyEval_EvalFrameDefault;0x54a0c7;PyObject_CallMethodObjArgs;PyImport_ImportModuleLevelObject;0x5d2ef4;0x5818ed;_PyEval_EvalFrameDefault;0x54a0c7;PyObject_CallMethodObjArgs;PyImport_ImportModuleLevelObject;_PyEval_EvalFrameDefault;PyEval_EvalCode;0x5d2bac;0x5818ed;_PyEval_EvalFrameDefault;0x54a0c7;PyObject_CallMethodObjArgs;PyImport_ImportModuleLevelObject;_PyEval_EvalFrameDefault;PyEval_EvalCode;0x5d2bac;0x5818ed;_PyEval_EvalFrameDefault;0x54a0c7;PyObject_CallMethodObjArgs;PyImport_ImportModuleLevelObject;0x5d2ef4;0x5818ed;_PyEval_EvalFrameDefault;0x54a0c7;PyObject_CallMethodObjArgs;PyImport_ImportModuleLevelObject;_PyEval_EvalFrameDefault;PyEval_EvalCode;0x5d2bac;0x5818ed;_PyEval_EvalFrameDefault;0x54a0c7;PyObject_CallMethodObjArgs;PyImport_ImportModuleLevelObject;_PyEval_EvalFrameDefault;PyEval_EvalCode;0x5d2bac;0x5818ed;_PyEval_EvalFrameDefault;0x54a0c7;PyObject_CallMethodObjArgs;PyImport_ImportModuleLevelObject;_PyEval_EvalFrameDefault;PyEval_EvalCode;0x5d2bac;0x5818ed;_PyEval_EvalFrameDefault;0x54a0c7;PyObject_CallMethodObjArgs;PyImport_ImportModuleLevelObject;0x5d2ef4;0x5818ed;_PyEval_EvalFrameDefault;0x54a0c7;PyObject_CallMethodObjArgs;PyImport_ImportModuleLevelObject;_PyEval_EvalFrameDefault;PyEval_EvalCode;0x5d2bac;0x5818ed;_PyEval_EvalFrameDefault;0x54a0c7;PyObject_CallMethodObjArgs;PyImport_ImportModuleLevelObject;0x5d2ef4;0x5818ed;_PyEval_EvalFrameDefault;0x54a0c7;PyObject_CallMethodObjArgs;PyImport_ImportModuleLevelObject;_PyEval_EvalFrameDefault;PyEval_EvalCode;0x5d2bac;0x5818ed;_PyEval_EvalFrameDefault;0x54a0c7;PyObject_CallMethodObjArgs;PyImport_ImportModuleLevelObject;_PyEval_EvalFrameDefault;PyEval_EvalCode;0x607fc2;0x6b4393;_PyRun_SimpleFileObject;_PyRun_AnyFileObject;Py_RunMain;Py_BytesMain;__libc_start_call_main;__libc_start_main@@GLIBC_2.34;_start;|, 59.625334, 13900.00, 24.274000
2025-11-25T20:16:11.977457Z, 0xfffffffffffffe00;PyObject_IS_GC;0x61c2fe;0x61bbc1;0x5fba23;_PyEval_EvalFrameDefault;0x5554a6;PySequence_Tuple;_PyEval_EvalFrameDefault;0x64ef83;PyObject_Call;_PyEval_EvalFrameDefault;0x5a0bf5;_PyEval_EvalFrameDefault;0x64ef83;PyObject_Call;_PyEval_EvalFrameDefault;0x5a0bf5;_PyEval_EvalFrameDefault;PyEval_EvalCode;0x5d2bac;0x5818ed;_PyEval_EvalFrameDefault;0x54a0c7;PyObject_CallMethodObjArgs;PyImport_ImportModuleLevelObject;_PyEval_EvalFrameDefault;PyEval_EvalCode;0x5d2bac;0x5818ed;_PyEval_EvalFrameDefault;0x54a0c7;PyObject_CallMethodObjArgs;PyImport_ImportModuleLevelObject;_PyEval_EvalFrameDefault;PyEval_EvalCode;0x5d2bac;0x5818ed;_PyEval_EvalFrameDefault;0x54a0c7;PyObject_CallMethodObjArgs;PyImport_ImportModuleLevelObject;_PyEval_EvalFrameDefault;PyEval_EvalCode;0x5d2bac;0x5818ed;_PyEval_EvalFrameDefault;0x54a0c7;PyObject_CallMethodObjArgs;PyImport_ImportModuleLevelObject;0x5d2ef4;0x5818ed;_PyEval_EvalFrameDefault;0x54a0c7;PyObject_CallMethodObjArgs;PyImport_ImportModuleLevelObject;_PyEval_EvalFrameDefault;PyEval_EvalCode;0x5d2bac;0x5818ed;_PyEval_EvalFrameDefault;0x54a0c7;PyObject_CallMethodObjArgs;PyImport_ImportModuleLevelObject;0x5d2ef4;0x5818ed;_PyEval_EvalFrameDefault;0x54a0c7;PyObject_CallMethodObjArgs;PyImport_ImportModuleLevelObject;_PyEval_EvalFrameDefault;PyEval_EvalCode;0x5d2bac;0x5818ed;_PyEval_EvalFrameDefault;0x54a0c7;PyObject_CallMethodObjArgs;PyImport_ImportModuleLevelObject;_PyEval_EvalFrameDefault;PyEval_EvalCode;0x607fc2;0x6b4393;_PyRun_SimpleFileObject;_PyRun_AnyFileObject;Py_RunMain;Py_BytesMain;__libc_start_call_main;__libc_start_main@@GLIBC_2.34;_start;|, 55.529389, 13933.33, 24.274000
2025-11-25T20:16:11.987122Z, 0xffffffffffffff80;0xffffffffbb19747c;0xffffffffbb19d28c;0xffffffffbb0eff5c;0xffffffffbb0f0330;0xffffffffbb0f1971;0xffffffffbb0f1fcc;0xffffffffbb0f2229;0xffffffffbad55662;0xffffffffbbedd385;0xffffffffbaa00bb7;0xfffffffffffffe00;PyObject_Malloc;_PyObject_GC_NewVar;PyTuple_Pack;0x59a5e5;0x5994d7;_PyObject_MakeTpCall;PyObject_VectorcallDict;0x5d1fdb;0x5818ed;PyObject_Vectorcall;_PyEval_EvalFrameDefault;PyEval_EvalCode;0x5d2bac;0x5818ed;_PyEval_EvalFrameDefault;0x54a0c7;PyObject_CallMethodObjArgs;PyImport_ImportModuleLevelObject;_PyEval_EvalFrameDefault;PyEval_EvalCode;0x5d2bac;0x5818ed;_PyEval_EvalFrameDefault;0x54a0c7;PyObject_CallMethodObjArgs;PyImport_ImportModuleLevelObject;_PyEval_EvalFrameDefault;PyEval_EvalCode;0x5d2bac;0x5818ed;_PyEval_EvalFrameDefault;0x54a0c7;PyObject_CallMethodObjArgs;PyImport_ImportModuleLevelObject;_PyEval_EvalFrameDefault;PyEval_EvalCode;0x5d2bac;0x5818ed;_PyEval_EvalFrameDefault;0x54a0c7;PyObject_CallMethodObjArgs;PyImport_ImportModuleLevelObject;0x5d2ef4;0x5818ed;_PyEval_EvalFrameDefault;0x54a0c7;PyObject_CallMethodObjArgs;PyImport_ImportModuleLevelObject;_PyEval_EvalFrameDefault;PyEval_EvalCode;0x5d2bac;0x5818ed;_PyEval_EvalFrameDefault;0x54a0c7;PyObject_CallMethodObjArgs;PyImport_ImportModuleLevelObject;0x5d2ef4;0x5818ed;_PyEval_EvalFrameDefault;0x54a0c7;PyObject_CallMethodObjArgs;PyImport_ImportModuleLevelObject;_PyEval_EvalFrameDefault;PyEval_EvalCode;0x5d2bac;0x5818ed;_PyEval_EvalFrameDefault;0x54a0c7;PyObject_CallMethodObjArgs;PyImport_ImportModuleLevelObject;0x5d2ef4;0x5818ed;_PyEval_EvalFrameDefault;0x54a0c7;PyObject_CallMethodObjArgs;PyImport_ImportModuleLevelObject;_PyEval_EvalFrameDefault;PyEval_EvalCode;0x5d2bac;0x5818ed;_PyEval_EvalFrameDefault;0x54a0c7;PyObject_CallMethodObjArgs;PyImport_ImportModuleLevelObject;0x5d2ef4;0x5818ed;_PyEval_EvalFrameDefault;0x54a0c7;PyObject_CallMethodObjArgs;PyImport_ImportModuleLevelObject;_PyEval_EvalFrameDefault;PyEval_EvalCode;0x5d2bac;0x5818ed;_PyEval_EvalFrameDefault;0x54a0c7;PyObject_CallMethodObjArgs;PyImport_ImportModuleLevelObject;0x5d2ef4;0x5818ed;_PyEval_EvalFrameDefault;0x54a0c7;PyObject_CallMethodObjArgs;PyImport_ImportModuleLevelObject;_PyEval_EvalFrameDefault;PyEval_EvalCode;0x5d2bac;0x5818ed;_PyEval_EvalFrameDefault;0x54a0c7;PyObject_CallMethodObjArgs;PyImport_ImportModuleLevelObject;_PyEval_EvalFrameDefault;PyEval_EvalCode;0x607fc2;0x6b4393;_PyRun_SimpleFileObject;|, 45.297998, 20950.00, 24.274000
2025-11-25T20:16:11.994264Z, 0xfffffffffffffe00;0x61cfd0;0x61bbc1;0x5fba23;_PyEval_EvalFrameDefault;0x54a0c7;PyObject_CallMethodObjArgs;PyImport_ImportModuleLevelObject;0x5d2ef4;0x5818ed;_PyEval_EvalFrameDefault;0x54a0c7;PyObject_CallMethodObjArgs;PyImport_ImportModuleLevelObject;_PyEval_EvalFrameDefault;PyEval_EvalCode;0x5d2bac;0x5818ed;_PyEval_EvalFrameDefault;0x54a0c7;PyObject_CallMethodObjArgs;PyImport_ImportModuleLevelObject;0x5d2ef4;0x5818ed;_PyEval_EvalFrameDefault;0x54a0c7;PyObject_CallMethodObjArgs;PyImport_ImportModuleLevelObject;_PyEval_EvalFrameDefault;PyEval_EvalCode;0x5d2bac;0x5818ed;_PyEval_EvalFrameDefault;0x54a0c7;PyObject_CallMethodObjArgs;PyImport_ImportModuleLevelObject;_PyEval_EvalFrameDefault;PyEval_EvalCode;0x607fc2;0x6b4393;_PyRun_SimpleFileObject;_PyRun_AnyFileObject;Py_RunMain;Py_BytesMain;__libc_start_call_main;__libc_start_main@@GLIBC_2.34;_start;|, 28.617654, 41900.00, 24.274000
2025-11-25T20:16:11.999644Z, , 39.306126, 42000.00, 24.274000
2025-11-25T20:16:12.004968Z, , 35.459815, 42000.00, 24.274000
2025-11-25T20:16:12.011891Z, 0xfffffffffffffe00;0x590ee2;0x54eacf;0x590fd2;0x54eacf;0x5f705d;0x5e2a34;_PyEval_EvalFrameDefault;0x54a0c7;PyObject_CallMethodObjArgs;PyImport_ImportModuleLevelObject;_PyEval_EvalFrameDefault;PyEval_EvalCode;0x5d2bac;0x5818ed;_PyEval_EvalFrameDefault;0x54a0c7;PyObject_CallMethodObjArgs;PyImport_ImportModuleLevelObject;0x5d2ef4;0x5818ed;_PyEval_EvalFrameDefault;0x54a0c7;PyObject_CallMethodObjArgs;PyImport_ImportModuleLevelObject;_PyEval_EvalFrameDefault;PyEval_EvalCode;0x5d2bac;0x5818ed;_PyEval_EvalFrameDefault;0x54a0c7;PyObject_CallMethodObjArgs;PyImport_ImportModuleLevelObject;_PyEval_EvalFrameDefault;PyEval_EvalCode;0x607fc2;0x6b4393;_PyRun_SimpleFileObject;_PyRun_AnyFileObject;Py_RunMain;Py_BytesMain;__libc_start_call_main;__libc_start_main@@GLIBC_2.34;_start;|, 36.357023, 42200.00, 24.274000
2025-11-25T20:16:12.019155Z, 0xfffffffffffffe00;PyObject_SetAttr;_PyEval_EvalFrameDefault;PyEval_EvalCode;0x5d2bac;0x5818ed;_PyEval_EvalFrameDefault;0x54a0c7;PyObject_CallMethodObjArgs;PyImport_ImportModuleLevelObject;0x5d2ef4;0x5818ed;_PyEval_EvalFrameDefault;0x54a0c7;PyObject_CallMethodObjArgs;PyImport_ImportModuleLevelObject;_PyEval_EvalFrameDefault;PyEval_EvalCode;0x5d2bac;0x5818ed;_PyEval_EvalFrameDefault;0x54a0c7;PyObject_CallMethodObjArgs;PyImport_ImportModuleLevelObject;_PyEval_EvalFrameDefault;PyEval_EvalCode;0x5d2bac;0x5818ed;_PyEval_EvalFrameDefault;0x54a0c7;PyObject_CallMethodObjArgs;PyImport_ImportModuleLevelObject;0x5d2ef4;0x5818ed;_PyEval_EvalFrameDefault;0x54a0c7;PyObject_CallMethodObjArgs;PyImport_ImportModuleLevelObject;_PyEval_EvalFrameDefault;PyEval_EvalCode;0x5d2bac;0x5818ed;_PyEval_EvalFrameDefault;0x54a0c7;PyObject_CallMethodObjArgs;PyImport_ImportModuleLevelObject;_PyEval_EvalFrameDefault;PyEval_EvalCode;0x607fc2;0x6b4393;_PyRun_SimpleFileObject;_PyRun_AnyFileObject;Py_RunMain;Py_BytesMain;__libc_start_call_main;__libc_start_main@@GLIBC_2.34;_start;|, 31.075593, 0.00, 24.274000
2025-11-25T20:16:12.024363Z, äø•Õ, 33.177936, 33.33, 24.274000
2025-11-25T20:16:12.029627Z, 0xfffffffffffffe00;0x724fa0d4624d;0x19;0x5f7261656e696c71;|, 34.448826, 100.00, 24.274000
2025-11-25T20:16:12.037748Z, 0xfffffffffffffe00;0x6479b8;0x6475c9;0x5522fe;PyObject_Vectorcall;_PyEval_EvalFrameDefault;PyEval_EvalCode;0x5d2bac;0x5818ed;_PyEval_EvalFrameDefault;0x54a0c7;PyObject_CallMethodObjArgs;PyImport_ImportModuleLevelObject;_PyEval_EvalFrameDefault;PyEval_EvalCode;0x5d2bac;0x5818ed;_PyEval_EvalFrameDefault;0x54a0c7;PyObject_CallMethodObjArgs;PyImport_ImportModuleLevelObject;0x5d2ef4;0x5818ed;_PyEval_EvalFrameDefault;0x54a0c7;PyObject_CallMethodObjArgs;PyImport_ImportModuleLevelObject;0x5d2ef4;0x5818ed;_PyEval_EvalFrameDefault;0x54a0c7;PyObject_CallMethodObjArgs;PyImport_ImportModuleLevelObject;_PyEval_EvalFrameDefault;PyEval_EvalCode;0x5d2bac;0x5818ed;_PyEval_EvalFrameDefault;0x54a0c7;PyObject_CallMethodObjArgs;PyImport_ImportModuleLevelObject;_PyEval_EvalFrameDefault;PyEval_EvalCode;0x5d2bac;0x5818ed;_PyEval_EvalFrameDefault;0x54a0c7;PyObject_CallMethodObjArgs;PyImport_ImportModuleLevelObject;_PyEval_EvalFrameDefault;PyEval_EvalCode;0x5d2bac;0x5818ed;_PyEval_EvalFrameDefault;0x54a0c7;PyObject_CallMethodObjArgs;PyImport_ImportModuleLevelObject;0x5d2ef4;0x5818ed;_PyEval_EvalFrameDefault;0x54a0c7;PyObject_CallMethodObjArgs;PyImport_ImportModuleLevelObject;_PyEval_EvalFrameDefault;PyEval_EvalCode;0x5d2bac;0x5818ed;_PyEval_EvalFrameDefault;0x54a0c7;PyObject_CallMethodObjArgs;PyImport_ImportModuleLevelObject;_PyEval_EvalFrameDefault;PyEval_EvalCode;0x607fc2;0x6b4393;_PyRun_SimpleFileObject;_PyRun_AnyFileObject;Py_RunMain;Py_BytesMain;__libc_start_call_main;__libc_start_main@@GLIBC_2.34;_start;|, 30.009776, 200.00, 24.274000
2025-11-25T20:16:12.042975Z, , 32.802247, 100.00, 24.274000
2025-11-25T20:16:12.049789Z, 0xfffffffffffffe00;PyObject_Malloc;_PyObject_GC_New;PyCMethod_New;_PyEval_EvalFrameDefault;PyObject_VectorcallMethod;PyImport_ImportModuleLevelObject;_PyEval_EvalFrameDefault;PyEval_EvalCode;0x5d2bac;0x5818ed;_PyEval_EvalFrameDefault;0x54a0c7;PyObject_CallMethodObjArgs;PyImport_ImportModuleLevelObject;0x5d2ef4;0x5818ed;_PyEval_EvalFrameDefault;0x54a0c7;PyObject_CallMethodObjArgs;PyImport_ImportModuleLevelObject;_PyEval_EvalFrameDefault;PyEval_EvalCode;0x5d2bac;0x5818ed;_PyEval_EvalFrameDefault;0x54a0c7;PyObject_CallMethodObjArgs;PyImport_ImportModuleLevelObject;_PyEval_EvalFrameDefault;PyEval_EvalCode;0x607fc2;0x6b4393;_PyRun_SimpleFileObject;_PyRun_AnyFileObject;Py_RunMain;Py_BytesMain;__libc_start_call_main;__libc_start_main@@GLIBC_2.34;_start;|, 33.921447, 300.00, 24.274000
2025-11-25T20:16:12.055935Z, 0xfffffffffffffe00;_PyEval_EvalFrameDefault;0x54a0c7;PyObject_CallMethodObjArgs;PyImport_ImportModuleLevelObject;_PyEval_EvalFrameDefault;PyEval_EvalCode;0x5d2bac;0x5818ed;_PyEval_EvalFrameDefault;0x54a0c7;PyObject_CallMethodObjArgs;PyImport_ImportModuleLevelObject;_PyEval_EvalFrameDefault;PyEval_EvalCode;0x607fc2;0x6b4393;_PyRun_SimpleFileObject;_PyRun_AnyFileObject;Py_RunMain;Py_BytesMain;__libc_start_call_main;__libc_start_main@@GLIBC_2.34;_start;|, 34.251735, 400.00, 24.274000
2025-11-25T20:16:12.061181Z, , 32.201244, 400.00, 24.274000
2025-11-25T20:16:12.070823Z, 0xfffffffffffffe00;0x571feb;0x572ccb;0x57c741;0x581b07;PyObject_Vectorcall;_PyEval_EvalFrameDefault;PyEval_EvalCode;0x5d2bac;0x5818ed;_PyEval_EvalFrameDefault;0x54a0c7;PyObject_CallMethodObjArgs;PyImport_ImportModuleLevelObject;_PyEval_EvalFrameDefault;PyEval_EvalCode;0x5d2bac;0x5818ed;_PyEval_EvalFrameDefault;0x54a0c7;PyObject_CallMethodObjArgs;PyImport_ImportModuleLevelObject;_PyEval_EvalFrameDefault;PyEval_EvalCode;0x5d2bac;0x5818ed;_PyEval_EvalFrameDefault;0x54a0c7;PyObject_CallMethodObjArgs;PyImport_ImportModuleLevelObject;_PyEval_EvalFrameDefault;PyEval_EvalCode;0x5d2bac;0x5818ed;_PyEval_EvalFrameDefault;0x54a0c7;PyObject_CallMethodObjArgs;PyImport_ImportModuleLevelObject;0x5d2ef4;0x5818ed;_PyEval_EvalFrameDefault;0x54a0c7;PyObject_CallMethodObjArgs;PyImport_ImportModuleLevelObject;_PyEval_EvalFrameDefault;PyEval_EvalCode;0x5d2bac;0x5818ed;_PyEval_EvalFrameDefault;0x54a0c7;PyObject_CallMethodObjArgs;PyImport_ImportModuleLevelObject;_PyEval_EvalFrameDefault;PyEval_EvalCode;0x5d2bac;0x5818ed;_PyEval_EvalFrameDefault;0x54a0c7;PyObject_CallMethodObjArgs;PyImport_ImportModuleLevelObject;_PyEval_EvalFrameDefault;PyEval_EvalCode;0x5d2bac;0x5818ed;_PyEval_EvalFrameDefault;0x54a0c7;PyObject_CallMethodObjArgs;PyImport_ImportModuleLevelObject;0x5d2ef4;0x5818ed;_PyEval_EvalFrameDefault;0x54a0c7;PyObject_CallMethodObjArgs;PyImport_ImportModuleLevelObject;_PyEval_EvalFrameDefault;PyEval_EvalCode;0x5d2bac;0x5818ed;_PyEval_EvalFrameDefault;0x54a0c7;PyObject_CallMethodObjArgs;PyImport_ImportModuleLevelObject;0x5d2ef4;0x5818ed;_PyEval_EvalFrameDefault;0x54a0c7;PyObject_CallMethodObjArgs;PyImport_ImportModuleLevelObject;0x5d2ef4;0x5818ed;_PyEval_EvalFrameDefault;0x54a0c7;PyObject_CallMethodObjArgs;PyImport_ImportModuleLevelObject;_PyEval_EvalFrameDefault;PyEval_EvalCode;0x5d2bac;0x5818ed;_PyEval_EvalFrameDefault;0x54a0c7;PyObject_CallMethodObjArgs;PyImport_ImportModuleLevelObject;_PyEval_EvalFrameDefault;PyEval_EvalCode;0x5d2bac;0x5818ed;_PyEval_EvalFrameDefault;0x54a0c7;PyObject_CallMethodObjArgs;PyImport_ImportModuleLevelObject;_PyEval_EvalFrameDefault;PyEval_EvalCode;0x5d2bac;0x5818ed;_PyEval_EvalFrameDefault;0x54a0c7;PyObject_CallMethodObjArgs;PyImport_ImportModuleLevelObject;_PyEval_EvalFrameDefault;PyEval_EvalCode;0x5d2bac;0x5818ed;_PyEval_EvalFrameDefault;0x54a0c7;PyObject_CallMethodObjArgs;PyImport_ImportModuleLevelObject;0x5d2ef4;0x5818ed;|, 34.535795, 500.00, 24.274000
2025-11-25T20:16:12.080312Z, 0xfffffffffffffe00;0x529ed4;0x529148;0x528e2c;0x528bac;0x52888d;0x527e66;0x5268d5;0x5257d6;0x5253c2;0x524f41;0x524bee;0x52146d;0x52416e;0x523713;0x51f8e5;0x532010;0x52ba1d;0x51d1b1;0x531fd3;0x52ba1d;0x51d1b1;0x51c807;0x518fbd;PyRun_StringFlags;0x5d2c59;_PyEval_EvalFrameDefault;PyEval_EvalCode;0x5d2bac;0x5818ed;_PyEval_EvalFrameDefault;0x54a0c7;PyObject_CallMethodObjArgs;PyImport_ImportModuleLevelObject;_PyEval_EvalFrameDefault;PyEval_EvalCode;0x5d2bac;0x5818ed;_PyEval_EvalFrameDefault;0x54a0c7;PyObject_CallMethodObjArgs;PyImport_ImportModuleLevelObject;_PyEval_EvalFrameDefault;PyEval_EvalCode;0x5d2bac;0x5818ed;_PyEval_EvalFrameDefault;0x54a0c7;PyObject_CallMethodObjArgs;PyImport_ImportModuleLevelObject;_PyEval_EvalFrameDefault;PyEval_EvalCode;0x5d2bac;0x5818ed;_PyEval_EvalFrameDefault;0x54a0c7;PyObject_CallMethodObjArgs;PyImport_ImportModuleLevelObject;_PyEval_EvalFrameDefault;PyEval_EvalCode;0x5d2bac;0x5818ed;_PyEval_EvalFrameDefault;0x54a0c7;PyObject_CallMethodObjArgs;PyImport_ImportModuleLevelObject;0x5d2ef4;0x5818ed;_PyEval_EvalFrameDefault;0x54a0c7;PyObject_CallMethodObjArgs;PyImport_ImportModuleLevelObject;_PyEval_EvalFrameDefault;PyEval_EvalCode;0x5d2bac;0x5818ed;_PyEval_EvalFrameDefault;0x54a0c7;PyObject_CallMethodObjArgs;PyImport_ImportModuleLevelObject;_PyEval_EvalFrameDefault;PyEval_EvalCode;0x5d2bac;0x5818ed;_PyEval_EvalFrameDefault;0x54a0c7;PyObject_CallMethodObjArgs;PyImport_ImportModuleLevelObject;0x5d2ef4;0x5818ed;_PyEval_EvalFrameDefault;0x54a0c7;PyObject_CallMethodObjArgs;PyImport_ImportModuleLevelObject;_PyEval_EvalFrameDefault;PyEval_EvalCode;0x5d2bac;0x5818ed;_PyEval_EvalFrameDefault;0x54a0c7;PyObject_CallMethodObjArgs;PyImport_ImportModuleLevelObject;0x5d2ef4;0x5818ed;_PyEval_EvalFrameDefault;0x54a0c7;PyObject_CallMethodObjArgs;PyImport_ImportModuleLevelObject;0x5d2ef4;0x5818ed;_PyEval_EvalFrameDefault;0x54a0c7;PyObject_CallMethodObjArgs;PyImport_ImportModuleLevelObject;_PyEval_EvalFrameDefault;PyEval_EvalCode;0x5d2bac;0x5818ed;_PyEval_EvalFrameDefault;0x54a0c7;PyObject_CallMethodObjArgs;PyImport_ImportModuleLevelObject;_PyEval_EvalFrameDefault;PyEval_EvalCode;0x5d2bac;0x5818ed;_PyEval_EvalFrameDefault;0x54a0c7;|, 36.556681, 200.00, 24.274000
2025-11-25T20:16:12.090059Z, 0xfffffffffffffe00;_PyEval_EvalFrameDefault;PyEval_EvalCode;0x5d2bac;0x5818ed;_PyEval_EvalFrameDefault;0x54a0c7;PyObject_CallMethodObjArgs;PyImport_ImportModuleLevelObject;_PyEval_EvalFrameDefault;PyEval_EvalCode;0x5d2bac;0x5818ed;_PyEval_EvalFrameDefault;0x54a0c7;PyObject_CallMethodObjArgs;PyImport_ImportModuleLevelObject;_PyEval_EvalFrameDefault;PyEval_EvalCode;0x5d2bac;0x5818ed;_PyEval_EvalFrameDefault;0x54a0c7;PyObject_CallMethodObjArgs;PyImport_ImportModuleLevelObject;0x5d2ef4;0x5818ed;_PyEval_EvalFrameDefault;0x54a0c7;PyObject_CallMethodObjArgs;PyImport_ImportModuleLevelObject;_PyEval_EvalFrameDefault;PyEval_EvalCode;0x5d2bac;0x5818ed;_PyEval_EvalFrameDefault;0x54a0c7;PyObject_CallMethodObjArgs;PyImport_ImportModuleLevelObject;_PyEval_EvalFrameDefault;PyEval_EvalCode;0x5d2bac;0x5818ed;_PyEval_EvalFrameDefault;0x54a0c7;PyObject_CallMethodObjArgs;PyImport_ImportModuleLevelObject;0x5d2ef4;0x5818ed;_PyEval_EvalFrameDefault;0x54a0c7;PyObject_CallMethodObjArgs;PyImport_ImportModuleLevelObject;_PyEval_EvalFrameDefault;PyEval_EvalCode;0x5d2bac;0x5818ed;_PyEval_EvalFrameDefault;0x54a0c7;PyObject_CallMethodObjArgs;PyImport_ImportModuleLevelObject;0x5d2ef4;0x5818ed;_PyEval_EvalFrameDefault;0x54a0c7;PyObject_CallMethodObjArgs;PyImport_ImportModuleLevelObject;0x5d2ef4;0x5818ed;_PyEval_EvalFrameDefault;0x54a0c7;PyObject_CallMethodObjArgs;PyImport_ImportModuleLevelObject;_PyEval_EvalFrameDefault;PyEval_EvalCode;0x5d2bac;0x5818ed;_PyEval_EvalFrameDefault;0x54a0c7;PyObject_CallMethodObjArgs;PyImport_ImportModuleLevelObject;_PyEval_EvalFrameDefault;PyEval_EvalCode;0x5d2bac;0x5818ed;_PyEval_EvalFrameDefault;0x54a0c7;PyObject_CallMethodObjArgs;PyImport_ImportModuleLevelObject;_PyEval_EvalFrameDefault;PyEval_EvalCode;0x5d2bac;0x5818ed;_PyEval_EvalFrameDefault;0x54a0c7;PyObject_CallMethodObjArgs;PyImport_ImportModuleLevelObject;_PyEval_EvalFrameDefault;PyEval_EvalCode;0x5d2bac;0x5818ed;_PyEval_EvalFrameDefault;0x54a0c7;PyObject_CallMethodObjArgs;PyImport_ImportModuleLevelObject;0x5d2ef4;0x5818ed;_PyEval_EvalFrameDefault;0x54a0c7;PyObject_CallMethodObjArgs;PyImport_ImportModuleLevelObject;_PyEval_EvalFrameDefault;PyEval_EvalCode;0x5d2bac;0x5818ed;_PyEval_EvalFrameDefault;0x54a0c7;PyObject_CallMethodObjArgs;PyImport_ImportModuleLevelObject;_PyEval_EvalFrameDefault;PyEval_EvalCode;0x5d2bac;0x5818ed;_PyEval_EvalFrameDefault;0x54a0c7;PyObject_CallMethodObjArgs;PyImport_ImportModuleLevelObject;0x5d2ef4;|, 33.526481, 233.33, 24.274000
2025-11-25T20:16:12.099913Z, 0xfffffffffffffe00;_PyEval_EvalFrameDefault;0x54a0c7;PyObject_CallMethodObjArgs;PyImport_ImportModuleLevelObject;_PyEval_EvalFrameDefault;PyEval_EvalCode;0x5d2bac;0x5818ed;_PyEval_EvalFrameDefault;0x54a0c7;PyObject_CallMethodObjArgs;PyImport_ImportModuleLevelObject;_PyEval_EvalFrameDefault;PyEval_EvalCode;0x5d2bac;0x5818ed;_PyEval_EvalFrameDefault;0x54a0c7;PyObject_CallMethodObjArgs;PyImport_ImportModuleLevelObject;0x5d2ef4;0x5818ed;_PyEval_EvalFrameDefault;0x54a0c7;PyObject_CallMethodObjArgs;PyImport_ImportModuleLevelObject;_PyEval_EvalFrameDefault;PyEval_EvalCode;0x5d2bac;0x5818ed;_PyEval_EvalFrameDefault;0x54a0c7;PyObject_CallMethodObjArgs;PyImport_ImportModuleLevelObject;0x5d2ef4;0x5818ed;_PyEval_EvalFrameDefault;0x54a0c7;PyObject_CallMethodObjArgs;PyImport_ImportModuleLevelObject;0x5d2ef4;0x5818ed;_PyEval_EvalFrameDefault;0x54a0c7;PyObject_CallMethodObjArgs;PyImport_ImportModuleLevelObject;_PyEval_EvalFrameDefault;PyEval_EvalCode;0x5d2bac;0x5818ed;_PyEval_EvalFrameDefault;0x54a0c7;PyObject_CallMethodObjArgs;PyImport_ImportModuleLevelObject;_PyEval_EvalFrameDefault;PyEval_EvalCode;0x5d2bac;0x5818ed;_PyEval_EvalFrameDefault;0x54a0c7;PyObject_CallMethodObjArgs;PyImport_ImportModuleLevelObject;_PyEval_EvalFrameDefault;PyEval_EvalCode;0x5d2bac;0x5818ed;_PyEval_EvalFrameDefault;0x54a0c7;PyObject_CallMethodObjArgs;PyImport_ImportModuleLevelObject;_PyEval_EvalFrameDefault;PyEval_EvalCode;0x5d2bac;0x5818ed;_PyEval_EvalFrameDefault;0x54a0c7;PyObject_CallMethodObjArgs;PyImport_ImportModuleLevelObject;0x5d2ef4;0x5818ed;_PyEval_EvalFrameDefault;0x54a0c7;PyObject_CallMethodObjArgs;PyImport_ImportModuleLevelObject;_PyEval_EvalFrameDefault;PyEval_EvalCode;0x5d2bac;0x5818ed;_PyEval_EvalFrameDefault;0x54a0c7;PyObject_CallMethodObjArgs;PyImport_ImportModuleLevelObject;_PyEval_EvalFrameDefault;PyEval_EvalCode;0x5d2bac;0x5818ed;_PyEval_EvalFrameDefault;0x54a0c7;PyObject_CallMethodObjArgs;PyImport_ImportModuleLevelObject;0x5d2ef4;0x5818ed;_PyEval_EvalFrameDefault;0x54a0c7;PyObject_CallMethodObjArgs;PyImport_ImportModuleLevelObject;_PyEval_EvalFrameDefault;PyEval_EvalCode;0x5d2bac;0x5818ed;_PyEval_EvalFrameDefault;0x54a0c7;PyObject_CallMethodObjArgs;PyImport_ImportModuleLevelObject;_PyEval_EvalFrameDefault;PyEval_EvalCode;0x607fc2;0x6b4393;_PyRun_SimpleFileObject;_PyRun_AnyFileObject;Py_RunMain;Py_BytesMain;__libc_start_call_main;__libc_start_main@@GLIBC_2.34;_start;|, 38.054606, 400.00, 24.274000
2025-11-25T20:16:12.109752Z, 0xfffffffffffffe00;0x559982;0x61c1d6;0x61bbc1;0x5fba23;_PyEval_EvalFrameDefault;PyEval_EvalCode;0x5d2bac;0x5818ed;_PyEval_EvalFrameDefault;0x54a0c7;PyObject_CallMethodObjArgs;PyImport_ImportModuleLevelObject;_PyEval_EvalFrameDefault;PyEval_EvalCode;0x5d2bac;0x5818ed;_PyEval_EvalFrameDefault;0x54a0c7;PyObject_CallMethodObjArgs;PyImport_ImportModuleLevelObject;_PyEval_EvalFrameDefault;PyEval_EvalCode;0x5d2bac;0x5818ed;_PyEval_EvalFrameDefault;0x54a0c7;PyObject_CallMethodObjArgs;PyImport_ImportModuleLevelObject;_PyEval_EvalFrameDefault;PyEval_EvalCode;0x5d2bac;0x5818ed;_PyEval_EvalFrameDefault;0x54a0c7;PyObject_CallMethodObjArgs;PyImport_ImportModuleLevelObject;_PyEval_EvalFrameDefault;PyEval_EvalCode;0x5d2bac;0x5818ed;_PyEval_EvalFrameDefault;0x54a0c7;PyObject_CallMethodObjArgs;PyImport_ImportModuleLevelObject;0x5d2ef4;0x5818ed;_PyEval_EvalFrameDefault;0x54a0c7;PyObject_CallMethodObjArgs;PyImport_ImportModuleLevelObject;_PyEval_EvalFrameDefault;PyEval_EvalCode;0x5d2bac;0x5818ed;_PyEval_EvalFrameDefault;0x54a0c7;PyObject_CallMethodObjArgs;PyImport_ImportModuleLevelObject;_PyEval_EvalFrameDefault;PyEval_EvalCode;0x5d2bac;0x5818ed;_PyEval_EvalFrameDefault;0x54a0c7;PyObject_CallMethodObjArgs;PyImport_ImportModuleLevelObject;0x5d2ef4;0x5818ed;_PyEval_EvalFrameDefault;0x54a0c7;PyObject_CallMethodObjArgs;PyImport_ImportModuleLevelObject;_PyEval_EvalFrameDefault;PyEval_EvalCode;0x5d2bac;0x5818ed;_PyEval_EvalFrameDefault;0x54a0c7;PyObject_CallMethodObjArgs;PyImport_ImportModuleLevelObject;_PyEval_EvalFrameDefault;PyEval_EvalCode;0x5d2bac;0x5818ed;_PyEval_EvalFrameDefault;0x54a0c7;PyObject_CallMethodObjArgs;PyImport_ImportModuleLevelObject;_PyEval_EvalFrameDefault;PyEval_EvalCode;0x5d2bac;0x5818ed;_PyEval_EvalFrameDefault;0x54a0c7;PyObject_CallMethodObjArgs;PyImport_ImportModuleLevelObject;_PyEval_EvalFrameDefault;PyEval_EvalCode;0x5d2bac;0x5818ed;_PyEval_EvalFrameDefault;0x54a0c7;PyObject_CallMethodObjArgs;PyImport_ImportModuleLevelObject;_PyEval_EvalFrameDefault;PyEval_EvalCode;0x5d2bac;0x5818ed;_PyEval_EvalFrameDefault;0x54a0c7;PyObject_CallMethodObjArgs;PyImport_ImportModuleLevelObject;0x5d2ef4;0x5818ed;_PyEval_EvalFrameDefault;0x54a0c7;PyObject_CallMethodObjArgs;PyImport_ImportModuleLevelObject;_PyEval_EvalFrameDefault;PyEval_EvalCode;0x5d2bac;0x5818ed;_PyEval_EvalFrameDefault;0x54a0c7;PyObject_CallMethodObjArgs;PyImport_ImportModuleLevelObject;_PyEval_EvalFrameDefault;|, 34.930584, 400.00, 24.274000
2025-11-25T20:16:12.115060Z, , 29.528981, 450.00, 24.274000
2025-11-25T20:16:12.120533Z, , 33.423628, 900.00, 24.274000
2025-11-25T20:16:12.130228Z, 0xfffffffffffffe00;0x590f14;0x54eacf;0x5f705d;0x5e2a34;_PyEval_EvalFrameDefault;0x54a0c7;PyObject_CallMethodObjArgs;PyImport_ImportModuleLevelObject;_PyEval_EvalFrameDefault;PyEval_EvalCode;0x5d2bac;0x5818ed;_PyEval_EvalFrameDefault;0x54a0c7;PyObject_CallMethodObjArgs;PyImport_ImportModuleLevelObject;0x5d2ef4;0x5818ed;_PyEval_EvalFrameDefault;0x54a0c7;PyObject_CallMethodObjArgs;PyImport_ImportModuleLevelObject;_PyEval_EvalFrameDefault;PyEval_EvalCode;0x5d2bac;0x5818ed;_PyEval_EvalFrameDefault;0x54a0c7;PyObject_CallMethodObjArgs;PyImport_ImportModuleLevelObject;_PyEval_EvalFrameDefault;PyEval_EvalCode;0x5d2bac;0x5818ed;_PyEval_EvalFrameDefault;0x54a0c7;PyObject_CallMethodObjArgs;PyImport_ImportModuleLevelObject;0x5d2ef4;0x5818ed;_PyEval_EvalFrameDefault;0x54a0c7;PyObject_CallMethodObjArgs;PyImport_ImportModuleLevelObject;_PyEval_EvalFrameDefault;PyEval_EvalCode;0x5d2bac;0x5818ed;_PyEval_EvalFrameDefault;0x54a0c7;PyObject_CallMethodObjArgs;PyImport_ImportModuleLevelObject;_PyEval_EvalFrameDefault;PyEval_EvalCode;0x5d2bac;0x5818ed;_PyEval_EvalFrameDefault;0x54a0c7;PyObject_CallMethodObjArgs;PyImport_ImportModuleLevelObject;_PyEval_EvalFrameDefault;PyEval_EvalCode;0x5d2bac;0x5818ed;_PyEval_EvalFrameDefault;0x54a0c7;PyObject_CallMethodObjArgs;PyImport_ImportModuleLevelObject;_PyEval_EvalFrameDefault;PyEval_EvalCode;0x5d2bac;0x5818ed;_PyEval_EvalFrameDefault;0x54a0c7;PyObject_CallMethodObjArgs;PyImport_ImportModuleLevelObject;_PyEval_EvalFrameDefault;PyEval_EvalCode;0x5d2bac;0x5818ed;_PyEval_EvalFrameDefault;0x54a0c7;PyObject_CallMethodObjArgs;PyImport_ImportModuleLevelObject;0x5d2ef4;0x5818ed;_PyEval_EvalFrameDefault;0x54a0c7;PyObject_CallMethodObjArgs;PyImport_ImportModuleLevelObject;_PyEval_EvalFrameDefault;PyEval_EvalCode;0x5d2bac;0x5818ed;_PyEval_EvalFrameDefault;0x54a0c7;PyObject_CallMethodObjArgs;PyImport_ImportModuleLevelObject;_PyEval_EvalFrameDefault;PyEval_EvalCode;0x5d2bac;0x5818ed;_PyEval_EvalFrameDefault;0x54a0c7;PyObject_CallMethodObjArgs;PyImport_ImportModuleLevelObject;0x5d2ef4;0x5818ed;_PyEval_EvalFrameDefault;0x54a0c7;PyObject_CallMethodObjArgs;PyImport_ImportModuleLevelObject;_PyEval_EvalFrameDefault;PyEval_EvalCode;0x5d2bac;0x5818ed;_PyEval_EvalFrameDefault;0x54a0c7;PyObject_CallMethodObjArgs;PyImport_ImportModuleLevelObject;_PyEval_EvalFrameDefault;PyEval_EvalCode;0x607fc2;0x6b4393;_PyRun_SimpleFileObject;_PyRun_AnyFileObject;Py_RunMain;|, 35.919521, 1000.00, 24.274000
2025-11-25T20:16:12.138893Z, 0xfffffffffffffe00;0x59bed5;0x599f00;0x5994d7;_PyObject_MakeTpCall;PyObject_VectorcallDict;0x5d1fdb;0x5818ed;PyObject_Vectorcall;_PyEval_EvalFrameDefault;PyEval_EvalCode;0x5d2bac;0x5818ed;_PyEval_EvalFrameDefault;0x54a0c7;PyObject_CallMethodObjArgs;PyImport_ImportModuleLevelObject;_PyEval_EvalFrameDefault;PyEval_EvalCode;0x5d2bac;0x5818ed;_PyEval_EvalFrameDefault;0x54a0c7;PyObject_CallMethodObjArgs;PyImport_ImportModuleLevelObject;_PyEval_EvalFrameDefault;PyEval_EvalCode;0x5d2bac;0x5818ed;_PyEval_EvalFrameDefault;0x54a0c7;PyObject_CallMethodObjArgs;PyImport_ImportModuleLevelObject;_PyEval_EvalFrameDefault;PyEval_EvalCode;0x5d2bac;0x5818ed;_PyEval_EvalFrameDefault;0x54a0c7;PyObject_CallMethodObjArgs;PyImport_ImportModuleLevelObject;_PyEval_EvalFrameDefault;PyEval_EvalCode;0x5d2bac;0x5818ed;_PyEval_EvalFrameDefault;0x54a0c7;PyObject_CallMethodObjArgs;PyImport_ImportModuleLevelObject;0x5d2ef4;0x5818ed;_PyEval_EvalFrameDefault;0x54a0c7;PyObject_CallMethodObjArgs;PyImport_ImportModuleLevelObject;_PyEval_EvalFrameDefault;PyEval_EvalCode;0x5d2bac;0x5818ed;_PyEval_EvalFrameDefault;0x54a0c7;PyObject_CallMethodObjArgs;PyImport_ImportModuleLevelObject;_PyEval_EvalFrameDefault;PyEval_EvalCode;0x5d2bac;0x5818ed;_PyEval_EvalFrameDefault;0x54a0c7;PyObject_CallMethodObjArgs;PyImport_ImportModuleLevelObject;0x5d2ef4;0x5818ed;_PyEval_EvalFrameDefault;0x54a0c7;PyObject_CallMethodObjArgs;PyImport_ImportModuleLevelObject;_PyEval_EvalFrameDefault;PyEval_EvalCode;0x5d2bac;0x5818ed;_PyEval_EvalFrameDefault;0x54a0c7;PyObject_CallMethodObjArgs;PyImport_ImportModuleLevelObject;_PyEval_EvalFrameDefault;PyEval_EvalCode;0x607fc2;0x6b4393;_PyRun_SimpleFileObject;_PyRun_AnyFileObject;Py_RunMain;Py_BytesMain;__libc_start_call_main;__libc_start_main@@GLIBC_2.34;_start;|, 56.573912, 550.00, 24.274000
2025-11-25T20:16:12.144190Z, 0xfffffffffffffe00;0x724fc076e2c5;0x39920890;|, 47.510587, 600.00, 24.274000
2025-11-25T20:16:12.149410Z, , 31.246544, 1300.00, 24.274000
2025-11-25T20:16:12.156986Z, 0xfffffffffffffe00;0x590178;_PyEval_EvalFrameDefault;_PyObject_Call_Prepend;0x59da4f;0x599513;_PyObject_MakeTpCall;_PyEval_EvalFrameDefault;PyEval_EvalCode;0x5d2bac;0x5818ed;_PyEval_EvalFrameDefault;0x54a0c7;PyObject_CallMethodObjArgs;PyImport_ImportModuleLevelObject;_PyEval_EvalFrameDefault;PyEval_EvalCode;0x5d2bac;0x5818ed;_PyEval_EvalFrameDefault;0x54a0c7;PyObject_CallMethodObjArgs;PyImport_ImportModuleLevelObject;_PyEval_EvalFrameDefault;PyEval_EvalCode;0x5d2bac;0x5818ed;_PyEval_EvalFrameDefault;0x54a0c7;PyObject_CallMethodObjArgs;PyImport_ImportModuleLevelObject;_PyEval_EvalFrameDefault;PyEval_EvalCode;0x5d2bac;0x5818ed;_PyEval_EvalFrameDefault;0x54a0c7;PyObject_CallMethodObjArgs;PyImport_ImportModuleLevelObject;0x5d2ef4;0x5818ed;_PyEval_EvalFrameDefault;0x54a0c7;PyObject_CallMethodObjArgs;PyImport_ImportModuleLevelObject;_PyEval_EvalFrameDefault;PyEval_EvalCode;0x5d2bac;0x5818ed;_PyEval_EvalFrameDefault;0x54a0c7;PyObject_CallMethodObjArgs;PyImport_ImportModuleLevelObject;_PyEval_EvalFrameDefault;PyEval_EvalCode;0x607fc2;0x6b4393;_PyRun_SimpleFileObject;_PyRun_AnyFileObject;Py_RunMain;Py_BytesMain;__libc_start_call_main;__libc_start_main@@GLIBC_2.34;_start;|, 43.330437, 650.00, 24.274000
2025-11-25T20:16:12.164545Z, 0xfffffffffffffe00;0x590178;_PyEval_EvalFrameDefault;_PyObject_Call_Prepend;0x59da4f;0x599513;_PyObject_MakeTpCall;_PyEval_EvalFrameDefault;PyEval_EvalCode;0x5d2bac;0x5818ed;_PyEval_EvalFrameDefault;0x54a0c7;PyObject_CallMethodObjArgs;PyImport_ImportModuleLevelObject;_PyEval_EvalFrameDefault;PyEval_EvalCode;0x5d2bac;0x5818ed;_PyEval_EvalFrameDefault;0x54a0c7;PyObject_CallMethodObjArgs;PyImport_ImportModuleLevelObject;_PyEval_EvalFrameDefault;PyEval_EvalCode;0x5d2bac;0x5818ed;_PyEval_EvalFrameDefault;0x54a0c7;PyObject_CallMethodObjArgs;PyImport_ImportModuleLevelObject;_PyEval_EvalFrameDefault;PyEval_EvalCode;0x5d2bac;0x5818ed;_PyEval_EvalFrameDefault;0x54a0c7;PyObject_CallMethodObjArgs;PyImport_ImportModuleLevelObject;0x5d2ef4;0x5818ed;_PyEval_EvalFrameDefault;0x54a0c7;PyObject_CallMethodObjArgs;PyImport_ImportModuleLevelObject;_PyEval_EvalFrameDefault;PyEval_EvalCode;0x5d2bac;0x5818ed;_PyEval_EvalFrameDefault;0x54a0c7;PyObject_CallMethodObjArgs;PyImport_ImportModuleLevelObject;_PyEval_EvalFrameDefault;PyEval_EvalCode;0x607fc2;0x6b4393;_PyRun_SimpleFileObject;_PyRun_AnyFileObject;Py_RunMain;Py_BytesMain;__libc_start_call_main;__libc_start_main@@GLIBC_2.34;_start;|, 38.722088, 650.00, 24.274000
2025-11-25T20:16:12.171914Z, 0xfffffffffffffe00;_PyEval_EvalFrameDefault;_PyObject_Call_Prepend;0x59da4f;0x599513;_PyObject_MakeTpCall;_PyEval_EvalFrameDefault;PyEval_EvalCode;0x5d2bac;0x5818ed;_PyEval_EvalFrameDefault;0x54a0c7;PyObject_CallMethodObjArgs;PyImport_ImportModuleLevelObject;_PyEval_EvalFrameDefault;PyEval_EvalCode;0x5d2bac;0x5818ed;_PyEval_EvalFrameDefault;0x54a0c7;PyObject_CallMethodObjArgs;PyImport_ImportModuleLevelObject;_PyEval_EvalFrameDefault;PyEval_EvalCode;0x5d2bac;0x5818ed;_PyEval_EvalFrameDefault;0x54a0c7;PyObject_CallMethodObjArgs;PyImport_ImportModuleLevelObject;_PyEval_EvalFrameDefault;PyEval_EvalCode;0x5d2bac;0x5818ed;_PyEval_EvalFrameDefault;0x54a0c7;PyObject_CallMethodObjArgs;PyImport_ImportModuleLevelObject;0x5d2ef4;0x5818ed;_PyEval_EvalFrameDefault;0x54a0c7;PyObject_CallMethodObjArgs;PyImport_ImportModuleLevelObject;_PyEval_EvalFrameDefault;PyEval_EvalCode;0x5d2bac;0x5818ed;_PyEval_EvalFrameDefault;0x54a0c7;PyObject_CallMethodObjArgs;PyImport_ImportModuleLevelObject;_PyEval_EvalFrameDefault;PyEval_EvalCode;0x607fc2;0x6b4393;_PyRun_SimpleFileObject;_PyRun_AnyFileObject;Py_RunMain;Py_BytesMain;__libc_start_call_main;__libc_start_main@@GLIBC_2.34;_start;|, 38.479413, 1400.00, 24.274000
2025-11-25T20:16:12.179445Z, 0xfffffffffffffe00;0x5f7802;_PyArg_ParseTuple_SizeT;0x5ae9fd;0x550cec;PyObject_Vectorcall;_PyEval_EvalFrameDefault;_PyObject_Call_Prepend;0x59da4f;0x599513;_PyObject_MakeTpCall;_PyEval_EvalFrameDefault;PyEval_EvalCode;0x5d2bac;0x5818ed;_PyEval_EvalFrameDefault;0x54a0c7;PyObject_CallMethodObjArgs;PyImport_ImportModuleLevelObject;_PyEval_EvalFrameDefault;PyEval_EvalCode;0x5d2bac;0x5818ed;_PyEval_EvalFrameDefault;0x54a0c7;PyObject_CallMethodObjArgs;PyImport_ImportModuleLevelObject;_PyEval_EvalFrameDefault;PyEval_EvalCode;0x5d2bac;0x5818ed;_PyEval_EvalFrameDefault;0x54a0c7;PyObject_CallMethodObjArgs;PyImport_ImportModuleLevelObject;_PyEval_EvalFrameDefault;PyEval_EvalCode;0x5d2bac;0x5818ed;_PyEval_EvalFrameDefault;0x54a0c7;PyObject_CallMethodObjArgs;PyImport_ImportModuleLevelObject;0x5d2ef4;0x5818ed;_PyEval_EvalFrameDefault;0x54a0c7;PyObject_CallMethodObjArgs;PyImport_ImportModuleLevelObject;_PyEval_EvalFrameDefault;PyEval_EvalCode;0x5d2bac;0x5818ed;_PyEval_EvalFrameDefault;0x54a0c7;PyObject_CallMethodObjArgs;PyImport_ImportModuleLevelObject;_PyEval_EvalFrameDefault;PyEval_EvalCode;0x607fc2;0x6b4393;_PyRun_SimpleFileObject;_PyRun_AnyFileObject;Py_RunMain;Py_BytesMain;__libc_start_call_main;__libc_start_main@@GLIBC_2.34;_start;|, 33.308718, 750.00, 24.274000
2025-11-25T20:16:12.184550Z, , 37.523423, 800.00, 24.274000
2025-11-25T20:16:12.189653Z, , 31.266131, 1700.00, 24.274000
2025-11-25T20:16:12.194874Z, 0xfffffffffffffe00;PyObject_Malloc;_PyObject_New;PyCapsule_New;0x724fc077170d;0x0;0x0;0x0;|, 28.224902, 1700.00, 24.274000
2025-11-25T20:16:12.200053Z, , 31.930390, 1800.00, 24.274000
2025-11-25T20:16:12.207739Z, 0xfffffffffffffe00;_PyEval_EvalFrameDefault;0x5a42f1;PyObject_Str;_PyEval_EvalFrameDefault;0x5a42f1;PyObject_Str;_PyEval_EvalFrameDefault;_PyObject_Call_Prepend;0x59da4f;0x599513;_PyObject_MakeTpCall;_PyEval_EvalFrameDefault;PyEval_EvalCode;0x5d2bac;0x5818ed;_PyEval_EvalFrameDefault;0x54a0c7;PyObject_CallMethodObjArgs;PyImport_ImportModuleLevelObject;_PyEval_EvalFrameDefault;PyEval_EvalCode;0x5d2bac;0x5818ed;_PyEval_EvalFrameDefault;0x54a0c7;PyObject_CallMethodObjArgs;PyImport_ImportModuleLevelObject;_PyEval_EvalFrameDefault;PyEval_EvalCode;0x5d2bac;0x5818ed;_PyEval_EvalFrameDefault;0x54a0c7;PyObject_CallMethodObjArgs;PyImport_ImportModuleLevelObject;_PyEval_EvalFrameDefault;PyEval_EvalCode;0x5d2bac;0x5818ed;_PyEval_EvalFrameDefault;0x54a0c7;PyObject_CallMethodObjArgs;PyImport_ImportModuleLevelObject;0x5d2ef4;0x5818ed;_PyEval_EvalFrameDefault;0x54a0c7;PyObject_CallMethodObjArgs;PyImport_ImportModuleLevelObject;_PyEval_EvalFrameDefault;PyEval_EvalCode;0x5d2bac;0x5818ed;_PyEval_EvalFrameDefault;0x54a0c7;PyObject_CallMethodObjArgs;PyImport_ImportModuleLevelObject;_PyEval_EvalFrameDefault;PyEval_EvalCode;0x607fc2;0x6b4393;_PyRun_SimpleFileObject;_PyRun_AnyFileObject;Py_RunMain;Py_BytesMain;__libc_start_call_main;__libc_start_main@@GLIBC_2.34;_start;|, 27.894906, 1800.00, 24.274000
2025-11-25T20:16:12.212944Z, , 36.311570, 950.00, 24.274000
2025-11-25T20:16:12.220437Z, 0xfffffffffffffe00;0x5b03d6;0x5af367;0x581a6f;PyObject_Call;_PyEval_EvalFrameDefault;0x5a42f1;PyObject_Str;_PyEval_EvalFrameDefault;PyEval_EvalCode;0x5d2bac;0x5818ed;_PyEval_EvalFrameDefault;0x54a0c7;PyObject_CallMethodObjArgs;PyImport_ImportModuleLevelObject;_PyEval_EvalFrameDefault;PyEval_EvalCode;0x5d2bac;0x5818ed;_PyEval_EvalFrameDefault;0x54a0c7;PyObject_CallMethodObjArgs;PyImport_ImportModuleLevelObject;_PyEval_EvalFrameDefault;PyEval_EvalCode;0x5d2bac;0x5818ed;_PyEval_EvalFrameDefault;0x54a0c7;PyObject_CallMethodObjArgs;PyImport_ImportModuleLevelObject;_PyEval_EvalFrameDefault;PyEval_EvalCode;0x5d2bac;0x5818ed;_PyEval_EvalFrameDefault;0x54a0c7;PyObject_CallMethodObjArgs;PyImport_ImportModuleLevelObject;0x5d2ef4;0x5818ed;_PyEval_EvalFrameDefault;0x54a0c7;PyObject_CallMethodObjArgs;PyImport_ImportModuleLevelObject;_PyEval_EvalFrameDefault;PyEval_EvalCode;0x5d2bac;0x5818ed;_PyEval_EvalFrameDefault;0x54a0c7;PyObject_CallMethodObjArgs;PyImport_ImportModuleLevelObject;_PyEval_EvalFrameDefault;PyEval_EvalCode;0x607fc2;0x6b4393;_PyRun_SimpleFileObject;_PyRun_AnyFileObject;Py_RunMain;Py_BytesMain;__libc_start_call_main;__libc_start_main@@GLIBC_2.34;_start;|, 34.823282, 0.00, 24.274000
2025-11-25T20:16:12.225617Z, 0xfffffffffffffe00;0x724f9cc32077;0x656d614e65737261;|, 30.426831, 50.00, 24.274000
2025-11-25T20:16:12.230777Z, , 25.306799, 0.00, 24.274000
2025-11-25T20:16:12.235972Z, , 29.522069, 50.00, 24.274000
2025-11-25T20:16:12.241131Z, , 29.468224, 0.00, 24.274000
2025-11-25T20:16:12.246273Z, 0xfffffffffffffe00;0x724f43d560ad;0x724f43d56c3f;0x724f9cea0b9b;0x724f43e74478;0x724f43d5bb00;0x8ec8348fb894853;|, 27.562990, 100.00, 24.274000
2025-11-25T20:16:12.254222Z, 0xfffffffffffffe00;0x724fc0c2ed10;_PyObject_MakeTpCall;PyObject_CallOneArg;_PyObject_GenericGetAttrWithDict;PyObject_GetAttr;_PyEval_EvalFrameDefault;0x5554a6;0x5d29e6;_PyEval_EvalFrameDefault;_PyObject_Call_Prepend;0x59da4f;0x599513;_PyObject_MakeTpCall;_PyEval_EvalFrameDefault;PyObject_Vectorcall;0x5a3d6d;0x5a39f2;PyObject_GetAttr;_PyEval_EvalFrameDefault;_PyObject_Call_Prepend;0x59da4f;0x599513;_PyObject_MakeTpCall;_PyEval_EvalFrameDefault;PyEval_EvalCode;0x5d2bac;0x5818ed;_PyEval_EvalFrameDefault;0x54a0c7;PyObject_CallMethodObjArgs;PyImport_ImportModuleLevelObject;_PyEval_EvalFrameDefault;PyEval_EvalCode;0x5d2bac;0x5818ed;_PyEval_EvalFrameDefault;0x54a0c7;PyObject_CallMethodObjArgs;PyImport_ImportModuleLevelObject;_PyEval_EvalFrameDefault;PyEval_EvalCode;0x5d2bac;0x5818ed;_PyEval_EvalFrameDefault;0x54a0c7;PyObject_CallMethodObjArgs;PyImport_ImportModuleLevelObject;_PyEval_EvalFrameDefault;PyEval_EvalCode;0x5d2bac;0x5818ed;_PyEval_EvalFrameDefault;0x54a0c7;PyObject_CallMethodObjArgs;PyImport_ImportModuleLevelObject;0x5d2ef4;0x5818ed;_PyEval_EvalFrameDefault;0x54a0c7;PyObject_CallMethodObjArgs;PyImport_ImportModuleLevelObject;_PyEval_EvalFrameDefault;PyEval_EvalCode;0x5d2bac;0x5818ed;_PyEval_EvalFrameDefault;0x54a0c7;PyObject_CallMethodObjArgs;PyImport_ImportModuleLevelObject;_PyEval_EvalFrameDefault;PyEval_EvalCode;0x607fc2;0x6b4393;_PyRun_SimpleFileObject;_PyRun_AnyFileObject;Py_RunMain;Py_BytesMain;__libc_start_call_main;__libc_start_main@@GLIBC_2.34;_start;|, 26.137513, 0.00, 24.274000
2025-11-25T20:16:12.259444Z, , 33.239627, 50.00, 24.274000
2025-11-25T20:16:12.267097Z, 0xfffffffffffffe00;0x572de0;0x60dcec;0x60e3a6;0x60a78f;_PyAST_Compile;PyRun_StringFlags;0x5d2c59;_PyEval_EvalFrameDefault;_PyObject_Call_Prepend;0x59da4f;0x599513;_PyObject_MakeTpCall;_PyEval_EvalFrameDefault;PyEval_EvalCode;0x5d2bac;0x5818ed;_PyEval_EvalFrameDefault;0x54a0c7;PyObject_CallMethodObjArgs;PyImport_ImportModuleLevelObject;_PyEval_EvalFrameDefault;PyEval_EvalCode;0x5d2bac;0x5818ed;_PyEval_EvalFrameDefault;0x54a0c7;PyObject_CallMethodObjArgs;PyImport_ImportModuleLevelObject;_PyEval_EvalFrameDefault;PyEval_EvalCode;0x5d2bac;0x5818ed;_PyEval_EvalFrameDefault;0x54a0c7;PyObject_CallMethodObjArgs;PyImport_ImportModuleLevelObject;_PyEval_EvalFrameDefault;PyEval_EvalCode;0x5d2bac;0x5818ed;_PyEval_EvalFrameDefault;0x54a0c7;PyObject_CallMethodObjArgs;PyImport_ImportModuleLevelObject;0x5d2ef4;0x5818ed;_PyEval_EvalFrameDefault;0x54a0c7;PyObject_CallMethodObjArgs;PyImport_ImportModuleLevelObject;_PyEval_EvalFrameDefault;PyEval_EvalCode;0x5d2bac;0x5818ed;_PyEval_EvalFrameDefault;0x54a0c7;PyObject_CallMethodObjArgs;PyImport_ImportModuleLevelObject;_PyEval_EvalFrameDefault;PyEval_EvalCode;0x607fc2;0x6b4393;_PyRun_SimpleFileObject;_PyRun_AnyFileObject;Py_RunMain;Py_BytesMain;__libc_start_call_main;__libc_start_main@@GLIBC_2.34;_start;|, 35.977947, 100.00, 24.274000
2025-11-25T20:16:12.274835Z, 0xfffffffffffffe00;_PyObject_GenericGetAttrWithDict;_PyObject_LookupAttr;_PyObject_RealIsInstance;0x5a3006;0x581982;PyObject_CallOneArg;PyObject_IsInstance;_PyEval_EvalFrameDefault;0x5554a6;0x5d29e6;_PyEval_EvalFrameDefault;0x5554a6;0x5d29e6;_PyEval_EvalFrameDefault;_PyObject_Call_Prepend;0x59da4f;0x599513;_PyObject_MakeTpCall;_PyEval_EvalFrameDefault;PyObject_Vectorcall;0x5a3d6d;0x5a39f2;PyObject_GetAttr;_PyEval_EvalFrameDefault;PyEval_EvalCode;0x5d2bac;0x5818ed;_PyEval_EvalFrameDefault;0x54a0c7;PyObject_CallMethodObjArgs;PyImport_ImportModuleLevelObject;_PyEval_EvalFrameDefault;PyEval_EvalCode;0x5d2bac;0x5818ed;_PyEval_EvalFrameDefault;0x54a0c7;PyObject_CallMethodObjArgs;PyImport_ImportModuleLevelObject;_PyEval_EvalFrameDefault;PyEval_EvalCode;0x5d2bac;0x5818ed;_PyEval_EvalFrameDefault;0x54a0c7;PyObject_CallMethodObjArgs;PyImport_ImportModuleLevelObject;0x5d2ef4;0x5818ed;_PyEval_EvalFrameDefault;0x54a0c7;PyObject_CallMethodObjArgs;PyImport_ImportModuleLevelObject;_PyEval_EvalFrameDefault;PyEval_EvalCode;0x5d2bac;0x5818ed;_PyEval_EvalFrameDefault;0x54a0c7;PyObject_CallMethodObjArgs;PyImport_ImportModuleLevelObject;_PyEval_EvalFrameDefault;PyEval_EvalCode;0x607fc2;0x6b4393;_PyRun_SimpleFileObject;_PyRun_AnyFileObject;Py_RunMain;Py_BytesMain;__libc_start_call_main;__libc_start_main@@GLIBC_2.34;_start;|, 31.865063, 200.00, 24.274000
2025-11-25T20:16:12.282386Z, 0xfffffffffffffe00;pthread_setspecific@GLIBC_2.2.5;PyThread_tss_set;0x724fc07767ba;_PyObject_MakeTpCall;PyObject_CallOneArg;_PyObject_GenericGetAttrWithDict;PyObject_GetAttr;_PyEval_EvalFrameDefault;PyObject_Vectorcall;0x5a379d;PyObject_GetAttr;_PyEval_EvalFrameDefault;0x5d38e3;0x6e96d4;0x6e8a5c;0x599513;_PyObject_MakeTpCall;_PyEval_EvalFrameDefault;PyEval_EvalCode;0x5d2bac;0x5818ed;_PyEval_EvalFrameDefault;0x54a0c7;PyObject_CallMethodObjArgs;PyImport_ImportModuleLevelObject;_PyEval_EvalFrameDefault;PyEval_EvalCode;0x5d2bac;0x5818ed;_PyEval_EvalFrameDefault;0x54a0c7;PyObject_CallMethodObjArgs;PyImport_ImportModuleLevelObject;_PyEval_EvalFrameDefault;PyEval_EvalCode;0x5d2bac;0x5818ed;_PyEval_EvalFrameDefault;0x54a0c7;PyObject_CallMethodObjArgs;PyImport_ImportModuleLevelObject;0x5d2ef4;0x5818ed;_PyEval_EvalFrameDefault;0x54a0c7;PyObject_CallMethodObjArgs;PyImport_ImportModuleLevelObject;_PyEval_EvalFrameDefault;PyEval_EvalCode;0x5d2bac;0x5818ed;_PyEval_EvalFrameDefault;0x54a0c7;PyObject_CallMethodObjArgs;PyImport_ImportModuleLevelObject;_PyEval_EvalFrameDefault;PyEval_EvalCode;0x607fc2;0x6b4393;_PyRun_SimpleFileObject;_PyRun_AnyFileObject;Py_RunMain;Py_BytesMain;__libc_start_call_main;__libc_start_main@@GLIBC_2.34;_start;|, 48.632791, 100.00, 24.274000
2025-11-25T20:16:12.287613Z, , 48.284605, 100.00, 24.274000
2025-11-25T20:16:12.292787Z, , 30.618670, 400.00, 24.274000
2025-11-25T20:16:12.300226Z, 0xfffffffffffffe00;0x5762a9;0x61c1d6;0x61bbc1;0x5fba23;_PyEval_EvalFrameDefault;_PyObject_Call_Prepend;0x59da4f;0x599513;_PyObject_MakeTpCall;_PyEval_EvalFrameDefault;PyEval_EvalCode;0x5d2bac;0x5818ed;_PyEval_EvalFrameDefault;0x54a0c7;PyObject_CallMethodObjArgs;PyImport_ImportModuleLevelObject;_PyEval_EvalFrameDefault;PyEval_EvalCode;0x5d2bac;0x5818ed;_PyEval_EvalFrameDefault;0x54a0c7;PyObject_CallMethodObjArgs;PyImport_ImportModuleLevelObject;_PyEval_EvalFrameDefault;PyEval_EvalCode;0x5d2bac;0x5818ed;_PyEval_EvalFrameDefault;0x54a0c7;PyObject_CallMethodObjArgs;PyImport_ImportModuleLevelObject;0x5d2ef4;0x5818ed;_PyEval_EvalFrameDefault;0x54a0c7;PyObject_CallMethodObjArgs;PyImport_ImportModuleLevelObject;_PyEval_EvalFrameDefault;PyEval_EvalCode;0x5d2bac;0x5818ed;_PyEval_EvalFrameDefault;0x54a0c7;PyObject_CallMethodObjArgs;PyImport_ImportModuleLevelObject;_PyEval_EvalFrameDefault;PyEval_EvalCode;0x607fc2;0x6b4393;_PyRun_SimpleFileObject;_PyRun_AnyFileObject;Py_RunMain;Py_BytesMain;__libc_start_call_main;__libc_start_main@@GLIBC_2.34;_start;|, 50.914629, 200.00, 26.282000
2025-11-25T20:16:12.305355Z, , 51.348859, 166.67, 26.282000
2025-11-25T20:16:12.312374Z, 0xfffffffffffffe00;_PyEval_EvalFrameDefault;PyEval_EvalCode;0x5d2bac;0x5818ed;_PyEval_EvalFrameDefault;0x54a0c7;PyObject_CallMethodObjArgs;PyImport_ImportModuleLevelObject;_PyEval_EvalFrameDefault;PyEval_EvalCode;0x5d2bac;0x5818ed;_PyEval_EvalFrameDefault;0x54a0c7;PyObject_CallMethodObjArgs;PyImport_ImportModuleLevelObject;_PyEval_EvalFrameDefault;PyEval_EvalCode;0x5d2bac;0x5818ed;_PyEval_EvalFrameDefault;0x54a0c7;PyObject_CallMethodObjArgs;PyImport_ImportModuleLevelObject;0x5d2ef4;0x5818ed;_PyEval_EvalFrameDefault;0x54a0c7;PyObject_CallMethodObjArgs;PyImport_ImportModuleLevelObject;_PyEval_EvalFrameDefault;PyEval_EvalCode;0x5d2bac;0x5818ed;_PyEval_EvalFrameDefault;0x54a0c7;PyObject_CallMethodObjArgs;PyImport_ImportModuleLevelObject;_PyEval_EvalFrameDefault;PyEval_EvalCode;0x607fc2;0x6b4393;_PyRun_SimpleFileObject;_PyRun_AnyFileObject;Py_RunMain;Py_BytesMain;__libc_start_call_main;__libc_start_main@@GLIBC_2.34;_start;|, 50.876951, 600.00, 26.282000
2025-11-25T20:16:12.319749Z, 0xfffffffffffffe00;_PyEval_EvalFrameDefault;0x5554a6;0x5d29e6;_PyEval_EvalFrameDefault;PyObject_Vectorcall;0x5a379d;PyObject_GetAttr;_PyEval_EvalFrameDefault;0x5d38e3;0x6e96d4;0x6e8a5c;0x599513;_PyObject_MakeTpCall;_PyEval_EvalFrameDefault;PyEval_EvalCode;0x5d2bac;0x5818ed;_PyEval_EvalFrameDefault;0x54a0c7;PyObject_CallMethodObjArgs;PyImport_ImportModuleLevelObject;_PyEval_EvalFrameDefault;PyEval_EvalCode;0x5d2bac;0x5818ed;_PyEval_EvalFrameDefault;0x54a0c7;PyObject_CallMethodObjArgs;PyImport_ImportModuleLevelObject;_PyEval_EvalFrameDefault;PyEval_EvalCode;0x5d2bac;0x5818ed;_PyEval_EvalFrameDefault;0x54a0c7;PyObject_CallMethodObjArgs;PyImport_ImportModuleLevelObject;0x5d2ef4;0x5818ed;_PyEval_EvalFrameDefault;0x54a0c7;PyObject_CallMethodObjArgs;PyImport_ImportModuleLevelObject;_PyEval_EvalFrameDefault;PyEval_EvalCode;0x5d2bac;0x5818ed;_PyEval_EvalFrameDefault;0x54a0c7;PyObject_CallMethodObjArgs;PyImport_ImportModuleLevelObject;_PyEval_EvalFrameDefault;PyEval_EvalCode;0x607fc2;0x6b4393;_PyRun_SimpleFileObject;_PyRun_AnyFileObject;Py_RunMain;Py_BytesMain;__libc_start_call_main;__libc_start_main@@GLIBC_2.34;_start;|, 46.077827, 600.00, 26.282000
2025-11-25T20:16:12.324860Z, 0xfffffffffffffe00;0x724fc076892e;0x5;0x0;|, 51.372324, 350.00, 26.282000
2025-11-25T20:16:12.329979Z, 0xfffffffffffffe00;0x724fc076ac81;0x724e6c3de0c0;0x724fc1176a90;0x724f43cb96a0;0x4810c08348001bd3;|, 54.054768, 800.00, 26.282000
2025-11-25T20:16:12.335167Z, , 40.031318, 800.00, 26.282000
2025-11-25T20:16:12.341714Z, 0xfffffffffffffe00;_PyObject_GC_New;PyDict_New;0x60a526;_PyAST_Compile;PyRun_StringFlags;0x69b860;_PyEval_EvalFrameDefault;PyEval_EvalCode;0x5d2bac;0x5818ed;_PyEval_EvalFrameDefault;0x54a0c7;PyObject_CallMethodObjArgs;PyImport_ImportModuleLevelObject;0x5d2ef4;0x5818ed;_PyEval_EvalFrameDefault;0x54a0c7;PyObject_CallMethodObjArgs;PyImport_ImportModuleLevelObject;_PyEval_EvalFrameDefault;PyEval_EvalCode;0x5d2bac;0x5818ed;_PyEval_EvalFrameDefault;0x54a0c7;PyObject_CallMethodObjArgs;PyImport_ImportModuleLevelObject;_PyEval_EvalFrameDefault;PyEval_EvalCode;0x607fc2;0x6b4393;_PyRun_SimpleFileObject;_PyRun_AnyFileObject;Py_RunMain;Py_BytesMain;__libc_start_call_main;__libc_start_main@@GLIBC_2.34;_start;|, 54.404491, 900.00, 26.282000
2025-11-25T20:16:12.346916Z, , 34.185106, 900.00, 26.282000
2025-11-25T20:16:12.352036Z, , 40.854657, 900.00, 26.282000
2025-11-25T20:16:12.358797Z, 0xfffffffffffffe00;PySequence_Contains;_PyObject_Call_Prepend;0x59da4f;0x599513;_PyObject_MakeTpCall;_PyEval_EvalFrameDefault;PyObject_Vectorcall;0x5a379d;PyObject_GetAttr;_PyEval_EvalFrameDefault;PyEval_EvalCode;0x5d2bac;0x5818ed;_PyEval_EvalFrameDefault;0x54a0c7;PyObject_CallMethodObjArgs;PyImport_ImportModuleLevelObject;0x5d2ef4;0x5818ed;_PyEval_EvalFrameDefault;0x54a0c7;PyObject_CallMethodObjArgs;PyImport_ImportModuleLevelObject;_PyEval_EvalFrameDefault;PyEval_EvalCode;0x5d2bac;0x5818ed;_PyEval_EvalFrameDefault;0x54a0c7;PyObject_CallMethodObjArgs;PyImport_ImportModuleLevelObject;_PyEval_EvalFrameDefault;PyEval_EvalCode;0x607fc2;0x6b4393;_PyRun_SimpleFileObject;_PyRun_AnyFileObject;Py_RunMain;Py_BytesMain;__libc_start_call_main;__libc_start_main@@GLIBC_2.34;_start;|, 37.011847, 0.00, 26.282000
2025-11-25T20:16:12.365200Z, 0xfffffffffffffe00;_PyEval_EvalFrameDefault;PyEval_EvalCode;0x5d2bac;0x5818ed;_PyEval_EvalFrameDefault;0x54a0c7;PyObject_CallMethodObjArgs;PyImport_ImportModuleLevelObject;0x5d2ef4;0x5818ed;_PyEval_EvalFrameDefault;0x54a0c7;PyObject_CallMethodObjArgs;PyImport_ImportModuleLevelObject;_PyEval_EvalFrameDefault;PyEval_EvalCode;0x5d2bac;0x5818ed;_PyEval_EvalFrameDefault;0x54a0c7;PyObject_CallMethodObjArgs;PyImport_ImportModuleLevelObject;_PyEval_EvalFrameDefault;PyEval_EvalCode;0x607fc2;0x6b4393;_PyRun_SimpleFileObject;_PyRun_AnyFileObject;Py_RunMain;Py_BytesMain;__libc_start_call_main;__libc_start_main@@GLIBC_2.34;_start;|, 33.104181, 0.00, 26.282000
2025-11-25T20:16:12.371983Z, 0xfffffffffffffe00;PyObject_GC_UnTrack;_PyObject_MakeTpCall;0x54d035;0x5a0e94;0x5a3a93;PyNumber_Long;0x724fc09a7f81;_PyObject_MakeTpCall;0x54cff6;0x5a1084;0x5a46cc;PyDict_Contains;_PyEval_EvalFrameDefault;PyEval_EvalCode;0x5d2bac;0x5818ed;_PyEval_EvalFrameDefault;0x54a0c7;PyObject_CallMethodObjArgs;PyImport_ImportModuleLevelObject;0x5d2ef4;0x5818ed;_PyEval_EvalFrameDefault;0x54a0c7;PyObject_CallMethodObjArgs;PyImport_ImportModuleLevelObject;_PyEval_EvalFrameDefault;PyEval_EvalCode;0x5d2bac;0x5818ed;_PyEval_EvalFrameDefault;0x54a0c7;PyObject_CallMethodObjArgs;PyImport_ImportModuleLevelObject;_PyEval_EvalFrameDefault;PyEval_EvalCode;0x607fc2;0x6b4393;_PyRun_SimpleFileObject;_PyRun_AnyFileObject;Py_RunMain;Py_BytesMain;__libc_start_call_main;__libc_start_main@@GLIBC_2.34;_start;|, 24.448450, 100.00, 26.282000
2025-11-25T20:16:12.377253Z, , 41.314293, 200.00, 26.282000
2025-11-25T20:16:12.382493Z, 0xfffffffffffffe00;0x724f9cf04b95;|, 31.387852, 200.00, 26.282000
2025-11-25T20:16:12.387729Z, , 31.725970, 300.00, 26.282000
2025-11-25T20:16:12.392981Z, 0xfffffffffffffe00;0x724f9cbbc045;0x724f9d05ae71;0x7ffdf6d61900;|, 30.489135, 300.00, 26.282000
2025-11-25T20:16:12.398258Z, 0xffffffffffffff80;0xffffffffbaa00b90;0xfffffffffffffe00;0x724fa2218f78;0x724f9d05ae71;0x7ffdf6d61900;|, 27.816904, 500.00, 26.282000
2025-11-25T20:16:12.403503Z, 0xfffffffffffffe00;0x724f9c464600;0x724f9d05ae71;0x7ffdf6d61900;|, 35.156712, 500.00, 26.282000
2025-11-25T20:16:12.408712Z, , 28.976972, 300.00, 26.282000
2025-11-25T20:16:12.413938Z, 0xfffffffffffffe00;0x724fa2218f78;0x724f9d05ae71;0x7ffdf6d61900;|, 26.277891, 600.00, 26.282000
2025-11-25T20:16:12.419211Z, , 30.772415, 600.00, 26.282000
2025-11-25T20:16:12.424456Z, 0xfffffffffffffe00;0x724f9cbbbf96;0x724f9d05ae71;0x7ffdf6d61900;|, 35.966952, 700.00, 26.282000
2025-11-25T20:16:12.429661Z, , 27.875704, 700.00, 26.282000
2025-11-25T20:16:12.434904Z, 0xfffffffffffffe00;0x724f9cbbc072;0x724f9d05ae71;0x7ffdf6d61900;|, 31.051227, 800.00, 26.282000
2025-11-25T20:16:12.440116Z, , 31.884191, 800.00, 26.282000
2025-11-25T20:16:12.445357Z, , 33.125828, 900.00, 26.282000
2025-11-25T20:16:12.450585Z, 0xfffffffffffffe00;0x724fa221923a;0x724f9d05ae71;0x7ffdf6d61900;|, 39.133502, 900.00, 26.282000
2025-11-25T20:16:12.455754Z, , 26.409473, 1000.00, 26.282000
2025-11-25T20:16:12.460978Z, , 29.700965, 0.00, 26.282000
2025-11-25T20:16:12.466187Z, , 17.358675, 0.00, 26.282000
2025-11-25T20:16:12.471424Z, , 25.487837, 0.00, 26.282000
2025-11-25T20:16:12.476649Z, , 25.060270, 0.00, 26.282000
2025-11-25T20:16:12.481857Z, , 19.230117, 0.00, 26.282000
2025-11-25T20:16:12.487066Z, , 23.707273, 0.00, 26.282000
2025-11-25T20:16:12.492312Z, , 18.278896, 0.00, 26.282000
2025-11-25T20:16:12.497520Z, , 20.131074, 0.00, 26.282000
2025-11-25T20:16:12.502716Z, äø•Õ, 23.309250, 0.00, 26.282000
2025-11-25T20:16:12.507850Z, , 52.409520, 50.00, 26.282000
2025-11-25T20:16:12.512962Z, , 47.753459, 100.00, 26.282000
2025-11-25T20:16:12.518569Z, 0xffffffffffffff80;0xffffffffc178453a;0xffffffffc1868919;0xffffffffc152dd84;0xffffffffc2b6005b;0xffffffffc2b608d5;0xffffffffc2ad0cb1;0xffffffffc2ad14cb;0xffffffffc2ad15ba;0xffffffffbb1dde74;0xffffffffbac83f9e;0xffffffffbbed678e;0xffffffffbaa0012b;0xfffffffffffffe00;ioctl;0x724fcfe4200f;0x724fd094d068;0x724fcfd208bc;0x724fcfe8ee48;0x724fcfe900b2;0x724fcfe1f40e;0x724fcfe20794;0x724fcfe2133b;0x724fcfe238de;0x724fcfe252bb;0x724fcfe65709;0x724fcfdbf5cd;0x724fcfe6f0d6;0x724fcfc22de2;0x724fcfc295be;0x724fcfc6c862;0x724fcfc6ec36;0x724fcfc6edac;0x724fcfb9af59;0x724fcfd3560a;cuDevicePrimaryCtxRetain;0x724fc1c413a9;0x724fc1c414a4;0x724fc1c41603;0x724fc1c421c0;0x724fc1c3a641;0x724fc1c11bd8;0x724fc1c4ae0f;0x724fc1f6935f;|, 62.486443, 100.00, 26.282000
2025-11-25T20:16:12.523672Z, , 38.659489, 200.00, 26.282000
2025-11-25T20:16:12.528766Z, , 51.828558, 150.00, 26.282000
2025-11-25T20:16:12.533858Z, , 38.838089, 300.00, 26.282000
2025-11-25T20:16:12.538960Z, , 34.744989, 500.00, 26.282000
2025-11-25T20:16:12.544521Z, 0xffffffffffffff80;0xffffffffbb0911e0;0xffffffffbb091ef6;0xffffffffbb0932a8;0xffffffffbb093461;0xffffffffbb0934fc;0xffffffffbb09413f;0xffffffffbb0f04c9;0xffffffffbb0f1971;0xffffffffbb0f1fcc;0xffffffffbb0f2229;0xffffffffbad55662;0xffffffffbbedd385;0xffffffffbaa00bb7;0xfffffffffffffe00;__memset_avx2_unaligned_erms;0x724fcfe6f0d6;0x724fcfc22de2;0x724fcfc299e4;0x724fcfc6c862;0x724fcfc6ec36;0x724fcfc6edac;0x724fcfb9af59;0x724fcfd3560a;cuDevicePrimaryCtxRetain;0x724fc1c413a9;0x724fc1c414a4;0x724fc1c41603;0x724fc1c421c0;0x724fc1c3a641;0x724fc1c11bd8;0x724fc1c4ae0f;0x724fc1f6935f;|, 32.366488, 0.00, 26.282000
2025-11-25T20:16:12.549621Z, , 35.376120, 50.00, 26.282000
2025-11-25T20:16:12.555197Z, 0xffffffffffffff80;0xffffffffc18d1eef;0xffffffffc182b389;0xffffffffc180d768;0xffffffffc1784b50;0xffffffffc178550a;0xffffffffc16fb3f2;0xffffffffc17044d9;0xffffffffc156d36c;0xffffffffc156d562;0xffffffffc18cf78a;0xffffffffc184f0c7;0xffffffffc18d4a7a;0xffffffffc184e25b;0xffffffffc18d8284;0xffffffffc184ed70;0xffffffffc184f2d5;0xffffffffc185baff;0xffffffffc16446b3;0xffffffffc164c746;0xffffffffc15116b9;0xffffffffbb1dde74;0xffffffffbac83f9e;0xffffffffbbed678e;0xffffffffbaa0012b;0xfffffffffffffe00;ioctl;0x724fcfe8e028;0x724fcfe99ffa;0x724fcfe7d098;0x724fcfe6f3fc;0x724fcfc22de2;0x724fcfc299e4;0x724fcfc6c862;0x724fcfc6ec36;0x724fcfc6edac;0x724fcfb9af59;0x724fcfd3560a;cuDevicePrimaryCtxRetain;0x724fc1c413a9;0x724fc1c414a4;0x724fc1c41603;0x724fc1c421c0;0x724fc1c3a641;0x724fc1c11bd8;0x724fc1c4ae0f;0x724fc1f6935f;|, 34.692841, 50.00, 26.282000
2025-11-25T20:16:12.560513Z, 0xfffffffffffffe00;0x724fcfe61bae;0x724fcfc1f183;0x724fcfc5de3b;0x724fd099d137;0x724fd099d585;0x724fcfc2b9f4;0x724fcfc1f011;0x724fcfc2a463;0x724fcfc6c862;0x724fcfc6ec36;0x724fcfc6edac;0x724fcfb9af59;0x724fcfd3560a;cuDevicePrimaryCtxRetain;0x724fc1c413a9;0x724fc1c414a4;0x724fc1c41603;0x724fc1c421c0;0x724fc1c3a641;0x724fc1c11bd8;0x724fc1c4ae0f;0x724fc1f6935f;|, 26.698734, 0.00, 26.282000
2025-11-25T20:16:12.566078Z, 0xffffffffffffff80;0xffffffffbbeded1a;0xffffffffc1866329;0xffffffffc186c023;0xffffffffc152e054;0xffffffffc2b5ea69;0xffffffffc2b5f132;0xffffffffc2b600fc;0xffffffffc2b608d5;0xffffffffc2ad0cb1;0xffffffffc2ad14cb;0xffffffffc2ad15ba;0xffffffffbb1dde74;0xffffffffbac83f9e;0xffffffffbbed678e;0xffffffffbaa0012b;0xfffffffffffffe00;ioctl;0x724fcfe4200f;0x724fd094d068;0x724fcfd208bc;0x724fcfe8ee48;0x724fcfe900b2;0x724fcfe1f40e;0x724fcfe20794;0x724fcfe2133b;0x724fcfe238de;0x724fcfe252bb;0x724fcfe25ab1;0x724fcfc6cc92;0x724fcfc6ec36;0x724fcfc6edac;0x724fcfb9af59;0x724fcfd3560a;cuDevicePrimaryCtxRetain;0x724fc1c413a9;0x724fc1c414a4;0x724fc1c41603;0x724fc1c421c0;0x724fc1c3a641;0x724fc1c11bd8;0x724fc1c4ae0f;0x724fc1f6935f;|, 36.468189, 0.00, 26.282000
2025-11-25T20:16:12.571463Z, 0xfffffffffffffe00;0x724fd09b1051;0x724fcfde612d;0x724fcfc6776d;0x724fcfcfe384;0x724fcfcfebcf;0x724fd09679fb;0x724fcfcffb1a;0x724fd0967ccd;0x724fcfc6e73e;0x724fcfc6ec36;0x724fcfc6edac;0x724fcfb9af59;0x724fcfd3560a;cuDevicePrimaryCtxRetain;0x724fc1c413a9;0x724fc1c414a4;0x724fc1c41603;0x724fc1c421c0;0x724fc1c3a641;0x724fc1c11bd8;0x724fc1c4ae0f;0x724fc1f6935f;|, 29.074537, 50.00, 26.282000
2025-11-25T20:16:12.576655Z, , 33.352817, 0.00, 26.282000
2025-11-25T20:16:12.582202Z, 0xffffffffffffff80;0xffffffffc174c870;0xffffffffc1755710;0xffffffffc1880ded;0xffffffffc18931bf;0xffffffffc18d5ed9;0xffffffffc18dcb1e;0xffffffffc1858482;0xffffffffc1858ed9;0xffffffffc18590df;0xffffffffc185b2fd;0xffffffffc16444fb;0xffffffffc164c746;0xffffffffc15116b9;0xffffffffbb1dde74;0xffffffffbac83f9e;0xffffffffbbed678e;0xffffffffbaa0012b;0xfffffffffffffe00;ioctl;0x724fcfe8e028;0x724fcfe981fc;0x724fcfe79f4f;0x724fcfc6db53;0x724fcfc6ec36;0x724fcfc6edac;0x724fcfb9af59;0x724fcfd3560a;cuDevicePrimaryCtxRetain;0x724fc1c413a9;0x724fc1c414a4;0x724fc1c41603;0x724fc1c421c0;0x724fc1c3a641;0x724fc1c11bd8;0x724fc1c4ae0f;0x724fc1f6935f;|, 29.237500, 50.00, 26.282000
2025-11-25T20:16:12.587398Z, 0xfffffffffffffe00;0x724fc1c3c375;0x724fc1c34c57;0x724fc1c40444;0x724fc1c4219b;0x724fc1c3a641;0x724fc1c11bd8;0x724fc1c4ae0f;0x724fc1f6935f;|, 29.542985, 200.00, 26.282000
2025-11-25T20:16:12.592609Z, , 33.028478, 200.00, 26.282000
2025-11-25T20:16:12.597775Z, , 17.288798, 0.00, 26.282000
2025-11-25T20:16:12.602963Z, , 37.803499, 0.00, 26.282000
2025-11-25T20:16:12.608203Z, , 20.535646, 0.00, 26.282000
2025-11-25T20:16:12.613412Z, , 19.190126, 0.00, 26.282000
2025-11-25T20:16:12.618634Z, , 23.178646, 0.00, 26.282000
2025-11-25T20:16:12.623782Z, , 20.364502, 0.00, 26.282000
2025-11-25T20:16:12.628930Z, , 54.720776, 0.00, 26.282000
2025-11-25T20:16:12.634035Z, , 42.506488, 0.00, 26.282000
2025-11-25T20:16:12.639177Z, , 34.123859, 0.00, 26.282000
2025-11-25T20:16:12.644291Z, , 31.975980, 0.00, 26.282000
2025-11-25T20:16:12.649401Z, , 25.008879, 0.00, 26.282000
2025-11-25T20:16:12.654532Z, , 30.544762, 0.00, 26.282000
2025-11-25T20:16:12.659635Z, , 27.526057, 0.00, 26.282000
2025-11-25T20:16:12.664737Z, , 29.722975, 0.00, 26.282000
2025-11-25T20:16:12.669891Z, , 27.799907, 0.00, 26.282000
2025-11-25T20:16:12.675000Z, , 28.463766, 0.00, 26.282000
2025-11-25T20:16:12.680142Z, , 26.440982, 0.00, 26.282000
2025-11-25T20:16:12.685247Z, , 32.705240, 0.00, 26.282000
2025-11-25T20:16:12.690347Z, , 28.327164, 0.00, 26.282000
2025-11-25T20:16:12.695521Z, , 27.544090, 0.00, 26.282000
2025-11-25T20:16:12.700703Z, , 25.978453, 0.00, 26.282000
2025-11-25T20:16:12.705912Z, , 24.914185, 0.00, 26.282000
2025-11-25T20:16:12.711133Z, , 29.182403, 0.00, 26.282000
2025-11-25T20:16:12.716322Z, , 26.735298, 0.00, 26.282000
2025-11-25T20:16:12.721517Z, , 27.658329, 0.00, 26.282000
2025-11-25T20:16:12.726670Z, , 26.937560, 0.00, 26.282000
2025-11-25T20:16:12.731846Z, , 25.530444, 0.00, 26.282000
2025-11-25T20:16:12.737007Z, , 24.616349, 0.00, 26.282000
2025-11-25T20:16:12.742147Z, , 27.800478, 0.00, 26.282000
2025-11-25T20:16:12.747366Z, , 26.359584, 0.00, 26.282000
2025-11-25T20:16:12.752555Z, , 27.877715, 0.00, 26.282000
2025-11-25T20:16:12.757744Z, , 26.776232, 0.00, 26.282000
2025-11-25T20:16:12.762935Z, , 23.761179, 0.00, 26.282000
2025-11-25T20:16:12.768123Z, , 30.143891, 0.00, 26.282000
2025-11-25T20:16:12.773342Z, , 22.518888, 0.00, 26.282000
2025-11-25T20:16:12.778522Z, , 28.072428, 0.00, 26.282000
2025-11-25T20:16:12.783738Z, , 22.424555, 100.00, 26.282000
2025-11-25T20:16:12.789369Z, 0xffffffffffffff80;0xffffffffbae72fb0;0xffffffffbb10424c;0xffffffffbb1045c5;0xffffffffbb0dcaf1;0xffffffffbb0dd680;0xffffffffbb0dd88a;0xffffffffbb0dda5a;0xffffffffbb0ddb98;0xffffffffbb0dee9b;0xffffffffbb0dfbe6;0xffffffffc15275d5;0xffffffffc1643b06;0xffffffffc164481d;0xffffffffc164c746;0xffffffffc15116b9;0xffffffffbb1dde74;0xffffffffbac83f9e;0xffffffffbbed678e;0xffffffffbaa0012b;0xfffffffffffffe00;ioctl;0x724fcfe8e028;0x724fcfe6392a;0x724fd095cafb;0x724fcfea1a27;0x724fcfe1f39a;0x724fcfe20794;0x724fcfe2133b;0x724fcfe238de;0x724fcfe252bb;0x724fcfbcac87;0x724fcfd4169b;cuMemHostAlloc;0x724fc1c47aee;0x724fc1c15336;0x724fc1c58919;0x724f606649ae;0x0;0x724f60665710;0x8ec834853fd8948;|, 36.651720, 100.00, 26.282000
2025-11-25T20:16:12.794883Z, 0xffffffffffffff80;0xffffffffbb5f4d70;0xffffffffbb0ec308;0xffffffffbb0ec423;0xffffffffbb0f18f0;0xffffffffbb0f1fcc;0xffffffffbb0f2229;0xffffffffbb0ddc0b;0xffffffffbb0dee9b;0xffffffffbb0dfbe6;0xffffffffc15275d5;0xffffffffc1643b06;0xffffffffc164481d;0xffffffffc164c746;0xffffffffc15116b9;0xffffffffbb1dde74;0xffffffffbac83f9e;0xffffffffbbed678e;0xffffffffbaa0012b;0xfffffffffffffe00;ioctl;0x724fcfe8e028;0x724fcfe6392a;0x724fd095cafb;0x724fcfea1a27;0x724fcfe1f39a;0x724fcfe20794;0x724fcfe2133b;0x724fcfe238de;0x724fcfe252bb;0x724fcfbcac87;0x724fcfd4169b;cuMemHostAlloc;0x724fc1c47aee;0x724fc1c15336;0x724fc1c58919;0x724f606649ae;0x0;0x724f60665710;0x8ec834853fd8948;|, 32.848305, 100.00, 26.282000
2025-11-25T20:16:12.799976Z, , 37.442765, 0.00, 34.349000
2025-11-25T20:16:12.805147Z, , 28.901646, 0.00, 34.349000
2025-11-25T20:16:12.810288Z, , 14.817827, 0.00, 34.349000
2025-11-25T20:16:12.815472Z, , 13.801265, 0.00, 34.349000
2025-11-25T20:16:12.820649Z, , 20.235368, 0.00, 34.349000
2025-11-25T20:16:12.825819Z, , 14.465208, 0.00, 34.349000
2025-11-25T20:16:12.830994Z, , 18.868723, 0.00, 34.349000
2025-11-25T20:16:12.836219Z, , 18.632227, 0.00, 34.349000
2025-11-25T20:16:12.841419Z, , 16.883876, 0.00, 34.349000
2025-11-25T20:16:12.846898Z, 0xfffffffffffffe00;0x724fcfc21134;0x724fcfcc8c0a;0x724fcfe156ae;0x724fcfe1d73d;0x724fd09af84a;0x724fcfbce12c;0x724fcfbce91a;0x724fcfbceed4;0x724fcfd80de1;cuMemcpyHtoDAsync_v2;0x724fc1c481a9;0x724fc1c17058;0x724fc1c768a1;0x724f610a9646;0x724f9d02f8a3;0x724f9d031187;|, 20.100920, 0.00, 34.349000
2025-11-25T20:16:12.852708Z, 0xffffffffffffff80;0xffffffffbb196eb8;0xffffffffbb197616;0xffffffffbb0ad53f;0xffffffffbb0b1b0b;0xffffffffbb0b32ad;0xffffffffbb0b4d27;0xffffffffbb0b516e;0xffffffffbb0eb53a;0xffffffffbb0ec2ad;0xffffffffbb0ec423;0xffffffffbb0f18f0;0xffffffffbb0f1fcc;0xffffffffbb0f2229;0xffffffffbb0ddc0b;0xffffffffbb0dee9b;0xffffffffbb0dfbe6;0xffffffffc15275d5;0xffffffffc1643b06;0xffffffffc164481d;0xffffffffc164c746;0xffffffffc15116b9;0xffffffffbb1dde74;0xffffffffbac83f9e;0xffffffffbbed678e;0xffffffffbaa0012b;0xfffffffffffffe00;ioctl;0x724fcfe8e028;0x724fcfe6392a;0x724fd095cafb;0x724fcfea1a27;0x724fcfe1f39a;0x724fcfe20794;0x724fcfe2133b;0x724fcfe238de;0x724fcfe252bb;0x724fcfbcac87;0x724fcfd4169b;cuMemHostAlloc;0x724fc1c47aee;0x724fc1c15336;0x724fc1c58919;0x724f606649ae;0x0;0x724f60665710;0x8ec834853fd8948;|, 17.218133, 100.00, 34.349000
2025-11-25T20:16:12.858251Z, 0xffffffffffffff80;0xffffffffbb10455c;0xffffffffbb0f17e7;0xffffffffbb0f1fcc;0xffffffffbb0f2229;0xffffffffbb0ddc0b;0xffffffffbb0dee9b;0xffffffffbb0dfbe6;0xffffffffc15275d5;0xffffffffc1643b06;0xffffffffc164481d;0xffffffffc164c746;0xffffffffc15116b9;0xffffffffbb1dde74;0xffffffffbac83f9e;0xffffffffbbed678e;0xffffffffbaa0012b;0xfffffffffffffe00;ioctl;0x724fcfe8e028;0x724fcfe6392a;0x724fd095cafb;0x724fcfea1a27;0x724fcfe1f39a;0x724fcfe20794;0x724fcfe2133b;0x724fcfe238de;0x724fcfe252bb;0x724fcfbcac87;0x724fcfd4169b;cuMemHostAlloc;0x724fc1c47aee;0x724fc1c15336;0x724fc1c58919;0x724f606649ae;0x0;0x724f60665710;0x8ec834853fd8948;|, 28.184528, 0.00, 34.349000
2025-11-25T20:16:12.863818Z, 0xffffffffffffff80;0xffffffffbb197477;0xffffffffbb19d28c;0xffffffffbb0b3228;0xffffffffbb0b4d27;0xffffffffbb0b516e;0xffffffffbb0eb53a;0xffffffffbb0ec2ad;0xffffffffbb0ec423;0xffffffffbb0f18f0;0xffffffffbb0f1fcc;0xffffffffbb0f2229;0xffffffffbb0ddc0b;0xffffffffbb0dee9b;0xffffffffbb0dfbe6;0xffffffffc15275d5;0xffffffffc1643b06;0xffffffffc164481d;0xffffffffc164c746;0xffffffffc15116b9;0xffffffffbb1dde74;0xffffffffbac83f9e;0xffffffffbbed678e;0xffffffffbaa0012b;0xfffffffffffffe00;ioctl;0x724fcfe8e028;0x724fcfe6392a;0x724fd095cafb;0x724fcfea1a27;0x724fcfe1f39a;0x724fcfe20794;0x724fcfe2133b;0x724fcfe238de;0x724fcfe252bb;0x724fcfbcac87;0x724fcfd4169b;cuMemHostAlloc;0x724fc1c47aee;0x724fc1c15336;0x724fc1c58919;0x724f606649ae;0x0;0x724f60665710;0x8ec834853fd8948;|, 20.786467, 0.00, 34.349000
2025-11-25T20:16:12.868909Z, , 41.415015, 100.00, 34.349000
2025-11-25T20:16:12.874017Z, , 29.174943, 0.00, 34.349000
2025-11-25T20:16:12.879323Z, 0xfffffffffffffe00;0x724fcfc1f040;0x724fd099d137;0x724fd099d585;0x724fcfc2b9f4;0x724fcfc51ce2;0x724fcfc5d5d5;0x724fcfbaa4f9;0x724fcfd39f77;cuCtxSynchronize;0x724fc1c0fb8b;0x724fc1c4a43a;0x724fc1f60b67;0x0;0x724fc09c4980;0x8b485355fc894900;|, 27.725057, 100.00, 34.349000
2025-11-25T20:16:12.884426Z, , 28.382720, 0.00, 34.349000
2025-11-25T20:16:12.889668Z, 0xfffffffffffffe00;0x724fcfc21134;0x724fcfcc8c0a;0x724fcfe156ae;0x724fcfe1d73d;0x724fd09af84a;0x724fcfbce12c;0x724fcfbce91a;0x724fcfbceed4;0x724fcfd80de1;cuMemcpyHtoDAsync_v2;0x724fc1c481a9;0x724fc1c17058;0x724fc1c768a1;0x724f610a9646;0x724f9d02f8a3;0x724f9d031187;|, 30.373976, 0.00, 34.349000
2025-11-25T20:16:12.894766Z, , 18.348627, 100.00, 34.349000
2025-11-25T20:16:12.899897Z, , 51.726104, 0.00, 34.349000
2025-11-25T20:16:12.904992Z, , 37.220938, 0.00, 34.349000
2025-11-25T20:16:12.910147Z, , 48.096708, 50.00, 34.349000
2025-11-25T20:16:12.915385Z, 0xfffffffffffffe00;0x724fcfe61b7b;0x724fcfc1f183;0x724fcfc5de3b;0x724fd099d137;0x724fd099d585;0x724fcfc2b9f4;0x724fcfc51ce2;0x724fcfc5d5d5;0x724fcfbaa4f9;0x724fcfd39f77;cuCtxSynchronize;0x724fc1c0fb8b;0x724fc1c4a43a;0x724fc1f60b67;0x0;0x724fc09c4980;0x8b485355fc894900;|, 30.114247, 0.00, 34.349000
2025-11-25T20:16:12.920505Z, , 43.808381, 100.00, 34.349000
2025-11-25T20:16:12.925755Z, 0xfffffffffffffe00;0x724fd099d132;0x724fd099d585;0x724fcfc2b9f4;0x724fcfc51ce2;0x724fcfc5d5d5;0x724fcfbaa4f9;0x724fcfd39f77;cuCtxSynchronize;0x724fc1c0fb8b;0x724fc1c4a43a;0x724fc1f60b67;0x0;0x724fc09c4980;0x8b485355fc894900;|, 33.569685, 0.00, 34.349000
2025-11-25T20:16:12.930858Z, , 37.825595, 100.00, 34.349000
2025-11-25T20:16:12.936283Z, 0xfffffffffffffe00;0x724fd5cf6c36;clock_gettime@@GLIBC_2.17;0x724fcfd1bc04;0x724fcfc2bccc;0x724fcfc51ce2;0x724fcfc5d5d5;0x724fcfbaa4f9;0x724fcfd39f77;cuCtxSynchronize;0x724fc1c0fb8b;0x724fc1c4a43a;0x724fc1f60b67;0x0;0x724fc09c4980;0x8b485355fc894900;|, 35.332232, 0.00, 34.349000
2025-11-25T20:16:12.941559Z, 0xfffffffffffffe00;0x724fcfc21138;0x724fcfcc8c0a;0x724fcfe156ae;0x724fcfe1d73d;0x724fd09af84a;0x724fcfbce12c;0x724fcfbce91a;0x724fcfbceed4;0x724fcfd80de1;cuMemcpyHtoDAsync_v2;0x724fc1c481a9;0x724fc1c17058;0x724fc1c768a1;0x724f610a9646;0x724f9d02f8a3;0x724f9d031187;|, 31.383438, 100.00, 34.349000
2025-11-25T20:16:12.946653Z, , 33.717820, 0.00, 34.349000
2025-11-25T20:16:12.951750Z, , 19.493626, 0.00, 34.349000
2025-11-25T20:16:12.956876Z, , 58.408215, 0.00, 34.349000
2025-11-25T20:16:12.962110Z, 0xfffffffffffffe00;0x724fcfc1f186;0x724fcfc5de3b;0x724fd099d137;0x724fd099d585;0x724fcfc2b9f4;0x724fcfc51ce2;0x724fcfc5d5d5;0x724fcfbaa4f9;0x724fcfd39f77;cuCtxSynchronize;0x724fc1c0fb8b;0x724fc1c4a43a;0x724fc1f60b67;0x0;0x724fc09c4980;0x8b485355fc894900;|, 33.872936, 0.00, 34.349000
2025-11-25T20:16:12.967230Z, , 32.487694, 100.00, 34.349000
2025-11-25T20:16:12.972494Z, 0xfffffffffffffe00;0x724fcfc21134;0x724fcfcc8c0a;0x724fcfe156ae;0x724fcfe1d73d;0x724fd09af84a;0x724fcfbce12c;0x724fcfbce91a;0x724fcfbceed4;0x724fcfd80de1;cuMemcpyHtoDAsync_v2;0x724fc1c481a9;0x724fc1c17058;0x724fc1c768a1;0x724f610a9646;0x724f9d02f8a3;0x724f9d031187;|, 26.396043, 0.00, 34.349000
2025-11-25T20:16:12.977792Z, 0xfffffffffffffe00;0x724fcfe0a7df;0x724fcfe9dbbc;0x724fcfe9dd31;0x724fcfcc94ec;0x724fcfe1d16c;0x724fd09af84a;0x724fcfbce12c;0x724fcfbce91a;0x724fcfbceed4;0x724fcfd80de1;cuMemcpyHtoDAsync_v2;0x724fc1c481a9;0x724fc1c17058;0x724fc1c768a1;0x724f610a9646;0x724f9d02f8a3;0x724f9d031187;|, 27.005582, 100.00, 34.349000
2025-11-25T20:16:12.982905Z, , 26.652957, 0.00, 34.349000
2025-11-25T20:16:12.988029Z, , 29.228920, 100.00, 34.349000
2025-11-25T20:16:12.993304Z, 0xfffffffffffffe00;0x724fcfc21134;0x724fcfcc8c0a;0x724fcfe156ae;0x724fcfe1d73d;0x724fd09af84a;0x724fcfbce12c;0x724fcfbce91a;0x724fcfbceed4;0x724fcfd80de1;cuMemcpyHtoDAsync_v2;0x724fc1c481a9;0x724fc1c17058;0x724fc1c768a1;0x724f610a9646;0x724f9d02f8a3;0x724f9d031187;|, 25.590488, 0.00, 34.349000
2025-11-25T20:16:12.998465Z, , 21.800605, 0.00, 34.349000
2025-11-25T20:16:13.003633Z, , 32.696975, 0.00, 34.349000
2025-11-25T20:16:13.008731Z, , 20.152375, 0.00, 34.349000
2025-11-25T20:16:13.013948Z, 0xfffffffffffffe00;0x724fcfc2b9e9;0x724fcfc51ce2;0x724fcfc5d5d5;0x724fcfbaa4f9;0x724fcfd39f77;cuCtxSynchronize;0x724fc1c0fb8b;0x724fc1c4a43a;0x724fc1f60b67;0x0;0x724fc09c4980;0x8b485355fc894900;|, 53.306887, 0.00, 34.349000
2025-11-25T20:16:13.019048Z, , 50.139042, 0.00, 34.349000
2025-11-25T20:16:13.024190Z, , 54.125072, 0.00, 34.349000
2025-11-25T20:16:13.029499Z, 0xfffffffffffffe00;0x724fcfe61b7b;0x724fcfc1f183;0x724fcfc5de3b;0x724fd099d137;0x724fd099d585;0x724fcfc2b9f4;0x724fcfc51ce2;0x724fcfc5d5d5;0x724fcfbaa4f9;0x724fcfd39f77;cuCtxSynchronize;0x724fc1c0fb8b;0x724fc1c4a43a;0x724fc1f60b67;0x0;0x724fc09c4980;0x8b485355fc894900;|, 48.962680, 0.00, 34.349000
2025-11-25T20:16:13.034605Z, , 40.348682, 100.00, 34.349000
2025-11-25T20:16:13.039853Z, 0xfffffffffffffe00;0x724fcfc1f192;0x724fcfc5de3b;0x724fd099d137;0x724fd099d585;0x724fcfc2b9f4;0x724fcfc51ce2;0x724fcfc5d5d5;0x724fcfbaa4f9;0x724fcfd39f77;cuCtxSynchronize;0x724fc1c0fb8b;0x724fc1c4a43a;0x724fc1f60b67;0x0;0x724fc09c4980;0x8b485355fc894900;|, 51.857926, 0.00, 34.349000
2025-11-25T20:16:13.045092Z, 0xfffffffffffffe00;0x724fcfc21134;0x724fcfcc8c0a;0x724fcfe156ae;0x724fcfe1d73d;0x724fd09af84a;0x724fcfbce12c;0x724fcfbce91a;0x724fcfbceed4;0x724fcfd80de1;cuMemcpyHtoDAsync_v2;0x724fc1c481a9;0x724fc1c17058;0x724fc1c768a1;0x724f610a9646;0x724f9d02f8a3;0x724f9d031187;|, 42.055548, 100.00, 34.349000
2025-11-25T20:16:13.050204Z, , 46.377499, 0.00, 34.349000
2025-11-25T20:16:13.055299Z, , 48.219000, 0.00, 34.349000
2025-11-25T20:16:13.060416Z, , 49.032455, 100.00, 34.349000
2025-11-25T20:16:13.065822Z, 0xfffffffffffffe00;0x724fcfe61b74;0x724fcfc1f183;0x724fcfc5de3b;0x724fd099d137;0x724fd099d585;0x724fcfc2b9f4;0x724fcfc51ce2;0x724fcfc5d5d5;0x724fcfbaa4f9;0x724fcfd39f77;cuCtxSynchronize;0x724fc1c0fb8b;0x724fc1c4a43a;0x724fc1f60b67;0x0;0x724fc09c4980;0x8b485355fc894900;|0xfffffffffffffe00;0x724fcfc21148;0x724fcfcc8c0a;0x724fcfe156ae;0x724fcfe1d73d;0x724fd09af84a;0x724fcfbce12c;0x724fcfbce91a;0x724fcfbceed4;0x724fcfd80de1;cuMemcpyHtoDAsync_v2;0x724fc1c481a9;0x724fc1c17058;0x724fc1c768a1;0x724f610a9646;0x724f9d02f8a3;0x724f9d031187;|, 27.774138, 0.00, 34.349000
2025-11-25T20:16:13.070933Z, , 31.062382, 100.00, 34.349000
2025-11-25T20:16:13.076026Z, , 17.695053, 0.00, 34.349000
2025-11-25T20:16:13.081210Z, , 77.410917, 0.00, 34.349000
2025-11-25T20:16:13.086323Z, , 54.245978, 100.00, 34.349000
2025-11-25T20:16:13.091611Z, 0xfffffffffffffe00;0x724fcfe61bdd;0x724fcfc1f183;0x724fcfc5de3b;0x724fd099d137;0x724fd099d585;0x724fcfc2b9f4;0x724fcfc51ce2;0x724fcfc5d5d5;0x724fcfbaa4f9;0x724fcfd39f77;cuCtxSynchronize;0x724fc1c0fb8b;0x724fc1c4a43a;0x724fc1f60b67;0x0;0x724fc09c4980;0x8b485355fc894900;|, 51.178887, 0.00, 34.349000
2025-11-25T20:16:13.096745Z, , 41.067186, 100.00, 34.349000
2025-11-25T20:16:13.102006Z, 0xfffffffffffffe00;0x724fcfe61b40;0x724fcfc5de3b;0x724fd099d137;0x724fd099d585;0x724fcfc2b9f4;0x724fcfc51ce2;0x724fcfc5d5d5;0x724fcfbaa4f9;0x724fcfd39f77;cuCtxSynchronize;0x724fc1c0fb8b;0x724fc1c4a43a;0x724fc1f60b67;0x0;0x724fc09c4980;0x8b485355fc894900;|, 42.613521, 0.00, 34.349000
2025-11-25T20:16:13.107169Z, , 35.773247, 100.00, 34.349000
2025-11-25T20:16:13.112393Z, 0xfffffffffffffe00;0x724fcfc2bcd3;0x724fcfc51ce2;0x724fcfc5d5d5;0x724fcfbaa4f9;0x724fcfd39f77;cuCtxSynchronize;0x724fc1c0fb8b;0x724fc1c4a43a;0x724fc1f60b67;0x0;0x724fc09c4980;0x8b485355fc894900;|, 39.329131, 100.00, 34.349000
2025-11-25T20:16:13.117512Z, , 34.846803, 0.00, 34.349000
2025-11-25T20:16:13.122608Z, , 27.174999, 100.00, 34.349000
2025-11-25T20:16:13.127854Z, , 74.843568, 100.00, 34.349000
2025-11-25T20:16:13.132965Z, , 62.454089, 0.00, 34.349000
2025-11-25T20:16:13.138341Z, 0xfffffffffffffe00;0x724fcfc21134;0x724fcfcc8c0a;0x724fcfe156ae;0x724fcfe1d73d;0x724fd09af84a;0x724fcfbce12c;0x724fcfbce91a;0x724fcfbceed4;0x724fcfd80de1;cuMemcpyHtoDAsync_v2;0x724fc1c481a9;0x724fc1c17058;0x724fc1c768a1;0x724f610a9646;0x724f9d02f8a3;0x724f9d031187;|, 48.292834, 100.00, 34.349000
2025-11-25T20:16:13.143457Z, , 43.346925, 0.00, 34.349000
2025-11-25T20:16:13.148572Z, , 47.647806, 100.00, 34.349000
2025-11-25T20:16:13.153804Z, 0xfffffffffffffe00;0x724fcfc21134;0x724fcfcc8c0a;0x724fcfe156ae;0x724fcfe1d73d;0x724fd09af84a;0x724fcfbce12c;0x724fcfbce91a;0x724fcfbceed4;0x724fcfd80de1;cuMemcpyHtoDAsync_v2;0x724fc1c481a9;0x724fc1c17058;0x724fc1c768a1;0x724f610a9646;0x724f9d02f8a3;0x724f9d031187;|, 40.089617, 100.00, 34.349000
2025-11-25T20:16:13.159024Z, 0xfffffffffffffe00;0x724fcfc2b9e9;0x724fcfc51ce2;0x724fcfc5d5d5;0x724fcfbaa4f9;0x724fcfd39f77;cuCtxSynchronize;0x724fc1c0fb8b;0x724fc1c4a43a;0x724fc1f60b67;0x0;0x724fc09c4980;0x8b485355fc894900;|, 38.331151, 0.00, 34.349000
2025-11-25T20:16:13.164183Z, , 33.376564, 0.00, 34.349000
2025-11-25T20:16:13.169310Z, , 30.754427, 0.00, 34.349000
2025-11-25T20:16:13.174406Z, , 24.499448, 0.00, 34.349000
2025-11-25T20:16:13.179670Z, 0xfffffffffffffe00;0x724fcfc21138;0x724fcfcc8c0a;0x724fcfe156ae;0x724fcfe1d73d;0x724fd09af84a;0x724fcfbce12c;0x724fcfbce91a;0x724fcfbceed4;0x724fcfd80de1;cuMemcpyHtoDAsync_v2;0x724fc1c481a9;0x724fc1c17058;0x724fc1c768a1;0x724f610a9646;0x724f9d02f8a3;0x724f9d031187;|, 52.466934, 0.00, 34.349000
2025-11-25T20:16:13.184949Z, 0xfffffffffffffe00;0x724fcfc21134;0x724fcfcc8c0a;0x724fcfe156ae;0x724fcfe1d73d;0x724fd09af84a;0x724fcfbce12c;0x724fcfbce91a;0x724fcfbceed4;0x724fcfd80de1;cuMemcpyHtoDAsync_v2;0x724fc1c481a9;0x724fc1c17058;0x724fc1c768a1;0x724f610a9646;0x724f9d02f8a3;0x724f9d031187;|, 29.736564, 100.00, 34.349000
2025-11-25T20:16:13.190067Z, , 34.090059, 0.00, 34.349000
2025-11-25T20:16:13.195180Z, , 30.516949, 0.00, 34.349000
2025-11-25T20:16:13.200288Z, , 22.295258, 0.00, 34.349000
2025-11-25T20:16:13.205387Z, , 44.855392, 0.00, 34.349000
2025-11-25T20:16:13.210627Z, 0xfffffffffffffe00;0x724fcfc21144;0x724fcfcc8c0a;0x724fcfe156ae;0x724fcfe1d73d;0x724fd09af84a;0x724fcfbce12c;0x724fcfbce91a;0x724fcfbceed4;0x724fcfd80de1;cuMemcpyHtoDAsync_v2;0x724fc1c481a9;0x724fc1c17058;0x724fc1c768a1;0x724f610a9646;0x724f9d02f8a3;0x724f9d031187;|, 31.075302, 0.00, 34.349000
2025-11-25T20:16:13.215719Z, , 24.892453, 0.00, 34.349000
2025-11-25T20:16:13.220814Z, , 55.725734, 0.00, 34.349000
2025-11-25T20:16:13.225922Z, , 34.805229, 0.00, 34.349000
2025-11-25T20:16:13.231196Z, 0xfffffffffffffe00;0x724fcfc21134;0x724fcfcc8c0a;0x724fcfe156ae;0x724fcfe1d73d;0x724fd09af84a;0x724fcfbce12c;0x724fcfbce91a;0x724fcfbceed4;0x724fcfd80de1;cuMemcpyHtoDAsync_v2;0x724fc1c481a9;0x724fc1c17058;0x724fc1c768a1;0x724f610a9646;0x724f9d02f8a3;0x724f9d031187;|, 35.741520, 0.00, 34.349000
2025-11-25T20:16:13.236500Z, 0xfffffffffffffe00;0x724fcfe61b53;0x724fcfc1f183;0x724fcfc5de3b;0x724fd099d137;0x724fd099d585;0x724fcfc2b9f4;0x724fcfc51ce2;0x724fcfc5d5d5;0x724fcfbaa4f9;0x724fcfd39f77;cuCtxSynchronize;0x724fc1c0fb8b;0x724fc1c4a43a;0x724fc1f60b67;0x0;0x724fc09c4980;0x8b485355fc894900;|, 30.667352, 100.00, 34.349000
2025-11-25T20:16:13.241627Z, , 19.540190, 100.00, 34.349000
2025-11-25T20:16:13.246754Z, , 54.188953, 200.00, 34.349000
2025-11-25T20:16:13.252054Z, 0xfffffffffffffe00;0x724fcfe61c7d;0x724fcfc1f183;0x724fcfc5de3b;0x724fd099d137;0x724fd099d585;0x724fcfc2b9f4;0x724fcfc51ce2;0x724fcfc5d5d5;0x724fcfbaa4f9;0x724fcfd39f77;cuCtxSynchronize;0x724fc1c0fb8b;0x724fc1c4a43a;0x724fc1f60b67;0x0;0x724fc09c4980;0x8b485355fc894900;|, 28.929043, 0.00, 34.349000
2025-11-25T20:16:13.257191Z, , 30.272205, 100.00, 34.349000
2025-11-25T20:16:13.262690Z, 0xffffffffffffff80;0xffffffffbbeaff15;0xffffffffbb0e2398;0xffffffffbad555dc;0xffffffffbbedd385;0xffffffffbaa00bb7;0xfffffffffffffe00;__memset_avx2_unaligned_erms;0x724fcf348fce;0x724fcf349154;0x724fcf331360;0x724fcf358bee;0x724fcf30d695;0x724fcf317c50;0x724fcfeae696;0x724fc1c4f082;0x724fc1f61115;0xf6d61ab000000000;|, 26.335028, 200.00, 34.349000
2025-11-25T20:16:13.267969Z, 0xfffffffffffffe00;0x724fcfc1f18e;0x724fcfc5de3b;0x724fd099d137;0x724fd099d585;0x724fcfc2b9f4;0x724fcfc51ce2;0x724fcfc5d5d5;0x724fcfbaa4f9;0x724fcfd39f77;cuCtxSynchronize;0x724fc1c0fb8b;0x724fc1c4a43a;0x724fc1f60b67;0x0;0x724fc09c4980;0x8b485355fc894900;|, 30.938628, 0.00, 34.349000
2025-11-25T20:16:13.273116Z, , 32.837526, 100.00, 34.349000
2025-11-25T20:16:13.278374Z, 0xfffffffffffffe00;0x724fcfc21134;0x724fcfcc8c0a;0x724fcfe156ae;0x724fcfe1d73d;0x724fd09af84a;0x724fcfbce12c;0x724fcfbce91a;0x724fcfbceed4;0x724fcfd80de1;cuMemcpyHtoDAsync_v2;0x724fc1c481a9;0x724fc1c17058;0x724fc1c768a1;0x724f610a9646;0x724f9d02f8a3;0x724f9d031187;|, 30.447320, 100.00, 34.349000
2025-11-25T20:16:13.283471Z, , 29.288381, 0.00, 34.349000
2025-11-25T20:16:13.288567Z, , 38.040095, 0.00, 34.349000
2025-11-25T20:16:13.293710Z, , 42.025114, 0.00, 34.349000
2025-11-25T20:16:13.298808Z, , 14.930759, 0.00, 49.846000
2025-11-25T20:16:13.304061Z, 0xfffffffffffffe00;0x724fcfe61c76;0x724fcfc1f183;0x724fcfc5de3b;0x724fd099d137;0x724fd099d585;0x724fcfc2b9f4;0x724fcfc51ce2;0x724fcfc5d5d5;0x724fcfbaa4f9;0x724fcfd39f77;cuCtxSynchronize;0x724fc1c0fb8b;0x724fc1c4a43a;0x724fc1f60b67;0x0;0x724fc09c4980;0x8b485355fc894900;|, 67.134170, 100.00, 49.846000
2025-11-25T20:16:13.309231Z, , 52.480366, 100.00, 49.846000
2025-11-25T20:16:13.314349Z, , 43.901030, 100.00, 49.846000
2025-11-25T20:16:13.319636Z, 0xfffffffffffffe00;0x724fcfe61b74;0x724fcfc1f183;0x724fcfc5de3b;0x724fd099d137;0x724fd099d585;0x724fcfc2b9f4;0x724fcfc51ce2;0x724fcfc5d5d5;0x724fcfbaa4f9;0x724fcfd39f77;cuCtxSynchronize;0x724fc1c0fb8b;0x724fc1c4a43a;0x724fc1f60b67;0x0;0x724fc09c4980;0x8b485355fc894900;|, 57.121423, 200.00, 49.846000
2025-11-25T20:16:13.324752Z, , 51.219552, 0.00, 49.846000
2025-11-25T20:16:13.330045Z, 0xfffffffffffffe00;0x724fcfe61b74;0x724fcfc1f183;0x724fcfc5de3b;0x724fd099d137;0x724fd099d585;0x724fcfc2b9f4;0x724fcfc51ce2;0x724fcfc5d5d5;0x724fcfbaa4f9;0x724fcfd39f77;cuCtxSynchronize;0x724fc1c0fb8b;0x724fc1c4a43a;0x724fc1f60b67;0x0;0x724fc09c4980;0x8b485355fc894900;|, 52.131094, 100.00, 49.846000
2025-11-25T20:16:13.335223Z, , 55.690430, 100.00, 49.846000
2025-11-25T20:16:13.340462Z, 0xfffffffffffffe00;0x724fcfe61b40;0x724fcfc5de3b;0x724fd099d137;0x724fd099d585;0x724fcfc2b9f4;0x724fcfc51ce2;0x724fcfc5d5d5;0x724fcfbaa4f9;0x724fcfd39f77;cuCtxSynchronize;0x724fc1c0fb8b;0x724fc1c4a43a;0x724fc1f60b67;0x0;0x724fc09c4980;0x8b485355fc894900;|, 52.566218, 0.00, 49.846000
2025-11-25T20:16:13.345612Z, , 62.970951, 0.00, 49.846000
2025-11-25T20:16:13.350738Z, , 74.463332, 0.00, 49.846000
2025-11-25T20:16:13.356171Z, 0xfffffffffffffe00;0x724fcfe61b74;0x724fcfc1f183;0x724fcfc5de3b;0x724fd099d137;0x724fd099d585;0x724fcfc2b9f4;0x724fcfc51ce2;0x724fcfc5d5d5;0x724fcfbaa4f9;0x724fcfd39f77;cuCtxSynchronize;0x724fc1c0fb8b;0x724fc1c4a43a;0x724fc1f60b67;0x0;0x724fc09c4980;0x8b485355fc894900;|0xfffffffffffffe00;0x724fcfc1f157;0x724fcfc5de3b;0x724fd099d137;0x724fd099d585;0x724fcfc2b9f4;0x724fcfc51ce2;0x724fcfc5d5d5;0x724fcfbaa4f9;0x724fcfd39f77;cuCtxSynchronize;0x724fc1c0fb8b;0x724fc1c4a43a;0x724fc1f60b67;0x0;0x724fc09c4980;0x8b485355fc894900;|, 44.876157, 0.00, 49.846000
2025-11-25T20:16:13.361357Z, , 51.479729, 0.00, 49.846000
2025-11-25T20:16:13.366456Z, , 45.724875, 100.00, 49.846000
2025-11-25T20:16:13.371591Z, , 60.298441, 0.00, 49.846000
2025-11-25T20:16:13.376830Z, 0xfffffffffffffe00;0x724fcfc21134;0x724fcfcc8c0a;0x724fcfe156ae;0x724fcfe1d73d;0x724fd09af84a;0x724fcfbce12c;0x724fcfbce91a;0x724fcfbceed4;0x724fcfd80de1;cuMemcpyHtoDAsync_v2;0x724fc1c481a9;0x724fc1c17058;0x724fc1c768a1;0x724f610a9646;0x724f9d02f8a3;0x724f9d031187;|, 43.966429, 100.00, 49.846000
2025-11-25T20:16:13.382076Z, 0xfffffffffffffe00;0x724fcfe61b40;0x724fcfc5de3b;0x724fd099d137;0x724fd099d585;0x724fcfc2b9f4;0x724fcfc51ce2;0x724fcfc5d5d5;0x724fcfbaa4f9;0x724fcfd39f77;cuCtxSynchronize;0x724fc1c0fb8b;0x724fc1c4a43a;0x724fc1f60b67;0x0;0x724fc09c4980;0x8b485355fc894900;|, 50.678263, 0.00, 49.846000
2025-11-25T20:16:13.387196Z, , 49.155320, 100.00, 49.846000
2025-11-25T20:16:13.392305Z, , 51.129131, 0.00, 49.846000
2025-11-25T20:16:13.397588Z, 0xfffffffffffffe00;0x724fcfc1f1a9;0x724fcfc5de3b;0x724fd099d137;0x724fd099d585;0x724fcfc2b9f4;0x724fcfc51ce2;0x724fcfc5d5d5;0x724fcfbaa4f9;0x724fcfd39f77;cuCtxSynchronize;0x724fc1c0fb8b;0x724fc1c4a43a;0x724fc1f60b67;0x0;0x724fc09c4980;0x8b485355fc894900;|, 34.341427, 100.00, 49.846000
2025-11-25T20:16:13.402695Z, , 32.338498, 0.00, 49.846000
2025-11-25T20:16:13.407964Z, 0xfffffffffffffe00;0x724fcfc21138;0x724fcfcc8c0a;0x724fcfe156ae;0x724fcfe1d73d;0x724fd09af84a;0x724fcfbce12c;0x724fcfbce91a;0x724fcfbceed4;0x724fcfd80de1;cuMemcpyHtoDAsync_v2;0x724fc1c481a9;0x724fc1c17058;0x724fc1c768a1;0x724f610a9646;0x724f9d02f8a3;0x724f9d031187;|, 32.269195, 100.00, 49.846000
2025-11-25T20:16:13.413263Z, , 33.851378, 0.00, 49.846000
2025-11-25T20:16:13.418469Z, , 31.603194, 0.00, 49.846000
2025-11-25T20:16:13.423663Z, , 36.225314, 100.00, 49.846000
2025-11-25T20:16:13.428939Z, 0xfffffffffffffe00;0x724fcfc21134;0x724fcfcc8c0a;0x724fcfe156ae;0x724fcfe1d73d;0x724fd09af84a;0x724fcfbce12c;0x724fcfbce91a;0x724fcfbceed4;0x724fcfd80de1;cuMemcpyHtoDAsync_v2;0x724fc1c481a9;0x724fc1c17058;0x724fc1c768a1;0x724f610a9646;0x724f9d02f8a3;0x724f9d031187;|, 29.097752, 0.00, 49.846000
2025-11-25T20:16:13.434340Z, 0xfffffffffffffe00;0x724fcfc2114c;0x724fcfcc8c0a;0x724fcfe156ae;0x724fcfe1d73d;0x724fd09af84a;0x724fcfbce12c;0x724fcfbce91a;0x724fcfbceed4;0x724fcfd80de1;cuMemcpyHtoDAsync_v2;0x724fc1c481a9;0x724fc1c17058;0x724fc1c768a1;0x724f610a9646;0x724f9d02f8a3;0x724f9d031187;|, 25.925013, 100.00, 49.846000
2025-11-25T20:16:13.439533Z, , 27.538069, 0.00, 49.846000
2025-11-25T20:16:13.444928Z, , 24.064547, 0.00, 49.846000
2025-11-25T20:16:13.450105Z, , 45.487433, 0.00, 49.846000
2025-11-25T20:16:13.455356Z, , 37.574777, 0.00, 49.846000
2025-11-25T20:16:13.460811Z, 0xfffffffffffffe00;0x724fd5cf6c33;clock_gettime@@GLIBC_2.17;0x724fcfd1bc04;0x724fcfc2bccc;0x724fcfc51ce2;0x724fcfc5d5d5;0x724fcfbaa4f9;0x724fcfd39f77;cuCtxSynchronize;0x724fc1c0fb8b;0x724fc1c4a43a;0x724fc1f60b67;0x0;0x724fc09c4980;0x8b485355fc894900;|, 38.735349, 0.00, 49.846000
2025-11-25T20:16:13.466231Z, 0xfffffffffffffe00;0x724fcfc21140;0x724fcfcc8c0a;0x724fcfe156ae;0x724fcfe1d73d;0x724fd09af84a;0x724fcfbce12c;0x724fcfbce91a;0x724fcfbceed4;0x724fcfd80de1;cuMemcpyHtoDAsync_v2;0x724fc1c481a9;0x724fc1c17058;0x724fc1c768a1;0x724f610a9646;0x724f9d02f8a3;0x724f9d031187;|, 35.477841, 0.00, 49.846000
2025-11-25T20:16:13.471439Z, , 34.692898, 0.00, 49.846000
2025-11-25T20:16:13.476810Z, 0xfffffffffffffe00;0x724fcfc21154;0x724fcfcc8c0a;0x724fcfe156ae;0x724fcfe1d73d;0x724fd09af84a;0x724fcfbce12c;0x724fcfbce91a;0x724fcfbceed4;0x724fcfd80de1;cuMemcpyHtoDAsync_v2;0x724fc1c481a9;0x724fc1c17058;0x724fc1c768a1;0x724f610a9646;0x724f9d02f8a3;0x724f9d031187;|, 39.953623, 0.00, 49.846000
2025-11-25T20:16:13.481964Z, , 32.003655, 0.00, 49.846000
2025-11-25T20:16:13.487174Z, , 37.999738, 0.00, 49.846000
2025-11-25T20:16:13.492501Z, 0xfffffffffffffe00;0x724fcfc21134;0x724fcfcc8c0a;0x724fcfe156ae;0x724fcfe1d73d;0x724fd09af84a;0x724fcfbce12c;0x724fcfbce91a;0x724fcfbceed4;0x724fcfd80de1;cuMemcpyHtoDAsync_v2;0x724fc1c481a9;0x724fc1c17058;0x724fc1c768a1;0x724f610a9646;0x724f9d02f8a3;0x724f9d031187;|, 20.932316, 0.00, 49.846000
2025-11-25T20:16:13.497648Z, , 43.902761, 0.00, 49.846000
2025-11-25T20:16:13.502765Z, , 30.637037, 0.00, 49.846000
2025-11-25T20:16:13.507978Z, , 63.894199, 0.00, 49.846000
2025-11-25T20:16:13.513319Z, 0xfffffffffffffe00;0x724fcfc21134;0x724fcfcc8c0a;0x724fcfe156ae;0x724fcfe1d73d;0x724fd09af84a;0x724fcfbce12c;0x724fcfbce91a;0x724fcfbceed4;0x724fcfd80de1;cuMemcpyHtoDAsync_v2;0x724fc1c481a9;0x724fc1c17058;0x724fc1c768a1;0x724f610a9646;0x724f9d02f8a3;0x724f9d031187;|, 40.780542, 100.00, 49.846000
2025-11-25T20:16:13.518481Z, , 53.074948, 0.00, 49.846000
2025-11-25T20:16:13.523630Z, , 42.243090, 0.00, 49.846000
2025-11-25T20:16:13.528737Z, , 59.125336, 0.00, 49.846000
2025-11-25T20:16:13.534091Z, 0xfffffffffffffe00;0x724fd5cf6d11;clock_gettime@@GLIBC_2.17;0x724fcfd1bc04;0x724fcfc2bccc;0x724fcfc51ce2;0x724fcfc5d5d5;0x724fcfbaa4f9;0x724fcfd39f77;cuCtxSynchronize;0x724fc1c0fb8b;0x724fc1c4a43a;0x724fc1f60b67;0x0;0x724fc09c4980;0x8b485355fc894900;|, 41.814756, 0.00, 49.846000
2025-11-25T20:16:13.539328Z, 0xfffffffffffffe00;0x724fcfc21134;0x724fcfcc8c0a;0x724fcfe156ae;0x724fcfe1d73d;0x724fd09af84a;0x724fcfbce12c;0x724fcfbce91a;0x724fcfbceed4;0x724fcfd80de1;cuMemcpyHtoDAsync_v2;0x724fc1c481a9;0x724fc1c17058;0x724fc1c768a1;0x724f610a9646;0x724f9d02f8a3;0x724f9d031187;|, 46.293541, 0.00, 49.846000
2025-11-25T20:16:13.544436Z, , 57.546986, 0.00, 49.846000
2025-11-25T20:16:13.549549Z, , 42.172957, 0.00, 49.846000
2025-11-25T20:16:13.554784Z, 0xfffffffffffffe00;0x724fcfc21138;0x724fcfcc8c0a;0x724fcfe156ae;0x724fcfe1d73d;0x724fd09af84a;0x724fcfbce12c;0x724fcfbce91a;0x724fcfbceed4;0x724fcfd80de1;cuMemcpyHtoDAsync_v2;0x724fc1c481a9;0x724fc1c17058;0x724fc1c768a1;0x724f610a9646;0x724f9d02f8a3;0x724f9d031187;|, 33.817954, 100.00, 49.846000
2025-11-25T20:16:13.559884Z, , 56.650631, 100.00, 49.846000
2025-11-25T20:16:13.565004Z, , 51.524424, 200.00, 49.846000
2025-11-25T20:16:13.570263Z, 0xfffffffffffffe00;0x724fcfe61b7b;0x724fcfc1f183;0x724fcfc5de3b;0x724fd099d137;0x724fd099d585;0x724fcfc2b9f4;0x724fcfc51ce2;0x724fcfc5d5d5;0x724fcfbaa4f9;0x724fcfd39f77;cuCtxSynchronize;0x724fc1c0fb8b;0x724fc1c4a43a;0x724fc1f60b67;0x0;0x724fc09c4980;0x8b485355fc894900;|, 44.077780, 0.00, 49.846000
2025-11-25T20:16:13.575390Z, , 44.330805, 0.00, 49.846000
2025-11-25T20:16:13.580652Z, 0xfffffffffffffe00;0x724fcfe61b74;0x724fcfc1f183;0x724fcfc5de3b;0x724fd099d137;0x724fd099d585;0x724fcfc2b9f4;0x724fcfc51ce2;0x724fcfc5d5d5;0x724fcfbaa4f9;0x724fcfd39f77;cuCtxSynchronize;0x724fc1c0fb8b;0x724fc1c4a43a;0x724fc1f60b67;0x0;0x724fc09c4980;0x8b485355fc894900;|, 47.622302, 0.00, 49.846000
2025-11-25T20:16:13.585779Z, , 37.551573, 0.00, 49.846000
2025-11-25T20:16:13.591103Z, 0xfffffffffffffe00;0x724fcfc1f1a9;0x724fcfc5de3b;0x724fd099d137;0x724fd099d585;0x724fcfc2b9f4;0x724fcfc51ce2;0x724fcfc5d5d5;0x724fcfbaa4f9;0x724fcfd39f77;cuCtxSynchronize;0x724fc1c0fb8b;0x724fc1c4a43a;0x724fc1f60b67;0x0;0x724fc09c4980;0x8b485355fc894900;|, 38.675659, 0.00, 49.846000
2025-11-25T20:16:13.596399Z, 0xfffffffffffffe00;0x724fcfc21134;0x724fcfcc8c0a;0x724fcfe156ae;0x724fcfe1d73d;0x724fd09af84a;0x724fcfbce12c;0x724fcfbce91a;0x724fcfbceed4;0x724fcfd80de1;cuMemcpyHtoDAsync_v2;0x724fc1c481a9;0x724fc1c17058;0x724fc1c768a1;0x724f610a9646;0x724f9d02f8a3;0x724f9d031187;|, 26.478483, 0.00, 49.846000
2025-11-25T20:16:13.601526Z, , 32.305109, 0.00, 49.846000
2025-11-25T20:16:13.606819Z, 0xfffffffffffffe00;0x724fcfc21134;0x724fcfcc8c0a;0x724fcfe156ae;0x724fcfe1d73d;0x724fd09af84a;0x724fcfbce12c;0x724fcfbce91a;0x724fcfbceed4;0x724fcfd80de1;cuMemcpyHtoDAsync_v2;0x724fc1c481a9;0x724fc1c17058;0x724fc1c768a1;0x724f610a9646;0x724f9d02f8a3;0x724f9d031187;|, 28.351223, 0.00, 49.846000
2025-11-25T20:16:13.611968Z, , 30.588212, 0.00, 49.846000
2025-11-25T20:16:13.617116Z, , 28.743937, 0.00, 49.846000
2025-11-25T20:16:13.622238Z, , 20.350402, 0.00, 49.846000
2025-11-25T20:16:13.627457Z, , 63.688582, 100.00, 49.846000
2025-11-25T20:16:13.632762Z, 0xfffffffffffffe00;0x724fcfc21150;0x724fcfcc8c0a;0x724fcfe156ae;0x724fcfe1d73d;0x724fd09af84a;0x724fcfbce12c;0x724fcfbce91a;0x724fcfbceed4;0x724fcfd80de1;cuMemcpyHtoDAsync_v2;0x724fc1c481a9;0x724fc1c17058;0x724fc1c768a1;0x724f610a9646;0x724f9d02f8a3;0x724f9d031187;|, 50.513916, 0.00, 49.846000
2025-11-25T20:16:13.637916Z, , 43.003296, 50.00, 49.846000
2025-11-25T20:16:13.643080Z, , 42.384489, 0.00, 49.846000
2025-11-25T20:16:13.648225Z, , 35.217906, 0.00, 49.846000
2025-11-25T20:16:13.653514Z, 0xfffffffffffffe00;0x724fcfc21154;0x724fcfcc8c0a;0x724fcfe156ae;0x724fcfe1d73d;0x724fd09af84a;0x724fcfbce12c;0x724fcfbce91a;0x724fcfbceed4;0x724fcfd80de1;cuMemcpyHtoDAsync_v2;0x724fc1c481a9;0x724fc1c17058;0x724fc1c768a1;0x724f610a9646;0x724f9d02f8a3;0x724f9d031187;|, 46.356461, 100.00, 49.846000
2025-11-25T20:16:13.658772Z, 0xfffffffffffffe00;0x724fcfc1f186;0x724fcfc5de3b;0x724fd099d137;0x724fd099d585;0x724fcfc2b9f4;0x724fcfc51ce2;0x724fcfc5d5d5;0x724fcfbaa4f9;0x724fcfd39f77;cuCtxSynchronize;0x724fc1c0fb8b;0x724fc1c4a43a;0x724fc1f60b67;0x0;0x724fc09c4980;0x8b485355fc894900;|, 47.252325, 100.00, 49.846000
2025-11-25T20:16:13.663884Z, , 29.431807, 0.00, 49.846000
2025-11-25T20:16:13.669001Z, , 38.752179, 0.00, 49.846000
2025-11-25T20:16:13.674241Z, 0xfffffffffffffe00;0x724fcfc2bcb6;0x724fcfc51ce2;0x724fcfc5d5d5;0x724fcfbaa4f9;0x724fcfd39f77;cuCtxSynchronize;0x724fc1c0fb8b;0x724fc1c4a43a;0x724fc1f60b67;0x0;0x724fc09c4980;0x8b485355fc894900;|, 49.303026, 0.00, 49.846000
2025-11-25T20:16:13.679370Z, , 29.497666, 0.00, 49.846000
2025-11-25T20:16:13.684575Z, 0xfffffffffffffe00;0x724fcfc2bcb6;0x724fcfc51ce2;0x724fcfc5d5d5;0x724fcfbaa4f9;0x724fcfd39f77;cuCtxSynchronize;0x724fc1c0fb8b;0x724fc1c4a43a;0x724fc1f60b67;0x0;0x724fc09c4980;0x8b485355fc894900;|, 27.773386, 0.00, 49.846000
2025-11-25T20:16:13.689701Z, , 26.113059, 0.00, 49.846000
2025-11-25T20:16:13.694859Z, , 19.233842, 0.00, 49.846000
2025-11-25T20:16:13.700009Z, , 35.710693, 0.00, 49.846000
2025-11-25T20:16:13.705295Z, 0xfffffffffffffe00;0x724fcfc2114c;0x724fcfcc8c0a;0x724fcfe156ae;0x724fcfe1d73d;0x724fd09af84a;0x724fcfbce12c;0x724fcfbce91a;0x724fcfbceed4;0x724fcfd80de1;cuMemcpyHtoDAsync_v2;0x724fc1c481a9;0x724fc1c17058;0x724fc1c768a1;0x724f610a9646;0x724f9d02f8a3;0x724f9d031187;|, 52.671618, 0.00, 49.846000
2025-11-25T20:16:13.710438Z, , 33.058158, 100.00, 49.846000
2025-11-25T20:16:13.715548Z, , 57.455571, 100.00, 49.846000
2025-11-25T20:16:13.720828Z, 0xfffffffffffffe00;0x724fcfe61b7b;0x724fcfc1f183;0x724fcfc5de3b;0x724fd099d137;0x724fd099d585;0x724fcfc2b9f4;0x724fcfc51ce2;0x724fcfc5d5d5;0x724fcfbaa4f9;0x724fcfd39f77;cuCtxSynchronize;0x724fc1c0fb8b;0x724fc1c4a43a;0x724fc1f60b67;0x0;0x724fc09c4980;0x8b485355fc894900;|, 41.850006, 0.00, 49.846000
2025-11-25T20:16:13.725933Z, , 30.427319, 100.00, 49.846000
2025-11-25T20:16:13.731212Z, 0xfffffffffffffe00;0x724fcfe61b74;0x724fcfc1f183;0x724fcfc5de3b;0x724fd099d137;0x724fd099d585;0x724fcfc2b9f4;0x724fcfc51ce2;0x724fcfc5d5d5;0x724fcfbaa4f9;0x724fcfd39f77;cuCtxSynchronize;0x724fc1c0fb8b;0x724fc1c4a43a;0x724fc1f60b67;0x0;0x724fc09c4980;0x8b485355fc894900;|, 50.648154, 0.00, 49.846000
2025-11-25T20:16:13.736345Z, , 42.007616, 100.00, 49.846000
2025-11-25T20:16:13.741793Z, 0xfffffffffffffe00;0x724fd5cf6bf2;clock_gettime@@GLIBC_2.17;0x724fcfd1bc04;0x724fcfc2bccc;0x724fcfc51ce2;0x724fcfc5d5d5;0x724fcfbaa4f9;0x724fcfd39f77;cuCtxSynchronize;0x724fc1c0fb8b;0x724fc1c4a43a;0x724fc1f60b67;0x0;0x724fc09c4980;0x8b485355fc894900;|, 22.448639, 0.00, 49.846000
2025-11-25T20:16:13.746968Z, , 21.500478, 0.00, 49.846000
2025-11-25T20:16:13.752352Z, , 19.203777, 0.00, 49.846000
2025-11-25T20:16:13.757635Z, , 12.211791, 0.00, 49.846000
2025-11-25T20:16:13.763389Z, 0xfffffffffffffe00;0x724fcfc21134;0x724fcfcc8c0a;0x724fcfe156ae;0x724fcfe1d73d;0x724fd09af84a;0x724fcfbce12c;0x724fcfbce91a;0x724fcfbceed4;0x724fcfd80de1;cuMemcpyHtoDAsync_v2;0x724fc1c481a9;0x724fc1c17058;0x724fc1c768a1;0x724f610a9646;0x724f9d02f8a3;0x724f9d031187;|, 22.000966, 0.00, 49.846000
2025-11-25T20:16:13.768759Z, , 15.707818, 100.00, 49.846000
2025-11-25T20:16:13.773952Z, , 18.788174, 100.00, 49.846000
2025-11-25T20:16:13.779225Z, 0xfffffffffffffe00;0x724fcfe61bc9;0x724fcfc1f183;0x724fcfc5de3b;0x724fd099d137;0x724fd099d585;0x724fcfc2b9f4;0x724fcfc51ce2;0x724fcfc5d5d5;0x724fcfbaa4f9;0x724fcfd39f77;cuCtxSynchronize;0x724fc1c0fb8b;0x724fc1c4a43a;0x724fc1f60b67;0x0;0x724fc09c4980;0x8b485355fc894900;|, 20.988232, 0.00, 49.846000
2025-11-25T20:16:13.784370Z, , 26.330703, 0.00, 49.846000
2025-11-25T20:16:13.789507Z, , 19.428186, 0.00, 49.846000
2025-11-25T20:16:13.794645Z, , 22.495811, 0.00, 49.846000
2025-11-25T20:16:13.799973Z, 0xfffffffffffffe00;0x724fcf4cf569;0x724fcf317c50;0x724fcfeae696;0x724fc1c4f03a;0x724fc1f60dc2;0x6475632f3031632f;|0xfffffffffffffe00;0x724fcfe61b53;0x724fcfc1f183;0x724fcfc5de3b;0x724fd099d137;0x724fd099d585;0x724fcfc2b9f4;0x724fcfc51ce2;0x724fcfc5d5d5;0x724fcfbaa4f9;0x724fcfd39f77;cuCtxSynchronize;0x724fc1c0fb8b;0x724fc1c4a43a;0x724fc1f60b67;0x0;0x724fc09c4980;0x8b485355fc894900;|, 26.907534, 100.00, 67.029000
2025-11-25T20:16:13.805183Z, , 36.132733, 0.00, 67.029000
2025-11-25T20:16:13.810464Z, 0xfffffffffffffe00;0x724fcfe61b53;0x724fcfc1f183;0x724fcfc5de3b;0x724fd099d137;0x724fd099d585;0x724fcfc2b9f4;0x724fcfc51ce2;0x724fcfc5d5d5;0x724fcfbaa4f9;0x724fcfd39f77;cuCtxSynchronize;0x724fc1c0fb8b;0x724fc1c4a43a;0x724fc1f60b67;0x0;0x724fc09c4980;0x8b485355fc894900;|, 30.807007, 100.00, 67.029000
2025-11-25T20:16:13.815622Z, , 34.845692, 0.00, 67.029000
2025-11-25T20:16:13.820719Z, , 37.272215, 0.00, 67.029000
2025-11-25T20:16:13.826025Z, 0xfffffffffffffe00;0x724fcfc21134;0x724fcfcc8c0a;0x724fcfe156ae;0x724fcfe1d73d;0x724fd09af84a;0x724fcfbce12c;0x724fcfbce91a;0x724fcfbceed4;0x724fcfd80de1;cuMemcpyHtoDAsync_v2;0x724fc1c481a9;0x724fc1c17058;0x724fc1c768a1;0x724f610a9646;0x724f9d02f8a3;0x724f9d031187;|, 33.835707, 0.00, 67.029000
2025-11-25T20:16:13.831143Z, , 26.040003, 100.00, 67.029000
2025-11-25T20:16:13.836468Z, 0xfffffffffffffe00;0x724fcfe61bd8;0x724fcfc1f183;0x724fcfc5de3b;0x724fd099d137;0x724fd099d585;0x724fcfc2b9f4;0x724fcfc51ce2;0x724fcfc5d5d5;0x724fcfbaa4f9;0x724fcfd39f77;cuCtxSynchronize;0x724fc1c0fb8b;0x724fc1c4a43a;0x724fc1f60b67;0x0;0x724fc09c4980;0x8b485355fc894900;|, 32.037289, 0.00, 67.029000
2025-11-25T20:16:13.841596Z, , 16.982256, 100.00, 67.029000
2025-11-25T20:16:13.846738Z, , 46.866537, 100.00, 67.029000
2025-11-25T20:16:13.851852Z, , 23.640863, 0.00, 67.029000
2025-11-25T20:16:13.856986Z, , 43.906848, 0.00, 67.029000
2025-11-25T20:16:13.862225Z, 0xfffffffffffffe00;0x724fcfd1bc31;0x724fcfc2bccc;0x724fcfc51ce2;0x724fcfc5d5d5;0x724fcfbaa4f9;0x724fcfd39f77;cuCtxSynchronize;0x724fc1c0fb8b;0x724fc1c4a43a;0x724fc1f60b67;0x0;0x724fc09c4980;0x8b485355fc894900;|, 29.110014, 0.00, 67.029000
2025-11-25T20:16:13.867523Z, 0xfffffffffffffe00;0x724fd5cf6c36;clock_gettime@@GLIBC_2.17;0x724fcfd1bc04;0x724fcfc2bccc;0x724fcfc51ce2;0x724fcfc5d5d5;0x724fcfbaa4f9;0x724fcfd39f77;cuCtxSynchronize;0x724fc1c0fb8b;0x724fc1c4a43a;0x724fc1f60b67;0x0;0x724fc09c4980;0x8b485355fc894900;|, 23.650835, 0.00, 67.029000
2025-11-25T20:16:13.872646Z, , 41.021084, 0.00, 67.029000
2025-11-25T20:16:13.877906Z, 0xfffffffffffffe00;0x724fcfe61b53;0x724fcfc1f183;0x724fcfc5de3b;0x724fd099d137;0x724fd099d585;0x724fcfc2b9f4;0x724fcfc51ce2;0x724fcfc5d5d5;0x724fcfbaa4f9;0x724fcfd39f77;cuCtxSynchronize;0x724fc1c0fb8b;0x724fc1c4a43a;0x724fc1f60b67;0x0;0x724fc09c4980;0x8b485355fc894900;|, 29.779882, 0.00, 67.029000
2025-11-25T20:16:13.883008Z, , 20.630148, 0.00, 67.029000
2025-11-25T20:16:13.888146Z, , 48.356327, 100.00, 67.029000
2025-11-25T20:16:13.893389Z, 0xfffffffffffffe00;0x724fcfe61b7b;0x724fcfc1f183;0x724fcfc5de3b;0x724fd099d137;0x724fd099d585;0x724fcfc2b9f4;0x724fcfc51ce2;0x724fcfc5d5d5;0x724fcfbaa4f9;0x724fcfd39f77;cuCtxSynchronize;0x724fc1c0fb8b;0x724fc1c4a43a;0x724fc1f60b67;0x0;0x724fc09c4980;0x8b485355fc894900;|, 32.521427, 0.00, 67.029000
2025-11-25T20:16:13.898488Z, , 30.645907, 0.00, 67.029000
2025-11-25T20:16:13.903626Z, , 42.211128, 0.00, 67.029000
2025-11-25T20:16:13.908877Z, 0xfffffffffffffe00;0x724fcfe61b74;0x724fcfc1f183;0x724fcfc5de3b;0x724fd099d137;0x724fd099d585;0x724fcfc2b9f4;0x724fcfc51ce2;0x724fcfc5d5d5;0x724fcfbaa4f9;0x724fcfd39f77;cuCtxSynchronize;0x724fc1c0fb8b;0x724fc1c4a43a;0x724fc1f60b67;0x0;0x724fc09c4980;0x8b485355fc894900;|, 43.381572, 0.00, 67.029000
2025-11-25T20:16:13.914166Z, 0xfffffffffffffe00;0x724fd5cf6c36;clock_gettime@@GLIBC_2.17;0x724fcfd1bc04;0x724fcfc2bccc;0x724fcfc51ce2;0x724fcfc5d5d5;0x724fcfbaa4f9;0x724fcfd39f77;cuCtxSynchronize;0x724fc1c0fb8b;0x724fc1c4a43a;0x724fc1f60b67;0x0;0x724fc09c4980;0x8b485355fc894900;|, 30.659776, 100.00, 67.029000
2025-11-25T20:16:13.919274Z, , 29.761679, 0.00, 67.029000
2025-11-25T20:16:13.924385Z, , 56.091928, 0.00, 67.029000
2025-11-25T20:16:13.929684Z, 0xfffffffffffffe00;0x724fcfc21134;0x724fcfcc8c0a;0x724fcfe156ae;0x724fcfe1d73d;0x724fd09af84a;0x724fcfbce12c;0x724fcfbce91a;0x724fcfbceed4;0x724fcfd80de1;cuMemcpyHtoDAsync_v2;0x724fc1c481a9;0x724fc1c17058;0x724fc1c768a1;0x724f610a9646;0x724f9d02f8a3;0x724f9d031187;|, 38.230376, 0.00, 67.029000
2025-11-25T20:16:13.934789Z, , 37.448575, 0.00, 67.029000
2025-11-25T20:16:13.940045Z, 0xfffffffffffffe00;0x724fcfcc969b;0x724fcfe1d16c;0x724fd09af84a;0x724fcfbce12c;0x724fcfbce91a;0x724fcfbceed4;0x724fcfd80de1;cuMemcpyHtoDAsync_v2;0x724fc1c481a9;0x724fc1c17058;0x724fc1c768a1;0x724f610a9646;0x724f9d02f8a3;0x724f9d031187;|, 28.452406, 0.00, 67.029000
2025-11-25T20:16:13.945145Z, , 21.331182, 0.00, 67.029000
2025-11-25T20:16:13.950263Z, , 48.805463, 0.00, 67.029000
2025-11-25T20:16:13.955579Z, 0xfffffffffffffe00;0x724fcfc21144;0x724fcfcc8c0a;0x724fcfe156ae;0x724fcfe1d73d;0x724fd09af84a;0x724fcfbce12c;0x724fcfbce91a;0x724fcfbceed4;0x724fcfd80de1;cuMemcpyHtoDAsync_v2;0x724fc1c481a9;0x724fc1c17058;0x724fc1c768a1;0x724f610a9646;0x724f9d02f8a3;0x724f9d031187;|, 34.696918, 0.00, 67.029000
2025-11-25T20:16:13.960683Z, , 26.461818, 0.00, 67.029000
2025-11-25T20:16:13.965803Z, , 53.177567, 100.00, 67.029000
2025-11-25T20:16:13.970907Z, , 27.452201, 0.00, 67.029000
2025-11-25T20:16:13.976048Z, , 43.885417, 100.00, 67.029000
2025-11-25T20:16:13.981381Z, 0xffffffffffffff80;0xffffffffbae7f39d;0xffffffffbae7f7fe;0xffffffffbad8fa04;0xffffffffbad8fd7e;0xffffffffbad9016e;0xffffffffbbedca6c;0xffffffffbaa00f0b;0xfffffffffffffe00;0x724fcfc21138;0x724fcfcc8c0a;0x724fcfe156ae;0x724fcfe1d73d;0x724fd09af84a;0x724fcfbce12c;0x724fcfbce91a;0x724fcfbceed4;0x724fcfd80de1;cuMemcpyHtoDAsync_v2;0x724fc1c481a9;0x724fc1c17058;0x724fc1c768a1;0x724f610a9646;0x724f9d02f8a3;0x724f9d031187;|, 23.465817, 0.00, 67.029000
2025-11-25T20:16:13.986490Z, , 48.749092, 0.00, 67.029000
2025-11-25T20:16:13.991743Z, , 34.861107, 0.00, 67.029000
2025-11-25T20:16:13.996891Z, , 45.401730, 0.00, 67.029000
2025-11-25T20:16:14.002169Z, 0xfffffffffffffe00;0x724fcfc1f163;0x724fcfc5de3b;0x724fd099d137;0x724fd099d585;0x724fcfc2b9f4;0x724fcfc51ce2;0x724fcfc5d5d5;0x724fcfbaa4f9;0x724fcfd39f77;cuCtxSynchronize;0x724fc1c0fb8b;0x724fc1c4a43a;0x724fc1f60b67;0x0;0x724fc09c4980;0x8b485355fc894900;|, 23.830013, 0.00, 67.029000
2025-11-25T20:16:14.007286Z, , 44.232875, 100.00, 67.029000
2025-11-25T20:16:14.013145Z, 0xfffffffffffffe00;PyBool_FromLong;_PyObject_Call_Prepend;0x59da4f;0x599513;_PyObject_MakeTpCall;_PyEval_EvalFrameDefault;PyEval_EvalCode;0x607fc2;0x6b4393;_PyRun_SimpleFileObject;_PyRun_AnyFileObject;Py_RunMain;Py_BytesMain;__libc_start_call_main;__libc_start_main@@GLIBC_2.34;_start;|, 42.355621, 0.00, 67.029000
2025-11-25T20:16:14.018461Z, 0xfffffffffffffe00;0x724fcfe61b7b;0x724fcfc1f183;0x724fcfc5de3b;0x724fd099d137;0x724fd099d585;0x724fcfc2b9f4;0x724fcfc51ce2;0x724fcfc5d5d5;0x724fcfbaa4f9;0x724fcfd39f77;cuCtxSynchronize;0x724fc1c0fb8b;0x724fc1c4a43a;0x724fc1f60b67;0x0;0x724fc09c4980;0x8b485355fc894900;|, 31.443182, 100.00, 67.029000
2025-11-25T20:16:14.023583Z, , 29.448224, 100.00, 67.029000
2025-11-25T20:16:14.028879Z, 0xfffffffffffffe00;0x724fcfe61b53;0x724fcfc1f183;0x724fcfc5de3b;0x724fd099d137;0x724fd099d585;0x724fcfc2b9f4;0x724fcfc51ce2;0x724fcfc5d5d5;0x724fcfbaa4f9;0x724fcfd39f77;cuCtxSynchronize;0x724fc1c0fb8b;0x724fc1c4a43a;0x724fc1f60b67;0x0;0x724fc09c4980;0x8b485355fc894900;|, 27.044398, 0.00, 67.029000
2025-11-25T20:16:14.034035Z, , 27.514690, 0.00, 67.029000
2025-11-25T20:16:14.039219Z, , 30.599489, 0.00, 67.029000
2025-11-25T20:16:14.044457Z, , 40.281275, 0.00, 67.029000
2025-11-25T20:16:14.049578Z, , 35.272906, 0.00, 67.029000
2025-11-25T20:16:14.055033Z, 0xfffffffffffffe00;0x724fcfe61b74;0x724fcfc1f183;0x724fcfc5de3b;0x724fd099d137;0x724fd099d585;0x724fcfc2b9f4;0x724fcfc51ce2;0x724fcfc5d5d5;0x724fcfbaa4f9;0x724fcfd39f77;cuCtxSynchronize;0x724fc1c0fb8b;0x724fc1c4a43a;0x724fc1f60b67;0x0;0x724fc09c4980;0x8b485355fc894900;|, 28.948985, 0.00, 67.029000
2025-11-25T20:16:14.060200Z, , 23.061573, 0.00, 67.029000
2025-11-25T20:16:14.065477Z, 0xfffffffffffffe00;0x724fcfe61bac;0x724fcfc1f183;0x724fcfc5de3b;0x724fd099d137;0x724fd099d585;0x724fcfc2b9f4;0x724fcfc51ce2;0x724fcfc5d5d5;0x724fcfbaa4f9;0x724fcfd39f77;cuCtxSynchronize;0x724fc1c0fb8b;0x724fc1c4a43a;0x724fc1f60b67;0x0;0x724fc09c4980;0x8b485355fc894900;|, 27.084122, 0.00, 67.029000
2025-11-25T20:16:14.070582Z, , 20.964021, 0.00, 67.029000
2025-11-25T20:16:14.075694Z, , 31.276080, 0.00, 67.029000
2025-11-25T20:16:14.080978Z, 0xfffffffffffffe00;0x724fcfe61b40;0x724fcfc5de3b;0x724fd099d137;0x724fd099d585;0x724fcfc2b9f4;0x724fcfc51ce2;0x724fcfc5d5d5;0x724fcfbaa4f9;0x724fcfd39f77;cuCtxSynchronize;0x724fc1c0fb8b;0x724fc1c4a43a;0x724fc1f60b67;0x0;0x724fc09c4980;0x8b485355fc894900;|, 35.685327, 0.00, 67.029000
2025-11-25T20:16:14.086267Z, 0xfffffffffffffe00;0x724fcfc1f16a;0x724fcfc5de3b;0x724fd099d137;0x724fd099d585;0x724fcfc2b9f4;0x724fcfc51ce2;0x724fcfc5d5d5;0x724fcfbaa4f9;0x724fcfd39f77;cuCtxSynchronize;0x724fc1c0fb8b;0x724fc1c4a43a;0x724fc1f60b67;0x0;0x724fc09c4980;0x8b485355fc894900;|, 40.393475, 0.00, 67.029000
2025-11-25T20:16:14.091383Z, , 23.489918, 0.00, 67.029000
2025-11-25T20:16:14.096659Z, 0xfffffffffffffe00;0x724fcfc21134;0x724fcfcc8c0a;0x724fcfe156ae;0x724fcfe1d73d;0x724fd09af84a;0x724fcfbce12c;0x724fcfbce91a;0x724fcfbceed4;0x724fcfd80de1;cuMemcpyHtoDAsync_v2;0x724fc1c481a9;0x724fc1c17058;0x724fc1c768a1;0x724f610a9646;0x724f9d02f8a3;0x724f9d031187;|, 40.503192, 100.00, 67.029000
2025-11-25T20:16:14.101764Z, , 11.071289, 100.00, 67.029000
2025-11-25T20:16:14.106876Z, , 50.451126, 0.00, 67.029000
2025-11-25T20:16:14.112004Z, , 38.963787, 0.00, 67.029000
2025-11-25T20:16:14.117138Z, , 36.553739, 0.00, 67.029000
2025-11-25T20:16:14.122444Z, 0xfffffffffffffe00;0x724fd5cf6c36;clock_gettime@@GLIBC_2.17;0x724fcfd1bc04;0x724fcfc2bccc;0x724fcfc51ce2;0x724fcfc5d5d5;0x724fcfbaa4f9;0x724fcfd39f77;cuCtxSynchronize;0x724fc1c0fb8b;0x724fc1c4a43a;0x724fc1f60b67;0x0;0x724fc09c4980;0x8b485355fc894900;|, 28.377466, 0.00, 67.029000
2025-11-25T20:16:14.127614Z, , 40.966113, 50.00, 67.029000
2025-11-25T20:16:14.132961Z, 0xfffffffffffffe00;0x724fcfe61bd8;0x724fcfc1f183;0x724fcfc5de3b;0x724fd099d137;0x724fd099d585;0x724fcfc2b9f4;0x724fcfc51ce2;0x724fcfc5d5d5;0x724fcfbaa4f9;0x724fcfd39f77;cuCtxSynchronize;0x724fc1c0fb8b;0x724fc1c4a43a;0x724fc1f60b67;0x0;0x724fc09c4980;0x8b485355fc894900;|, 59.099123, 100.00, 67.029000
2025-11-25T20:16:14.138096Z, , 36.324046, 0.00, 67.029000
2025-11-25T20:16:14.143349Z, , 38.865189, 0.00, 67.029000
2025-11-25T20:16:14.148599Z, 0xfffffffffffffe00;0x724fcfc2b9cf;0x724fcfc51ce2;0x724fcfc5d5d5;0x724fcfbaa4f9;0x724fcfd39f77;cuCtxSynchronize;0x724fc1c0fb8b;0x724fc1c4a43a;0x724fc1f60b67;0x0;0x724fc09c4980;0x8b485355fc894900;|, 39.345474, 0.00, 67.029000
2025-11-25T20:16:14.153861Z, 0xfffffffffffffe00;0x724fcfc21134;0x724fcfcc8c0a;0x724fcfe156ae;0x724fcfe1d73d;0x724fd09af84a;0x724fcfbce12c;0x724fcfbce91a;0x724fcfbceed4;0x724fcfd80de1;cuMemcpyHtoDAsync_v2;0x724fc1c481a9;0x724fc1c17058;0x724fc1c768a1;0x724f610a9646;0x724f9d02f8a3;0x724f9d031187;|, 39.291347, 0.00, 67.029000
2025-11-25T20:16:14.158978Z, , 37.564457, 0.00, 67.029000
2025-11-25T20:16:14.164146Z, , 32.398720, 0.00, 67.029000
2025-11-25T20:16:14.169315Z, , 34.528980, 0.00, 67.029000
2025-11-25T20:16:14.174601Z, 0xfffffffffffffe00;0x724fcfe61bc1;0x724fcfc1f183;0x724fcfc5de3b;0x724fd099d137;0x724fd099d585;0x724fcfc2b9f4;0x724fcfc51ce2;0x724fcfc5d5d5;0x724fcfbaa4f9;0x724fcfd39f77;cuCtxSynchronize;0x724fc1c0fb8b;0x724fc1c4a43a;0x724fc1f60b67;0x0;0x724fc09c4980;0x8b485355fc894900;|, 29.158518, 100.00, 67.029000
2025-11-25T20:16:14.179808Z, 0xfffffffffffffe00;0x724fcfd330ce;cuCtxGetDevice;0x724fc1c11116;0x724fc1c4f042;0x724fc1f61115;0x780000724f;|, 38.471541, 100.00, 67.029000
2025-11-25T20:16:14.184936Z, , 36.724865, 200.00, 67.029000
2025-11-25T20:16:14.190291Z, 0xfffffffffffffe00;0x724fcfc21158;0x724fcfcc8c0a;0x724fcfe156ae;0x724fcfe1d73d;0x724fd09af84a;0x724fcfbce12c;0x724fcfbce91a;0x724fcfbceed4;0x724fcfd80de1;cuMemcpyHtoDAsync_v2;0x724fc1c481a9;0x724fc1c17058;0x724fc1c768a1;0x724f610a9646;0x724f9d02f8a3;0x724f9d031187;|, 58.352681, 200.00, 67.029000
2025-11-25T20:16:14.195452Z, , 17.599596, 0.00, 67.029000
2025-11-25T20:16:14.200563Z, , 66.746329, 0.00, 67.029000
2025-11-25T20:16:14.205691Z, , 42.549611, 0.00, 67.029000
2025-11-25T20:16:14.210965Z, 0xfffffffffffffe00;0x724fcfc21138;0x724fcfcc8c0a;0x724fcfe156ae;0x724fcfe1d73d;0x724fd09af84a;0x724fcfbce12c;0x724fcfbce91a;0x724fcfbceed4;0x724fcfd80de1;cuMemcpyHtoDAsync_v2;0x724fc1c481a9;0x724fc1c17058;0x724fc1c768a1;0x724f610a9646;0x724f9d02f8a3;0x724f9d031187;|, 40.692671, 0.00, 67.029000
2025-11-25T20:16:14.216263Z, 0xfffffffffffffe00;0x724fcfc1f192;0x724fcfc5de3b;0x724fd099d137;0x724fd099d585;0x724fcfc2b9f4;0x724fcfc51ce2;0x724fcfc5d5d5;0x724fcfbaa4f9;0x724fcfd39f77;cuCtxSynchronize;0x724fc1c0fb8b;0x724fc1c4a43a;0x724fc1f60b67;0x0;0x724fc09c4980;0x8b485355fc894900;|, 33.453331, 0.00, 67.029000
2025-11-25T20:16:14.221382Z, , 32.530037, 0.00, 67.029000
2025-11-25T20:16:14.226493Z, , 28.309422, 0.00, 67.029000
2025-11-25T20:16:14.231610Z, , 25.215394, 0.00, 67.029000
2025-11-25T20:16:14.236841Z, 0xfffffffffffffe00;0x724fcfc21134;0x724fcfcc8c0a;0x724fcfe156ae;0x724fcfe1d73d;0x724fd09af84a;0x724fcfbce12c;0x724fcfbce91a;0x724fcfbceed4;0x724fcfd80de1;cuMemcpyHtoDAsync_v2;0x724fc1c481a9;0x724fc1c17058;0x724fc1c768a1;0x724f610a9646;0x724f9d02f8a3;0x724f9d031187;|, 51.543136, 0.00, 67.029000
2025-11-25T20:16:14.242112Z, 0xfffffffffffffe00;0x724fcfc21134;0x724fcfcc8c0a;0x724fcfe156ae;0x724fcfe1d73d;0x724fd09af84a;0x724fcfbce12c;0x724fcfbce91a;0x724fcfbceed4;0x724fcfd80de1;cuMemcpyHtoDAsync_v2;0x724fc1c481a9;0x724fc1c17058;0x724fc1c768a1;0x724f610a9646;0x724f9d02f8a3;0x724f9d031187;|, 28.969689, 100.00, 67.029000
2025-11-25T20:16:14.247215Z, , 36.191482, 0.00, 67.029000
2025-11-25T20:16:14.252373Z, , 16.472348, 100.00, 67.029000
2025-11-25T20:16:14.257508Z, , 67.425437, 100.00, 67.029000
2025-11-25T20:16:14.262609Z, , 40.899828, 0.00, 67.029000
2025-11-25T20:16:14.267812Z, 0xfffffffffffffe00;0x724fcfd1bc31;0x724fcfc2bccc;0x724fcfc51ce2;0x724fcfc5d5d5;0x724fcfbaa4f9;0x724fcfd39f77;cuCtxSynchronize;0x724fc1c0fb8b;0x724fc1c4a43a;0x724fc1f60b67;0x0;0x724fc09c4980;0x8b485355fc894900;|, 55.015838, 0.00, 67.029000
2025-11-25T20:16:14.272924Z, , 31.728962, 0.00, 67.029000
2025-11-25T20:16:14.278169Z, 0xfffffffffffffe00;0x724fcfe61b40;0x724fcfc5de3b;0x724fd099d137;0x724fd099d585;0x724fcfc2b9f4;0x724fcfc51ce2;0x724fcfc5d5d5;0x724fcfbaa4f9;0x724fcfd39f77;cuCtxSynchronize;0x724fc1c0fb8b;0x724fc1c4a43a;0x724fc1f60b67;0x0;0x724fc09c4980;0x8b485355fc894900;|, 44.541320, 100.00, 67.029000
2025-11-25T20:16:14.283445Z, 0xfffffffffffffe00;0x724fcfc21134;0x724fcfcc8c0a;0x724fcfe156ae;0x724fcfe1d73d;0x724fd09af84a;0x724fcfbce12c;0x724fcfbce91a;0x724fcfbceed4;0x724fcfd80de1;cuMemcpyHtoDAsync_v2;0x724fc1c481a9;0x724fc1c17058;0x724fc1c768a1;0x724f610a9646;0x724f9d02f8a3;0x724f9d031187;|, 30.086468, 0.00, 67.029000
2025-11-25T20:16:14.288559Z, , 33.169803, 100.00, 67.029000
2025-11-25T20:16:14.293850Z, 0xfffffffffffffe00;0x724fcfc21150;0x724fcfcc8c0a;0x724fcfe156ae;0x724fcfe1d73d;0x724fd09af84a;0x724fcfbce12c;0x724fcfbce91a;0x724fcfbceed4;0x724fcfd80de1;cuMemcpyHtoDAsync_v2;0x724fc1c481a9;0x724fc1c17058;0x724fc1c768a1;0x724f610a9646;0x724f9d02f8a3;0x724f9d031187;|, 30.549658, 0.00, 67.029000
2025-11-25T20:16:14.298994Z, , 31.868102, 100.00, 74.351000
2025-11-25T20:16:14.304146Z, , 26.438580, 0.00, 74.351000
2025-11-25T20:16:14.309419Z, 0xfffffffffffffe00;0x724fcfc21154;0x724fcfcc8c0a;0x724fcfe156ae;0x724fcfe1d73d;0x724fd09af84a;0x724fcfbce12c;0x724fcfbce91a;0x724fcfbceed4;0x724fcfd80de1;cuMemcpyHtoDAsync_v2;0x724fc1c481a9;0x724fc1c17058;0x724fc1c768a1;0x724f610a9646;0x724f9d02f8a3;0x724f9d031187;|, 38.957595, 0.00, 74.351000
2025-11-25T20:16:14.314516Z, , 30.792173, 100.00, 74.351000
2025-11-25T20:16:14.319611Z, , 25.084031, 0.00, 74.351000
2025-11-25T20:16:14.324881Z, 0xfffffffffffffe00;0x724fcfc21134;0x724fcfcc8c0a;0x724fcfe156ae;0x724fcfe1d73d;0x724fd09af84a;0x724fcfbce12c;0x724fcfbce91a;0x724fcfbceed4;0x724fcfd80de1;cuMemcpyHtoDAsync_v2;0x724fc1c481a9;0x724fc1c17058;0x724fc1c768a1;0x724f610a9646;0x724f9d02f8a3;0x724f9d031187;|, 48.062975, 0.00, 74.351000
2025-11-25T20:16:14.330069Z, , 62.566161, 0.00, 74.351000
2025-11-25T20:16:14.335211Z, , 42.720071, 0.00, 74.351000
2025-11-25T20:16:14.340604Z, 0xfffffffffffffe00;clock_gettime@@GLIBC_2.17;0x724fcfd1bc04;0x724fcfc2bccc;0x724fcfc51ce2;0x724fcfc5d5d5;0x724fcfbaa4f9;0x724fcfd39f77;cuCtxSynchronize;0x724fc1c0fb8b;0x724fc1c4a43a;0x724fc1f60b67;0x0;0x724fc09c4980;0x8b485355fc894900;|, 22.417202, 0.00, 74.351000
2025-11-25T20:16:14.345735Z, , 26.901344, 0.00, 74.351000
2025-11-25T20:16:14.350890Z, , 30.256826, 0.00, 74.351000
2025-11-25T20:16:14.356140Z, 0xfffffffffffffe00;0x724fcfc5de53;0x724fd099d137;0x724fd099d585;0x724fcfc2b9f4;0x724fcfc51ce2;0x724fcfc5d5d5;0x724fcfbaa4f9;0x724fcfd39f77;cuCtxSynchronize;0x724fc1c0fb8b;0x724fc1c4a43a;0x724fc1f60b67;0x0;0x724fc09c4980;0x8b485355fc894900;|, 37.869579, 100.00, 74.351000
2025-11-25T20:16:14.361359Z, 0xfffffffffffffe00;0x724fcfc21138;0x724fcfcc8c0a;0x724fcfe156ae;0x724fcfe1d73d;0x724fd09af84a;0x724fcfbce12c;0x724fcfbce91a;0x724fcfbceed4;0x724fcfd80de1;cuMemcpyHtoDAsync_v2;0x724fc1c481a9;0x724fc1c17058;0x724fc1c768a1;0x724f610a9646;0x724f9d02f8a3;0x724f9d031187;|, 28.872078, 100.00, 74.351000
2025-11-25T20:16:14.366482Z, , 32.932471, 0.00, 74.351000
2025-11-25T20:16:14.371604Z, , 37.075626, 0.00, 74.351000
2025-11-25T20:16:14.376860Z, 0xfffffffffffffe00;0x724fcfc21158;0x724fcfcc8c0a;0x724fcfe156ae;0x724fcfe1d73d;0x724fd09af84a;0x724fcfbce12c;0x724fcfbce91a;0x724fcfbceed4;0x724fcfd80de1;cuMemcpyHtoDAsync_v2;0x724fc1c481a9;0x724fc1c17058;0x724fc1c768a1;0x724f610a9646;0x724f9d02f8a3;0x724f9d031187;|, 30.528853, 0.00, 74.351000
2025-11-25T20:16:14.381986Z, , 26.377577, 0.00, 74.351000
2025-11-25T20:16:14.387277Z, 0xfffffffffffffe00;0x724fcfc21134;0x724fcfcc8c0a;0x724fcfe156ae;0x724fcfe1d73d;0x724fd09af84a;0x724fcfbce12c;0x724fcfbce91a;0x724fcfbceed4;0x724fcfd80de1;cuMemcpyHtoDAsync_v2;0x724fc1c481a9;0x724fc1c17058;0x724fc1c768a1;0x724f610a9646;0x724f9d02f8a3;0x724f9d031187;|, 30.703427, 0.00, 74.351000
2025-11-25T20:16:14.392394Z, , 25.807123, 100.00, 74.351000
2025-11-25T20:16:14.397669Z, 0xfffffffffffffe00;0x724fcfc21134;0x724fcfcc8c0a;0x724fcfe156ae;0x724fcfe1d73d;0x724fd09af84a;0x724fcfbce12c;0x724fcfbce91a;0x724fcfbceed4;0x724fcfd80de1;cuMemcpyHtoDAsync_v2;0x724fc1c481a9;0x724fc1c17058;0x724fc1c768a1;0x724f610a9646;0x724f9d02f8a3;0x724f9d031187;|, 23.801729, 0.00, 74.351000
2025-11-25T20:16:14.402915Z, , 28.774528, 0.00, 74.351000
2025-11-25T20:16:14.408174Z, , 29.173093, 100.00, 74.351000
2025-11-25T20:16:14.413501Z, 0xfffffffffffffe00;0x724fcfc2b9e9;0x724fcfc51ce2;0x724fcfc5d5d5;0x724fcfbaa4f9;0x724fcfd39f77;cuCtxSynchronize;0x724fc1c0fb8b;0x724fc1c4a43a;0x724fc1f60b67;0x0;0x724fc09c4980;0x8b485355fc894900;|, 33.605082, 100.00, 74.351000
2025-11-25T20:16:14.418693Z, , 23.464165, 100.00, 74.351000
2025-11-25T20:16:14.423933Z, , 32.807744, 0.00, 74.351000
2025-11-25T20:16:14.429330Z, 0xfffffffffffffe00;0x724fcfe61b74;0x724fcfc1f183;0x724fcfc5de3b;0x724fd099d137;0x724fd099d585;0x724fcfc2b9f4;0x724fcfc51ce2;0x724fcfc5d5d5;0x724fcfbaa4f9;0x724fcfd39f77;cuCtxSynchronize;0x724fc1c0fb8b;0x724fc1c4a43a;0x724fc1f60b67;0x0;0x724fc09c4980;0x8b485355fc894900;|, 28.970404, 0.00, 74.351000
2025-11-25T20:16:14.434566Z, , 28.337303, 0.00, 74.351000
2025-11-25T20:16:14.439997Z, 0xfffffffffffffe00;0x724fcfe61c76;0x724fcfc1f183;0x724fcfc5de3b;0x724fd099d137;0x724fd099d585;0x724fcfc2b9f4;0x724fcfc51ce2;0x724fcfc5d5d5;0x724fcfbaa4f9;0x724fcfd39f77;cuCtxSynchronize;0x724fc1c0fb8b;0x724fc1c4a43a;0x724fc1f60b67;0x0;0x724fc09c4980;0x8b485355fc894900;|, 30.538509, 0.00, 74.351000
2025-11-25T20:16:14.445309Z, , 42.966945, 100.00, 74.351000
2025-11-25T20:16:14.450721Z, 0xfffffffffffffe00;0x724fcfe07858;0x724fd099d554;0x724fcfc2b9f4;0x724fcfc51ce2;0x724fcfc5d5d5;0x724fcfbaa4f9;0x724fcfd39f77;cuCtxSynchronize;0x724fc1c0fb8b;0x724fc1c4a43a;0x724fc1f60b67;0x0;0x724fc09c4980;0x8b485355fc894900;|, 34.319246, 0.00, 74.351000
2025-11-25T20:16:14.455924Z, , 18.492987, 0.00, 74.351000
2025-11-25T20:16:14.461068Z, , 50.182958, 100.00, 74.351000
2025-11-25T20:16:14.466182Z, , 40.770479, 0.00, 74.351000
2025-11-25T20:16:14.471293Z, , 43.849166, 0.00, 74.351000
2025-11-25T20:16:14.476612Z, 0xfffffffffffffe00;0x724fcfe61b53;0x724fcfc1f183;0x724fcfc5de3b;0x724fd099d137;0x724fd099d585;0x724fcfc2b9f4;0x724fcfc51ce2;0x724fcfc5d5d5;0x724fcfbaa4f9;0x724fcfd39f77;cuCtxSynchronize;0x724fc1c0fb8b;0x724fc1c4a43a;0x724fc1f60b67;0x0;0x724fc09c4980;0x8b485355fc894900;|, 38.233413, 100.00, 74.351000
2025-11-25T20:16:14.481749Z, , 33.546232, 0.00, 74.351000
2025-11-25T20:16:14.487050Z, 0xfffffffffffffe00;0x724fcfe61b40;0x724fcfc5de3b;0x724fd099d137;0x724fd099d585;0x724fcfc2b9f4;0x724fcfc51ce2;0x724fcfc5d5d5;0x724fcfbaa4f9;0x724fcfd39f77;cuCtxSynchronize;0x724fc1c0fb8b;0x724fc1c4a43a;0x724fc1f60b67;0x0;0x724fc09c4980;0x8b485355fc894900;|, 36.970031, 100.00, 74.351000
2025-11-25T20:16:14.492450Z, 0xfffffffffffffe00;0x724fd5cf6c36;clock_gettime@@GLIBC_2.17;0x724fcfd1bc04;0x724fcfc2bccc;0x724fcfc51ce2;0x724fcfc5d5d5;0x724fcfbaa4f9;0x724fcfd39f77;cuCtxSynchronize;0x724fc1c0fb8b;0x724fc1c4a43a;0x724fc1f60b67;0x0;0x724fc09c4980;0x8b485355fc894900;|, 38.181135, 0.00, 74.351000
2025-11-25T20:16:14.497702Z, , 29.149733, 100.00, 74.351000
2025-11-25T20:16:14.503086Z, 0xfffffffffffffe00;0x724fcfc21138;0x724fcfcc8c0a;0x724fcfe156ae;0x724fcfe1d73d;0x724fd09af84a;0x724fcfbce12c;0x724fcfbce91a;0x724fcfbceed4;0x724fcfd80de1;cuMemcpyHtoDAsync_v2;0x724fc1c481a9;0x724fc1c17058;0x724fc1c768a1;0x724f610a9646;0x724f9d02f8a3;0x724f9d031187;|, 35.474548, 0.00, 74.351000
2025-11-25T20:16:14.508323Z, , 27.217726, 100.00, 74.351000
2025-11-25T20:16:14.513714Z, 0xfffffffffffffe00;0x724fcfc21134;0x724fcfcc8c0a;0x724fcfe156ae;0x724fcfe1d73d;0x724fd09af84a;0x724fcfbce12c;0x724fcfbce91a;0x724fcfbceed4;0x724fcfd80de1;cuMemcpyHtoDAsync_v2;0x724fc1c481a9;0x724fc1c17058;0x724fc1c768a1;0x724f610a9646;0x724f9d02f8a3;0x724f9d031187;|, 26.916532, 100.00, 74.351000
2025-11-25T20:16:14.518919Z, , 31.616887, 0.00, 74.351000
2025-11-25T20:16:14.524242Z, , 33.651958, 0.00, 74.351000
2025-11-25T20:16:14.529581Z, 0xfffffffffffffe00;0x724fd099d132;0x724fd099d585;0x724fcfc2b9f4;0x724fcfc51ce2;0x724fcfc5d5d5;0x724fcfbaa4f9;0x724fcfd39f77;cuCtxSynchronize;0x724fc1c0fb8b;0x724fc1c4a43a;0x724fc1f60b67;0x0;0x724fc09c4980;0x8b485355fc894900;|, 28.128252, 0.00, 74.351000
2025-11-25T20:16:14.534753Z, , 50.296408, 0.00, 74.351000
2025-11-25T20:16:14.539902Z, , 25.928465, 100.00, 74.351000
2025-11-25T20:16:14.545325Z, 0xfffffffffffffe00;0x724fcfc21138;0x724fcfcc8c0a;0x724fcfe156ae;0x724fcfe1d73d;0x724fd09af84a;0x724fcfbce12c;0x724fcfbce91a;0x724fcfbceed4;0x724fcfd80de1;cuMemcpyHtoDAsync_v2;0x724fc1c481a9;0x724fc1c17058;0x724fc1c768a1;0x724f610a9646;0x724f9d02f8a3;0x724f9d031187;|, 43.965696, 0.00, 74.351000
2025-11-25T20:16:14.550510Z, , 34.272444, 100.00, 74.351000
2025-11-25T20:16:14.555862Z, 0xfffffffffffffe00;0x724fcfe61b40;0x724fcfc5de3b;0x724fd099d137;0x724fd099d585;0x724fcfc2b9f4;0x724fcfc51ce2;0x724fcfc5d5d5;0x724fcfbaa4f9;0x724fcfd39f77;cuCtxSynchronize;0x724fc1c0fb8b;0x724fc1c4a43a;0x724fc1f60b67;0x0;0x724fc09c4980;0x8b485355fc894900;|, 25.518083, 0.00, 74.351000
2025-11-25T20:16:14.561267Z, , 34.390634, 50.00, 74.351000
2025-11-25T20:16:14.566808Z, 0xfffffffffffffe00;0x724fcfe61bb1;0x724fcfc1f183;0x724fcfc5de3b;0x724fd099d137;0x724fd099d585;0x724fcfc2b9f4;0x724fcfc51ce2;0x724fcfc5d5d5;0x724fcfbaa4f9;0x724fcfd39f77;cuCtxSynchronize;0x724fc1c0fb8b;0x724fc1c4a43a;0x724fc1f60b67;0x0;0x724fc09c4980;0x8b485355fc894900;|, 38.799086, 0.00, 74.351000
2025-11-25T20:16:14.572025Z, , 53.304686, 0.00, 74.351000
2025-11-25T20:16:14.577225Z, , 25.570932, 0.00, 74.351000
2025-11-25T20:16:14.582761Z, 0xfffffffffffffe00;0x724fcfe61bb7;0x724fcfc1f183;0x724fcfc5de3b;0x724fd099d137;0x724fd099d585;0x724fcfc2b9f4;0x724fcfc51ce2;0x724fcfc5d5d5;0x724fcfbaa4f9;0x724fcfd39f77;cuCtxSynchronize;0x724fc1c0fb8b;0x724fc1c4a43a;0x724fc1f60b67;0x0;0x724fc09c4980;0x8b485355fc894900;|, 60.319942, 0.00, 74.351000
2025-11-25T20:16:14.588248Z, 0xfffffffffffffe00;0x724fcfc2114c;0x724fcfcc8c0a;0x724fcfe156ae;0x724fcfe1d73d;0x724fd09af84a;0x724fcfbce12c;0x724fcfbce91a;0x724fcfbceed4;0x724fcfd80de1;cuMemcpyHtoDAsync_v2;0x724fc1c481a9;0x724fc1c17058;0x724fc1c768a1;0x724f610a9646;0x724f9d02f8a3;0x724f9d031187;|, 36.087401, 0.00, 74.351000
2025-11-25T20:16:14.593469Z, , 36.293325, 0.00, 74.351000
2025-11-25T20:16:14.598909Z, 0xfffffffffffffe00;0x724fcfc21134;0x724fcfcc8c0a;0x724fcfe156ae;0x724fcfe1d73d;0x724fd09af84a;0x724fcfbce12c;0x724fcfbce91a;0x724fcfbceed4;0x724fcfd80de1;cuMemcpyHtoDAsync_v2;0x724fc1c481a9;0x724fc1c17058;0x724fc1c768a1;0x724f610a9646;0x724f9d02f8a3;0x724f9d031187;|, 29.381490, 0.00, 74.351000
2025-11-25T20:16:14.604215Z, , 28.668954, 100.00, 74.351000
2025-11-25T20:16:14.609493Z, , 24.810076, 0.00, 74.351000
2025-11-25T20:16:14.614968Z, 0xfffffffffffffe00;0x724fcfc21134;0x724fcfcc8c0a;0x724fcfe156ae;0x724fcfe1d73d;0x724fd09af84a;0x724fcfbce12c;0x724fcfbce91a;0x724fcfbceed4;0x724fcfd80de1;cuMemcpyHtoDAsync_v2;0x724fc1c481a9;0x724fc1c17058;0x724fc1c768a1;0x724f610a9646;0x724f9d02f8a3;0x724f9d031187;|, 34.421342, 0.00, 74.351000
2025-11-25T20:16:14.620314Z, , 25.940690, 0.00, 74.351000
2025-11-25T20:16:14.625487Z, , 38.466382, 100.00, 74.351000
2025-11-25T20:16:14.630797Z, 0xfffffffffffffe00;0x724fcfc21134;0x724fcfcc8c0a;0x724fcfe156ae;0x724fcfe1d73d;0x724fd09af84a;0x724fcfbce12c;0x724fcfbce91a;0x724fcfbceed4;0x724fcfd80de1;cuMemcpyHtoDAsync_v2;0x724fc1c481a9;0x724fc1c17058;0x724fc1c768a1;0x724f610a9646;0x724f9d02f8a3;0x724f9d031187;|, 40.647284, 50.00, 74.351000
2025-11-25T20:16:14.635982Z, , 47.626510, 100.00, 74.351000
2025-11-25T20:16:14.641149Z, , 33.804174, 0.00, 74.351000
2025-11-25T20:16:14.646275Z, , 52.598054, 0.00, 74.351000
2025-11-25T20:16:14.651422Z, , 40.134157, 0.00, 74.351000
2025-11-25T20:16:14.656836Z, 0xfffffffffffffe00;0x724fcfe61ba8;0x724fcfc1f183;0x724fcfc5de3b;0x724fd099d137;0x724fd099d585;0x724fcfc2b9f4;0x724fcfc51ce2;0x724fcfc5d5d5;0x724fcfbaa4f9;0x724fcfd39f77;cuCtxSynchronize;0x724fc1c0fb8b;0x724fc1c4a43a;0x724fc1f60b67;0x0;0x724fc09c4980;0x8b485355fc894900;|, 42.907902, 100.00, 74.351000
2025-11-25T20:16:14.662217Z, 0xfffffffffffffe00;0x724fcfc21138;0x724fcfcc8c0a;0x724fcfe156ae;0x724fcfe1d73d;0x724fd09af84a;0x724fcfbce12c;0x724fcfbce91a;0x724fcfbceed4;0x724fcfd80de1;cuMemcpyHtoDAsync_v2;0x724fc1c481a9;0x724fc1c17058;0x724fc1c768a1;0x724f610a9646;0x724f9d02f8a3;0x724f9d031187;|, 38.083645, 0.00, 74.351000
2025-11-25T20:16:14.667673Z, 0xfffffffffffffe00;0x724fd5cf6c36;clock_gettime@@GLIBC_2.17;0x724fcfd1bc04;0x724fcfc2bccc;0x724fcfc51ce2;0x724fcfc5d5d5;0x724fcfbaa4f9;0x724fcfd39f77;cuCtxSynchronize;0x724fc1c0fb8b;0x724fc1c4a43a;0x724fc1f60b67;0x0;0x724fc09c4980;0x8b485355fc894900;|, 31.521906, 100.00, 74.351000
2025-11-25T20:16:14.672850Z, , 33.322817, 0.00, 74.351000
2025-11-25T20:16:14.677976Z, , 30.800321, 0.00, 74.351000
2025-11-25T20:16:14.683125Z, , 63.148630, 0.00, 74.351000
2025-11-25T20:16:14.688475Z, 0xfffffffffffffe00;0x724fcfc21134;0x724fcfcc8c0a;0x724fcfe156ae;0x724fcfe1d73d;0x724fd09af84a;0x724fcfbce12c;0x724fcfbce91a;0x724fcfbceed4;0x724fcfd80de1;cuMemcpyHtoDAsync_v2;0x724fc1c481a9;0x724fc1c17058;0x724fc1c768a1;0x724f610a9646;0x724f9d02f8a3;0x724f9d031187;|, 36.735845, 0.00, 74.351000
2025-11-25T20:16:14.693625Z, , 40.236438, 0.00, 74.351000
2025-11-25T20:16:14.698783Z, , 35.400585, 0.00, 74.351000
2025-11-25T20:16:14.704166Z, 0xfffffffffffffe00;0x724fcfc21134;0x724fcfcc8c0a;0x724fcfe156ae;0x724fcfe1d73d;0x724fd09af84a;0x724fcfbce12c;0x724fcfbce91a;0x724fcfbceed4;0x724fcfd80de1;cuMemcpyHtoDAsync_v2;0x724fc1c481a9;0x724fc1c17058;0x724fc1c768a1;0x724f610a9646;0x724f9d02f8a3;0x724f9d031187;|, 29.546079, 0.00, 74.351000
2025-11-25T20:16:14.709327Z, , 32.522584, 0.00, 74.351000
2025-11-25T20:16:14.714741Z, 0xfffffffffffffe00;0x724fcfc21134;0x724fcfcc8c0a;0x724fcfe156ae;0x724fcfe1d73d;0x724fd09af84a;0x724fcfbce12c;0x724fcfbce91a;0x724fcfbceed4;0x724fcfd80de1;cuMemcpyHtoDAsync_v2;0x724fc1c481a9;0x724fc1c17058;0x724fc1c768a1;0x724f610a9646;0x724f9d02f8a3;0x724f9d031187;|, 28.635720, 0.00, 74.351000
2025-11-25T20:16:14.719921Z, , 34.454872, 0.00, 74.351000
2025-11-25T20:16:14.725072Z, , 25.573003, 0.00, 74.351000
2025-11-25T20:16:14.730476Z, 0xfffffffffffffe00;0x724fcfc2114c;0x724fcfcc8c0a;0x724fcfe156ae;0x724fcfe1d73d;0x724fd09af84a;0x724fcfbce12c;0x724fcfbce91a;0x724fcfbceed4;0x724fcfd80de1;cuMemcpyHtoDAsync_v2;0x724fc1c481a9;0x724fc1c17058;0x724fc1c768a1;0x724f610a9646;0x724f9d02f8a3;0x724f9d031187;|, 33.133792, 0.00, 74.351000
2025-11-25T20:16:14.735624Z, , 26.406531, 0.00, 74.351000
2025-11-25T20:16:14.740941Z, 0xfffffffffffffe00;0x724fcfc21134;0x724fcfcc8c0a;0x724fcfe156ae;0x724fcfe1d73d;0x724fd09af84a;0x724fcfbce12c;0x724fcfbce91a;0x724fcfbceed4;0x724fcfd80de1;cuMemcpyHtoDAsync_v2;0x724fc1c481a9;0x724fc1c17058;0x724fc1c768a1;0x724f610a9646;0x724f9d02f8a3;0x724f9d031187;|, 35.989575, 0.00, 74.351000
2025-11-25T20:16:14.746090Z, , 16.096159, 0.00, 74.351000
2025-11-25T20:16:14.751246Z, , 38.414292, 0.00, 74.351000
2025-11-25T20:16:14.756556Z, 0xfffffffffffffe00;0x724fcfe61c76;0x724fcfc1f183;0x724fcfc5de3b;0x724fd099d137;0x724fd099d585;0x724fcfc2b9f4;0x724fcfc51ce2;0x724fcfc5d5d5;0x724fcfbaa4f9;0x724fcfd39f77;cuCtxSynchronize;0x724fc1c0fb8b;0x724fc1c4a43a;0x724fc1f60b67;0x0;0x724fc09c4980;0x8b485355fc894900;|, 28.943069, 100.00, 74.351000
2025-11-25T20:16:14.761713Z, , 29.559370, 0.00, 74.351000
2025-11-25T20:16:14.767039Z, 0xfffffffffffffe00;0x724fcfc1f186;0x724fcfc5de3b;0x724fd099d137;0x724fd099d585;0x724fcfc2b9f4;0x724fcfc51ce2;0x724fcfc5d5d5;0x724fcfbaa4f9;0x724fcfd39f77;cuCtxSynchronize;0x724fc1c0fb8b;0x724fc1c4a43a;0x724fc1f60b67;0x0;0x724fc09c4980;0x8b485355fc894900;|, 29.800924, 100.00, 74.351000
2025-11-25T20:16:14.772138Z, , 19.821205, 0.00, 74.351000
2025-11-25T20:16:14.777266Z, , 39.677607, 0.00, 74.351000
2025-11-25T20:16:14.782433Z, , 49.897253, 0.00, 74.351000
2025-11-25T20:16:14.787864Z, 0xfffffffffffffe00;0x724fcfc1f186;0x724fcfc5de3b;0x724fd099d137;0x724fd099d585;0x724fcfc2b9f4;0x724fcfc51ce2;0x724fcfc5d5d5;0x724fcfbaa4f9;0x724fcfd39f77;cuCtxSynchronize;0x724fc1c0fb8b;0x724fc1c4a43a;0x724fc1f60b67;0x0;0x724fc09c4980;0x8b485355fc894900;|, 31.943771, 0.00, 74.351000
2025-11-25T20:16:14.793070Z, , 31.143661, 100.00, 74.351000
2025-11-25T20:16:14.798386Z, 0xfffffffffffffe00;0x724fcfc1f19c;0x724fcfc5de3b;0x724fd099d137;0x724fd099d585;0x724fcfc2b9f4;0x724fcfc51ce2;0x724fcfc5d5d5;0x724fcfbaa4f9;0x724fcfd39f77;cuCtxSynchronize;0x724fc1c0fb8b;0x724fc1c4a43a;0x724fc1f60b67;0x0;0x724fc09c4980;0x8b485355fc894900;|, 15.914966, 0.00, 74.516000
2025-11-25T20:16:14.803555Z, , 42.099117, 0.00, 74.516000
2025-11-25T20:16:14.808674Z, , 18.944034, 0.00, 74.516000
2025-11-25T20:16:14.813826Z, , 55.124157, 0.00, 74.516000
2025-11-25T20:16:14.819120Z, 0xfffffffffffffe00;0x724fcfc1f172;0x724fcfc5de3b;0x724fd099d137;0x724fd099d585;0x724fcfc2b9f4;0x724fcfc51ce2;0x724fcfc5d5d5;0x724fcfbaa4f9;0x724fcfd39f77;cuCtxSynchronize;0x724fc1c0fb8b;0x724fc1c4a43a;0x724fc1f60b67;0x0;0x724fc09c4980;0x8b485355fc894900;|, 23.415204, 0.00, 74.516000
2025-11-25T20:16:14.824314Z, , 54.117002, 100.00, 74.516000
2025-11-25T20:16:14.829574Z, 0xfffffffffffffe00;0x724fcfc5ddf3;0x724fd099d137;0x724fd099d585;0x724fcfc2b9f4;0x724fcfc51ce2;0x724fcfc5d5d5;0x724fcfbaa4f9;0x724fcfd39f77;cuCtxSynchronize;0x724fc1c0fb8b;0x724fc1c4a43a;0x724fc1f60b67;0x0;0x724fc09c4980;0x8b485355fc894900;|, 30.359494, 100.00, 74.516000
2025-11-25T20:16:14.834909Z, 0xfffffffffffffe00;0x724fcfc21134;0x724fcfcc8c0a;0x724fcfe156ae;0x724fcfe1d73d;0x724fd09af84a;0x724fcfbce12c;0x724fcfbce91a;0x724fcfbceed4;0x724fcfd80de1;cuMemcpyHtoDAsync_v2;0x724fc1c481a9;0x724fc1c17058;0x724fc1c768a1;0x724f610a9646;0x724f9d02f8a3;0x724f9d031187;|, 49.678382, 200.00, 74.516000
2025-11-25T20:16:14.840171Z, , 43.282025, 0.00, 74.516000
2025-11-25T20:16:14.845434Z, , 59.430019, 0.00, 74.516000
2025-11-25T20:16:14.850593Z, , 36.275915, 0.00, 74.516000
2025-11-25T20:16:14.855925Z, 0xfffffffffffffe00;0x724fcfc21134;0x724fcfcc8c0a;0x724fcfe156ae;0x724fcfe1d73d;0x724fd09af84a;0x724fcfbce12c;0x724fcfbce91a;0x724fcfbceed4;0x724fcfd80de1;cuMemcpyHtoDAsync_v2;0x724fc1c481a9;0x724fc1c17058;0x724fc1c768a1;0x724f610a9646;0x724f9d02f8a3;0x724f9d031187;|, 27.783164, 0.00, 74.516000
2025-11-25T20:16:14.861146Z, , 64.967066, 0.00, 74.516000
2025-11-25T20:16:14.866409Z, , 46.511358, 100.00, 74.516000
2025-11-25T20:16:14.871566Z, , 33.948079, 0.00, 74.516000
2025-11-25T20:16:14.877055Z, 0xfffffffffffffe00;0x724fcfe61b7b;0x724fcfc1f183;0x724fcfc5de3b;0x724fd099d137;0x724fd099d585;0x724fcfc2b9f4;0x724fcfc51ce2;0x724fcfc5d5d5;0x724fcfbaa4f9;0x724fcfd39f77;cuCtxSynchronize;0x724fc1c0fb8b;0x724fc1c4a43a;0x724fc1f60b67;0x0;0x724fc09c4980;0x8b485355fc894900;|0xfffffffffffffe00;0x724fcfc21134;0x724fcfcc8c0a;0x724fcfe156ae;0x724fcfe1d73d;0x724fd09af84a;0x724fcfbce12c;0x724fcfbce91a;0x724fcfbceed4;0x724fcfd80de1;cuMemcpyHtoDAsync_v2;0x724fc1c481a9;0x724fc1c17058;0x724fc1c768a1;0x724f610a9646;0x724f9d02f8a3;0x724f9d031187;|, 52.141917, 0.00, 74.516000
2025-11-25T20:16:14.882165Z, , 54.438543, 0.00, 74.516000
2025-11-25T20:16:14.887295Z, , 47.399832, 0.00, 74.516000
2025-11-25T20:16:14.892577Z, 0xfffffffffffffe00;0x724fcfc21154;0x724fcfcc8c0a;0x724fcfe156ae;0x724fcfe1d73d;0x724fd09af84a;0x724fcfbce12c;0x724fcfbce91a;0x724fcfbceed4;0x724fcfd80de1;cuMemcpyHtoDAsync_v2;0x724fc1c481a9;0x724fc1c17058;0x724fc1c768a1;0x724f610a9646;0x724f9d02f8a3;0x724f9d031187;|, 41.755188, 0.00, 74.516000
2025-11-25T20:16:14.897685Z, , 36.368550, 0.00, 74.516000
2025-11-25T20:16:14.902944Z, 0xfffffffffffffe00;0x724fcfc21158;0x724fcfcc8c0a;0x724fcfe156ae;0x724fcfe1d73d;0x724fd09af84a;0x724fcfbce12c;0x724fcfbce91a;0x724fcfbceed4;0x724fcfd80de1;cuMemcpyHtoDAsync_v2;0x724fc1c481a9;0x724fc1c17058;0x724fc1c768a1;0x724f610a9646;0x724f9d02f8a3;0x724f9d031187;|, 37.225283, 0.00, 74.516000
2025-11-25T20:16:14.908065Z, , 31.208695, 0.00, 74.516000
2025-11-25T20:16:14.913220Z, , 26.398903, 0.00, 74.516000
2025-11-25T20:16:14.918326Z, , 33.638868, 0.00, 74.516000
2025-11-25T20:16:14.923567Z, 0xfffffffffffffe00;0x724fcfc21134;0x724fcfcc8c0a;0x724fcfe156ae;0x724fcfe1d73d;0x724fd09af84a;0x724fcfbce12c;0x724fcfbce91a;0x724fcfbceed4;0x724fcfd80de1;cuMemcpyHtoDAsync_v2;0x724fc1c481a9;0x724fc1c17058;0x724fc1c768a1;0x724f610a9646;0x724f9d02f8a3;0x724f9d031187;|, 20.998551, 0.00, 74.516000
2025-11-25T20:16:14.928671Z, , 51.278490, 0.00, 74.516000
2025-11-25T20:16:14.933934Z, 0xfffffffffffffe00;0x724fcfc21134;0x724fcfcc8c0a;0x724fcfe156ae;0x724fcfe1d73d;0x724fd09af84a;0x724fcfbce12c;0x724fcfbce91a;0x724fcfbceed4;0x724fcfd80de1;cuMemcpyHtoDAsync_v2;0x724fc1c481a9;0x724fc1c17058;0x724fc1c768a1;0x724f610a9646;0x724f9d02f8a3;0x724f9d031187;|, 37.622143, 0.00, 74.516000
2025-11-25T20:16:14.939039Z, , 23.968255, 0.00, 74.516000
2025-11-25T20:16:14.944154Z, , 38.159854, 0.00, 74.516000
2025-11-25T20:16:14.949214Z, , 28.992684, 0.00, 74.516000
2025-11-25T20:16:14.954502Z, 0xfffffffffffffe00;0x724fcfe61b74;0x724fcfc1f183;0x724fcfc5de3b;0x724fd099d137;0x724fd099d585;0x724fcfc2b9f4;0x724fcfc51ce2;0x724fcfc5d5d5;0x724fcfbaa4f9;0x724fcfd39f77;cuCtxSynchronize;0x724fc1c0fb8b;0x724fc1c4a43a;0x724fc1f60b67;0x0;0x724fc09c4980;0x8b485355fc894900;|, 59.026707, 0.00, 74.516000
2025-11-25T20:16:14.959625Z, , 36.607277, 0.00, 74.516000
2025-11-25T20:16:14.964762Z, , 34.596562, 0.00, 74.516000
2025-11-25T20:16:14.970039Z, 0xfffffffffffffe00;0x724fcfe61b40;0x724fcfc5de3b;0x724fd099d137;0x724fd099d585;0x724fcfc2b9f4;0x724fcfc51ce2;0x724fcfc5d5d5;0x724fcfbaa4f9;0x724fcfd39f77;cuCtxSynchronize;0x724fc1c0fb8b;0x724fc1c4a43a;0x724fc1f60b67;0x0;0x724fc09c4980;0x8b485355fc894900;|, 42.879076, 0.00, 74.516000
2025-11-25T20:16:14.975213Z, , 22.833905, 0.00, 74.516000
2025-11-25T20:16:14.980328Z, , 42.126329, 0.00, 74.516000
2025-11-25T20:16:14.985520Z, 0xfffffffffffffe00;0x724fcfc2b9e9;0x724fcfc51ce2;0x724fcfc5d5d5;0x724fcfbaa4f9;0x724fcfd39f77;cuCtxSynchronize;0x724fc1c0fb8b;0x724fc1c4a43a;0x724fc1f60b67;0x0;0x724fc09c4980;0x8b485355fc894900;|, 60.099165, 0.00, 74.516000
2025-11-25T20:16:14.990796Z, 0xfffffffffffffe00;0x724fcfc21134;0x724fcfcc8c0a;0x724fcfe156ae;0x724fcfe1d73d;0x724fd09af84a;0x724fcfbce12c;0x724fcfbce91a;0x724fcfbceed4;0x724fcfd80de1;cuMemcpyHtoDAsync_v2;0x724fc1c481a9;0x724fc1c17058;0x724fc1c768a1;0x724f610a9646;0x724f9d02f8a3;0x724f9d031187;|, 44.883461, 0.00, 74.516000
2025-11-25T20:16:14.995925Z, , 31.597317, 100.00, 74.516000
2025-11-25T20:16:15.001040Z, , 44.827081, 0.00, 74.516000
2025-11-25T20:16:15.006202Z, , 48.839659, 100.00, 74.516000
2025-11-25T20:16:15.011485Z, 0xfffffffffffffe00;0x724fcfc21134;0x724fcfcc8c0a;0x724fcfe156ae;0x724fcfe1d73d;0x724fd09af84a;0x724fcfbce12c;0x724fcfbce91a;0x724fcfbceed4;0x724fcfd80de1;cuMemcpyHtoDAsync_v2;0x724fc1c481a9;0x724fc1c17058;0x724fc1c768a1;0x724f610a9646;0x724f9d02f8a3;0x724f9d031187;|, 47.751351, 0.00, 74.516000
2025-11-25T20:16:15.016725Z, 0xfffffffffffffe00;0x724fcfc21134;0x724fcfcc8c0a;0x724fcfe156ae;0x724fcfe1d73d;0x724fd09af84a;0x724fcfbce12c;0x724fcfbce91a;0x724fcfbceed4;0x724fcfd80de1;cuMemcpyHtoDAsync_v2;0x724fc1c481a9;0x724fc1c17058;0x724fc1c768a1;0x724f610a9646;0x724f9d02f8a3;0x724f9d031187;|, 38.056813, 100.00, 74.516000
2025-11-25T20:16:15.021825Z, , 53.145547, 0.00, 74.516000
2025-11-25T20:16:15.026942Z, , 53.278725, 0.00, 74.516000
2025-11-25T20:16:15.032086Z, , 40.107630, 0.00, 74.516000
2025-11-25T20:16:15.037419Z, 0xfffffffffffffe00;0x724fcfc21134;0x724fcfcc8c0a;0x724fcfe156ae;0x724fcfe1d73d;0x724fd09af84a;0x724fcfbce12c;0x724fcfbce91a;0x724fcfbceed4;0x724fcfd80de1;cuMemcpyHtoDAsync_v2;0x724fc1c481a9;0x724fc1c17058;0x724fc1c768a1;0x724f610a9646;0x724f9d02f8a3;0x724f9d031187;|, 33.500949, 0.00, 74.516000
2025-11-25T20:16:15.042540Z, , 31.662550, 0.00, 74.516000
2025-11-25T20:16:15.047832Z, 0xfffffffffffffe00;0x724fcfc21134;0x724fcfcc8c0a;0x724fcfe156ae;0x724fcfe1d73d;0x724fd09af84a;0x724fcfbce12c;0x724fcfbce91a;0x724fcfbceed4;0x724fcfd80de1;cuMemcpyHtoDAsync_v2;0x724fc1c481a9;0x724fc1c17058;0x724fc1c768a1;0x724f610a9646;0x724f9d02f8a3;0x724f9d031187;|, 36.104144, 0.00, 74.516000
2025-11-25T20:16:15.052974Z, , 29.221467, 0.00, 74.516000
2025-11-25T20:16:15.058270Z, 0xfffffffffffffe00;0x724fcfc21134;0x724fcfcc8c0a;0x724fcfe156ae;0x724fcfe1d73d;0x724fd09af84a;0x724fcfbce12c;0x724fcfbce91a;0x724fcfbceed4;0x724fcfd80de1;cuMemcpyHtoDAsync_v2;0x724fc1c481a9;0x724fc1c17058;0x724fc1c768a1;0x724f610a9646;0x724f9d02f8a3;0x724f9d031187;|, 23.902237, 0.00, 74.516000
2025-11-25T20:16:15.063380Z, , 32.112470, 100.00, 74.516000
2025-11-25T20:16:15.068476Z, , 20.345238, 100.00, 74.516000
2025-11-25T20:16:15.073739Z, 0xfffffffffffffe00;0x724fcfc21130;0x724fcfcc8c0a;0x724fcfe156ae;0x724fcfe1d73d;0x724fd09af84a;0x724fcfbce12c;0x724fcfbce91a;0x724fcfbceed4;0x724fcfd80de1;cuMemcpyHtoDAsync_v2;0x724fc1c481a9;0x724fc1c17058;0x724fc1c768a1;0x724f610a9646;0x724f9d02f8a3;0x724f9d031187;|, 33.761589, 0.00, 74.516000
2025-11-25T20:16:15.078998Z, 0xfffffffffffffe00;0x724fcfc21134;0x724fcfcc8c0a;0x724fcfe156ae;0x724fcfe1d73d;0x724fd09af84a;0x724fcfbce12c;0x724fcfbce91a;0x724fcfbceed4;0x724fcfd80de1;cuMemcpyHtoDAsync_v2;0x724fc1c481a9;0x724fc1c17058;0x724fc1c768a1;0x724f610a9646;0x724f9d02f8a3;0x724f9d031187;|, 34.811327, 100.00, 74.516000
2025-11-25T20:16:15.084161Z, , 26.545547, 0.00, 74.516000
2025-11-25T20:16:15.089260Z, , 23.303691, 100.00, 74.516000
2025-11-25T20:16:15.094383Z, , 41.561231, 0.00, 74.516000
2025-11-25T20:16:15.099536Z, , 27.440352, 0.00, 74.516000
2025-11-25T20:16:15.104639Z, , 41.710546, 0.00, 74.516000
2025-11-25T20:16:15.110000Z, 0xfffffffffffffe00;0x724fcfe61b53;0x724fcfc1f183;0x724fcfc5de3b;0x724fd099d137;0x724fd099d585;0x724fcfc2b9f4;0x724fcfc51ce2;0x724fcfc5d5d5;0x724fcfbaa4f9;0x724fcfd39f77;cuCtxSynchronize;0x724fc1c0fb8b;0x724fc1c4a43a;0x724fc1f60b67;0x0;0x724fc09c4980;0x8b485355fc894900;|, 36.726002, 0.00, 74.516000
2025-11-25T20:16:15.115257Z, , 27.295158, 0.00, 74.516000
2025-11-25T20:16:15.120597Z, 0xfffffffffffffe00;0x724fcfe61b40;0x724fcfc5de3b;0x724fd099d137;0x724fd099d585;0x724fcfc2b9f4;0x724fcfc51ce2;0x724fcfc5d5d5;0x724fcfbaa4f9;0x724fcfd39f77;cuCtxSynchronize;0x724fc1c0fb8b;0x724fc1c4a43a;0x724fc1f60b67;0x0;0x724fc09c4980;0x8b485355fc894900;|, 28.467578, 0.00, 74.516000
2025-11-25T20:16:15.125834Z, 0xfffffffffffffe00;0x724fd099d24f;0x724fcfc2b9f4;0x724fcfc51ce2;0x724fcfc5d5d5;0x724fcfbaa4f9;0x724fcfd39f77;cuCtxSynchronize;0x724fc1c0fb8b;0x724fc1c4a43a;0x724fc1f60b67;0x0;0x724fc09c4980;0x8b485355fc894900;|, 49.254379, 100.00, 74.516000
2025-11-25T20:16:15.131068Z, , 32.046382, 100.00, 74.516000
2025-11-25T20:16:15.136185Z, , 63.425964, 100.00, 74.516000
2025-11-25T20:16:15.141343Z, , 38.535542, 0.00, 74.516000
2025-11-25T20:16:15.146620Z, 0xfffffffffffffe00;0x724fcfc21134;0x724fcfcc8c0a;0x724fcfe156ae;0x724fcfe1d73d;0x724fd09af84a;0x724fcfbce12c;0x724fcfbce91a;0x724fcfbceed4;0x724fcfd80de1;cuMemcpyHtoDAsync_v2;0x724fc1c481a9;0x724fc1c17058;0x724fc1c768a1;0x724f610a9646;0x724f9d02f8a3;0x724f9d031187;|, 50.578162, 0.00, 74.516000
2025-11-25T20:16:15.151733Z, , 32.398971, 0.00, 74.516000
2025-11-25T20:16:15.156847Z, , 37.833049, 0.00, 74.516000
2025-11-25T20:16:15.162181Z, 0xfffffffffffffe00;0x724fcfe61b74;0x724fcfc1f183;0x724fcfc5de3b;0x724fd099d137;0x724fd099d585;0x724fcfc2b9f4;0x724fcfc51ce2;0x724fcfc5d5d5;0x724fcfbaa4f9;0x724fcfd39f77;cuCtxSynchronize;0x724fc1c0fb8b;0x724fc1c4a43a;0x724fc1f60b67;0x0;0x724fc09c4980;0x8b485355fc894900;|, 39.868109, 0.00, 74.516000
2025-11-25T20:16:15.167469Z, 0xfffffffffffffe00;0x724fcfe61c60;0x724fcfc1f183;0x724fcfc5de3b;0x724fd099d137;0x724fd099d585;0x724fcfc2b9f4;0x724fcfc51ce2;0x724fcfc5d5d5;0x724fcfbaa4f9;0x724fcfd39f77;cuCtxSynchronize;0x724fc1c0fb8b;0x724fc1c4a43a;0x724fc1f60b67;0x0;0x724fc09c4980;0x8b485355fc894900;|, 27.281695, 0.00, 74.516000
2025-11-25T20:16:15.172581Z, , 42.507800, 0.00, 74.516000
2025-11-25T20:16:15.177686Z, , 38.597547, 100.00, 74.516000
2025-11-25T20:16:15.182831Z, , 31.049446, 0.00, 74.516000
2025-11-25T20:16:15.187958Z, , 59.146327, 0.00, 74.516000
2025-11-25T20:16:15.193256Z, 0xfffffffffffffe00;0x724fcfe61b7b;0x724fcfc1f183;0x724fcfc5de3b;0x724fd099d137;0x724fd099d585;0x724fcfc2b9f4;0x724fcfc51ce2;0x724fcfc5d5d5;0x724fcfbaa4f9;0x724fcfd39f77;cuCtxSynchronize;0x724fc1c0fb8b;0x724fc1c4a43a;0x724fc1f60b67;0x0;0x724fc09c4980;0x8b485355fc894900;|, 40.649455, 100.00, 74.516000
2025-11-25T20:16:15.198385Z, , 28.006765, 0.00, 74.516000
2025-11-25T20:16:15.203626Z, 0xfffffffffffffe00;0x724fcfc21134;0x724fcfcc8c0a;0x724fcfe156ae;0x724fcfe1d73d;0x724fd09af84a;0x724fcfbce12c;0x724fcfbce91a;0x724fcfbceed4;0x724fcfd80de1;cuMemcpyHtoDAsync_v2;0x724fc1c481a9;0x724fc1c17058;0x724fc1c768a1;0x724f610a9646;0x724f9d02f8a3;0x724f9d031187;|, 31.978720, 100.00, 74.516000
2025-11-25T20:16:15.208872Z, 0xfffffffffffffe00;0x724fcfe61b53;0x724fcfc1f183;0x724fcfc5de3b;0x724fd099d137;0x724fd099d585;0x724fcfc2b9f4;0x724fcfc51ce2;0x724fcfc5d5d5;0x724fcfbaa4f9;0x724fcfd39f77;cuCtxSynchronize;0x724fc1c0fb8b;0x724fc1c4a43a;0x724fc1f60b67;0x0;0x724fc09c4980;0x8b485355fc894900;|, 20.917483, 0.00, 74.516000
2025-11-25T20:16:15.213967Z, , 58.276856, 0.00, 74.516000
2025-11-25T20:16:15.219070Z, , 44.980420, 0.00, 74.516000
2025-11-25T20:16:15.224188Z, , 50.353690, 200.00, 74.516000
2025-11-25T20:16:15.229435Z, 0xfffffffffffffe00;0x724fcfc21134;0x724fcfcc8c0a;0x724fcfe156ae;0x724fcfe1d73d;0x724fd09af84a;0x724fcfbce12c;0x724fcfbce91a;0x724fcfbceed4;0x724fcfd80de1;cuMemcpyHtoDAsync_v2;0x724fc1c481a9;0x724fc1c17058;0x724fc1c768a1;0x724f610a9646;0x724f9d02f8a3;0x724f9d031187;|, 33.963930, 200.00, 74.516000
2025-11-25T20:16:15.234562Z, , 40.110264, 0.00, 74.516000
2025-11-25T20:16:15.239672Z, , 30.873590, 100.00, 74.516000
2025-11-25T20:16:15.244770Z, , 16.714135, 0.00, 74.516000
2025-11-25T20:16:15.250064Z, 0xfffffffffffffe00;0x724fcfc21134;0x724fcfcc8c0a;0x724fcfe156ae;0x724fcfe1d73d;0x724fd09af84a;0x724fcfbce12c;0x724fcfbce91a;0x724fcfbceed4;0x724fcfd80de1;cuMemcpyHtoDAsync_v2;0x724fc1c481a9;0x724fc1c17058;0x724fc1c768a1;0x724f610a9646;0x724f9d02f8a3;0x724f9d031187;|, 71.047621, 0.00, 74.516000
2025-11-25T20:16:15.255168Z, , 32.259557, 0.00, 74.516000
2025-11-25T20:16:15.260319Z, , 50.969710, 0.00, 74.516000
2025-11-25T20:16:15.265548Z, 0xfffffffffffffe00;0x724fcfc21134;0x724fcfcc8c0a;0x724fcfe156ae;0x724fcfe1d73d;0x724fd09af84a;0x724fcfbce12c;0x724fcfbce91a;0x724fcfbceed4;0x724fcfd80de1;cuMemcpyHtoDAsync_v2;0x724fc1c481a9;0x724fc1c17058;0x724fc1c768a1;0x724f610a9646;0x724f9d02f8a3;0x724f9d031187;|, 45.447233, 0.00, 74.516000
2025-11-25T20:16:15.270665Z, , 64.884778, 0.00, 74.516000
2025-11-25T20:16:15.275780Z, , 43.437118, 0.00, 74.516000
2025-11-25T20:16:15.281024Z, 0xfffffffffffffe00;0x724fcfc2114c;0x724fcfcc8c0a;0x724fcfe156ae;0x724fcfe1d73d;0x724fd09af84a;0x724fcfbce12c;0x724fcfbce91a;0x724fcfbceed4;0x724fcfd80de1;cuMemcpyHtoDAsync_v2;0x724fc1c481a9;0x724fc1c17058;0x724fc1c768a1;0x724f610a9646;0x724f9d02f8a3;0x724f9d031187;|, 34.609633, 0.00, 74.516000
2025-11-25T20:16:15.286178Z, , 33.444218, 0.00, 74.516000
2025-11-25T20:16:15.291454Z, 0xfffffffffffffe00;0x724fcfc21148;0x724fcfcc8c0a;0x724fcfe156ae;0x724fcfe1d73d;0x724fd09af84a;0x724fcfbce12c;0x724fcfbce91a;0x724fcfbceed4;0x724fcfd80de1;cuMemcpyHtoDAsync_v2;0x724fc1c481a9;0x724fc1c17058;0x724fc1c768a1;0x724f610a9646;0x724f9d02f8a3;0x724f9d031187;|, 36.447521, 0.00, 74.516000
2025-11-25T20:16:15.296554Z, , 16.868121, 0.00, 74.516000
2025-11-25T20:16:15.301679Z, , 43.297222, 0.00, 74.639000
2025-11-25T20:16:15.306778Z, , 28.985459, 0.00, 74.639000
2025-11-25T20:16:15.311879Z, , 27.880967, 0.00, 74.639000
2025-11-25T20:16:15.317291Z, 0xfffffffffffffe00;0x724fcfe61b74;0x724fcfc1f183;0x724fcfc5de3b;0x724fd099d137;0x724fd099d585;0x724fcfc2b9f4;0x724fcfc51ce2;0x724fcfc5d5d5;0x724fcfbaa4f9;0x724fcfd39f77;cuCtxSynchronize;0x724fc1c0fb8b;0x724fc1c4a43a;0x724fc1f60b67;0x0;0x724fc09c4980;0x8b485355fc894900;|0xfffffffffffffe00;0x724fcfe61b53;0x724fcfc1f183;0x724fcfc5de3b;0x724fd099d137;0x724fd099d585;0x724fcfc2b9f4;0x724fcfc51ce2;0x724fcfc5d5d5;0x724fcfbaa4f9;0x724fcfd39f77;cuCtxSynchronize;0x724fc1c0fb8b;0x724fc1c4a43a;0x724fc1f60b67;0x0;0x724fc09c4980;0x8b485355fc894900;|, 47.289780, 0.00, 74.639000
2025-11-25T20:16:15.322425Z, , 26.326360, 100.00, 74.639000
2025-11-25T20:16:15.327529Z, , 21.959767, 0.00, 74.639000
2025-11-25T20:16:15.332683Z, , 41.898504, 0.00, 74.639000
2025-11-25T20:16:15.337782Z, , 38.919960, 0.00, 74.639000
2025-11-25T20:16:15.343013Z, 0xfffffffffffffe00;0x724fcfc21134;0x724fcfcc8c0a;0x724fcfe156ae;0x724fcfe1d73d;0x724fd09af84a;0x724fcfbce12c;0x724fcfbce91a;0x724fcfbceed4;0x724fcfd80de1;cuMemcpyHtoDAsync_v2;0x724fc1c481a9;0x724fc1c17058;0x724fc1c768a1;0x724f610a9646;0x724f9d02f8a3;0x724f9d031187;|, 42.356524, 0.00, 74.639000
2025-11-25T20:16:15.348311Z, 0xfffffffffffffe00;0x724fcfe61b7b;0x724fcfc1f183;0x724fcfc5de3b;0x724fd099d137;0x724fd099d585;0x724fcfc2b9f4;0x724fcfc51ce2;0x724fcfc5d5d5;0x724fcfbaa4f9;0x724fcfd39f77;cuCtxSynchronize;0x724fc1c0fb8b;0x724fc1c4a43a;0x724fc1f60b67;0x0;0x724fc09c4980;0x8b485355fc894900;|, 61.991591, 0.00, 74.639000
2025-11-25T20:16:15.353451Z, , 29.931461, 0.00, 74.639000
2025-11-25T20:16:15.358555Z, , 50.317498, 100.00, 74.639000
2025-11-25T20:16:15.363823Z, 0xfffffffffffffe00;0x724fcfc21134;0x724fcfcc8c0a;0x724fcfe156ae;0x724fcfe1d73d;0x724fd09af84a;0x724fcfbce12c;0x724fcfbce91a;0x724fcfbceed4;0x724fcfd80de1;cuMemcpyHtoDAsync_v2;0x724fc1c481a9;0x724fc1c17058;0x724fc1c768a1;0x724f610a9646;0x724f9d02f8a3;0x724f9d031187;|, 27.722051, 0.00, 74.639000
2025-11-25T20:16:15.368927Z, , 36.153017, 100.00, 74.639000
2025-11-25T20:16:15.374024Z, , 17.320586, 0.00, 74.639000
2025-11-25T20:16:15.379120Z, , 52.299624, 0.00, 74.639000
2025-11-25T20:16:15.384243Z, , 60.822331, 0.00, 74.639000
2025-11-25T20:16:15.389536Z, 0xfffffffffffffe00;0x724fcfe61b7b;0x724fcfc1f183;0x724fcfc5de3b;0x724fd099d137;0x724fd099d585;0x724fcfc2b9f4;0x724fcfc51ce2;0x724fcfc5d5d5;0x724fcfbaa4f9;0x724fcfd39f77;cuCtxSynchronize;0x724fc1c0fb8b;0x724fc1c4a43a;0x724fc1f60b67;0x0;0x724fc09c4980;0x8b485355fc894900;|, 32.565890, 0.00, 74.639000
2025-11-25T20:16:15.394764Z, 0xfffffffffffffe00;0x724fcfc21134;0x724fcfcc8c0a;0x724fcfe156ae;0x724fcfe1d73d;0x724fd09af84a;0x724fcfbce12c;0x724fcfbce91a;0x724fcfbceed4;0x724fcfd80de1;cuMemcpyHtoDAsync_v2;0x724fc1c481a9;0x724fc1c17058;0x724fc1c768a1;0x724f610a9646;0x724f9d02f8a3;0x724f9d031187;|, 46.915233, 0.00, 74.639000
2025-11-25T20:16:15.399882Z, , 37.579373, 0.00, 74.639000
2025-11-25T20:16:15.404994Z, , 59.604005, 0.00, 74.639000
2025-11-25T20:16:15.410133Z, , 46.819994, 0.00, 74.639000
2025-11-25T20:16:15.415392Z, 0xfffffffffffffe00;0x724fcfc21134;0x724fcfcc8c0a;0x724fcfe156ae;0x724fcfe1d73d;0x724fd09af84a;0x724fcfbce12c;0x724fcfbce91a;0x724fcfbceed4;0x724fcfd80de1;cuMemcpyHtoDAsync_v2;0x724fc1c481a9;0x724fc1c17058;0x724fc1c768a1;0x724f610a9646;0x724f9d02f8a3;0x724f9d031187;|, 40.433818, 100.00, 74.639000
2025-11-25T20:16:15.420618Z, 0xfffffffffffffe00;0x724fcfc2114c;0x724fcfcc8c0a;0x724fcfe156ae;0x724fcfe1d73d;0x724fd09af84a;0x724fcfbce12c;0x724fcfbce91a;0x724fcfbceed4;0x724fcfd80de1;cuMemcpyHtoDAsync_v2;0x724fc1c481a9;0x724fc1c17058;0x724fc1c768a1;0x724f610a9646;0x724f9d02f8a3;0x724f9d031187;|, 33.912922, 0.00, 74.639000
2025-11-25T20:16:15.425727Z, , 40.726710, 0.00, 74.639000
2025-11-25T20:16:15.430839Z, , 33.672371, 0.00, 74.639000
2025-11-25T20:16:15.435968Z, , 35.567102, 0.00, 74.639000
2025-11-25T20:16:15.441209Z, 0xfffffffffffffe00;0x724fcfc21134;0x724fcfcc8c0a;0x724fcfe156ae;0x724fcfe1d73d;0x724fd09af84a;0x724fcfbce12c;0x724fcfbce91a;0x724fcfbceed4;0x724fcfd80de1;cuMemcpyHtoDAsync_v2;0x724fc1c481a9;0x724fc1c17058;0x724fc1c768a1;0x724f610a9646;0x724f9d02f8a3;0x724f9d031187;|, 25.796810, 0.00, 74.639000
2025-11-25T20:16:15.446526Z, 0xfffffffffffffe00;0x724fcfe61b6f;0x724fcfc1f183;0x724fcfc5de3b;0x724fcfc5df03;0x724fd099d282;0x724fcfc2b77e;0x724fcfe1568d;0x724fcfe1d73d;0x724fd09af84a;0x724fcfbce12c;0x724fcfbce91a;0x724fcfbceed4;0x724fcfd80de1;cuMemcpyHtoDAsync_v2;0x724fc1c481a9;0x724fc1c17058;0x724fc1c768a1;0x724f610a9646;0x724f9d02f8a3;0x724f9d031187;|, 33.189677, 100.00, 74.639000
2025-11-25T20:16:15.451639Z, , 26.176277, 0.00, 74.639000
2025-11-25T20:16:15.456766Z, , 25.775437, 100.00, 74.639000
2025-11-25T20:16:15.462009Z, 0xfffffffffffffe00;0x724fcfc2114c;0x724fcfcc8c0a;0x724fcfe156ae;0x724fcfe1d73d;0x724fd09af84a;0x724fcfbce12c;0x724fcfbce91a;0x724fcfbceed4;0x724fcfd80de1;cuMemcpyHtoDAsync_v2;0x724fc1c481a9;0x724fc1c17058;0x724fc1c768a1;0x724f610a9646;0x724f9d02f8a3;0x724f9d031187;|, 30.379886, 0.00, 74.639000
2025-11-25T20:16:15.467103Z, , 31.972456, 0.00, 74.639000
2025-11-25T20:16:15.472248Z, , 28.849981, 100.00, 74.639000
2025-11-25T20:16:15.477474Z, 0xfffffffffffffe00;0x724fcfc2b9f6;0x724fcfc51ce2;0x724fcfc5d5d5;0x724fcfbaa4f9;0x724fcfd39f77;cuCtxSynchronize;0x724fc1c0fb8b;0x724fc1c4a43a;0x724fc1f60b67;0x0;0x724fc09c4980;0x8b485355fc894900;|, 28.542876, 0.00, 74.639000
2025-11-25T20:16:15.482668Z, 0xfffffffffffffe00;0x724fcfb664a0;0x724fcfc2bca5;0x724fcfc51ce2;0x724fcfc5d5d5;0x724fcfbaa4f9;0x724fcfd39f77;cuCtxSynchronize;0x724fc1c0fb8b;0x724fc1c4a43a;0x724fc1f60b67;0x0;0x724fc09c4980;0x8b485355fc894900;|, 15.199598, 0.00, 74.639000
2025-11-25T20:16:15.487778Z, , 48.046356, 100.00, 74.639000
2025-11-25T20:16:15.492900Z, , 41.325675, 0.00, 74.639000
2025-11-25T20:16:15.498165Z, 0xfffffffffffffe00;0x724fcfc21134;0x724fcfcc8c0a;0x724fcfe156ae;0x724fcfe1d73d;0x724fd09af84a;0x724fcfbce12c;0x724fcfbce91a;0x724fcfbceed4;0x724fcfd80de1;cuMemcpyHtoDAsync_v2;0x724fc1c481a9;0x724fc1c17058;0x724fc1c768a1;0x724f610a9646;0x724f9d02f8a3;0x724f9d031187;|, 31.687797, 100.00, 74.639000
2025-11-25T20:16:15.503277Z, , 28.797059, 0.00, 74.639000
2025-11-25T20:16:15.508420Z, , 35.243977, 0.00, 74.639000
2025-11-25T20:16:15.513549Z, , 33.204739, 100.00, 74.639000
2025-11-25T20:16:15.518825Z, 0xfffffffffffffe00;0x724fd5cf6c36;clock_gettime@@GLIBC_2.17;0x724fcfd1bc04;0x724fcfc2bccc;0x724fcfc51ce2;0x724fcfc5d5d5;0x724fcfbaa4f9;0x724fcfd39f77;cuCtxSynchronize;0x724fc1c0fb8b;0x724fc1c4a43a;0x724fc1f60b67;0x0;0x724fc09c4980;0x8b485355fc894900;|, 28.778000, 0.00, 74.639000
2025-11-25T20:16:15.524011Z, , 24.246923, 0.00, 74.639000
2025-11-25T20:16:15.529143Z, , 59.853014, 100.00, 74.639000
2025-11-25T20:16:15.534291Z, , 55.296414, 0.00, 74.639000
2025-11-25T20:16:15.539755Z, 0xfffffffffffffe00;0x724fd5cf6c36;clock_gettime@@GLIBC_2.17;0x724fcfd1bc04;0x724fcfc2bccc;0x724fcfc51ce2;0x724fcfc5d5d5;0x724fcfbaa4f9;0x724fcfd39f77;cuCtxSynchronize;0x724fc1c0fb8b;0x724fc1c4a43a;0x724fc1f60b67;0x0;0x724fc09c4980;0x8b485355fc894900;|, 45.330455, 100.00, 74.639000
2025-11-25T20:16:15.545009Z, , 53.789065, 100.00, 74.639000
2025-11-25T20:16:15.550467Z, 0xfffffffffffffe00;0x724fcfc1f186;0x724fcfc5de3b;0x724fd099d137;0x724fd099d585;0x724fcfc2b9f4;0x724fcfc51ce2;0x724fcfc5d5d5;0x724fcfbaa4f9;0x724fcfd39f77;cuCtxSynchronize;0x724fc1c0fb8b;0x724fc1c4a43a;0x724fc1f60b67;0x0;0x724fc09c4980;0x8b485355fc894900;|, 43.451784, 50.00, 74.639000
2025-11-25T20:16:15.555849Z, 0xfffffffffffffe00;0x724fcfc21134;0x724fcfcc8c0a;0x724fcfe156ae;0x724fcfe1d73d;0x724fd09af84a;0x724fcfbce12c;0x724fcfbce91a;0x724fcfbceed4;0x724fcfd80de1;cuMemcpyHtoDAsync_v2;0x724fc1c481a9;0x724fc1c17058;0x724fc1c768a1;0x724f610a9646;0x724f9d02f8a3;0x724f9d031187;|, 49.124886, 0.00, 74.639000
2025-11-25T20:16:15.561011Z, , 32.047347, 0.00, 74.639000
2025-11-25T20:16:15.566166Z, , 49.726527, 0.00, 74.639000
2025-11-25T20:16:15.571469Z, 0xfffffffffffffe00;0x724fcfe61b74;0x724fcfc1f183;0x724fcfc5de3b;0x724fd099d137;0x724fd099d585;0x724fcfc2b9f4;0x724fcfc51ce2;0x724fcfc5d5d5;0x724fcfbaa4f9;0x724fcfd39f77;cuCtxSynchronize;0x724fc1c0fb8b;0x724fc1c4a43a;0x724fc1f60b67;0x0;0x724fc09c4980;0x8b485355fc894900;|, 38.090148, 0.00, 74.639000
2025-11-25T20:16:15.576596Z, , 34.896390, 0.00, 74.639000
2025-11-25T20:16:15.581872Z, 0xfffffffffffffe00;0x724fcfc21134;0x724fcfcc8c0a;0x724fcfe156ae;0x724fcfe1d73d;0x724fd09af84a;0x724fcfbce12c;0x724fcfbce91a;0x724fcfbceed4;0x724fcfd80de1;cuMemcpyHtoDAsync_v2;0x724fc1c481a9;0x724fc1c17058;0x724fc1c768a1;0x724f610a9646;0x724f9d02f8a3;0x724f9d031187;|, 29.095455, 0.00, 74.639000
2025-11-25T20:16:15.587158Z, 0xfffffffffffffe00;0x724fcfe61b53;0x724fcfc1f183;0x724fcfc5de3b;0x724fd099d137;0x724fd099d585;0x724fcfc2b9f4;0x724fcfc51ce2;0x724fcfc5d5d5;0x724fcfbaa4f9;0x724fcfd39f77;cuCtxSynchronize;0x724fc1c0fb8b;0x724fc1c4a43a;0x724fc1f60b67;0x0;0x724fc09c4980;0x8b485355fc894900;|, 34.629362, 0.00, 74.639000
2025-11-25T20:16:15.592280Z, , 16.653280, 0.00, 74.639000
2025-11-25T20:16:15.597396Z, , 48.888698, 0.00, 74.639000
2025-11-25T20:16:15.602696Z, 0xfffffffffffffe00;0x724fcfc21134;0x724fcfcc8c0a;0x724fcfe156ae;0x724fcfe1d73d;0x724fd09af84a;0x724fcfbce12c;0x724fcfbce91a;0x724fcfbceed4;0x724fcfd80de1;cuMemcpyHtoDAsync_v2;0x724fc1c481a9;0x724fc1c17058;0x724fc1c768a1;0x724f610a9646;0x724f9d02f8a3;0x724f9d031187;|, 26.762399, 0.00, 74.639000
2025-11-25T20:16:15.607814Z, , 29.239514, 0.00, 74.639000
2025-11-25T20:16:15.613087Z, 0xfffffffffffffe00;0x724fcfc21134;0x724fcfcc8c0a;0x724fcfe156ae;0x724fcfe1d73d;0x724fd09af84a;0x724fcfbce12c;0x724fcfbce91a;0x724fcfbceed4;0x724fcfd80de1;cuMemcpyHtoDAsync_v2;0x724fc1c481a9;0x724fc1c17058;0x724fc1c768a1;0x724f610a9646;0x724f9d02f8a3;0x724f9d031187;|, 33.167129, 0.00, 74.639000
2025-11-25T20:16:15.618262Z, , 18.563353, 0.00, 74.639000
2025-11-25T20:16:15.623415Z, , 44.123375, 0.00, 74.639000
2025-11-25T20:16:15.628556Z, , 43.329277, 0.00, 74.639000
2025-11-25T20:16:15.633766Z, , 49.910960, 100.00, 74.639000
2025-11-25T20:16:15.639100Z, 0xfffffffffffffe00;0x724fcfc21134;0x724fcfcc8c0a;0x724fcfe156ae;0x724fcfe1d73d;0x724fd09af84a;0x724fcfbce12c;0x724fcfbce91a;0x724fcfbceed4;0x724fcfd80de1;cuMemcpyHtoDAsync_v2;0x724fc1c481a9;0x724fc1c17058;0x724fc1c768a1;0x724f610a9646;0x724f9d02f8a3;0x724f9d031187;|, 40.070410, 0.00, 74.639000
2025-11-25T20:16:15.644391Z, 0xfffffffffffffe00;0x724fcfc1f186;0x724fcfc5de3b;0x724fd099d137;0x724fd099d585;0x724fcfc2b9f4;0x724fcfc51ce2;0x724fcfc5d5d5;0x724fcfbaa4f9;0x724fcfd39f77;cuCtxSynchronize;0x724fc1c0fb8b;0x724fc1c4a43a;0x724fc1f60b67;0x0;0x724fc09c4980;0x8b485355fc894900;|, 38.798345, 50.00, 74.639000
2025-11-25T20:16:15.649498Z, , 50.558966, 0.00, 74.639000
2025-11-25T20:16:15.654597Z, , 23.667467, 0.00, 74.639000
2025-11-25T20:16:15.659734Z, , 66.716075, 0.00, 74.639000
2025-11-25T20:16:15.665002Z, 0xfffffffffffffe00;0x724fcfe61b74;0x724fcfc1f183;0x724fcfc5de3b;0x724fd099d137;0x724fd099d585;0x724fcfc2b9f4;0x724fcfc51ce2;0x724fcfc5d5d5;0x724fcfbaa4f9;0x724fcfd39f77;cuCtxSynchronize;0x724fc1c0fb8b;0x724fc1c4a43a;0x724fc1f60b67;0x0;0x724fc09c4980;0x8b485355fc894900;|, 51.530796, 0.00, 74.639000
2025-11-25T20:16:15.670171Z, , 42.982686, 0.00, 74.639000
2025-11-25T20:16:15.675448Z, 0xfffffffffffffe00;0x724fcfe61b7d;0x724fcfc1f183;0x724fcfc5de3b;0x724fd099d137;0x724fd099d585;0x724fcfc2b9f4;0x724fcfc51ce2;0x724fcfc5d5d5;0x724fcfbaa4f9;0x724fcfd39f77;cuCtxSynchronize;0x724fc1c0fb8b;0x724fc1c4a43a;0x724fc1f60b67;0x0;0x724fc09c4980;0x8b485355fc894900;|, 33.910376, 0.00, 74.639000
2025-11-25T20:16:15.680577Z, , 30.780972, 0.00, 74.639000
2025-11-25T20:16:15.685676Z, , 22.851159, 100.00, 74.639000
2025-11-25T20:16:15.690957Z, 0xfffffffffffffe00;0x724fcfc21154;0x724fcfcc8c0a;0x724fcfe156ae;0x724fcfe1d73d;0x724fd09af84a;0x724fcfbce12c;0x724fcfbce91a;0x724fcfbceed4;0x724fcfd80de1;cuMemcpyHtoDAsync_v2;0x724fc1c481a9;0x724fc1c17058;0x724fc1c768a1;0x724f610a9646;0x724f9d02f8a3;0x724f9d031187;|, 45.850127, 100.00, 74.639000
2025-11-25T20:16:15.696096Z, , 28.138909, 0.00, 74.639000
2025-11-25T20:16:15.701345Z, 0xfffffffffffffe00;0x724fcfc21148;0x724fcfcc8c0a;0x724fcfe156ae;0x724fcfe1d73d;0x724fd09af84a;0x724fcfbce12c;0x724fcfbce91a;0x724fcfbceed4;0x724fcfd80de1;cuMemcpyHtoDAsync_v2;0x724fc1c481a9;0x724fc1c17058;0x724fc1c768a1;0x724f610a9646;0x724f9d02f8a3;0x724f9d031187;|, 31.193306, 0.00, 74.639000
2025-11-25T20:16:15.706469Z, , 29.988698, 0.00, 74.639000
2025-11-25T20:16:15.711561Z, , 33.210769, 0.00, 74.639000
2025-11-25T20:16:15.716683Z, , 26.648003, 0.00, 74.639000
2025-11-25T20:16:15.721949Z, 0xfffffffffffffe00;0x724fcfc21134;0x724fcfcc8c0a;0x724fcfe156ae;0x724fcfe1d73d;0x724fd09af84a;0x724fcfbce12c;0x724fcfbce91a;0x724fcfbceed4;0x724fcfd80de1;cuMemcpyHtoDAsync_v2;0x724fc1c481a9;0x724fc1c17058;0x724fc1c768a1;0x724f610a9646;0x724f9d02f8a3;0x724f9d031187;|, 32.701242, 0.00, 74.639000
2025-11-25T20:16:15.727046Z, , 15.971102, 0.00, 74.639000
2025-11-25T20:16:15.732140Z, , 40.255346, 0.00, 74.639000
2025-11-25T20:16:15.737448Z, 0xfffffffffffffe00;0x724fcfc2113c;0x724fcfcc8c0a;0x724fcfe156ae;0x724fcfe1d73d;0x724fd09af84a;0x724fcfbce12c;0x724fcfbce91a;0x724fcfbceed4;0x724fcfd80de1;cuMemcpyHtoDAsync_v2;0x724fc1c481a9;0x724fc1c17058;0x724fc1c768a1;0x724f610a9646;0x724f9d02f8a3;0x724f9d031187;|, 58.818847, 0.00, 74.639000
2025-11-25T20:16:15.742553Z, , 32.226766, 0.00, 74.639000
2025-11-25T20:16:15.747832Z, 0xfffffffffffffe00;0x724fcfc21134;0x724fcfcc8c0a;0x724fcfe156ae;0x724fcfe1d73d;0x724fd09af84a;0x724fcfbce12c;0x724fcfbce91a;0x724fcfbceed4;0x724fcfd80de1;cuMemcpyHtoDAsync_v2;0x724fc1c481a9;0x724fc1c17058;0x724fc1c768a1;0x724f610a9646;0x724f9d02f8a3;0x724f9d031187;|, 32.603373, 0.00, 74.639000
2025-11-25T20:16:15.752929Z, , 19.538734, 0.00, 74.639000
2025-11-25T20:16:15.758053Z, , 48.044436, 100.00, 74.639000
2025-11-25T20:16:15.763165Z, , 20.867575, 0.00, 74.639000
2025-11-25T20:16:15.768279Z, , 43.134352, 0.00, 74.639000
2025-11-25T20:16:15.773450Z, , 33.173508, 0.00, 74.639000
2025-11-25T20:16:15.778875Z, 0xfffffffffffffe00;0x724fcfe61b74;0x724fcfc1f183;0x724fcfc5de3b;0x724fd099d137;0x724fd099d585;0x724fcfc2b9f4;0x724fcfc51ce2;0x724fcfc5d5d5;0x724fcfbaa4f9;0x724fcfd39f77;cuCtxSynchronize;0x724fc1c0fb8b;0x724fc1c4a43a;0x724fc1f60b67;0x0;0x724fc09c4980;0x8b485355fc894900;|0xfffffffffffffe00;0x724fcfe61b74;0x724fcfc1f183;0x724fcfc5de3b;0x724fd099d137;0x724fd099d585;0x724fcfc2b9f4;0x724fcfc51ce2;0x724fcfc5d5d5;0x724fcfbaa4f9;0x724fcfd39f77;cuCtxSynchronize;0x724fc1c0fb8b;0x724fc1c4a43a;0x724fc1f60b67;0x0;0x724fc09c4980;0x8b485355fc894900;|, 44.971476, 0.00, 74.639000
2025-11-25T20:16:15.783996Z, , 31.322397, 100.00, 74.639000
2025-11-25T20:16:15.789337Z, 0xfffffffffffffe00;0x724fcfe61bae;0x724fcfc1f183;0x724fcfc5de3b;0x724fd099d137;0x724fd099d585;0x724fcfc2b9f4;0x724fcfc51ce2;0x724fcfc5d5d5;0x724fcfbaa4f9;0x724fcfd39f77;cuCtxSynchronize;0x724fc1c0fb8b;0x724fc1c4a43a;0x724fc1f60b67;0x0;0x724fc09c4980;0x8b485355fc894900;|, 29.440589, 0.00, 74.639000
2025-11-25T20:16:15.794443Z, , 27.442674, 100.00, 74.639000
2025-11-25T20:16:15.799562Z, , 32.161102, 0.00, 74.632000
2025-11-25T20:16:15.804825Z, 0xfffffffffffffe00;0x724fd099d183;0x724fd099d585;0x724fcfc2b9f4;0x724fcfc51ce2;0x724fcfc5d5d5;0x724fcfbaa4f9;0x724fcfd39f77;cuCtxSynchronize;0x724fc1c0fb8b;0x724fc1c4a43a;0x724fc1f60b67;0x0;0x724fc09c4980;0x8b485355fc894900;|, 30.837221, 100.00, 74.632000
2025-11-25T20:16:15.809988Z, , 29.070981, 0.00, 74.632000
2025-11-25T20:16:15.815243Z, 0xfffffffffffffe00;0x724fcfe61c79;0x724fcfc1f183;0x724fcfc5de3b;0x724fd099d137;0x724fd099d585;0x724fcfc2b9f4;0x724fcfc51ce2;0x724fcfc5d5d5;0x724fcfbaa4f9;0x724fcfd39f77;cuCtxSynchronize;0x724fc1c0fb8b;0x724fc1c4a43a;0x724fc1f60b67;0x0;0x724fc09c4980;0x8b485355fc894900;|, 25.195134, 50.00, 74.632000
2025-11-25T20:16:15.820392Z, , 31.787038, 0.00, 74.632000
2025-11-25T20:16:15.825519Z, , 44.138831, 0.00, 74.632000
2025-11-25T20:16:15.830658Z, , 30.498629, 100.00, 74.632000
2025-11-25T20:16:15.835776Z, , 39.422453, 0.00, 74.632000
2025-11-25T20:16:15.840925Z, , 29.692428, 0.00, 74.632000
2025-11-25T20:16:15.846029Z, , 48.273128, 0.00, 74.632000
2025-11-25T20:16:15.851265Z, 0xfffffffffffffe00;0x724fcfc21134;0x724fcfcc8c0a;0x724fcfe156ae;0x724fcfe1d73d;0x724fd09af84a;0x724fcfbce12c;0x724fcfbce91a;0x724fcfbceed4;0x724fcfd80de1;cuMemcpyHtoDAsync_v2;0x724fc1c481a9;0x724fc1c17058;0x724fc1c768a1;0x724f610a9646;0x724f9d02f8a3;0x724f9d031187;|, 37.383123, 100.00, 74.632000
2025-11-25T20:16:15.856655Z, 0xfffffffffffffe00;__pthread_mutex_lock@GLIBC_2.2.5;0x724fcfe9d965;0x724fcfe9da94;0x724fcfe9dd31;0x724fcfcc94ec;0x724fcfe1d16c;0x724fd09af84a;0x724fcfbce12c;0x724fcfbce91a;0x724fcfbceed4;0x724fcfd80de1;cuMemcpyHtoDAsync_v2;0x724fc1c481a9;0x724fc1c17058;0x724fc1c768a1;0x724f610a9646;0x724f9d02f8a3;0x724f9d031187;|, 46.490437, 0.00, 74.632000
2025-11-25T20:16:15.861839Z, , 33.686890, 100.00, 74.632000
2025-11-25T20:16:15.866935Z, , 44.820748, 100.00, 74.632000
2025-11-25T20:16:15.872191Z, 0xfffffffffffffe00;0x724fcfc21134;0x724fcfcc8c0a;0x724fcfe156ae;0x724fcfe1d73d;0x724fd09af84a;0x724fcfbce12c;0x724fcfbce91a;0x724fcfbceed4;0x724fcfd80de1;cuMemcpyHtoDAsync_v2;0x724fc1c481a9;0x724fc1c17058;0x724fc1c768a1;0x724f610a9646;0x724f9d02f8a3;0x724f9d031187;|, 57.539273, 100.00, 74.632000
2025-11-25T20:16:15.877502Z, 0xfffffffffffffe00;0x724fd5cf6c36;clock_gettime@@GLIBC_2.17;0x724fcfd1bc04;0x724fcfc2bccc;0x724fcfc51ce2;0x724fcfc5d5d5;0x724fcfbaa4f9;0x724fcfd39f77;cuCtxSynchronize;0x724fc1c0fb8b;0x724fc1c4a43a;0x724fc1f60b67;0x0;0x724fc09c4980;0x8b485355fc894900;|, 36.796277, 200.00, 74.632000
2025-11-25T20:16:15.882612Z, , 43.262478, 0.00, 74.632000
2025-11-25T20:16:15.887762Z, , 33.611333, 0.00, 74.632000
2025-11-25T20:16:15.892988Z, 0xfffffffffffffe00;0x724fcfc2b9bb;0x724fcfc51ce2;0x724fcfc5d5d5;0x724fcfbaa4f9;0x724fcfd39f77;cuCtxSynchronize;0x724fc1c0fb8b;0x724fc1c4a43a;0x724fc1f60b67;0x0;0x724fc09c4980;0x8b485355fc894900;|, 35.422127, 0.00, 74.632000
2025-11-25T20:16:15.898096Z, , 20.911987, 0.00, 74.632000
2025-11-25T20:16:15.903215Z, , 32.265416, 0.00, 74.632000
2025-11-25T20:16:15.908344Z, , 54.542217, 0.00, 74.632000
2025-11-25T20:16:15.913726Z, 0xfffffffffffffe00;0x724fcfe61ba8;0x724fcfc1f183;0x724fcfc5de3b;0x724fd099d137;0x724fd099d585;0x724fcfc2b9f4;0x724fcfc51ce2;0x724fcfc5d5d5;0x724fcfbaa4f9;0x724fcfd39f77;cuCtxSynchronize;0x724fc1c0fb8b;0x724fc1c4a43a;0x724fc1f60b67;0x0;0x724fc09c4980;0x8b485355fc894900;|0xfffffffffffffe00;0x724fd099d181;0x724fd099d585;0x724fcfc2b9f4;0x724fcfc51ce2;0x724fcfc5d5d5;0x724fcfbaa4f9;0x724fcfd39f77;cuCtxSynchronize;0x724fc1c0fb8b;0x724fc1c4a43a;0x724fc1f60b67;0x0;0x724fc09c4980;0x8b485355fc894900;|, 35.783063, 0.00, 74.632000
2025-11-25T20:16:15.918854Z, , 28.916831, 0.00, 74.632000
2025-11-25T20:16:15.924185Z, 0xfffffffffffffe00;0x724fcfe61b7b;0x724fcfc1f183;0x724fcfc5de3b;0x724fd099d137;0x724fd099d585;0x724fcfc2b9f4;0x724fcfc51ce2;0x724fcfc5d5d5;0x724fcfbaa4f9;0x724fcfd39f77;cuCtxSynchronize;0x724fc1c0fb8b;0x724fc1c4a43a;0x724fc1f60b67;0x0;0x724fc09c4980;0x8b485355fc894900;|, 26.327263, 0.00, 74.632000
2025-11-25T20:16:15.929338Z, , 26.431419, 100.00, 74.632000
2025-11-25T20:16:15.934438Z, , 32.081156, 0.00, 74.632000
2025-11-25T20:16:15.939699Z, 0xfffffffffffffe00;0x724fcfd1bc31;0x724fcfc2bccc;0x724fcfc51ce2;0x724fcfc5d5d5;0x724fcfbaa4f9;0x724fcfd39f77;cuCtxSynchronize;0x724fc1c0fb8b;0x724fc1c4a43a;0x724fc1f60b67;0x0;0x724fc09c4980;0x8b485355fc894900;|, 33.258144, 100.00, 74.632000
2025-11-25T20:16:15.944810Z, , 23.629425, 0.00, 74.632000
2025-11-25T20:16:15.949917Z, , 28.396445, 0.00, 74.632000
2025-11-25T20:16:15.955221Z, 0xfffffffffffffe00;0x724fcfc21138;0x724fcfcc8c0a;0x724fcfe156ae;0x724fcfe1d73d;0x724fd09af84a;0x724fcfbce12c;0x724fcfbce91a;0x724fcfbceed4;0x724fcfd80de1;cuMemcpyHtoDAsync_v2;0x724fc1c481a9;0x724fc1c17058;0x724fc1c768a1;0x724f610a9646;0x724f9d02f8a3;0x724f9d031187;|, 31.375301, 100.00, 74.632000
2025-11-25T20:16:15.960332Z, , 19.172969, 0.00, 74.632000
2025-11-25T20:16:15.965450Z, , 56.930444, 0.00, 74.632000
2025-11-25T20:16:15.970568Z, , 34.631499, 0.00, 74.632000
2025-11-25T20:16:15.975942Z, 0xfffffffffffffe00;0x724fd5cf6c36;clock_gettime@@GLIBC_2.17;0x724fcfd1bc04;0x724fcfc2bccc;0x724fcfc51ce2;0x724fcfc5d5d5;0x724fcfbaa4f9;0x724fcfd39f77;cuCtxSynchronize;0x724fc1c0fb8b;0x724fc1c4a43a;0x724fc1f60b67;0x0;0x724fc09c4980;0x8b485355fc894900;|, 29.111834, 0.00, 74.632000
2025-11-25T20:16:15.981073Z, , 27.899459, 0.00, 74.632000
2025-11-25T20:16:15.986401Z, 0xfffffffffffffe00;0x724fcfe61b40;0x724fcfc5de3b;0x724fd099d137;0x724fd099d585;0x724fcfc2b9f4;0x724fcfc51ce2;0x724fcfc5d5d5;0x724fcfbaa4f9;0x724fcfd39f77;cuCtxSynchronize;0x724fc1c0fb8b;0x724fc1c4a43a;0x724fc1f60b67;0x0;0x724fc09c4980;0x8b485355fc894900;|, 34.159180, 0.00, 74.632000
2025-11-25T20:16:15.991494Z, , 18.151715, 0.00, 74.632000
2025-11-25T20:16:15.996589Z, , 56.493612, 0.00, 74.632000
2025-11-25T20:16:16.001722Z, , 39.855606, 0.00, 74.632000
2025-11-25T20:16:16.007019Z, 0xfffffffffffffe00;0x724fcfe61b7b;0x724fcfc1f183;0x724fcfc5de3b;0x724fd099d137;0x724fd099d585;0x724fcfc2b9f4;0x724fcfc51ce2;0x724fcfc5d5d5;0x724fcfbaa4f9;0x724fcfd39f77;cuCtxSynchronize;0x724fc1c0fb8b;0x724fc1c4a43a;0x724fc1f60b67;0x0;0x724fc09c4980;0x8b485355fc894900;|, 42.479089, 0.00, 74.632000
2025-11-25T20:16:16.012203Z, , 40.175958, 0.00, 74.632000
2025-11-25T20:16:16.017459Z, 0xfffffffffffffe00;0x724fcfe61c76;0x724fcfc1f183;0x724fcfc5de3b;0x724fd099d137;0x724fd099d585;0x724fcfc2b9f4;0x724fcfc51ce2;0x724fcfc5d5d5;0x724fcfbaa4f9;0x724fcfd39f77;cuCtxSynchronize;0x724fc1c0fb8b;0x724fc1c4a43a;0x724fc1f60b67;0x0;0x724fc09c4980;0x8b485355fc894900;|, 46.008208, 0.00, 74.632000
2025-11-25T20:16:16.022704Z, 0xfffffffffffffe00;0x724fcfc2114c;0x724fcfcc8c0a;0x724fcfe156ae;0x724fcfe1d73d;0x724fd09af84a;0x724fcfbce12c;0x724fcfbce91a;0x724fcfbceed4;0x724fcfd80de1;cuMemcpyHtoDAsync_v2;0x724fc1c481a9;0x724fc1c17058;0x724fc1c768a1;0x724f610a9646;0x724f9d02f8a3;0x724f9d031187;|, 29.061232, 0.00, 74.632000
2025-11-25T20:16:16.027813Z, , 60.899439, 0.00, 74.632000
2025-11-25T20:16:16.032927Z, , 38.678213, 0.00, 74.632000
2025-11-25T20:16:16.038050Z, , 35.259871, 0.00, 74.632000
2025-11-25T20:16:16.043321Z, 0xfffffffffffffe00;0x724fcfe61b7b;0x724fcfc1f183;0x724fcfc5de3b;0x724fd099d137;0x724fd099d585;0x724fcfc2b9f4;0x724fcfc51ce2;0x724fcfc5d5d5;0x724fcfbaa4f9;0x724fcfd39f77;cuCtxSynchronize;0x724fc1c0fb8b;0x724fc1c4a43a;0x724fc1f60b67;0x0;0x724fc09c4980;0x8b485355fc894900;|, 21.690863, 0.00, 74.632000
2025-11-25T20:16:16.048493Z, , 62.140187, 0.00, 74.632000
2025-11-25T20:16:16.053601Z, , 46.774659, 0.00, 74.632000
2025-11-25T20:16:16.058897Z, 0xfffffffffffffe00;0x724fd5cf6c36;clock_gettime@@GLIBC_2.17;0x724fcfd1bc04;0x724fcfc2bccc;0x724fcfc51ce2;0x724fcfc5d5d5;0x724fcfbaa4f9;0x724fcfd39f77;cuCtxSynchronize;0x724fc1c0fb8b;0x724fc1c4a43a;0x724fc1f60b67;0x0;0x724fc09c4980;0x8b485355fc894900;|, 58.212647, 0.00, 74.632000
2025-11-25T20:16:16.064062Z, , 37.059020, 0.00, 74.632000
2025-11-25T20:16:16.069352Z, 0xfffffffffffffe00;0x724fcfe61b40;0x724fcfc5de3b;0x724fd099d137;0x724fd099d585;0x724fcfc2b9f4;0x724fcfc51ce2;0x724fcfc5d5d5;0x724fcfbaa4f9;0x724fcfd39f77;cuCtxSynchronize;0x724fc1c0fb8b;0x724fc1c4a43a;0x724fc1f60b67;0x0;0x724fc09c4980;0x8b485355fc894900;|, 44.451742, 100.00, 74.632000
2025-11-25T20:16:16.074448Z, , 34.432720, 0.00, 74.632000
2025-11-25T20:16:16.079688Z, 0xfffffffffffffe00;0x724fcfc21134;0x724fcfcc8c0a;0x724fcfe156ae;0x724fcfe1d73d;0x724fd09af84a;0x724fcfbce12c;0x724fcfbce91a;0x724fcfbceed4;0x724fcfd80de1;cuMemcpyHtoDAsync_v2;0x724fc1c481a9;0x724fc1c17058;0x724fc1c768a1;0x724f610a9646;0x724f9d02f8a3;0x724f9d031187;|, 62.948115, 100.00, 74.632000
2025-11-25T20:16:16.084796Z, , 42.442021, 0.00, 74.632000
2025-11-25T20:16:16.089906Z, , 67.731243, 0.00, 74.632000
2025-11-25T20:16:16.095152Z, 0xfffffffffffffe00;0x724fcfc21134;0x724fcfcc8c0a;0x724fcfe156ae;0x724fcfe1d73d;0x724fd09af84a;0x724fcfbce12c;0x724fcfbce91a;0x724fcfbceed4;0x724fcfd80de1;cuMemcpyHtoDAsync_v2;0x724fc1c481a9;0x724fc1c17058;0x724fc1c768a1;0x724f610a9646;0x724f9d02f8a3;0x724f9d031187;|, 42.098595, 100.00, 74.632000
2025-11-25T20:16:16.100350Z, 0xfffffffffffffe00;0x724fcfc2114c;0x724fcfcc8c0a;0x724fcfe156ae;0x724fcfe1d73d;0x724fd09af84a;0x724fcfbce12c;0x724fcfbce91a;0x724fcfbceed4;0x724fcfd80de1;cuMemcpyHtoDAsync_v2;0x724fc1c481a9;0x724fc1c17058;0x724fc1c768a1;0x724f610a9646;0x724f9d02f8a3;0x724f9d031187;|, 28.557369, 200.00, 74.632000
2025-11-25T20:16:16.105460Z, , 33.927062, 0.00, 74.632000
2025-11-25T20:16:16.110576Z, , 36.563961, 100.00, 74.632000
2025-11-25T20:16:16.115833Z, 0xfffffffffffffe00;0x724fcfc2114c;0x724fcfcc8c0a;0x724fcfe156ae;0x724fcfe1d73d;0x724fd09af84a;0x724fcfbce12c;0x724fcfbce91a;0x724fcfbceed4;0x724fcfd80de1;cuMemcpyHtoDAsync_v2;0x724fc1c481a9;0x724fc1c17058;0x724fc1c768a1;0x724f610a9646;0x724f9d02f8a3;0x724f9d031187;|, 26.920927, 0.00, 74.632000
2025-11-25T20:16:16.121097Z, 0xfffffffffffffe00;0x724fcfc21134;0x724fcfcc8c0a;0x724fcfe156ae;0x724fcfe1d73d;0x724fd09af84a;0x724fcfbce12c;0x724fcfbce91a;0x724fcfbceed4;0x724fcfd80de1;cuMemcpyHtoDAsync_v2;0x724fc1c481a9;0x724fc1c17058;0x724fc1c768a1;0x724f610a9646;0x724f9d02f8a3;0x724f9d031187;|, 28.223743, 100.00, 74.632000
2025-11-25T20:16:16.126208Z, , 29.771017, 100.00, 74.632000
2025-11-25T20:16:16.131372Z, , 57.348814, 50.00, 74.632000
2025-11-25T20:16:16.136497Z, , 45.509450, 200.00, 74.632000
2025-11-25T20:16:16.141644Z, , 29.386964, 0.00, 74.632000
2025-11-25T20:16:16.146751Z, , 34.228074, 0.00, 74.632000
2025-11-25T20:16:16.151913Z, , 37.872725, 0.00, 74.632000
2025-11-25T20:16:16.157038Z, , 33.768199, 0.00, 74.632000
2025-11-25T20:16:16.162494Z, 0xfffffffffffffe00;0x724fcfe61b74;0x724fcfc1f183;0x724fcfc5de3b;0x724fd099d137;0x724fd099d585;0x724fcfc2b9f4;0x724fcfc51ce2;0x724fcfc5d5d5;0x724fcfbaa4f9;0x724fcfd39f77;cuCtxSynchronize;0x724fc1c0fb8b;0x724fc1c4a43a;0x724fc1f60b67;0x0;0x724fc09c4980;0x8b485355fc894900;|, 19.227251, 0.00, 74.632000
2025-11-25T20:16:16.167685Z, , 17.314428, 0.00, 74.632000
2025-11-25T20:16:16.172816Z, , 24.460577, 0.00, 74.632000
2025-11-25T20:16:16.178109Z, 0xfffffffffffffe00;0x724fcfc1f186;0x724fcfc5de3b;0x724fd099d137;0x724fd099d585;0x724fcfc2b9f4;0x724fcfc51ce2;0x724fcfc5d5d5;0x724fcfbaa4f9;0x724fcfd39f77;cuCtxSynchronize;0x724fc1c0fb8b;0x724fc1c4a43a;0x724fc1f60b67;0x0;0x724fc09c4980;0x8b485355fc894900;|, 27.312813, 100.00, 74.632000
2025-11-25T20:16:16.183316Z, , 18.247763, 0.00, 74.632000
2025-11-25T20:16:16.188609Z, 0xfffffffffffffe00;0x724fcfc21134;0x724fcfcc8c0a;0x724fcfe156ae;0x724fcfe1d73d;0x724fd09af84a;0x724fcfbce12c;0x724fcfbce91a;0x724fcfbceed4;0x724fcfd80de1;cuMemcpyHtoDAsync_v2;0x724fc1c481a9;0x724fc1c17058;0x724fc1c768a1;0x724f610a9646;0x724f9d02f8a3;0x724f9d031187;|, 41.961793, 0.00, 74.632000
2025-11-25T20:16:16.193806Z, , 27.357102, 0.00, 74.632000
2025-11-25T20:16:16.198939Z, , 53.429593, 0.00, 74.632000
2025-11-25T20:16:16.204282Z, 0xfffffffffffffe00;0x724fcfc21144;0x724fcfcc8c0a;0x724fcfe156ae;0x724fcfe1d73d;0x724fd09af84a;0x724fcfbce12c;0x724fcfbce91a;0x724fcfbceed4;0x724fcfd80de1;cuMemcpyHtoDAsync_v2;0x724fc1c481a9;0x724fc1c17058;0x724fc1c768a1;0x724f610a9646;0x724f9d02f8a3;0x724f9d031187;|, 26.379538, 0.00, 74.632000
2025-11-25T20:16:16.209424Z, , 29.606059, 100.00, 74.632000
2025-11-25T20:16:16.214689Z, 0xfffffffffffffe00;0x724fcfc21134;0x724fcfcc8c0a;0x724fcfe156ae;0x724fcfe1d73d;0x724fd09af84a;0x724fcfbce12c;0x724fcfbce91a;0x724fcfbceed4;0x724fcfd80de1;cuMemcpyHtoDAsync_v2;0x724fc1c481a9;0x724fc1c17058;0x724fc1c768a1;0x724f610a9646;0x724f9d02f8a3;0x724f9d031187;|, 28.049859, 0.00, 74.632000
2025-11-25T20:16:16.219828Z, , 44.659777, 100.00, 74.632000
2025-11-25T20:16:16.225112Z, 0xfffffffffffffe00;0x724fcfc1f163;0x724fcfc5de3b;0x724fd099d137;0x724fd099d585;0x724fcfc2b9f4;0x724fcfc51ce2;0x724fcfc5d5d5;0x724fcfbaa4f9;0x724fcfd39f77;cuCtxSynchronize;0x724fc1c0fb8b;0x724fc1c4a43a;0x724fc1f60b67;0x0;0x724fc09c4980;0x8b485355fc894900;|, 43.860620, 100.00, 74.632000
2025-11-25T20:16:16.230337Z, , 47.721723, 100.00, 74.632000
2025-11-25T20:16:16.235440Z, , 32.531218, 0.00, 74.632000
2025-11-25T20:16:16.240730Z, 0xfffffffffffffe00;0x724fcfc21134;0x724fcfcc8c0a;0x724fcfe156ae;0x724fcfe1d73d;0x724fd09af84a;0x724fcfbce12c;0x724fcfbce91a;0x724fcfbceed4;0x724fcfd80de1;cuMemcpyHtoDAsync_v2;0x724fc1c481a9;0x724fc1c17058;0x724fc1c768a1;0x724f610a9646;0x724f9d02f8a3;0x724f9d031187;|, 34.951382, 0.00, 74.632000
2025-11-25T20:16:16.245880Z, , 48.103788, 100.00, 74.632000
2025-11-25T20:16:16.251029Z, , 54.307540, 0.00, 74.632000
2025-11-25T20:16:16.256193Z, , 47.848202, 0.00, 74.632000
2025-11-25T20:16:16.261515Z, 0xfffffffffffffe00;0x724fcfe61b40;0x724fcfc5de3b;0x724fd099d137;0x724fd099d585;0x724fcfc2b9f4;0x724fcfc51ce2;0x724fcfc5d5d5;0x724fcfbaa4f9;0x724fcfd39f77;cuCtxSynchronize;0x724fc1c0fb8b;0x724fc1c4a43a;0x724fc1f60b67;0x0;0x724fc09c4980;0x8b485355fc894900;|, 37.371298, 0.00, 74.632000
2025-11-25T20:16:16.266651Z, , 28.779814, 0.00, 74.632000
2025-11-25T20:16:16.271809Z, , 24.428196, 0.00, 74.632000
2025-11-25T20:16:16.277051Z, 0xfffffffffffffe00;0x724fcfb66950;0x724fcfc2bccc;0x724fcfc51ce2;0x724fcfc5d5d5;0x724fcfbaa4f9;0x724fcfd39f77;cuCtxSynchronize;0x724fc1c0fb8b;0x724fc1c4a43a;0x724fc1f60b67;0x0;0x724fc09c4980;0x8b485355fc894900;|, 39.260046, 0.00, 74.632000
2025-11-25T20:16:16.282438Z, 0xfffffffffffffe00;0x724fd5cf6c36;clock_gettime@@GLIBC_2.17;0x724fcfd1bc04;0x724fcfc2bccc;0x724fcfc51ce2;0x724fcfc5d5d5;0x724fcfbaa4f9;0x724fcfd39f77;cuCtxSynchronize;0x724fc1c0fb8b;0x724fc1c4a43a;0x724fc1f60b67;0x0;0x724fc09c4980;0x8b485355fc894900;|, 33.942521, 100.00, 74.632000
2025-11-25T20:16:16.287698Z, 0xfffffffffffffe00;0x724fcfc21134;0x724fcfcc8c0a;0x724fcfe156ae;0x724fcfe1d73d;0x724fd09af84a;0x724fcfbce12c;0x724fcfbce91a;0x724fcfbceed4;0x724fcfd80de1;cuMemcpyHtoDAsync_v2;0x724fc1c481a9;0x724fc1c17058;0x724fc1c768a1;0x724f610a9646;0x724f9d02f8a3;0x724f9d031187;|, 32.033032, 100.00, 74.632000
2025-11-25T20:16:16.292894Z, , 34.663282, 0.00, 74.632000
2025-11-25T20:16:16.297997Z, , 26.476021, 0.00, 74.739000
2025-11-25T20:16:16.303224Z, , 42.818297, 0.00, 74.739000
2025-11-25T20:16:16.308524Z, 0xfffffffffffffe00;0x724fcfe61b7d;0x724fcfc1f183;0x724fcfc5de3b;0x724fd099d137;0x724fd099d585;0x724fcfc2b9f4;0x724fcfc51ce2;0x724fcfc5d5d5;0x724fcfbaa4f9;0x724fcfd39f77;cuCtxSynchronize;0x724fc1c0fb8b;0x724fc1c4a43a;0x724fc1f60b67;0x0;0x724fc09c4980;0x8b485355fc894900;|, 32.296574, 0.00, 74.739000
2025-11-25T20:16:16.313691Z, , 34.290991, 0.00, 74.739000
2025-11-25T20:16:16.319040Z, 0xfffffffffffffe00;0x724fcfe61b74;0x724fcfc1f183;0x724fcfc5de3b;0x724fd099d137;0x724fd099d585;0x724fcfc2b9f4;0x724fcfc51ce2;0x724fcfc5d5d5;0x724fcfbaa4f9;0x724fcfd39f77;cuCtxSynchronize;0x724fc1c0fb8b;0x724fc1c4a43a;0x724fc1f60b67;0x0;0x724fc09c4980;0x8b485355fc894900;|, 29.887197, 0.00, 74.739000
2025-11-25T20:16:16.324401Z, 0xfffffffffffffe00;0x724fcfc21134;0x724fcfcc8c0a;0x724fcfe156ae;0x724fcfe1d73d;0x724fd09af84a;0x724fcfbce12c;0x724fcfbce91a;0x724fcfbceed4;0x724fcfd80de1;cuMemcpyHtoDAsync_v2;0x724fc1c481a9;0x724fc1c17058;0x724fc1c768a1;0x724f610a9646;0x724f9d02f8a3;0x724f9d031187;|, 32.955747, 0.00, 74.739000
2025-11-25T20:16:16.329727Z, , 31.059762, 0.00, 74.739000
2025-11-25T20:16:16.335209Z, 0xfffffffffffffe00;0x724fcfe61b40;0x724fcfc5de3b;0x724fd099d137;0x724fd099d585;0x724fcfc2b9f4;0x724fcfc51ce2;0x724fcfc5d5d5;0x724fcfbaa4f9;0x724fcfd39f77;cuCtxSynchronize;0x724fc1c0fb8b;0x724fc1c4a43a;0x724fc1f60b67;0x0;0x724fc09c4980;0x8b485355fc894900;|, 37.654375, 100.00, 74.739000
2025-11-25T20:16:16.340518Z, , 26.478330, 0.00, 74.739000
2025-11-25T20:16:16.345763Z, , 31.054111, 0.00, 74.739000
2025-11-25T20:16:16.351329Z, 0xfffffffffffffe00;0x724fcfc21134;0x724fcfcc8c0a;0x724fcfe156ae;0x724fcfe1d73d;0x724fd09af84a;0x724fcfbce12c;0x724fcfbce91a;0x724fcfbceed4;0x724fcfd80de1;cuMemcpyHtoDAsync_v2;0x724fc1c481a9;0x724fc1c17058;0x724fc1c768a1;0x724f610a9646;0x724f9d02f8a3;0x724f9d031187;|, 33.856125, 100.00, 74.739000
2025-11-25T20:16:16.356539Z, , 16.611647, 0.00, 74.739000
2025-11-25T20:16:16.361687Z, , 50.141355, 0.00, 74.739000
2025-11-25T20:16:16.366867Z, , 38.480466, 0.00, 74.739000
2025-11-25T20:16:16.372478Z, 0xfffffffffffffe00;0x724fcfc21134;0x724fcfcc8c0a;0x724fcfe156ae;0x724fcfe1d73d;0x724fd09af84a;0x724fcfbce12c;0x724fcfbce91a;0x724fcfbceed4;0x724fcfd80de1;cuMemcpyHtoDAsync_v2;0x724fc1c481a9;0x724fc1c17058;0x724fc1c768a1;0x724f610a9646;0x724f9d02f8a3;0x724f9d031187;|, 27.212970, 0.00, 74.739000
2025-11-25T20:16:16.377627Z, , 14.726520, 0.00, 74.739000
2025-11-25T20:16:16.383083Z, 0xfffffffffffffe00;0x724fcfc21154;0x724fcfcc8c0a;0x724fcfe156ae;0x724fcfe1d73d;0x724fd09af84a;0x724fcfbce12c;0x724fcfbce91a;0x724fcfbceed4;0x724fcfd80de1;cuMemcpyHtoDAsync_v2;0x724fc1c481a9;0x724fc1c17058;0x724fc1c768a1;0x724f610a9646;0x724f9d02f8a3;0x724f9d031187;|, 35.153803, 0.00, 74.739000
2025-11-25T20:16:16.388527Z, 0xfffffffffffffe00;0x724fcfe61b7d;0x724fcfc1f183;0x724fcfc5de3b;0x724fd099d137;0x724fd099d585;0x724fcfc2b9f4;0x724fcfc51ce2;0x724fcfc5d5d5;0x724fcfbaa4f9;0x724fcfd39f77;cuCtxSynchronize;0x724fc1c0fb8b;0x724fc1c4a43a;0x724fc1f60b67;0x0;0x724fc09c4980;0x8b485355fc894900;|, 35.515488, 0.00, 74.739000
2025-11-25T20:16:16.393682Z, , 35.593835, 0.00, 74.739000
2025-11-25T20:16:16.398783Z, , 32.671640, 0.00, 74.739000
2025-11-25T20:16:16.404073Z, 0xfffffffffffffe00;0x724fcfc21134;0x724fcfcc8c0a;0x724fcfe156ae;0x724fcfe1d73d;0x724fd09af84a;0x724fcfbce12c;0x724fcfbce91a;0x724fcfbceed4;0x724fcfd80de1;cuMemcpyHtoDAsync_v2;0x724fc1c481a9;0x724fc1c17058;0x724fc1c768a1;0x724f610a9646;0x724f9d02f8a3;0x724f9d031187;|, 34.202908, 0.00, 74.739000
2025-11-25T20:16:16.409182Z, , 40.841510, 0.00, 74.739000
2025-11-25T20:16:16.414294Z, , 36.813192, 0.00, 74.739000
2025-11-25T20:16:16.419409Z, , 59.664615, 0.00, 74.739000
2025-11-25T20:16:16.424564Z, , 66.415908, 100.00, 74.739000
2025-11-25T20:16:16.429895Z, 0xfffffffffffffe00;0x724fcfe61b7b;0x724fcfc1f183;0x724fcfc5de3b;0x724fd099d137;0x724fd099d585;0x724fcfc2b9f4;0x724fcfc51ce2;0x724fcfc5d5d5;0x724fcfbaa4f9;0x724fcfd39f77;cuCtxSynchronize;0x724fc1c0fb8b;0x724fc1c4a43a;0x724fc1f60b67;0x0;0x724fc09c4980;0x8b485355fc894900;|, 59.184858, 100.00, 74.739000
2025-11-25T20:16:16.435019Z, , 63.511542, 200.00, 74.739000
2025-11-25T20:16:16.440325Z, 0xfffffffffffffe00;0x724fcfe61b7b;0x724fcfc1f183;0x724fcfc5de3b;0x724fd099d137;0x724fd099d585;0x724fcfc2b9f4;0x724fcfc51ce2;0x724fcfc5d5d5;0x724fcfbaa4f9;0x724fcfd39f77;cuCtxSynchronize;0x724fc1c0fb8b;0x724fc1c4a43a;0x724fc1f60b67;0x0;0x724fc09c4980;0x8b485355fc894900;|, 54.400361, 200.00, 74.739000
2025-11-25T20:16:16.445460Z, , 51.576640, 300.00, 74.739000
2025-11-25T20:16:16.450679Z, 0xfffffffffffffe00;0x724fd099d23e;0x724fcfc2b9f4;0x724fcfc51ce2;0x724fcfc5d5d5;0x724fcfbaa4f9;0x724fcfd39f77;cuCtxSynchronize;0x724fc1c0fb8b;0x724fc1c4a43a;0x724fc1f60b67;0x0;0x724fc09c4980;0x8b485355fc894900;|, 34.395921, 0.00, 74.739000
2025-11-25T20:16:16.455788Z, , 43.809168, 0.00, 74.739000
2025-11-25T20:16:16.460906Z, , 66.476852, 0.00, 74.739000
2025-11-25T20:16:16.466153Z, 0xfffffffffffffe00;0x724fcfc1f192;0x724fcfc5de3b;0x724fd099d137;0x724fd099d585;0x724fcfc2b9f4;0x724fcfc51ce2;0x724fcfc5d5d5;0x724fcfbaa4f9;0x724fcfd39f77;cuCtxSynchronize;0x724fc1c0fb8b;0x724fc1c4a43a;0x724fc1f60b67;0x0;0x724fc09c4980;0x8b485355fc894900;|, 31.905384, 0.00, 74.739000
2025-11-25T20:16:16.471325Z, , 54.624060, 100.00, 74.739000
2025-11-25T20:16:16.476591Z, 0xfffffffffffffe00;0x724fcfe61bc1;0x724fcfc1f183;0x724fcfc5de3b;0x724fd099d137;0x724fd099d585;0x724fcfc2b9f4;0x724fcfc51ce2;0x724fcfc5d5d5;0x724fcfbaa4f9;0x724fcfd39f77;cuCtxSynchronize;0x724fc1c0fb8b;0x724fc1c4a43a;0x724fc1f60b67;0x0;0x724fc09c4980;0x8b485355fc894900;|, 41.206776, 0.00, 74.739000
2025-11-25T20:16:16.481720Z, , 50.611087, 100.00, 74.739000
2025-11-25T20:16:16.486857Z, , 60.559325, 0.00, 74.739000
2025-11-25T20:16:16.492182Z, 0xfffffffffffffe00;0x724fcfc1f186;0x724fcfc5de3b;0x724fd099d137;0x724fd099d585;0x724fcfc2b9f4;0x724fcfc51ce2;0x724fcfc5d5d5;0x724fcfbaa4f9;0x724fcfd39f77;cuCtxSynchronize;0x724fc1c0fb8b;0x724fc1c4a43a;0x724fc1f60b67;0x0;0x724fc09c4980;0x8b485355fc894900;|, 54.360933, 0.00, 74.739000
2025-11-25T20:16:16.497336Z, , 38.683971, 0.00, 74.739000
2025-11-25T20:16:16.502606Z, 0xfffffffffffffe00;0x724fcfc1f172;0x724fcfc5de3b;0x724fd099d137;0x724fd099d585;0x724fcfc2b9f4;0x724fcfc51ce2;0x724fcfc5d5d5;0x724fcfbaa4f9;0x724fcfd39f77;cuCtxSynchronize;0x724fc1c0fb8b;0x724fc1c4a43a;0x724fc1f60b67;0x0;0x724fc09c4980;0x8b485355fc894900;|, 54.098241, 0.00, 74.739000
2025-11-25T20:16:16.507757Z, , 44.222865, 0.00, 74.739000
2025-11-25T20:16:16.513019Z, 0xfffffffffffffe00;0x724fcfe61b53;0x724fcfc1f183;0x724fcfc5de3b;0x724fd099d137;0x724fd099d585;0x724fcfc2b9f4;0x724fcfc51ce2;0x724fcfc5d5d5;0x724fcfbaa4f9;0x724fcfd39f77;cuCtxSynchronize;0x724fc1c0fb8b;0x724fc1c4a43a;0x724fc1f60b67;0x0;0x724fc09c4980;0x8b485355fc894900;|, 38.630857, 0.00, 74.739000
2025-11-25T20:16:16.518162Z, , 33.491515, 0.00, 74.739000
2025-11-25T20:16:16.523429Z, 0xfffffffffffffe00;0x724fcfe61c76;0x724fcfc1f183;0x724fcfc5de3b;0x724fd099d137;0x724fd099d585;0x724fcfc2b9f4;0x724fcfc51ce2;0x724fcfc5d5d5;0x724fcfbaa4f9;0x724fcfd39f77;cuCtxSynchronize;0x724fc1c0fb8b;0x724fc1c4a43a;0x724fc1f60b67;0x0;0x724fc09c4980;0x8b485355fc894900;|, 36.650052, 0.00, 74.739000
2025-11-25T20:16:16.528662Z, , 29.734764, 100.00, 74.739000
2025-11-25T20:16:16.533938Z, 0xfffffffffffffe00;0x724fcfc21134;0x724fcfcc8c0a;0x724fcfe156ae;0x724fcfe1d73d;0x724fd09af84a;0x724fcfbce12c;0x724fcfbce91a;0x724fcfbceed4;0x724fcfd80de1;cuMemcpyHtoDAsync_v2;0x724fc1c481a9;0x724fc1c17058;0x724fc1c768a1;0x724f610a9646;0x724f9d02f8a3;0x724f9d031187;|, 35.922026, 0.00, 74.739000
2025-11-25T20:16:16.539230Z, 0xfffffffffffffe00;0x724fcfc21134;0x724fcfcc8c0a;0x724fcfe156ae;0x724fcfe1d73d;0x724fd09af84a;0x724fcfbce12c;0x724fcfbce91a;0x724fcfbceed4;0x724fcfd80de1;cuMemcpyHtoDAsync_v2;0x724fc1c481a9;0x724fc1c17058;0x724fc1c768a1;0x724f610a9646;0x724f9d02f8a3;0x724f9d031187;|, 27.795599, 100.00, 74.739000
2025-11-25T20:16:16.544391Z, , 31.847910, 0.00, 74.739000
2025-11-25T20:16:16.549491Z, , 18.173009, 0.00, 74.739000
2025-11-25T20:16:16.554592Z, , 47.059935, 0.00, 74.739000
2025-11-25T20:16:16.559702Z, , 54.279686, 0.00, 74.739000
2025-11-25T20:16:16.565004Z, 0xfffffffffffffe00;0x724fd5cf6c36;clock_gettime@@GLIBC_2.17;0x724fcfd1bc04;0x724fcfc2bccc;0x724fcfc51ce2;0x724fcfc5d5d5;0x724fcfbaa4f9;0x724fcfd39f77;cuCtxSynchronize;0x724fc1c0fb8b;0x724fc1c4a43a;0x724fc1f60b67;0x0;0x724fc09c4980;0x8b485355fc894900;|, 28.223559, 0.00, 74.739000
2025-11-25T20:16:16.570190Z, , 27.994968, 0.00, 74.739000
2025-11-25T20:16:16.575450Z, 0xfffffffffffffe00;0x724fcfc1f192;0x724fcfc5de3b;0x724fd099d137;0x724fd099d585;0x724fcfc2b9f4;0x724fcfc51ce2;0x724fcfc5d5d5;0x724fcfbaa4f9;0x724fcfd39f77;cuCtxSynchronize;0x724fc1c0fb8b;0x724fc1c4a43a;0x724fc1f60b67;0x0;0x724fc09c4980;0x8b485355fc894900;|, 33.196640, 0.00, 74.739000
2025-11-25T20:16:16.580574Z, , 32.593995, 100.00, 74.739000
2025-11-25T20:16:16.585847Z, 0xfffffffffffffe00;0x724fcfc1f172;0x724fcfc5de3b;0x724fd099d137;0x724fd099d585;0x724fcfc2b9f4;0x724fcfc51ce2;0x724fcfc5d5d5;0x724fcfbaa4f9;0x724fcfd39f77;cuCtxSynchronize;0x724fc1c0fb8b;0x724fc1c4a43a;0x724fc1f60b67;0x0;0x724fc09c4980;0x8b485355fc894900;|, 31.168168, 0.00, 74.739000
2025-11-25T20:16:16.590964Z, , 37.088130, 0.00, 74.739000
2025-11-25T20:16:16.596101Z, , 27.049567, 100.00, 74.739000
2025-11-25T20:16:16.601396Z, 0xfffffffffffffe00;0x724fd5cf6c36;clock_gettime@@GLIBC_2.17;0x724fcfd1bc04;0x724fcfc2bccc;0x724fcfc51ce2;0x724fcfc5d5d5;0x724fcfbaa4f9;0x724fcfd39f77;cuCtxSynchronize;0x724fc1c0fb8b;0x724fc1c4a43a;0x724fc1f60b67;0x0;0x724fc09c4980;0x8b485355fc894900;|, 27.053120, 0.00, 74.739000
2025-11-25T20:16:16.606506Z, , 26.586244, 50.00, 74.739000
2025-11-25T20:16:16.611603Z, , 44.660109, 0.00, 74.739000
2025-11-25T20:16:16.616703Z, , 52.353552, 0.00, 74.739000
2025-11-25T20:16:16.622025Z, 0xfffffffffffffe00;0x724fd5cf6c36;clock_gettime@@GLIBC_2.17;0x724fcfd1bc04;0x724fcfc2bccc;0x724fcfc51ce2;0x724fcfc5d5d5;0x724fcfbaa4f9;0x724fcfd39f77;cuCtxSynchronize;0x724fc1c0fb8b;0x724fc1c4a43a;0x724fc1f60b67;0x0;0x724fc09c4980;0x8b485355fc894900;|, 43.007583, 0.00, 74.739000
2025-11-25T20:16:16.627341Z, , 45.334756, 100.00, 74.739000
2025-11-25T20:16:16.632683Z, 0xfffffffffffffe00;0x724fcfe61b7b;0x724fcfc1f183;0x724fcfc5de3b;0x724fd099d137;0x724fd099d585;0x724fcfc2b9f4;0x724fcfc51ce2;0x724fcfc5d5d5;0x724fcfbaa4f9;0x724fcfd39f77;cuCtxSynchronize;0x724fc1c0fb8b;0x724fc1c4a43a;0x724fc1f60b67;0x0;0x724fc09c4980;0x8b485355fc894900;|, 54.783183, 200.00, 74.739000
2025-11-25T20:16:16.637832Z, , 36.452341, 200.00, 74.739000
2025-11-25T20:16:16.642937Z, , 48.004384, 0.00, 74.739000
2025-11-25T20:16:16.648072Z, , 44.254977, 0.00, 74.739000
2025-11-25T20:16:16.653360Z, 0xfffffffffffffe00;0x724fcfc21154;0x724fcfcc8c0a;0x724fcfe156ae;0x724fcfe1d73d;0x724fd09af84a;0x724fcfbce12c;0x724fcfbce91a;0x724fcfbceed4;0x724fcfd80de1;cuMemcpyHtoDAsync_v2;0x724fc1c481a9;0x724fc1c17058;0x724fc1c768a1;0x724f610a9646;0x724f9d02f8a3;0x724f9d031187;|, 42.260291, 0.00, 74.739000
2025-11-25T20:16:16.658628Z, 0xfffffffffffffe00;0x724fcfc1f17a;0x724fcfc5de3b;0x724fd099d137;0x724fd099d585;0x724fcfc2b9f4;0x724fcfc51ce2;0x724fcfc5d5d5;0x724fcfbaa4f9;0x724fcfd39f77;cuCtxSynchronize;0x724fc1c0fb8b;0x724fc1c4a43a;0x724fc1f60b67;0x0;0x724fc09c4980;0x8b485355fc894900;|, 35.399971, 0.00, 74.739000
2025-11-25T20:16:16.663776Z, , 39.315779, 0.00, 74.739000
2025-11-25T20:16:16.668889Z, , 47.610579, 0.00, 74.739000
2025-11-25T20:16:16.674198Z, 0xfffffffffffffe00;0x724fd5cf6c36;clock_gettime@@GLIBC_2.17;0x724fcfd1bc04;0x724fcfc2bccc;0x724fcfc51ce2;0x724fcfc5d5d5;0x724fcfbaa4f9;0x724fcfd39f77;cuCtxSynchronize;0x724fc1c0fb8b;0x724fc1c4a43a;0x724fc1f60b67;0x0;0x724fc09c4980;0x8b485355fc894900;|, 42.311776, 0.00, 74.739000
2025-11-25T20:16:16.679318Z, , 27.472816, 100.00, 74.739000
2025-11-25T20:16:16.684609Z, 0xfffffffffffffe00;0x724fd5cf6c36;clock_gettime@@GLIBC_2.17;0x724fcfd1bc04;0x724fcfc2bccc;0x724fcfc51ce2;0x724fcfc5d5d5;0x724fcfbaa4f9;0x724fcfd39f77;cuCtxSynchronize;0x724fc1c0fb8b;0x724fc1c4a43a;0x724fc1f60b67;0x0;0x724fc09c4980;0x8b485355fc894900;|, 25.430743, 0.00, 74.739000
2025-11-25T20:16:16.689755Z, , 30.155349, 0.00, 74.739000
2025-11-25T20:16:16.694939Z, , 38.861164, 0.00, 74.739000
2025-11-25T20:16:16.700245Z, 0xfffffffffffffe00;0x724fd5cf6c36;clock_gettime@@GLIBC_2.17;0x724fcfd1bc04;0x724fcfc2bccc;0x724fcfc51ce2;0x724fcfc5d5d5;0x724fcfbaa4f9;0x724fcfd39f77;cuCtxSynchronize;0x724fc1c0fb8b;0x724fc1c4a43a;0x724fc1f60b67;0x0;0x724fc09c4980;0x8b485355fc894900;|, 28.703701, 100.00, 74.739000
2025-11-25T20:16:16.705355Z, , 33.699621, 100.00, 74.739000
2025-11-25T20:16:16.710463Z, , 50.164389, 0.00, 74.739000
2025-11-25T20:16:16.715745Z, 0xfffffffffffffe00;0x724fd5cf6c36;clock_gettime@@GLIBC_2.17;0x724fcfd1bc04;0x724fcfc2bccc;0x724fcfc51ce2;0x724fcfc5d5d5;0x724fcfbaa4f9;0x724fcfd39f77;cuCtxSynchronize;0x724fc1c0fb8b;0x724fc1c4a43a;0x724fc1f60b67;0x0;0x724fc09c4980;0x8b485355fc894900;|, 42.331551, 0.00, 74.739000
2025-11-25T20:16:16.720852Z, , 32.949770, 0.00, 74.739000
2025-11-25T20:16:16.725952Z, , 65.246467, 0.00, 74.739000
2025-11-25T20:16:16.731231Z, 0xfffffffffffffe00;0x724fcfe61bd8;0x724fcfc1f183;0x724fcfc5de3b;0x724fd099d137;0x724fd099d585;0x724fcfc2b9f4;0x724fcfc51ce2;0x724fcfc5d5d5;0x724fcfbaa4f9;0x724fcfd39f77;cuCtxSynchronize;0x724fc1c0fb8b;0x724fc1c4a43a;0x724fc1f60b67;0x0;0x724fc09c4980;0x8b485355fc894900;|, 39.247840, 100.00, 74.739000
2025-11-25T20:16:16.736362Z, , 35.581059, 0.00, 74.739000
2025-11-25T20:16:16.741459Z, , 33.045664, 100.00, 74.739000
2025-11-25T20:16:16.746582Z, , 37.666918, 0.00, 74.739000
2025-11-25T20:16:16.751954Z, 0xfffffffffffffe00;0x724fcfc2114c;0x724fcfcc8c0a;0x724fcfe156ae;0x724fcfe1d73d;0x724fd09af84a;0x724fcfbce12c;0x724fcfbce91a;0x724fcfbceed4;0x724fcfd80de1;cuMemcpyHtoDAsync_v2;0x724fc1c481a9;0x724fc1c17058;0x724fc1c768a1;0x724f610a9646;0x724f9d02f8a3;0x724f9d031187;|0xfffffffffffffe00;0x724fcfe61b40;0x724fcfc5de3b;0x724fd099d137;0x724fd099d585;0x724fcfc2b9f4;0x724fcfc51ce2;0x724fcfc5d5d5;0x724fcfbaa4f9;0x724fcfd39f77;cuCtxSynchronize;0x724fc1c0fb8b;0x724fc1c4a43a;0x724fc1f60b67;0x0;0x724fc09c4980;0x8b485355fc894900;|, 22.714948, 100.00, 74.739000
2025-11-25T20:16:16.757115Z, , 37.200702, 0.00, 74.739000
2025-11-25T20:16:16.762204Z, , 18.902127, 0.00, 74.739000
2025-11-25T20:16:16.767385Z, , 52.031466, 100.00, 74.739000
2025-11-25T20:16:16.772619Z, 0xfffffffffffffe00;0x724fcfc1f160;0x724fcfc5de3b;0x724fd099d137;0x724fd099d585;0x724fcfc2b9f4;0x724fcfc51ce2;0x724fcfc5d5d5;0x724fcfbaa4f9;0x724fcfd39f77;cuCtxSynchronize;0x724fc1c0fb8b;0x724fc1c4a43a;0x724fc1f60b67;0x0;0x724fc09c4980;0x8b485355fc894900;|, 19.892143, 0.00, 74.739000
2025-11-25T20:16:16.777766Z, , 55.406942, 0.00, 74.739000
2025-11-25T20:16:16.782909Z, , 50.046608, 0.00, 74.739000
2025-11-25T20:16:16.788213Z, 0xfffffffffffffe00;0x724fcfe61c76;0x724fcfc1f183;0x724fcfc5de3b;0x724fd099d137;0x724fd099d585;0x724fcfc2b9f4;0x724fcfc51ce2;0x724fcfc5d5d5;0x724fcfbaa4f9;0x724fcfd39f77;cuCtxSynchronize;0x724fc1c0fb8b;0x724fc1c4a43a;0x724fc1f60b67;0x0;0x724fc09c4980;0x8b485355fc894900;|, 33.842739, 100.00, 74.739000
2025-11-25T20:16:16.793343Z, , 32.184908, 100.00, 74.739000
2025-11-25T20:16:16.798604Z, 0xfffffffffffffe00;0x724fcfe61b53;0x724fcfc1f183;0x724fcfc5de3b;0x724fd099d137;0x724fd099d585;0x724fcfc2b9f4;0x724fcfc51ce2;0x724fcfc5d5d5;0x724fcfbaa4f9;0x724fcfd39f77;cuCtxSynchronize;0x724fc1c0fb8b;0x724fc1c4a43a;0x724fc1f60b67;0x0;0x724fc09c4980;0x8b485355fc894900;|, 29.689208, 0.00, 74.660000
2025-11-25T20:16:16.803734Z, , 29.857221, 0.00, 74.660000
2025-11-25T20:16:16.809034Z, 0xfffffffffffffe00;0x724fcfc1f16a;0x724fcfc5de3b;0x724fd099d137;0x724fd099d585;0x724fcfc2b9f4;0x724fcfc51ce2;0x724fcfc5d5d5;0x724fcfbaa4f9;0x724fcfd39f77;cuCtxSynchronize;0x724fc1c0fb8b;0x724fc1c4a43a;0x724fc1f60b67;0x0;0x724fc09c4980;0x8b485355fc894900;|, 31.905299, 0.00, 74.660000
2025-11-25T20:16:16.814140Z, , 15.610556, 0.00, 74.660000
2025-11-25T20:16:16.819312Z, , 37.040538, 100.00, 74.660000
2025-11-25T20:16:16.824432Z, , 17.095583, 0.00, 74.660000
2025-11-25T20:16:16.829722Z, 0xfffffffffffffe00;0x724fcfc21138;0x724fcfcc8c0a;0x724fcfe156ae;0x724fcfe1d73d;0x724fd09af84a;0x724fcfbce12c;0x724fcfbce91a;0x724fcfbceed4;0x724fcfd80de1;cuMemcpyHtoDAsync_v2;0x724fc1c481a9;0x724fc1c17058;0x724fc1c768a1;0x724f610a9646;0x724f9d02f8a3;0x724f9d031187;|, 39.132830, 0.00, 74.660000
2025-11-25T20:16:16.834869Z, , 33.012229, 0.00, 74.660000
2025-11-25T20:16:16.840116Z, 0xfffffffffffffe00;0x724fcfc21134;0x724fcfcc8c0a;0x724fcfe156ae;0x724fcfe1d73d;0x724fd09af84a;0x724fcfbce12c;0x724fcfbce91a;0x724fcfbceed4;0x724fcfd80de1;cuMemcpyHtoDAsync_v2;0x724fc1c481a9;0x724fc1c17058;0x724fc1c768a1;0x724f610a9646;0x724f9d02f8a3;0x724f9d031187;|, 25.296687, 0.00, 74.660000
2025-11-25T20:16:16.845233Z, , 25.330645, 0.00, 74.660000
2025-11-25T20:16:16.850342Z, , 33.541367, 0.00, 74.660000
2025-11-25T20:16:16.855636Z, 0xfffffffffffffe00;0x724fcfc21154;0x724fcfcc8c0a;0x724fcfe156ae;0x724fcfe1d73d;0x724fd09af84a;0x724fcfbce12c;0x724fcfbce91a;0x724fcfbceed4;0x724fcfd80de1;cuMemcpyHtoDAsync_v2;0x724fc1c481a9;0x724fc1c17058;0x724fc1c768a1;0x724f610a9646;0x724f9d02f8a3;0x724f9d031187;|, 22.083854, 100.00, 74.660000
2025-11-25T20:16:16.860779Z, , 65.606739, 50.00, 74.660000
2025-11-25T20:16:16.865887Z, , 39.152643, 0.00, 74.660000
2025-11-25T20:16:16.871025Z, , 39.948853, 0.00, 74.660000
2025-11-25T20:16:16.876312Z, 0xfffffffffffffe00;0x724fcfc21138;0x724fcfcc8c0a;0x724fcfe156ae;0x724fcfe1d73d;0x724fd09af84a;0x724fcfbce12c;0x724fcfbce91a;0x724fcfbceed4;0x724fcfd80de1;cuMemcpyHtoDAsync_v2;0x724fc1c481a9;0x724fc1c17058;0x724fc1c768a1;0x724f610a9646;0x724f9d02f8a3;0x724f9d031187;|, 57.216418, 100.00, 74.660000
2025-11-25T20:16:16.881414Z, , 40.515989, 100.00, 74.660000
2025-11-25T20:16:16.886688Z, 0xfffffffffffffe00;0x724fcfc21134;0x724fcfcc8c0a;0x724fcfe156ae;0x724fcfe1d73d;0x724fd09af84a;0x724fcfbce12c;0x724fcfbce91a;0x724fcfbceed4;0x724fcfd80de1;cuMemcpyHtoDAsync_v2;0x724fc1c481a9;0x724fc1c17058;0x724fc1c768a1;0x724f610a9646;0x724f9d02f8a3;0x724f9d031187;|, 41.574420, 0.00, 74.660000
2025-11-25T20:16:16.891831Z, , 47.506708, 0.00, 74.660000
2025-11-25T20:16:16.897059Z, 0xfffffffffffffe00;0x724fcfc21134;0x724fcfcc8c0a;0x724fcfe156ae;0x724fcfe1d73d;0x724fd09af84a;0x724fcfbce12c;0x724fcfbce91a;0x724fcfbceed4;0x724fcfd80de1;cuMemcpyHtoDAsync_v2;0x724fc1c481a9;0x724fc1c17058;0x724fc1c768a1;0x724f610a9646;0x724f9d02f8a3;0x724f9d031187;|, 32.646390, 100.00, 74.660000
2025-11-25T20:16:16.902185Z, , 40.085005, 0.00, 74.660000
2025-11-25T20:16:16.907280Z, , 42.530544, 0.00, 74.660000
2025-11-25T20:16:16.912393Z, , 44.260125, 100.00, 74.660000
2025-11-25T20:16:16.917492Z, , 55.902031, 0.00, 74.660000
2025-11-25T20:16:16.922715Z, 0xfffffffffffffe00;0x724fcfc1f784;0x724fcfcc934b;0x724fcfe1d16c;0x724fd09af84a;0x724fcfbce12c;0x724fcfbce91a;0x724fcfbceed4;0x724fcfd80de1;cuMemcpyHtoDAsync_v2;0x724fc1c481a9;0x724fc1c17058;0x724fc1c768a1;0x724f610a9646;0x724f9d02f8a3;0x724f9d031187;|, 47.120332, 0.00, 74.660000
2025-11-25T20:16:16.927813Z, , 43.012785, 0.00, 74.660000
2025-11-25T20:16:16.932907Z, , 60.298740, 0.00, 74.660000
2025-11-25T20:16:16.938001Z, , 48.607529, 0.00, 74.660000
2025-11-25T20:16:16.943271Z, 0xfffffffffffffe00;0x724fcfe61bac;0x724fcfc1f183;0x724fcfc5de3b;0x724fd099d137;0x724fd099d585;0x724fcfc2b9f4;0x724fcfc51ce2;0x724fcfc5d5d5;0x724fcfbaa4f9;0x724fcfd39f77;cuCtxSynchronize;0x724fc1c0fb8b;0x724fc1c4a43a;0x724fc1f60b67;0x0;0x724fc09c4980;0x8b485355fc894900;|, 73.328199, 0.00, 74.660000
2025-11-25T20:16:16.948497Z, 0xfffffffffffffe00;0x724fcfc21134;0x724fcfcc8c0a;0x724fcfe156ae;0x724fcfe1d73d;0x724fd09af84a;0x724fcfbce12c;0x724fcfbce91a;0x724fcfbceed4;0x724fcfd80de1;cuMemcpyHtoDAsync_v2;0x724fc1c481a9;0x724fc1c17058;0x724fc1c768a1;0x724f610a9646;0x724f9d02f8a3;0x724f9d031187;|, 55.481490, 0.00, 74.660000
2025-11-25T20:16:16.953599Z, , 53.259367, 0.00, 74.660000
2025-11-25T20:16:16.958856Z, 0xfffffffffffffe00;0x724fcfe61b53;0x724fcfc1f183;0x724fcfc5de3b;0x724fd099d137;0x724fd099d585;0x724fcfc2b9f4;0x724fcfc51ce2;0x724fcfc5d5d5;0x724fcfbaa4f9;0x724fcfd39f77;cuCtxSynchronize;0x724fc1c0fb8b;0x724fc1c4a43a;0x724fc1f60b67;0x0;0x724fc09c4980;0x8b485355fc894900;|, 55.908074, 0.00, 74.660000
2025-11-25T20:16:16.964013Z, , 39.564160, 0.00, 74.660000
2025-11-25T20:16:16.969153Z, , 31.896580, 0.00, 74.660000
2025-11-25T20:16:16.974252Z, , 52.408947, 0.00, 74.660000
2025-11-25T20:16:16.979511Z, 0xfffffffffffffe00;0x724fcfe61b40;0x724fcfc5de3b;0x724fd099d137;0x724fd099d585;0x724fcfc2b9f4;0x724fcfc51ce2;0x724fcfc5d5d5;0x724fcfbaa4f9;0x724fcfd39f77;cuCtxSynchronize;0x724fc1c0fb8b;0x724fc1c4a43a;0x724fc1f60b67;0x0;0x724fc09c4980;0x8b485355fc894900;|, 29.590868, 0.00, 74.660000
2025-11-25T20:16:16.984715Z, 0xfffffffffffffe00;0x724fcfcc933c;0x724fcfe1d16c;0x724fd09af84a;0x724fcfbce12c;0x724fcfbce91a;0x724fcfbceed4;0x724fcfd80de1;cuMemcpyHtoDAsync_v2;0x724fc1c481a9;0x724fc1c17058;0x724fc1c768a1;0x724f610a9646;0x724f9d02f8a3;0x724f9d031187;|, 36.293462, 0.00, 74.660000
2025-11-25T20:16:16.989825Z, , 51.404041, 0.00, 74.660000
2025-11-25T20:16:16.994928Z, , 45.124852, 0.00, 74.660000
2025-11-25T20:16:17.000033Z, , 46.665929, 0.00, 74.660000
2025-11-25T20:16:17.005333Z, 0xfffffffffffffe00;0x724fcfe61b7b;0x724fcfc1f183;0x724fcfc5de3b;0x724fd099d137;0x724fd099d585;0x724fcfc2b9f4;0x724fcfc51ce2;0x724fcfc5d5d5;0x724fcfbaa4f9;0x724fcfd39f77;cuCtxSynchronize;0x724fc1c0fb8b;0x724fc1c4a43a;0x724fc1f60b67;0x0;0x724fc09c4980;0x8b485355fc894900;|, 48.723790, 100.00, 74.660000
2025-11-25T20:16:17.010574Z, 0xfffffffffffffe00;0x724fcfc21140;0x724fcfcc8c0a;0x724fcfe156ae;0x724fcfe1d73d;0x724fd09af84a;0x724fcfbce12c;0x724fcfbce91a;0x724fcfbceed4;0x724fcfd80de1;cuMemcpyHtoDAsync_v2;0x724fc1c481a9;0x724fc1c17058;0x724fc1c768a1;0x724f610a9646;0x724f9d02f8a3;0x724f9d031187;|, 36.910720, 0.00, 74.660000
2025-11-25T20:16:17.015692Z, , 26.961310, 0.00, 74.660000
2025-11-25T20:16:17.020790Z, , 71.016539, 0.00, 74.660000
2025-11-25T20:16:17.026025Z, 0xfffffffffffffe00;0x724fcfc21134;0x724fcfcc8c0a;0x724fcfe156ae;0x724fcfe1d73d;0x724fd09af84a;0x724fcfbce12c;0x724fcfbce91a;0x724fcfbceed4;0x724fcfd80de1;cuMemcpyHtoDAsync_v2;0x724fc1c481a9;0x724fc1c17058;0x724fc1c768a1;0x724f610a9646;0x724f9d02f8a3;0x724f9d031187;|, 42.122805, 0.00, 74.660000
2025-11-25T20:16:17.031137Z, , 52.684192, 100.00, 74.660000
2025-11-25T20:16:17.036236Z, , 41.236111, 100.00, 74.660000
2025-11-25T20:16:17.041502Z, 0xfffffffffffffe00;0x724fcfc21154;0x724fcfcc8c0a;0x724fcfe156ae;0x724fcfe1d73d;0x724fd09af84a;0x724fcfbce12c;0x724fcfbce91a;0x724fcfbceed4;0x724fcfd80de1;cuMemcpyHtoDAsync_v2;0x724fc1c481a9;0x724fc1c17058;0x724fc1c768a1;0x724f610a9646;0x724f9d02f8a3;0x724f9d031187;|, 36.954085, 0.00, 74.660000
2025-11-25T20:16:17.046779Z, 0xfffffffffffffe00;0x724fcfc21134;0x724fcfcc8c0a;0x724fcfe156ae;0x724fcfe1d73d;0x724fd09af84a;0x724fcfbce12c;0x724fcfbce91a;0x724fcfbceed4;0x724fcfd80de1;cuMemcpyHtoDAsync_v2;0x724fc1c481a9;0x724fc1c17058;0x724fc1c768a1;0x724f610a9646;0x724f9d02f8a3;0x724f9d031187;|, 35.078473, 0.00, 74.660000
2025-11-25T20:16:17.051932Z, , 28.668152, 0.00, 74.660000
2025-11-25T20:16:17.057047Z, , 26.915162, 0.00, 74.660000
2025-11-25T20:16:17.062350Z, 0xfffffffffffffe00;0x724fcfc21134;0x724fcfcc8c0a;0x724fcfe156ae;0x724fcfe1d73d;0x724fd09af84a;0x724fcfbce12c;0x724fcfbce91a;0x724fcfbceed4;0x724fcfd80de1;cuMemcpyHtoDAsync_v2;0x724fc1c481a9;0x724fc1c17058;0x724fc1c768a1;0x724f610a9646;0x724f9d02f8a3;0x724f9d031187;|, 25.961725, 100.00, 74.660000
2025-11-25T20:16:17.067452Z, , 29.015635, 0.00, 74.660000
2025-11-25T20:16:17.072545Z, , 20.200344, 100.00, 74.660000
2025-11-25T20:16:17.077800Z, 0xfffffffffffffe00;0x724fcfc21134;0x724fcfcc8c0a;0x724fcfe156ae;0x724fcfe1d73d;0x724fd09af84a;0x724fcfbce12c;0x724fcfbce91a;0x724fcfbceed4;0x724fcfd80de1;cuMemcpyHtoDAsync_v2;0x724fc1c481a9;0x724fc1c17058;0x724fc1c768a1;0x724f610a9646;0x724f9d02f8a3;0x724f9d031187;|, 41.229139, 0.00, 74.660000
2025-11-25T20:16:17.082966Z, , 25.881383, 0.00, 74.660000
2025-11-25T20:16:17.088086Z, , 30.790856, 0.00, 74.660000
2025-11-25T20:16:17.093338Z, 0xfffffffffffffe00;0x724fcfcc8f70;0x724fcfe1d73d;0x724fd09af84a;0x724fcfbce12c;0x724fcfbce91a;0x724fcfbceed4;0x724fcfd80de1;cuMemcpyHtoDAsync_v2;0x724fc1c481a9;0x724fc1c17058;0x724fc1c768a1;0x724f610a9646;0x724f9d02f8a3;0x724f9d031187;|, 25.636714, 0.00, 74.660000
2025-11-25T20:16:17.098436Z, , 14.087709, 0.00, 74.660000
2025-11-25T20:16:17.103532Z, , 43.805421, 0.00, 74.660000
2025-11-25T20:16:17.108636Z, , 33.348252, 0.00, 74.660000
2025-11-25T20:16:17.113836Z, 0xfffffffffffffe00;0x724fd099d23e;0x724fcfc2b9f4;0x724fcfc51ce2;0x724fcfc5d5d5;0x724fcfbaa4f9;0x724fcfd39f77;cuCtxSynchronize;0x724fc1c0fb8b;0x724fc1c4a43a;0x724fc1f60b67;0x0;0x724fc09c4980;0x8b485355fc894900;|, 23.906980, 100.00, 74.660000
2025-11-25T20:16:17.118933Z, , 35.156396, 0.00, 74.660000
2025-11-25T20:16:17.124042Z, , 40.781691, 0.00, 74.660000
2025-11-25T20:16:17.129155Z, , 26.581365, 0.00, 74.660000
2025-11-25T20:16:17.134498Z, 0xfffffffffffffe00;0x724fd5cf6c36;clock_gettime@@GLIBC_2.17;0x724fcfd1bc04;0x724fcfc2bccc;0x724fcfc51ce2;0x724fcfc5d5d5;0x724fcfbaa4f9;0x724fcfd39f77;cuCtxSynchronize;0x724fc1c0fb8b;0x724fc1c4a43a;0x724fc1f60b67;0x0;0x724fc09c4980;0x8b485355fc894900;|, 40.916804, 100.00, 74.660000
2025-11-25T20:16:17.139779Z, 0xfffffffffffffe00;0x724fcfe61bc9;0x724fcfc1f183;0x724fcfc5de3b;0x724fd099d137;0x724fd099d585;0x724fcfc2b9f4;0x724fcfc51ce2;0x724fcfc5d5d5;0x724fcfbaa4f9;0x724fcfd39f77;cuCtxSynchronize;0x724fc1c0fb8b;0x724fc1c4a43a;0x724fc1f60b67;0x0;0x724fc09c4980;0x8b485355fc894900;|, 38.294894, 100.00, 74.660000
2025-11-25T20:16:17.144890Z, , 39.308124, 0.00, 74.660000
2025-11-25T20:16:17.150016Z, , 41.681704, 0.00, 74.660000
2025-11-25T20:16:17.155148Z, , 46.086979, 0.00, 74.660000
2025-11-25T20:16:17.160423Z, 0xfffffffffffffe00;0x724fcfe61b53;0x724fcfc1f183;0x724fcfc5de3b;0x724fd099d137;0x724fd099d585;0x724fcfc2b9f4;0x724fcfc51ce2;0x724fcfc5d5d5;0x724fcfbaa4f9;0x724fcfd39f77;cuCtxSynchronize;0x724fc1c0fb8b;0x724fc1c4a43a;0x724fc1f60b67;0x0;0x724fc09c4980;0x8b485355fc894900;|, 55.957007, 100.00, 74.660000
2025-11-25T20:16:17.165552Z, , 56.230167, 100.00, 74.660000
2025-11-25T20:16:17.170854Z, 0xfffffffffffffe00;0x724fcfc21134;0x724fcfcc8c0a;0x724fcfe156ae;0x724fcfe1d73d;0x724fd09af84a;0x724fcfbce12c;0x724fcfbce91a;0x724fcfbceed4;0x724fcfd80de1;cuMemcpyHtoDAsync_v2;0x724fc1c481a9;0x724fc1c17058;0x724fc1c768a1;0x724f610a9646;0x724f9d02f8a3;0x724f9d031187;|, 44.350980, 0.00, 74.660000
2025-11-25T20:16:17.175954Z, , 22.694528, 0.00, 74.660000
2025-11-25T20:16:17.181255Z, 0xfffffffffffffe00;0x724fcfc21134;0x724fcfcc8c0a;0x724fcfe156ae;0x724fcfe1d73d;0x724fd09af84a;0x724fcfbce12c;0x724fcfbce91a;0x724fcfbceed4;0x724fcfd80de1;cuMemcpyHtoDAsync_v2;0x724fc1c481a9;0x724fc1c17058;0x724fc1c768a1;0x724f610a9646;0x724f9d02f8a3;0x724f9d031187;|, 59.953625, 0.00, 74.660000
2025-11-25T20:16:17.186363Z, , 48.035768, 0.00, 74.660000
2025-11-25T20:16:17.191649Z, 0xfffffffffffffe00;0x724fcfc21134;0x724fcfcc8c0a;0x724fcfe156ae;0x724fcfe1d73d;0x724fd09af84a;0x724fcfbce12c;0x724fcfbce91a;0x724fcfbceed4;0x724fcfd80de1;cuMemcpyHtoDAsync_v2;0x724fc1c481a9;0x724fc1c17058;0x724fc1c768a1;0x724f610a9646;0x724f9d02f8a3;0x724f9d031187;|, 46.386635, 0.00, 74.660000
2025-11-25T20:16:17.196786Z, , 39.715523, 0.00, 74.660000
2025-11-25T20:16:17.201884Z, , 20.090771, 0.00, 74.660000
2025-11-25T20:16:17.207199Z, 0xfffffffffffffe00;0x724fcfc1f192;0x724fcfc5de3b;0x724fd099d137;0x724fd099d585;0x724fcfc2b9f4;0x724fcfe1568d;0x724fcfe1d73d;0x724fd09af84a;0x724fcfbce12c;0x724fcfbce91a;0x724fcfbceed4;0x724fcfd80de1;cuMemcpyHtoDAsync_v2;0x724fc1c481a9;0x724fc1c17058;0x724fc1c768a1;0x724f610a9646;0x724f9d02f8a3;0x724f9d031187;|, 58.535302, 0.00, 74.660000
2025-11-25T20:16:17.212319Z, , 39.025641, 100.00, 74.660000
2025-11-25T20:16:17.217595Z, 0xfffffffffffffe00;0x724fcfc21134;0x724fcfcc8c0a;0x724fcfe156ae;0x724fcfe1d73d;0x724fd09af84a;0x724fcfbce12c;0x724fcfbce91a;0x724fcfbceed4;0x724fcfd80de1;cuMemcpyHtoDAsync_v2;0x724fc1c481a9;0x724fc1c17058;0x724fc1c768a1;0x724f610a9646;0x724f9d02f8a3;0x724f9d031187;|, 38.296664, 100.00, 74.660000
2025-11-25T20:16:17.222699Z, , 38.561260, 0.00, 74.660000
2025-11-25T20:16:17.227824Z, , 50.261432, 0.00, 74.660000
2025-11-25T20:16:17.233096Z, 0xfffffffffffffe00;0x724fcfc2114c;0x724fcfcc8c0a;0x724fcfe156ae;0x724fcfe1d73d;0x724fd09af84a;0x724fcfbce12c;0x724fcfbce91a;0x724fcfbceed4;0x724fcfd80de1;cuMemcpyHtoDAsync_v2;0x724fc1c481a9;0x724fc1c17058;0x724fc1c768a1;0x724f610a9646;0x724f9d02f8a3;0x724f9d031187;|, 31.871270, 0.00, 74.660000
2025-11-25T20:16:17.238381Z, 0xfffffffffffffe00;0x724fcfc21134;0x724fcfcc8c0a;0x724fcfe156ae;0x724fcfe1d73d;0x724fd09af84a;0x724fcfbce12c;0x724fcfbce91a;0x724fcfbceed4;0x724fcfd80de1;cuMemcpyHtoDAsync_v2;0x724fc1c481a9;0x724fc1c17058;0x724fc1c768a1;0x724f610a9646;0x724f9d02f8a3;0x724f9d031187;|, 30.229716, 100.00, 74.660000
2025-11-25T20:16:17.243482Z, , 32.426985, 0.00, 74.660000
2025-11-25T20:16:17.248643Z, , 18.410008, 100.00, 74.660000
2025-11-25T20:16:17.253748Z, , 72.134605, 0.00, 74.660000
2025-11-25T20:16:17.258879Z, , 43.437123, 0.00, 74.660000
2025-11-25T20:16:17.264163Z, 0xfffffffffffffe00;0x724fcfc21154;0x724fcfcc8c0a;0x724fcfe156ae;0x724fcfe1d73d;0x724fd09af84a;0x724fcfbce12c;0x724fcfbce91a;0x724fcfbceed4;0x724fcfd80de1;cuMemcpyHtoDAsync_v2;0x724fc1c481a9;0x724fc1c17058;0x724fc1c768a1;0x724f610a9646;0x724f9d02f8a3;0x724f9d031187;|, 43.870586, 0.00, 74.660000
2025-11-25T20:16:17.269378Z, 0xfffffffffffffe00;0x724fcfc2b9bb;0x724fcfc51ce2;0x724fcfc5d5d5;0x724fcfbaa4f9;0x724fcfd39f77;cuCtxSynchronize;0x724fc1c0fb8b;0x724fc1c4a43a;0x724fc1f60b67;0x0;0x724fc09c4980;0x8b485355fc894900;|, 35.304390, 0.00, 74.660000
2025-11-25T20:16:17.274491Z, , 40.333875, 0.00, 74.660000
2025-11-25T20:16:17.279612Z, , 30.700444, 0.00, 74.660000
2025-11-25T20:16:17.284877Z, 0xfffffffffffffe00;0x724fcfc21134;0x724fcfcc8c0a;0x724fcfe156ae;0x724fcfe1d73d;0x724fd09af84a;0x724fcfbce12c;0x724fcfbce91a;0x724fcfbceed4;0x724fcfd80de1;cuMemcpyHtoDAsync_v2;0x724fc1c481a9;0x724fc1c17058;0x724fc1c768a1;0x724f610a9646;0x724f9d02f8a3;0x724f9d031187;|, 26.342332, 0.00, 74.660000
2025-11-25T20:16:17.290031Z, , 18.781734, 0.00, 74.660000
2025-11-25T20:16:17.295175Z, , 44.531885, 0.00, 74.660000
2025-11-25T20:16:17.300433Z, 0xfffffffffffffe00;0x724fcfc21148;0x724fcfcc8c0a;0x724fcfe156ae;0x724fcfe1d73d;0x724fd09af84a;0x724fcfbce12c;0x724fcfbce91a;0x724fcfbceed4;0x724fcfd80de1;cuMemcpyHtoDAsync_v2;0x724fc1c481a9;0x724fc1c17058;0x724fc1c768a1;0x724f610a9646;0x724f9d02f8a3;0x724f9d031187;|, 30.665456, 100.00, 74.801000
2025-11-25T20:16:17.305675Z, 0xfffffffffffffe00;0x724fcfc21134;0x724fcfcc8c0a;0x724fcfe156ae;0x724fcfe1d73d;0x724fd09af84a;0x724fcfbce12c;0x724fcfbce91a;0x724fcfbceed4;0x724fcfd80de1;cuMemcpyHtoDAsync_v2;0x724fc1c481a9;0x724fc1c17058;0x724fc1c768a1;0x724f610a9646;0x724f9d02f8a3;0x724f9d031187;|, 27.531689, 0.00, 74.801000
2025-11-25T20:16:17.310779Z, , 31.391461, 0.00, 74.801000
2025-11-25T20:16:17.315872Z, , 24.236272, 0.00, 74.801000
2025-11-25T20:16:17.320967Z, , 29.999181, 0.00, 74.801000
2025-11-25T20:16:17.326130Z, , 41.994881, 0.00, 74.801000
2025-11-25T20:16:17.331261Z, , 16.367472, 0.00, 74.801000
2025-11-25T20:16:17.336434Z, , 14.547383, 0.00, 74.801000
2025-11-25T20:16:17.341617Z, , 16.598967, 0.00, 74.801000
2025-11-25T20:16:17.346819Z, , 15.317957, 0.00, 74.801000
2025-11-25T20:16:17.351995Z, , 19.546323, 0.00, 74.801000
2025-11-25T20:16:17.357191Z, , 14.131225, 0.00, 74.801000
2025-11-25T20:16:17.362390Z, , 21.343986, 0.00, 74.801000
2025-11-25T20:16:17.367583Z, , 17.059071, 100.00, 74.801000
2025-11-25T20:16:17.372963Z, 0xfffffffffffffe00;0x724fcfe61b53;0x724fcfc1f183;0x724fcfc5de3b;0x724fd099d137;0x724fd099d585;0x724fcfc2b9f4;0x724fcfc51ce2;0x724fcfc5d5d5;0x724fcfbaa4f9;0x724fcfd39f77;cuCtxSynchronize;0x724fc1c0fb8b;0x724fc1c4a43a;0x724fc1f60b67;0x0;0x724fc09c4980;0x8b485355fc894900;|, 19.602118, 0.00, 74.801000
2025-11-25T20:16:17.378104Z, , 29.258639, 100.00, 74.801000
2025-11-25T20:16:17.383453Z, 0xfffffffffffffe00;0x724fd5cf6c36;clock_gettime@@GLIBC_2.17;0x724fcfd1bc04;0x724fcfc2bccc;0x724fcfc51ce2;0x724fcfc5d5d5;0x724fcfbaa4f9;0x724fcfd39f77;cuCtxSynchronize;0x724fc1c0fb8b;0x724fc1c4a43a;0x724fc1f60b67;0x0;0x724fc09c4980;0x8b485355fc894900;|, 29.086405, 100.00, 74.801000
2025-11-25T20:16:17.388594Z, , 30.013421, 0.00, 74.801000
2025-11-25T20:16:17.393691Z, , 30.154341, 0.00, 74.801000
2025-11-25T20:16:17.398981Z, 0xfffffffffffffe00;0x724fcfe61bac;0x724fcfc1f183;0x724fcfc5de3b;0x724fd099d137;0x724fd099d585;0x724fcfc2b9f4;0x724fcfc51ce2;0x724fcfc5d5d5;0x724fcfbaa4f9;0x724fcfd39f77;cuCtxSynchronize;0x724fc1c0fb8b;0x724fc1c4a43a;0x724fc1f60b67;0x0;0x724fc09c4980;0x8b485355fc894900;|, 58.731563, 0.00, 74.801000
2025-11-25T20:16:17.404114Z, , 48.898849, 0.00, 74.801000
2025-11-25T20:16:17.409350Z, 0xfffffffffffffe00;0x724fcfd1bc31;0x724fcfc2bccc;0x724fcfc51ce2;0x724fcfc5d5d5;0x724fcfbaa4f9;0x724fcfd39f77;cuCtxSynchronize;0x724fc1c0fb8b;0x724fc1c4a43a;0x724fc1f60b67;0x0;0x724fc09c4980;0x8b485355fc894900;|, 31.093053, 100.00, 74.801000
2025-11-25T20:16:17.414643Z, 0xfffffffffffffe00;0x724fcfc21154;0x724fcfcc8c0a;0x724fcfe156ae;0x724fcfe1d73d;0x724fd09af84a;0x724fcfbce12c;0x724fcfbce91a;0x724fcfbceed4;0x724fcfd80de1;cuMemcpyHtoDAsync_v2;0x724fc1c481a9;0x724fc1c17058;0x724fc1c768a1;0x724f610a9646;0x724f9d02f8a3;0x724f9d031187;|, 32.625984, 0.00, 74.801000
2025-11-25T20:16:17.419735Z, , 23.102162, 0.00, 74.801000
2025-11-25T20:16:17.424850Z, , 44.474799, 0.00, 74.801000
2025-11-25T20:16:17.430083Z, 0xfffffffffffffe00;0x724fcfc21130;0x724fcfcc8c0a;0x724fcfe156ae;0x724fcfe1d73d;0x724fd09af84a;0x724fcfbce12c;0x724fcfbce91a;0x724fcfbceed4;0x724fcfd80de1;cuMemcpyHtoDAsync_v2;0x724fc1c481a9;0x724fc1c17058;0x724fc1c768a1;0x724f610a9646;0x724f9d02f8a3;0x724f9d031187;|, 44.779161, 0.00, 74.801000
2025-11-25T20:16:17.435187Z, , 48.489879, 0.00, 74.801000
2025-11-25T20:16:17.440336Z, , 43.366253, 0.00, 74.801000
2025-11-25T20:16:17.445570Z, 0xfffffffffffffe00;0x724fcfb66950;0x724fcfc2bccc;0x724fcfc51ce2;0x724fcfc5d5d5;0x724fcfbaa4f9;0x724fcfd39f77;cuCtxSynchronize;0x724fc1c0fb8b;0x724fc1c4a43a;0x724fc1f60b67;0x0;0x724fc09c4980;0x8b485355fc894900;|, 65.476599, 50.00, 74.801000
2025-11-25T20:16:17.450829Z, 0xfffffffffffffe00;0x724fcfe61b7b;0x724fcfc1f183;0x724fcfc5de3b;0x724fd099d137;0x724fd099d585;0x724fcfc2b9f4;0x724fcfc51ce2;0x724fcfc5d5d5;0x724fcfbaa4f9;0x724fcfd39f77;cuCtxSynchronize;0x724fc1c0fb8b;0x724fc1c4a43a;0x724fc1f60b67;0x0;0x724fc09c4980;0x8b485355fc894900;|, 44.131178, 100.00, 74.801000
2025-11-25T20:16:17.455945Z, , 57.799267, 200.00, 74.801000
2025-11-25T20:16:17.461241Z, 0xfffffffffffffe00;0x724fcfc1f17d;0x724fcfc5de3b;0x724fd099d137;0x724fd099d585;0x724fcfc2b9f4;0x724fcfc51ce2;0x724fcfc5d5d5;0x724fcfbaa4f9;0x724fcfd39f77;cuCtxSynchronize;0x724fc1c0fb8b;0x724fc1c4a43a;0x724fc1f60b67;0x0;0x724fc09c4980;0x8b485355fc894900;|, 43.671530, 200.00, 74.801000
2025-11-25T20:16:17.466368Z, , 56.098967, 0.00, 74.801000
2025-11-25T20:16:17.471471Z, , 55.238765, 100.00, 74.801000
2025-11-25T20:16:17.476770Z, 0xfffffffffffffe00;0x724fcfc21134;0x724fcfcc8c0a;0x724fcfe156ae;0x724fcfe1d73d;0x724fd09af84a;0x724fcfbce12c;0x724fcfbce91a;0x724fcfbceed4;0x724fcfd80de1;cuMemcpyHtoDAsync_v2;0x724fc1c481a9;0x724fc1c17058;0x724fc1c768a1;0x724f610a9646;0x724f9d02f8a3;0x724f9d031187;|, 47.336756, 0.00, 74.801000
2025-11-25T20:16:17.481890Z, , 46.229863, 100.00, 74.801000
2025-11-25T20:16:17.487027Z, , 47.002249, 0.00, 74.801000
2025-11-25T20:16:17.492314Z, 0xfffffffffffffe00;0x724fcfe61bdd;0x724fcfc1f183;0x724fcfc5de3b;0x724fd099d137;0x724fd099d585;0x724fcfc2b9f4;0x724fcfc51ce2;0x724fcfc5d5d5;0x724fcfbaa4f9;0x724fcfd39f77;cuCtxSynchronize;0x724fc1c0fb8b;0x724fc1c4a43a;0x724fc1f60b67;0x0;0x724fc09c4980;0x8b485355fc894900;|, 51.728401, 100.00, 74.801000
2025-11-25T20:16:17.497455Z, , 51.575235, 100.00, 74.801000
2025-11-25T20:16:17.502703Z, 0xfffffffffffffe00;0x724fcfc21134;0x724fcfcc8c0a;0x724fcfe156ae;0x724fcfe1d73d;0x724fd09af84a;0x724fcfbce12c;0x724fcfbce91a;0x724fcfbceed4;0x724fcfd80de1;cuMemcpyHtoDAsync_v2;0x724fc1c481a9;0x724fc1c17058;0x724fc1c768a1;0x724f610a9646;0x724f9d02f8a3;0x724f9d031187;|, 37.052674, 0.00, 74.801000
2025-11-25T20:16:17.507992Z, 0xfffffffffffffe00;0x724fcfe61b74;0x724fcfc1f183;0x724fcfc5de3b;0x724fd099d137;0x724fd099d585;0x724fcfc2b9f4;0x724fcfc51ce2;0x724fcfc5d5d5;0x724fcfbaa4f9;0x724fcfd39f77;cuCtxSynchronize;0x724fc1c0fb8b;0x724fc1c4a43a;0x724fc1f60b67;0x0;0x724fc09c4980;0x8b485355fc894900;|, 55.627320, 0.00, 74.801000
2025-11-25T20:16:17.513102Z, , 43.046939, 0.00, 74.801000
2025-11-25T20:16:17.518384Z, 0xfffffffffffffe00;0x724fcfc21134;0x724fcfcc8c0a;0x724fcfe156ae;0x724fcfe1d73d;0x724fd09af84a;0x724fcfbce12c;0x724fcfbce91a;0x724fcfbceed4;0x724fcfd80de1;cuMemcpyHtoDAsync_v2;0x724fc1c481a9;0x724fc1c17058;0x724fc1c768a1;0x724f610a9646;0x724f9d02f8a3;0x724f9d031187;|, 28.850916, 0.00, 74.801000
2025-11-25T20:16:17.523525Z, , 18.452085, 0.00, 74.801000
2025-11-25T20:16:17.528664Z, , 42.183184, 0.00, 74.801000
2025-11-25T20:16:17.533771Z, , 44.906831, 0.00, 74.801000
2025-11-25T20:16:17.538876Z, , 41.423579, 0.00, 74.801000
2025-11-25T20:16:17.544019Z, , 39.769631, 0.00, 74.801000
2025-11-25T20:16:17.549203Z, , 56.323486, 0.00, 74.801000
2025-11-25T20:16:17.554600Z, 0xfffffffffffffe00;0x724fcfc1f186;0x724fcfc5de3b;0x724fd099d137;0x724fd099d585;0x724fcfc2b9f4;0x724fcfc51ce2;0x724fcfc5d5d5;0x724fcfbaa4f9;0x724fcfd39f77;cuCtxSynchronize;0x724fc1c0fb8b;0x724fc1c4a43a;0x724fc1f60b67;0x0;0x724fc09c4980;0x8b485355fc894900;|, 51.518804, 0.00, 74.801000
2025-11-25T20:16:17.559908Z, 0xfffffffffffffe00;0x724fcfc21134;0x724fcfcc8c0a;0x724fcfe156ae;0x724fcfe1d73d;0x724fd09af84a;0x724fcfbce12c;0x724fcfbce91a;0x724fcfbceed4;0x724fcfd80de1;cuMemcpyHtoDAsync_v2;0x724fc1c481a9;0x724fc1c17058;0x724fc1c768a1;0x724f610a9646;0x724f9d02f8a3;0x724f9d031187;|, 48.020214, 0.00, 74.801000
2025-11-25T20:16:17.565061Z, , 40.067502, 0.00, 74.801000
2025-11-25T20:16:17.570269Z, , 26.366466, 0.00, 74.801000
2025-11-25T20:16:17.575546Z, 0xfffffffffffffe00;0x724fcfc21134;0x724fcfcc8c0a;0x724fcfe156ae;0x724fcfe1d73d;0x724fd09af84a;0x724fcfbce12c;0x724fcfbce91a;0x724fcfbceed4;0x724fcfd80de1;cuMemcpyHtoDAsync_v2;0x724fc1c481a9;0x724fc1c17058;0x724fc1c768a1;0x724f610a9646;0x724f9d02f8a3;0x724f9d031187;|, 71.570723, 0.00, 74.801000
2025-11-25T20:16:17.580812Z, 0xfffffffffffffe00;0x724fcfe61b53;0x724fcfc1f183;0x724fcfc5de3b;0x724fd099d137;0x724fd099d585;0x724fcfc2b9f4;0x724fcfc51ce2;0x724fcfc5d5d5;0x724fcfbaa4f9;0x724fcfd39f77;cuCtxSynchronize;0x724fc1c0fb8b;0x724fc1c4a43a;0x724fc1f60b67;0x0;0x724fc09c4980;0x8b485355fc894900;|, 33.155756, 100.00, 74.801000
2025-11-25T20:16:17.585984Z, , 28.568216, 0.00, 74.801000
2025-11-25T20:16:17.591242Z, 0xfffffffffffffe00;0x724fd099d548;0x724fcfc2b9f4;0x724fcfc51ce2;0x724fcfc5d5d5;0x724fcfbaa4f9;0x724fcfd39f77;cuCtxSynchronize;0x724fc1c0fb8b;0x724fc1c4a43a;0x724fc1f60b67;0x0;0x724fc09c4980;0x8b485355fc894900;|, 38.828927, 100.00, 74.801000
2025-11-25T20:16:17.596415Z, , 28.429364, 0.00, 74.801000
2025-11-25T20:16:17.601529Z, , 33.662211, 100.00, 74.801000
2025-11-25T20:16:17.606826Z, 0xfffffffffffffe00;0x724fcfc1f192;0x724fcfc5de3b;0x724fd099d137;0x724fd099d585;0x724fcfc2b9f4;0x724fcfc51ce2;0x724fcfc5d5d5;0x724fcfbaa4f9;0x724fcfd39f77;cuCtxSynchronize;0x724fc1c0fb8b;0x724fc1c4a43a;0x724fc1f60b67;0x0;0x724fc09c4980;0x8b485355fc894900;|, 30.260926, 0.00, 74.801000
2025-11-25T20:16:17.611955Z, , 30.886848, 100.00, 74.801000
2025-11-25T20:16:17.617332Z, 0xfffffffffffffe00;0x724fcfe61c76;0x724fcfc1f183;0x724fcfc5de3b;0x724fd099d137;0x724fd099d585;0x724fcfc2b9f4;0x724fcfc51ce2;0x724fcfc5d5d5;0x724fcfbaa4f9;0x724fcfd39f77;cuCtxSynchronize;0x724fc1c0fb8b;0x724fc1c4a43a;0x724fc1f60b67;0x0;0x724fc09c4980;0x8b485355fc894900;|, 27.295412, 0.00, 74.801000
2025-11-25T20:16:17.622945Z, 0xfffffffffffffe00;0x724fcfe61bd8;0x724fcfc1f183;0x724fcfc5de3b;0x724fd099d137;0x724fd099d585;0x724fcfc2b9f4;0x724fcfc51ce2;0x724fcfc5d5d5;0x724fcfbaa4f9;0x724fcfd39f77;cuCtxSynchronize;0x724fc1c0fb8b;0x724fc1c4a43a;0x724fc1f60b67;0x0;0x724fc09c4980;0x8b485355fc894900;|, 30.778717, 100.00, 74.801000
2025-11-25T20:16:17.628774Z, 0xfffffffffffffe00;0x724fcfc21138;0x724fcfcc8c0a;0x724fcfe156ae;0x724fcfe1d73d;0x724fd09af84a;0x724fcfbce12c;0x724fcfbce91a;0x724fcfbceed4;0x724fcfd80de1;cuMemcpyHtoDAsync_v2;0x724fc1c481a9;0x724fc1c17058;0x724fc1c768a1;0x724f610a9646;0x724f9d02f8a3;0x724f9d031187;|, 38.473266, 50.00, 74.801000
2025-11-25T20:16:17.634092Z, , 37.062708, 0.00, 74.801000
2025-11-25T20:16:17.639359Z, , 30.631167, 0.00, 74.801000
2025-11-25T20:16:17.644566Z, , 23.523370, 0.00, 74.801000
2025-11-25T20:16:17.650121Z, 0xffffffffffffff80;0xffffffffbae1cdf0;0xffffffffbadea35d;0xffffffffbadfdbc6;0xffffffffbadfdfcd;0xffffffffbade5de8;0xffffffffbaea82b4;0xffffffffbaec1ac7;0xffffffffbaea95ff;0xffffffffbaeaa3fd;0xffffffffbad2eff3;0xffffffffbbedca67;0xffffffffbaa00f0b;0xfffffffffffffe00;0x724fcfc21134;0x724fcfcc8c0a;0x724fcfe156ae;0x724fcfe1d73d;0x724fd09af84a;0x724fcfbce12c;0x724fcfbce91a;0x724fcfbceed4;0x724fcfd80de1;cuMemcpyHtoDAsync_v2;0x724fc1c481a9;0x724fc1c17058;0x724fc1c768a1;0x724f610a9646;0x724f9d02f8a3;0x724f9d031187;|, 32.114093, 0.00, 74.801000
2025-11-25T20:16:17.655545Z, 0xfffffffffffffe00;0x724fcfc21134;0x724fcfcc8c0a;0x724fcfe156ae;0x724fcfe1d73d;0x724fd09af84a;0x724fcfbce12c;0x724fcfbce91a;0x724fcfbceed4;0x724fcfd80de1;cuMemcpyHtoDAsync_v2;0x724fc1c481a9;0x724fc1c17058;0x724fc1c768a1;0x724f610a9646;0x724f9d02f8a3;0x724f9d031187;|, 31.503605, 0.00, 74.801000
2025-11-25T20:16:17.660713Z, , 36.491059, 0.00, 74.801000
2025-11-25T20:16:17.665827Z, , 40.805871, 0.00, 74.801000
2025-11-25T20:16:17.670975Z, , 46.065210, 0.00, 74.801000
2025-11-25T20:16:17.676139Z, , 43.808451, 0.00, 74.801000
2025-11-25T20:16:17.681469Z, 0xfffffffffffffe00;0x724fcfc21148;0x724fcfcc8c0a;0x724fcfe156ae;0x724fcfe1d73d;0x724fd09af84a;0x724fcfbce12c;0x724fcfbce91a;0x724fcfbceed4;0x724fcfd80de1;cuMemcpyHtoDAsync_v2;0x724fc1c481a9;0x724fc1c17058;0x724fc1c768a1;0x724f610a9646;0x724f9d02f8a3;0x724f9d031187;|, 46.850582, 0.00, 74.801000
2025-11-25T20:16:17.686616Z, , 58.591427, 100.00, 74.801000
2025-11-25T20:16:17.691750Z, , 53.468091, 0.00, 74.801000
2025-11-25T20:16:17.697017Z, 0xfffffffffffffe00;0x724fcfe61b74;0x724fcfc1f183;0x724fcfc5de3b;0x724fd099d137;0x724fd099d585;0x724fcfc2b9f4;0x724fcfc51ce2;0x724fcfc5d5d5;0x724fcfbaa4f9;0x724fcfd39f77;cuCtxSynchronize;0x724fc1c0fb8b;0x724fc1c4a43a;0x724fc1f60b67;0x0;0x724fc09c4980;0x8b485355fc894900;|, 41.770969, 0.00, 74.801000
2025-11-25T20:16:17.702292Z, 0xfffffffffffffe00;0x724fcfc21134;0x724fcfcc8c0a;0x724fcfe156ae;0x724fcfe1d73d;0x724fd09af84a;0x724fcfbce12c;0x724fcfbce91a;0x724fcfbceed4;0x724fcfd80de1;cuMemcpyHtoDAsync_v2;0x724fc1c481a9;0x724fc1c17058;0x724fc1c768a1;0x724f610a9646;0x724f9d02f8a3;0x724f9d031187;|, 44.303056, 0.00, 74.801000
2025-11-25T20:16:17.707452Z, , 37.164045, 100.00, 74.801000
2025-11-25T20:16:17.712756Z, 0xfffffffffffffe00;0x724fcfc21138;0x724fcfcc8c0a;0x724fcfe156ae;0x724fcfe1d73d;0x724fd09af84a;0x724fcfbce12c;0x724fcfbce91a;0x724fcfbceed4;0x724fcfd80de1;cuMemcpyHtoDAsync_v2;0x724fc1c481a9;0x724fc1c17058;0x724fc1c768a1;0x724f610a9646;0x724f9d02f8a3;0x724f9d031187;|, 36.797861, 0.00, 74.801000
2025-11-25T20:16:17.718033Z, , 27.658567, 100.00, 74.801000
2025-11-25T20:16:17.723277Z, , 20.158203, 0.00, 74.801000
2025-11-25T20:16:17.728607Z, 0xfffffffffffffe00;0x724fcfc21144;0x724fcfcc8c0a;0x724fcfe156ae;0x724fcfe1d73d;0x724fd09af84a;0x724fcfbce12c;0x724fcfbce91a;0x724fcfbceed4;0x724fcfd80de1;cuMemcpyHtoDAsync_v2;0x724fc1c481a9;0x724fc1c17058;0x724fc1c768a1;0x724f610a9646;0x724f9d02f8a3;0x724f9d031187;|, 38.245198, 0.00, 74.801000
2025-11-25T20:16:17.733777Z, , 39.920354, 0.00, 74.801000
2025-11-25T20:16:17.739084Z, 0xfffffffffffffe00;0x724fcfc21134;0x724fcfcc8c0a;0x724fcfe156ae;0x724fcfe1d73d;0x724fd09af84a;0x724fcfbce12c;0x724fcfbce91a;0x724fcfbceed4;0x724fcfd80de1;cuMemcpyHtoDAsync_v2;0x724fc1c481a9;0x724fc1c17058;0x724fc1c768a1;0x724f610a9646;0x724f9d02f8a3;0x724f9d031187;|, 29.826245, 0.00, 74.801000
2025-11-25T20:16:17.744255Z, , 52.097021, 0.00, 74.801000
2025-11-25T20:16:17.749372Z, , 40.967069, 0.00, 74.801000
2025-11-25T20:16:17.754474Z, , 44.117768, 0.00, 74.801000
2025-11-25T20:16:17.759574Z, , 62.094734, 0.00, 74.801000
2025-11-25T20:16:17.764829Z, 0xfffffffffffffe00;0x724fcfe61b74;0x724fcfc1f183;0x724fcfc5de3b;0x724fd099d137;0x724fd099d585;0x724fcfc2b9f4;0x724fcfc51ce2;0x724fcfc5d5d5;0x724fcfbaa4f9;0x724fcfd39f77;cuCtxSynchronize;0x724fc1c0fb8b;0x724fc1c4a43a;0x724fc1f60b67;0x0;0x724fc09c4980;0x8b485355fc894900;|, 44.990041, 0.00, 74.801000
2025-11-25T20:16:17.769966Z, , 48.403943, 0.00, 74.801000
2025-11-25T20:16:17.775258Z, 0xfffffffffffffe00;0x724fcfc1f040;0x724fd099d137;0x724fd099d585;0x724fcfc2b9f4;0x724fcfc51ce2;0x724fcfc5d5d5;0x724fcfbaa4f9;0x724fcfd39f77;cuCtxSynchronize;0x724fc1c0fb8b;0x724fc1c4a43a;0x724fc1f60b67;0x0;0x724fc09c4980;0x8b485355fc894900;|, 33.814622, 0.00, 74.801000
2025-11-25T20:16:17.780542Z, 0xfffffffffffffe00;0x724fcfc21134;0x724fcfcc8c0a;0x724fcfe156ae;0x724fcfe1d73d;0x724fd09af84a;0x724fcfbce12c;0x724fcfbce91a;0x724fcfbceed4;0x724fcfd80de1;cuMemcpyHtoDAsync_v2;0x724fc1c481a9;0x724fc1c17058;0x724fc1c768a1;0x724f610a9646;0x724f9d02f8a3;0x724f9d031187;|, 37.607112, 0.00, 74.801000
2025-11-25T20:16:17.785805Z, , 39.419063, 0.00, 74.801000
2025-11-25T20:16:17.791094Z, , 26.926683, 0.00, 74.801000
2025-11-25T20:16:17.796201Z, , 25.969429, 100.00, 74.801000
2025-11-25T20:16:17.801448Z, 0xfffffffffffffe00;0x724fcfc21134;0x724fcfcc8c0a;0x724fcfe156ae;0x724fcfe1d73d;0x724fd09af84a;0x724fcfbce12c;0x724fcfbce91a;0x724fcfbceed4;0x724fcfd80de1;cuMemcpyHtoDAsync_v2;0x724fc1c481a9;0x724fc1c17058;0x724fc1c768a1;0x724f610a9646;0x724f9d02f8a3;0x724f9d031187;|, 32.879184, 0.00, 74.824000
2025-11-25T20:16:17.806596Z, , 33.142971, 0.00, 74.824000
2025-11-25T20:16:17.811711Z, , 53.745133, 0.00, 74.824000
2025-11-25T20:16:17.816994Z, 0xfffffffffffffe00;0x724fcfe61bb1;0x724fcfc1f183;0x724fcfc5de3b;0x724fd099d137;0x724fd099d585;0x724fcfc2b9f4;0x724fcfc51ce2;0x724fcfc5d5d5;0x724fcfbaa4f9;0x724fcfd39f77;cuCtxSynchronize;0x724fc1c0fb8b;0x724fc1c4a43a;0x724fc1f60b67;0x0;0x724fc09c4980;0x8b485355fc894900;|, 36.202208, 0.00, 74.824000
2025-11-25T20:16:17.822134Z, , 26.691356, 0.00, 74.824000
2025-11-25T20:16:17.827208Z, , 42.179204, 0.00, 74.824000
2025-11-25T20:16:17.832441Z, 0xfffffffffffffe00;0x724fcfc1f186;0x724fcfc5de3b;0x724fd099d137;0x724fd099d585;0x724fcfc2b9f4;0x724fcfc51ce2;0x724fcfc5d5d5;0x724fcfbaa4f9;0x724fcfd39f77;cuCtxSynchronize;0x724fc1c0fb8b;0x724fc1c4a43a;0x724fc1f60b67;0x0;0x724fc09c4980;0x8b485355fc894900;|, 54.746326, 0.00, 74.824000
2025-11-25T20:16:17.837580Z, , 31.932315, 0.00, 74.824000
2025-11-25T20:16:17.842831Z, 0xfffffffffffffe00;0x724fcfc2b9f6;0x724fcfc51ce2;0x724fcfc5d5d5;0x724fcfbaa4f9;0x724fcfd39f77;cuCtxSynchronize;0x724fc1c0fb8b;0x724fc1c4a43a;0x724fc1f60b67;0x0;0x724fc09c4980;0x8b485355fc894900;|, 27.304445, 0.00, 74.824000
2025-11-25T20:16:17.848007Z, , 28.782121, 0.00, 74.824000
2025-11-25T20:16:17.853394Z, 0xfffffffffffffe00;0x724fcfc1f157;0x724fcfc5de3b;0x724fd099d137;0x724fd099d585;0x724fcfc2b9f4;0x724fcfc51ce2;0x724fcfc5d5d5;0x724fcfbaa4f9;0x724fcfd39f77;cuCtxSynchronize;0x724fc1c0fb8b;0x724fc1c4a43a;0x724fc1f60b67;0x0;0x724fc09c4980;0x8b485355fc894900;|, 21.187814, 0.00, 74.824000
2025-11-25T20:16:17.858506Z, , 19.256205, 0.00, 74.824000
2025-11-25T20:16:17.863610Z, , 41.622455, 100.00, 74.824000
2025-11-25T20:16:17.868729Z, , 43.416227, 200.00, 74.824000
2025-11-25T20:16:17.873991Z, 0xfffffffffffffe00;0x724fcfe61bac;0x724fcfc1f183;0x724fcfc5de3b;0x724fd099d137;0x724fd099d585;0x724fcfc2b9f4;0x724fcfc51ce2;0x724fcfc5d5d5;0x724fcfbaa4f9;0x724fcfd39f77;cuCtxSynchronize;0x724fc1c0fb8b;0x724fc1c4a43a;0x724fc1f60b67;0x0;0x724fc09c4980;0x8b485355fc894900;|, 28.015032, 0.00, 74.824000
2025-11-25T20:16:17.879128Z, , 33.168799, 100.00, 74.824000
2025-11-25T20:16:17.884407Z, 0xfffffffffffffe00;0x724fcfc21134;0x724fcfcc8c0a;0x724fcfe156ae;0x724fcfe1d73d;0x724fd09af84a;0x724fcfbce12c;0x724fcfbce91a;0x724fcfbceed4;0x724fcfd80de1;cuMemcpyHtoDAsync_v2;0x724fc1c481a9;0x724fc1c17058;0x724fc1c768a1;0x724f610a9646;0x724f9d02f8a3;0x724f9d031187;|, 30.369951, 0.00, 74.824000
2025-11-25T20:16:17.889513Z, , 28.283537, 0.00, 74.824000
2025-11-25T20:16:17.894640Z, , 32.016156, 100.00, 74.824000
2025-11-25T20:16:17.900059Z, 0xfffffffffffffe00;0x724fcfe61bb7;0x724fcfc1f183;0x724fcfc5de3b;0x724fd099d137;0x724fd099d585;0x724fcfc2b9f4;0x724fcfc51ce2;0x724fcfc5d5d5;0x724fcfbaa4f9;0x724fcfd39f77;cuCtxSynchronize;0x724fc1c0fb8b;0x724fc1c4a43a;0x724fc1f60b67;0x0;0x724fc09c4980;0x8b485355fc894900;|0xfffffffffffffe00;0x724fcfc1f17d;0x724fcfc5de3b;0x724fd099d137;0x724fd099d585;0x724fcfc2b9f4;0x724fcfc51ce2;0x724fcfc5d5d5;0x724fcfbaa4f9;0x724fcfd39f77;cuCtxSynchronize;0x724fc1c0fb8b;0x724fc1c4a43a;0x724fc1f60b67;0x0;0x724fc09c4980;0x8b485355fc894900;|, 25.647126, 0.00, 74.824000
2025-11-25T20:16:17.905195Z, , 30.602065, 100.00, 74.824000
2025-11-25T20:16:17.910307Z, , 31.891201, 0.00, 74.824000
2025-11-25T20:16:17.915403Z, , 34.079038, 0.00, 74.824000
2025-11-25T20:16:17.920504Z, , 43.956214, 100.00, 74.824000
2025-11-25T20:16:17.925611Z, , 56.829259, 0.00, 74.824000
2025-11-25T20:16:17.930890Z, 0xfffffffffffffe00;0x724fcfe61ba8;0x724fcfc1f183;0x724fcfc5de3b;0x724fd099d137;0x724fd099d585;0x724fcfc2b9f4;0x724fcfc51ce2;0x724fcfc5d5d5;0x724fcfbaa4f9;0x724fcfd39f77;cuCtxSynchronize;0x724fc1c0fb8b;0x724fc1c4a43a;0x724fc1f60b67;0x0;0x724fc09c4980;0x8b485355fc894900;|, 36.095010, 0.00, 74.824000
2025-11-25T20:16:17.936149Z, 0xfffffffffffffe00;0x724fcfc21134;0x724fcfcc8c0a;0x724fcfe156ae;0x724fcfe1d73d;0x724fd09af84a;0x724fcfbce12c;0x724fcfbce91a;0x724fcfbceed4;0x724fcfd80de1;cuMemcpyHtoDAsync_v2;0x724fc1c481a9;0x724fc1c17058;0x724fc1c768a1;0x724f610a9646;0x724f9d02f8a3;0x724f9d031187;|, 39.406702, 0.00, 74.824000
2025-11-25T20:16:17.941300Z, , 37.673594, 0.00, 74.824000
2025-11-25T20:16:17.946435Z, , 40.127547, 0.00, 74.824000
2025-11-25T20:16:17.951671Z, 0xfffffffffffffe00;0x724fcfc2b9e9;0x724fcfc51ce2;0x724fcfc5d5d5;0x724fcfbaa4f9;0x724fcfd39f77;cuCtxSynchronize;0x724fc1c0fb8b;0x724fc1c4a43a;0x724fc1f60b67;0x0;0x724fc09c4980;0x8b485355fc894900;|, 31.894535, 0.00, 74.824000
2025-11-25T20:16:17.956968Z, 0xfffffffffffffe00;0x724fcfc21134;0x724fcfcc8c0a;0x724fcfe156ae;0x724fcfe1d73d;0x724fd09af84a;0x724fcfbce12c;0x724fcfbce91a;0x724fcfbceed4;0x724fcfd80de1;cuMemcpyHtoDAsync_v2;0x724fc1c481a9;0x724fc1c17058;0x724fc1c768a1;0x724f610a9646;0x724f9d02f8a3;0x724f9d031187;|, 29.966004, 0.00, 74.824000
2025-11-25T20:16:17.962123Z, , 28.887711, 0.00, 74.824000
2025-11-25T20:16:17.967543Z, 0xfffffffffffffe00;pthread_mutex_unlock@@GLIBC_2.2.5;0x724fcfc243e9;0x724fcfc244b1;0x724fd099ccc9;0x724fcfe9dd15;0x724fcfcc94ec;0x724fcfe1d16c;0x724fd09af84a;0x724fcfbce12c;0x724fcfbce91a;0x724fcfbceed4;0x724fcfd80de1;cuMemcpyHtoDAsync_v2;0x724fc1c481a9;0x724fc1c17058;0x724fc1c768a1;0x724f610a9646;0x724f9d02f8a3;0x724f9d031187;|, 28.677550, 0.00, 74.824000
2025-11-25T20:16:17.972679Z, , 23.005644, 0.00, 74.824000
2025-11-25T20:16:17.977793Z, , 34.680718, 0.00, 74.824000
2025-11-25T20:16:17.983082Z, 0xfffffffffffffe00;0x724fcfc21134;0x724fcfcc8c0a;0x724fcfe156ae;0x724fcfe1d73d;0x724fd09af84a;0x724fcfbce12c;0x724fcfbce91a;0x724fcfbceed4;0x724fcfd80de1;cuMemcpyHtoDAsync_v2;0x724fc1c481a9;0x724fc1c17058;0x724fc1c768a1;0x724f610a9646;0x724f9d02f8a3;0x724f9d031187;|, 23.127302, 0.00, 74.824000
2025-11-25T20:16:17.988247Z, , 40.571577, 0.00, 74.824000
2025-11-25T20:16:17.993471Z, 0xfffffffffffffe00;0x724fcfe0a42f;0x724fd099d260;0x724fcfc2b9f4;0x724fcfc51ce2;0x724fcfc5d5d5;0x724fcfbaa4f9;0x724fcfd39f77;cuCtxSynchronize;0x724fc1c0fb8b;0x724fc1c4a43a;0x724fc1f60b67;0x0;0x724fc09c4980;0x8b485355fc894900;|, 27.880273, 0.00, 74.824000
2025-11-25T20:16:17.998611Z, , 33.486016, 0.00, 74.824000
2025-11-25T20:16:18.003744Z, , 32.244504, 0.00, 74.824000
2025-11-25T20:16:18.009151Z, 0xffffffffffffff80;0xffffffffbae12ece;0xffffffffbadede07;0xffffffffbadf45d5;0xffffffffbade5d87;0xffffffffbaea82b4;0xffffffffbaec1ac7;0xffffffffbaea95ff;0xffffffffbaeaa3fd;0xffffffffbad2eff3;0xffffffffbbedca67;0xffffffffbaa00f0b;0xfffffffffffffe00;0x724fcfc21134;0x724fcfcc8c0a;0x724fcfe156ae;0x724fcfe1d73d;0x724fd09af84a;0x724fcfbce12c;0x724fcfbce91a;0x724fcfbceed4;0x724fcfd80de1;cuMemcpyHtoDAsync_v2;0x724fc1c481a9;0x724fc1c17058;0x724fc1c768a1;0x724f610a9646;0x724f9d02f8a3;0x724f9d031187;|, 21.513577, 0.00, 74.824000
2025-11-25T20:16:18.014273Z, , 35.346405, 0.00, 74.824000
2025-11-25T20:16:18.019400Z, , 30.515510, 0.00, 74.824000
2025-11-25T20:16:18.024686Z, 0xfffffffffffffe00;0x724fcfc21134;0x724fcfcc8c0a;0x724fcfe156ae;0x724fcfe1d73d;0x724fd09af84a;0x724fcfbce12c;0x724fcfbce91a;0x724fcfbceed4;0x724fcfd80de1;cuMemcpyHtoDAsync_v2;0x724fc1c481a9;0x724fc1c17058;0x724fc1c768a1;0x724f610a9646;0x724f9d02f8a3;0x724f9d031187;|, 25.893298, 100.00, 74.824000
2025-11-25T20:16:18.029965Z, 0xfffffffffffffe00;0x724fcfc21134;0x724fcfcc8c0a;0x724fcfe156ae;0x724fcfe1d73d;0x724fd09af84a;0x724fcfbce12c;0x724fcfbce91a;0x724fcfbceed4;0x724fcfd80de1;cuMemcpyHtoDAsync_v2;0x724fc1c481a9;0x724fc1c17058;0x724fc1c768a1;0x724f610a9646;0x724f9d02f8a3;0x724f9d031187;|, 27.562698, 0.00, 74.824000
2025-11-25T20:16:18.035118Z, , 27.771364, 100.00, 74.824000
2025-11-25T20:16:18.040286Z, , 20.253953, 0.00, 74.824000
2025-11-25T20:16:18.045395Z, , 67.876755, 0.00, 74.824000
2025-11-25T20:16:18.050493Z, , 35.393287, 0.00, 74.824000
2025-11-25T20:16:18.055777Z, 0xfffffffffffffe00;0x724fcfc21150;0x724fcfcc8c0a;0x724fcfe156ae;0x724fcfe1d73d;0x724fd09af84a;0x724fcfbce12c;0x724fcfbce91a;0x724fcfbceed4;0x724fcfd80de1;cuMemcpyHtoDAsync_v2;0x724fc1c481a9;0x724fc1c17058;0x724fc1c768a1;0x724f610a9646;0x724f9d02f8a3;0x724f9d031187;|, 41.477393, 0.00, 74.824000
2025-11-25T20:16:18.060885Z, , 39.669862, 0.00, 74.824000
2025-11-25T20:16:18.065980Z, , 16.373855, 0.00, 74.824000
2025-11-25T20:16:18.071292Z, 0xfffffffffffffe00;0x724fcfe61b74;0x724fcfc1f183;0x724fcfc5de3b;0x724fd099d137;0x724fd099d585;0x724fcfc2b9f4;0x724fcfc51ce2;0x724fcfc5d5d5;0x724fcfbaa4f9;0x724fcfd39f77;cuCtxSynchronize;0x724fc1c0fb8b;0x724fc1c4a43a;0x724fc1f60b67;0x0;0x724fc09c4980;0x8b485355fc894900;|, 57.182074, 0.00, 74.824000
2025-11-25T20:16:18.076542Z, 0xfffffffffffffe00;0x724fcfc21134;0x724fcfcc8c0a;0x724fcfe156ae;0x724fcfe1d73d;0x724fd09af84a;0x724fcfbce12c;0x724fcfbce91a;0x724fcfbceed4;0x724fcfd80de1;cuMemcpyHtoDAsync_v2;0x724fc1c481a9;0x724fc1c17058;0x724fc1c768a1;0x724f610a9646;0x724f9d02f8a3;0x724f9d031187;|, 33.347217, 100.00, 74.824000
2025-11-25T20:16:18.081652Z, , 39.418300, 0.00, 74.824000
2025-11-25T20:16:18.086755Z, , 35.027557, 0.00, 74.824000
2025-11-25T20:16:18.091987Z, 0xfffffffffffffe00;0x724fcfc21134;0x724fcfcc8c0a;0x724fcfe156ae;0x724fcfe1d73d;0x724fd09af84a;0x724fcfbce12c;0x724fcfbce91a;0x724fcfbceed4;0x724fcfd80de1;cuMemcpyHtoDAsync_v2;0x724fc1c481a9;0x724fc1c17058;0x724fc1c768a1;0x724f610a9646;0x724f9d02f8a3;0x724f9d031187;|, 40.471718, 0.00, 74.824000
2025-11-25T20:16:18.097096Z, , 39.244128, 0.00, 74.824000
2025-11-25T20:16:18.102390Z, 0xfffffffffffffe00;0x724fcfc21138;0x724fcfcc8c0a;0x724fcfe156ae;0x724fcfe1d73d;0x724fd09af84a;0x724fcfbce12c;0x724fcfbce91a;0x724fcfbceed4;0x724fcfd80de1;cuMemcpyHtoDAsync_v2;0x724fc1c481a9;0x724fc1c17058;0x724fc1c768a1;0x724f610a9646;0x724f9d02f8a3;0x724f9d031187;|, 28.182243, 100.00, 74.824000
2025-11-25T20:16:18.107486Z, , 25.496302, 0.00, 74.824000
2025-11-25T20:16:18.112582Z, , 54.686772, 0.00, 74.824000
2025-11-25T20:16:18.117684Z, , 47.314434, 0.00, 74.824000
2025-11-25T20:16:18.122828Z, , 45.889385, 100.00, 74.824000
2025-11-25T20:16:18.127993Z, , 68.444370, 100.00, 74.824000
2025-11-25T20:16:18.133403Z, 0xfffffffffffffe00;0x724fcfe078ac;0x724fd099d554;0x724fcfc2b9f4;0x724fcfc51ce2;0x724fcfc5d5d5;0x724fcfbaa4f9;0x724fcfd39f77;cuCtxSynchronize;0x724fc1c0fb8b;0x724fc1c4a43a;0x724fc1f60b67;0x0;0x724fc09c4980;0x8b485355fc894900;|, 57.688950, 100.00, 74.824000
2025-11-25T20:16:18.138705Z, 0xfffffffffffffe00;0x724fcfc21134;0x724fcfcc8c0a;0x724fcfe156ae;0x724fcfe1d73d;0x724fd09af84a;0x724fcfbce12c;0x724fcfbce91a;0x724fcfbceed4;0x724fcfd80de1;cuMemcpyHtoDAsync_v2;0x724fc1c481a9;0x724fc1c17058;0x724fc1c768a1;0x724f610a9646;0x724f9d02f8a3;0x724f9d031187;|, 52.829435, 0.00, 74.824000
2025-11-25T20:16:18.143846Z, , 43.115527, 0.00, 74.824000
2025-11-25T20:16:18.149107Z, 0xfffffffffffffe00;0x724fcfc21134;0x724fcfcc8c0a;0x724fcfe156ae;0x724fcfe1d73d;0x724fd09af84a;0x724fcfbce12c;0x724fcfbce91a;0x724fcfbceed4;0x724fcfd80de1;cuMemcpyHtoDAsync_v2;0x724fc1c481a9;0x724fc1c17058;0x724fc1c768a1;0x724f610a9646;0x724f9d02f8a3;0x724f9d031187;|, 45.861055, 0.00, 74.824000
2025-11-25T20:16:18.154391Z, 0xfffffffffffffe00;0x724fcfe61b40;0x724fcfc5de3b;0x724fd099d137;0x724fd099d585;0x724fcfc2b9f4;0x724fcfc51ce2;0x724fcfc5d5d5;0x724fcfbaa4f9;0x724fcfd39f77;cuCtxSynchronize;0x724fc1c0fb8b;0x724fc1c4a43a;0x724fc1f60b67;0x0;0x724fc09c4980;0x8b485355fc894900;|, 39.157218, 0.00, 74.824000
2025-11-25T20:16:18.159596Z, , 44.329359, 0.00, 74.824000
2025-11-25T20:16:18.164927Z, 0xfffffffffffffe00;0x724fcfe61b74;0x724fcfc1f183;0x724fcfc5de3b;0x724fd099d137;0x724fd099d585;0x724fcfc2b9f4;0x724fcfc51ce2;0x724fcfc5d5d5;0x724fcfbaa4f9;0x724fcfd39f77;cuCtxSynchronize;0x724fc1c0fb8b;0x724fc1c4a43a;0x724fc1f60b67;0x0;0x724fc09c4980;0x8b485355fc894900;|, 27.615630, 100.00, 74.824000
2025-11-25T20:16:18.170041Z, , 27.417932, 0.00, 74.824000
2025-11-25T20:16:18.175212Z, , 44.603682, 0.00, 74.824000
2025-11-25T20:16:18.180330Z, , 35.079407, 100.00, 74.824000
2025-11-25T20:16:18.185623Z, 0xfffffffffffffe00;0x724fcfc21134;0x724fcfcc8c0a;0x724fcfe156ae;0x724fcfe1d73d;0x724fd09af84a;0x724fcfbce12c;0x724fcfbce91a;0x724fcfbceed4;0x724fcfd80de1;cuMemcpyHtoDAsync_v2;0x724fc1c481a9;0x724fc1c17058;0x724fc1c768a1;0x724f610a9646;0x724f9d02f8a3;0x724f9d031187;|, 27.752041, 0.00, 74.824000
2025-11-25T20:16:18.190764Z, , 29.430117, 0.00, 74.824000
2025-11-25T20:16:18.195870Z, , 32.363788, 0.00, 74.824000
2025-11-25T20:16:18.200970Z, , 45.919219, 0.00, 74.824000
2025-11-25T20:16:18.206120Z, , 62.232676, 0.00, 74.824000
2025-11-25T20:16:18.211316Z, , 51.920934, 0.00, 74.824000
2025-11-25T20:16:18.216635Z, 0xfffffffffffffe00;0x724fcfc21134;0x724fcfcc8c0a;0x724fcfe156ae;0x724fcfe1d73d;0x724fd09af84a;0x724fcfbce12c;0x724fcfbce91a;0x724fcfbceed4;0x724fcfd80de1;cuMemcpyHtoDAsync_v2;0x724fc1c481a9;0x724fc1c17058;0x724fc1c768a1;0x724f610a9646;0x724f9d02f8a3;0x724f9d031187;|, 60.755275, 0.00, 74.824000
2025-11-25T20:16:18.221819Z, , 67.090094, 50.00, 74.824000
2025-11-25T20:16:18.227122Z, 0xfffffffffffffe00;0x724fcfc1f17a;0x724fcfc5de3b;0x724fd099d137;0x724fd099d585;0x724fcfc2b9f4;0x724fcfc51ce2;0x724fcfc5d5d5;0x724fcfbaa4f9;0x724fcfd39f77;cuCtxSynchronize;0x724fc1c0fb8b;0x724fc1c4a43a;0x724fc1f60b67;0x0;0x724fc09c4980;0x8b485355fc894900;|, 47.062610, 100.00, 74.824000
2025-11-25T20:16:18.232269Z, , 38.382705, 200.00, 74.824000
2025-11-25T20:16:18.237668Z, 0xfffffffffffffe00;0x724fd5cf6d11;clock_gettime@@GLIBC_2.17;0x724fcfd1bc04;0x724fcfc2bccc;0x724fcfc51ce2;0x724fcfc5d5d5;0x724fcfbaa4f9;0x724fcfd39f77;cuCtxSynchronize;0x724fc1c0fb8b;0x724fc1c4a43a;0x724fc1f60b67;0x0;0x724fc09c4980;0x8b485355fc894900;|, 47.707463, 0.00, 74.824000
2025-11-25T20:16:18.242821Z, , 53.252917, 100.00, 74.824000
2025-11-25T20:16:18.247942Z, , 38.301251, 0.00, 74.824000
2025-11-25T20:16:18.253213Z, 0xfffffffffffffe00;0x724fcfc21134;0x724fcfcc8c0a;0x724fcfe156ae;0x724fcfe1d73d;0x724fd09af84a;0x724fcfbce12c;0x724fcfbce91a;0x724fcfbceed4;0x724fcfd80de1;cuMemcpyHtoDAsync_v2;0x724fc1c481a9;0x724fc1c17058;0x724fc1c768a1;0x724f610a9646;0x724f9d02f8a3;0x724f9d031187;|, 51.667713, 100.00, 74.824000
2025-11-25T20:16:18.258507Z, 0xfffffffffffffe00;0x724fcfe61bae;0x724fcfc1f183;0x724fcfc5de3b;0x724fd099d137;0x724fd099d585;0x724fcfc2b9f4;0x724fcfc51ce2;0x724fcfc5d5d5;0x724fcfbaa4f9;0x724fcfd39f77;cuCtxSynchronize;0x724fc1c0fb8b;0x724fc1c4a43a;0x724fc1f60b67;0x0;0x724fc09c4980;0x8b485355fc894900;|, 33.425463, 0.00, 74.824000
2025-11-25T20:16:18.263644Z, , 31.155687, 100.00, 74.824000
2025-11-25T20:16:18.268947Z, 0xfffffffffffffe00;0x724fcfe61bd8;0x724fcfc1f183;0x724fcfc5de3b;0x724fd099d137;0x724fd099d585;0x724fcfc2b9f4;0x724fcfc51ce2;0x724fcfc5d5d5;0x724fcfbaa4f9;0x724fcfd39f77;cuCtxSynchronize;0x724fc1c0fb8b;0x724fc1c4a43a;0x724fc1f60b67;0x0;0x724fc09c4980;0x8b485355fc894900;|, 34.540632, 100.00, 74.824000
2025-11-25T20:16:18.274082Z, , 29.653887, 0.00, 74.824000
2025-11-25T20:16:18.279415Z, 0xfffffffffffffe00;0x724fcfe61c76;0x724fcfc1f183;0x724fcfc5de3b;0x724fd099d137;0x724fd099d585;0x724fcfc2b9f4;0x724fcfc51ce2;0x724fcfc5d5d5;0x724fcfbaa4f9;0x724fcfd39f77;cuCtxSynchronize;0x724fc1c0fb8b;0x724fc1c4a43a;0x724fc1f60b67;0x0;0x724fc09c4980;0x8b485355fc894900;|, 27.846212, 0.00, 74.824000
2025-11-25T20:16:18.284552Z, , 29.445071, 0.00, 74.824000
2025-11-25T20:16:18.289868Z, 0xfffffffffffffe00;0x724fcfe61b53;0x724fcfc1f183;0x724fcfc5de3b;0x724fd099d137;0x724fd099d585;0x724fcfc2b9f4;0x724fcfc51ce2;0x724fcfc5d5d5;0x724fcfbaa4f9;0x724fcfd39f77;cuCtxSynchronize;0x724fc1c0fb8b;0x724fc1c4a43a;0x724fc1f60b67;0x0;0x724fc09c4980;0x8b485355fc894900;|, 23.809878, 0.00, 74.824000
2025-11-25T20:16:18.294976Z, , 34.532569, 0.00, 74.824000
2025-11-25T20:16:18.300102Z, , 27.730298, 0.00, 74.874000
2025-11-25T20:16:18.305429Z, 0xfffffffffffffe00;0x724fcfe61b7b;0x724fcfc1f183;0x724fcfc5de3b;0x724fd099d137;0x724fd099d585;0x724fcfc2b9f4;0x724fcfc51ce2;0x724fcfc5d5d5;0x724fcfbaa4f9;0x724fcfd39f77;cuCtxSynchronize;0x724fc1c0fb8b;0x724fc1c4a43a;0x724fc1f60b67;0x0;0x724fc09c4980;0x8b485355fc894900;|, 46.788132, 0.00, 74.874000
2025-11-25T20:16:18.310550Z, , 35.144680, 0.00, 74.874000
2025-11-25T20:16:18.315646Z, , 39.074781, 0.00, 74.874000
2025-11-25T20:16:18.320912Z, 0xfffffffffffffe00;0x724fcfe61b53;0x724fcfc1f183;0x724fcfc5de3b;0x724fd099d137;0x724fd099d585;0x724fcfc2b9f4;0x724fcfc51ce2;0x724fcfc5d5d5;0x724fcfbaa4f9;0x724fcfd39f77;cuCtxSynchronize;0x724fc1c0fb8b;0x724fc1c4a43a;0x724fc1f60b67;0x0;0x724fc09c4980;0x8b485355fc894900;|, 41.592160, 0.00, 74.874000
2025-11-25T20:16:18.326037Z, , 51.677529, 0.00, 74.874000
2025-11-25T20:16:18.331188Z, , 36.031407, 100.00, 74.874000
2025-11-25T20:16:18.336503Z, 0xfffffffffffffe00;0x724fcfd1bc31;0x724fcfc2bccc;0x724fcfc51ce2;0x724fcfc5d5d5;0x724fcfbaa4f9;0x724fcfd39f77;cuCtxSynchronize;0x724fc1c0fb8b;0x724fc1c4a43a;0x724fc1f60b67;0x0;0x724fc09c4980;0x8b485355fc894900;|, 37.116875, 0.00, 74.874000
2025-11-25T20:16:18.341605Z, , 26.140351, 100.00, 74.874000
2025-11-25T20:16:18.346763Z, , 54.307332, 0.00, 74.874000
2025-11-25T20:16:18.352000Z, 0xfffffffffffffe00;0x724fcfe61b40;0x724fcfc5de3b;0x724fd099d137;0x724fd099d585;0x724fcfc2b9f4;0x724fcfc51ce2;0x724fcfc5d5d5;0x724fcfbaa4f9;0x724fcfd39f77;cuCtxSynchronize;0x724fc1c0fb8b;0x724fc1c4a43a;0x724fc1f60b67;0x0;0x724fc09c4980;0x8b485355fc894900;|, 61.171092, 100.00, 74.874000
2025-11-25T20:16:18.357163Z, , 44.212654, 0.00, 74.874000
2025-11-25T20:16:18.362457Z, 0xfffffffffffffe00;0x724fcfc1f17d;0x724fcfc5de3b;0x724fd099d137;0x724fd099d585;0x724fcfc2b9f4;0x724fcfc51ce2;0x724fcfc5d5d5;0x724fcfbaa4f9;0x724fcfd39f77;cuCtxSynchronize;0x724fc1c0fb8b;0x724fc1c4a43a;0x724fc1f60b67;0x0;0x724fc09c4980;0x8b485355fc894900;|, 26.050346, 100.00, 74.874000
2025-11-25T20:16:18.367588Z, , 50.044150, 100.00, 74.874000
2025-11-25T20:16:18.372822Z, 0xfffffffffffffe00;0x724fcfc21134;0x724fcfcc8c0a;0x724fcfe156ae;0x724fcfe1d73d;0x724fd09af84a;0x724fcfbce12c;0x724fcfbce91a;0x724fcfbceed4;0x724fcfd80de1;cuMemcpyHtoDAsync_v2;0x724fc1c481a9;0x724fc1c17058;0x724fc1c768a1;0x724f610a9646;0x724f9d02f8a3;0x724f9d031187;|, 34.823136, 0.00, 74.874000
2025-11-25T20:16:18.377924Z, , 45.111711, 100.00, 74.874000
2025-11-25T20:16:18.383193Z, 0xfffffffffffffe00;0x724fcfe61bbd;0x724fcfc1f183;0x724fcfc5de3b;0x724fd099d137;0x724fd099d585;0x724fcfc2b9f4;0x724fcfc51ce2;0x724fcfc5d5d5;0x724fcfbaa4f9;0x724fcfd39f77;cuCtxSynchronize;0x724fc1c0fb8b;0x724fc1c4a43a;0x724fc1f60b67;0x0;0x724fc09c4980;0x8b485355fc894900;|, 50.017295, 0.00, 74.874000
2025-11-25T20:16:18.388508Z, 0xfffffffffffffe00;0x724fcfe61b7b;0x724fcfc1f183;0x724fcfc5de3b;0x724fd099d137;0x724fd099d585;0x724fcfc2b9f4;0x724fcfe1568d;0x724fcfe1d73d;0x724fd09af84a;0x724fcfbce12c;0x724fcfbce91a;0x724fcfbceed4;0x724fcfd80de1;cuMemcpyHtoDAsync_v2;0x724fc1c481a9;0x724fc1c17058;0x724fc1c768a1;0x724f610a9646;0x724f9d02f8a3;0x724f9d031187;|, 28.658274, 100.00, 74.874000
2025-11-25T20:16:18.393631Z, , 31.300922, 0.00, 74.874000
2025-11-25T20:16:18.398737Z, , 15.177925, 0.00, 74.874000
2025-11-25T20:16:18.403833Z, , 62.994101, 0.00, 74.874000
2025-11-25T20:16:18.409141Z, 0xfffffffffffffe00;0x724fcfc21134;0x724fcfcc8c0a;0x724fcfe156ae;0x724fcfe1d73d;0x724fd09af84a;0x724fcfbce12c;0x724fcfbce91a;0x724fcfbceed4;0x724fcfd80de1;cuMemcpyHtoDAsync_v2;0x724fc1c481a9;0x724fc1c17058;0x724fc1c768a1;0x724f610a9646;0x724f9d02f8a3;0x724f9d031187;|, 36.903066, 0.00, 74.874000
2025-11-25T20:16:18.414228Z, , 45.263482, 0.00, 74.874000
2025-11-25T20:16:18.419425Z, , 33.619188, 0.00, 74.874000
2025-11-25T20:16:18.424693Z, 0xfffffffffffffe00;0x724fcfe61c76;0x724fcfc1f183;0x724fcfc5de3b;0x724fd099d137;0x724fd099d585;0x724fcfc2b9f4;0x724fcfc51ce2;0x724fcfc5d5d5;0x724fcfbaa4f9;0x724fcfd39f77;cuCtxSynchronize;0x724fc1c0fb8b;0x724fc1c4a43a;0x724fc1f60b67;0x0;0x724fc09c4980;0x8b485355fc894900;|, 46.129354, 0.00, 74.874000
2025-11-25T20:16:18.429839Z, , 22.373742, 100.00, 74.874000
2025-11-25T20:16:18.434944Z, , 44.156608, 0.00, 74.874000
2025-11-25T20:16:18.440232Z, 0xfffffffffffffe00;0x724fcfc21134;0x724fcfcc8c0a;0x724fcfe156ae;0x724fcfe1d73d;0x724fd09af84a;0x724fcfbce12c;0x724fcfbce91a;0x724fcfbceed4;0x724fcfd80de1;cuMemcpyHtoDAsync_v2;0x724fc1c481a9;0x724fc1c17058;0x724fc1c768a1;0x724f610a9646;0x724f9d02f8a3;0x724f9d031187;|, 56.935729, 0.00, 74.874000
2025-11-25T20:16:18.445378Z, , 32.433786, 100.00, 74.874000
2025-11-25T20:16:18.450488Z, , 54.015209, 100.00, 74.874000
2025-11-25T20:16:18.455809Z, 0xfffffffffffffe00;0x724fd5cf6bf2;clock_gettime@@GLIBC_2.17;0x724fcfd1bc04;0x724fcfc2bccc;0x724fcfc51ce2;0x724fcfc5d5d5;0x724fcfbaa4f9;0x724fcfd39f77;cuCtxSynchronize;0x724fc1c0fb8b;0x724fc1c4a43a;0x724fc1f60b67;0x0;0x724fc09c4980;0x8b485355fc894900;|, 37.882356, 200.00, 74.874000
2025-11-25T20:16:18.460918Z, , 46.026158, 0.00, 74.874000
2025-11-25T20:16:18.466149Z, 0xfffffffffffffe00;0x724fcfc21134;0x724fcfcc8c0a;0x724fcfe156ae;0x724fcfe1d73d;0x724fd09af84a;0x724fcfbce12c;0x724fcfbce91a;0x724fcfbceed4;0x724fcfd80de1;cuMemcpyHtoDAsync_v2;0x724fc1c481a9;0x724fc1c17058;0x724fc1c768a1;0x724f610a9646;0x724f9d02f8a3;0x724f9d031187;|, 42.824846, 100.00, 74.874000
2025-11-25T20:16:18.471272Z, , 52.111397, 0.00, 74.874000
2025-11-25T20:16:18.476383Z, , 44.879627, 0.00, 74.874000
2025-11-25T20:16:18.481611Z, 0xfffffffffffffe00;0x724fcfc21138;0x724fcfcc8c0a;0x724fcfe156ae;0x724fcfe1d73d;0x724fd09af84a;0x724fcfbce12c;0x724fcfbce91a;0x724fcfbceed4;0x724fcfd80de1;cuMemcpyHtoDAsync_v2;0x724fc1c481a9;0x724fc1c17058;0x724fc1c768a1;0x724f610a9646;0x724f9d02f8a3;0x724f9d031187;|, 49.727998, 0.00, 74.874000
2025-11-25T20:16:18.486711Z, , 53.065720, 0.00, 74.874000
2025-11-25T20:16:18.491839Z, , 54.907500, 0.00, 74.874000
2025-11-25T20:16:18.497074Z, 0xfffffffffffffe00;0x724fcfc21134;0x724fcfcc8c0a;0x724fcfe156ae;0x724fcfe1d73d;0x724fd09af84a;0x724fcfbce12c;0x724fcfbce91a;0x724fcfbceed4;0x724fcfd80de1;cuMemcpyHtoDAsync_v2;0x724fc1c481a9;0x724fc1c17058;0x724fc1c768a1;0x724f610a9646;0x724f9d02f8a3;0x724f9d031187;|, 43.600163, 0.00, 74.874000
2025-11-25T20:16:18.502234Z, , 43.677797, 0.00, 74.874000
2025-11-25T20:16:18.507521Z, 0xfffffffffffffe00;0x724fcfc21134;0x724fcfcc8c0a;0x724fcfe156ae;0x724fcfe1d73d;0x724fd09af84a;0x724fcfbce12c;0x724fcfbce91a;0x724fcfbceed4;0x724fcfd80de1;cuMemcpyHtoDAsync_v2;0x724fc1c481a9;0x724fc1c17058;0x724fc1c768a1;0x724f610a9646;0x724f9d02f8a3;0x724f9d031187;|, 35.533032, 0.00, 74.874000
2025-11-25T20:16:18.512632Z, , 54.188818, 0.00, 74.874000
2025-11-25T20:16:18.517892Z, 0xfffffffffffffe00;0x724fcfc21138;0x724fcfcc8c0a;0x724fcfe156ae;0x724fcfe1d73d;0x724fd09af84a;0x724fcfbce12c;0x724fcfbce91a;0x724fcfbceed4;0x724fcfd80de1;cuMemcpyHtoDAsync_v2;0x724fc1c481a9;0x724fc1c17058;0x724fc1c768a1;0x724f610a9646;0x724f9d02f8a3;0x724f9d031187;|, 44.712669, 0.00, 74.874000
2025-11-25T20:16:18.523041Z, , 49.180070, 0.00, 74.874000
2025-11-25T20:16:18.528331Z, 0xfffffffffffffe00;0x724fcfc21154;0x724fcfcc8c0a;0x724fcfe156ae;0x724fcfe1d73d;0x724fd09af84a;0x724fcfbce12c;0x724fcfbce91a;0x724fcfbceed4;0x724fcfd80de1;cuMemcpyHtoDAsync_v2;0x724fc1c481a9;0x724fc1c17058;0x724fc1c768a1;0x724f610a9646;0x724f9d02f8a3;0x724f9d031187;|, 40.456492, 100.00, 74.874000
2025-11-25T20:16:18.533452Z, , 51.764517, 100.00, 74.874000
2025-11-25T20:16:18.538598Z, , 55.227211, 0.00, 74.874000
2025-11-25T20:16:18.543850Z, 0xfffffffffffffe00;0x724fcfc21158;0x724fcfcc8c0a;0x724fcfe156ae;0x724fcfe1d73d;0x724fd09af84a;0x724fcfbce12c;0x724fcfbce91a;0x724fcfbceed4;0x724fcfd80de1;cuMemcpyHtoDAsync_v2;0x724fc1c481a9;0x724fc1c17058;0x724fc1c768a1;0x724f610a9646;0x724f9d02f8a3;0x724f9d031187;|, 51.575785, 100.00, 74.874000
2025-11-25T20:16:18.549155Z, 0xfffffffffffffe00;0x724fcfe61bc9;0x724fcfc1f183;0x724fcfc5de3b;0x724fd099d137;0x724fd099d585;0x724fcfc2b9f4;0x724fcfc51ce2;0x724fcfc5d5d5;0x724fcfbaa4f9;0x724fcfd39f77;cuCtxSynchronize;0x724fc1c0fb8b;0x724fc1c4a43a;0x724fc1f60b67;0x0;0x724fc09c4980;0x8b485355fc894900;|, 39.714591, 0.00, 74.874000
2025-11-25T20:16:18.554228Z, , 46.117190, 100.00, 74.874000
2025-11-25T20:16:18.559580Z, 0xfffffffffffffe00;0x724fd5cf6c36;clock_gettime@@GLIBC_2.17;0x724fcfd1bc04;0x724fcfc2bccc;0x724fcfc51ce2;0x724fcfc5d5d5;0x724fcfbaa4f9;0x724fcfd39f77;cuCtxSynchronize;0x724fc1c0fb8b;0x724fc1c4a43a;0x724fc1f60b67;0x0;0x724fc09c4980;0x8b485355fc894900;|, 39.190617, 0.00, 74.874000
2025-11-25T20:16:18.564737Z, , 35.125830, 100.00, 74.874000
2025-11-25T20:16:18.569853Z, , 34.309411, 0.00, 74.874000
2025-11-25T20:16:18.575087Z, 0xfffffffffffffe00;0x724fcfc21134;0x724fcfcc8c0a;0x724fcfe156ae;0x724fcfe1d73d;0x724fd09af84a;0x724fcfbce12c;0x724fcfbce91a;0x724fcfbceed4;0x724fcfd80de1;cuMemcpyHtoDAsync_v2;0x724fc1c481a9;0x724fc1c17058;0x724fc1c768a1;0x724f610a9646;0x724f9d02f8a3;0x724f9d031187;|, 44.553938, 0.00, 74.874000
2025-11-25T20:16:18.580193Z, , 17.194864, 100.00, 74.874000
2025-11-25T20:16:18.585469Z, 0xfffffffffffffe00;0x724fcfc21158;0x724fcfcc8c0a;0x724fcfe156ae;0x724fcfe1d73d;0x724fd09af84a;0x724fcfbce12c;0x724fcfbce91a;0x724fcfbceed4;0x724fcfd80de1;cuMemcpyHtoDAsync_v2;0x724fc1c481a9;0x724fc1c17058;0x724fc1c768a1;0x724f610a9646;0x724f9d02f8a3;0x724f9d031187;|, 56.803559, 0.00, 74.874000
2025-11-25T20:16:18.590587Z, , 29.982075, 100.00, 74.874000
2025-11-25T20:16:18.595852Z, 0xfffffffffffffe00;0x724fcfc2b9e9;0x724fcfc51ce2;0x724fcfc5d5d5;0x724fcfbaa4f9;0x724fcfd39f77;cuCtxSynchronize;0x724fc1c0fb8b;0x724fc1c4a43a;0x724fc1f60b67;0x0;0x724fc09c4980;0x8b485355fc894900;|, 22.722234, 0.00, 74.874000
2025-11-25T20:16:18.600990Z, , 43.949180, 0.00, 74.874000
2025-11-25T20:16:18.606146Z, , 32.801430, 0.00, 74.874000
2025-11-25T20:16:18.611433Z, 0xfffffffffffffe00;0x724fcfc2114c;0x724fcfcc8c0a;0x724fcfe156ae;0x724fcfe1d73d;0x724fd09af84a;0x724fcfbce12c;0x724fcfbce91a;0x724fcfbceed4;0x724fcfd80de1;cuMemcpyHtoDAsync_v2;0x724fc1c481a9;0x724fc1c17058;0x724fc1c768a1;0x724f610a9646;0x724f9d02f8a3;0x724f9d031187;|, 27.252889, 0.00, 74.874000
2025-11-25T20:16:18.616606Z, , 30.728977, 0.00, 74.874000
2025-11-25T20:16:18.621904Z, 0xfffffffffffffe00;0x724fcfc21138;0x724fcfcc8c0a;0x724fcfe156ae;0x724fcfe1d73d;0x724fd09af84a;0x724fcfbce12c;0x724fcfbce91a;0x724fcfbceed4;0x724fcfd80de1;cuMemcpyHtoDAsync_v2;0x724fc1c481a9;0x724fc1c17058;0x724fc1c768a1;0x724f610a9646;0x724f9d02f8a3;0x724f9d031187;|, 27.768407, 0.00, 74.874000
2025-11-25T20:16:18.627054Z, , 37.101661, 50.00, 74.874000
2025-11-25T20:16:18.632497Z, 0xfffffffffffffe00;0x724fcfc21134;0x724fcfcc8c0a;0x724fcfe156ae;0x724fcfe1d73d;0x724fd09af84a;0x724fcfbce12c;0x724fcfbce91a;0x724fcfbceed4;0x724fcfd80de1;cuMemcpyHtoDAsync_v2;0x724fc1c481a9;0x724fc1c17058;0x724fc1c768a1;0x724f610a9646;0x724f9d02f8a3;0x724f9d031187;|, 28.580775, 200.00, 74.874000
2025-11-25T20:16:18.637646Z, , 50.647085, 200.00, 74.874000
2025-11-25T20:16:18.642920Z, 0xfffffffffffffe00;0x724fcfc2113c;0x724fcfcc8c0a;0x724fcfe156ae;0x724fcfe1d73d;0x724fd09af84a;0x724fcfbce12c;0x724fcfbce91a;0x724fcfbceed4;0x724fcfd80de1;cuMemcpyHtoDAsync_v2;0x724fc1c481a9;0x724fc1c17058;0x724fc1c768a1;0x724f610a9646;0x724f9d02f8a3;0x724f9d031187;|, 29.643478, 0.00, 74.874000
2025-11-25T20:16:18.648017Z, , 27.487006, 0.00, 74.874000
2025-11-25T20:16:18.653168Z, , 40.508223, 0.00, 74.874000
2025-11-25T20:16:18.658438Z, 0xfffffffffffffe00;0x724fcfc21144;0x724fcfcc8c0a;0x724fcfe156ae;0x724fcfe1d73d;0x724fd09af84a;0x724fcfbce12c;0x724fcfbce91a;0x724fcfbceed4;0x724fcfd80de1;cuMemcpyHtoDAsync_v2;0x724fc1c481a9;0x724fc1c17058;0x724fc1c768a1;0x724f610a9646;0x724f9d02f8a3;0x724f9d031187;|, 28.874821, 100.00, 74.874000
2025-11-25T20:16:18.663535Z, , 32.963464, 0.00, 74.874000
2025-11-25T20:16:18.668629Z, , 30.769134, 0.00, 74.874000
2025-11-25T20:16:18.673725Z, , 66.096109, 0.00, 74.874000
2025-11-25T20:16:18.678830Z, , 47.622148, 100.00, 74.874000
2025-11-25T20:16:18.684091Z, 0xfffffffffffffe00;0x724fcfe61b7b;0x724fcfc1f183;0x724fcfc5de3b;0x724fd099d137;0x724fd099d585;0x724fcfc2b9f4;0x724fcfc51ce2;0x724fcfc5d5d5;0x724fcfbaa4f9;0x724fcfd39f77;cuCtxSynchronize;0x724fc1c0fb8b;0x724fc1c4a43a;0x724fc1f60b67;0x0;0x724fc09c4980;0x8b485355fc894900;|, 43.160154, 0.00, 74.874000
2025-11-25T20:16:18.689404Z, 0xfffffffffffffe00;0x724fcfe61b74;0x724fcfc1f183;0x724fcfc5de3b;0x724fd099d137;0x724fd099d585;0x724fcfc2b9f4;0x724fcfc51ce2;0x724fcfc5d5d5;0x724fcfbaa4f9;0x724fcfd39f77;cuCtxSynchronize;0x724fc1c0fb8b;0x724fc1c4a43a;0x724fc1f60b67;0x0;0x724fc09c4980;0x8b485355fc894900;|, 36.499347, 50.00, 74.874000
2025-11-25T20:16:18.694517Z, , 36.033402, 100.00, 74.874000
2025-11-25T20:16:18.699747Z, 0xfffffffffffffe00;0x724fcfc1f172;0x724fcfc5de3b;0x724fd099d137;0x724fd099d585;0x724fcfc2b9f4;0x724fcfc51ce2;0x724fcfc5d5d5;0x724fcfbaa4f9;0x724fcfd39f77;cuCtxSynchronize;0x724fc1c0fb8b;0x724fc1c4a43a;0x724fc1f60b67;0x0;0x724fc09c4980;0x8b485355fc894900;|, 26.097052, 0.00, 74.874000
2025-11-25T20:16:18.704844Z, , 54.329956, 0.00, 74.874000
2025-11-25T20:16:18.709977Z, , 62.015842, 0.00, 74.874000
2025-11-25T20:16:18.715125Z, , 47.227720, 0.00, 74.874000
2025-11-25T20:16:18.720412Z, 0xfffffffffffffe00;0x724fcfc21134;0x724fcfcc8c0a;0x724fcfe156ae;0x724fcfe1d73d;0x724fd09af84a;0x724fcfbce12c;0x724fcfbce91a;0x724fcfbceed4;0x724fcfd80de1;cuMemcpyHtoDAsync_v2;0x724fc1c481a9;0x724fc1c17058;0x724fc1c768a1;0x724f610a9646;0x724f9d02f8a3;0x724f9d031187;|, 29.630466, 100.00, 74.874000
2025-11-25T20:16:18.725522Z, , 53.157747, 0.00, 74.874000
2025-11-25T20:16:18.730632Z, , 55.250749, 0.00, 74.874000
2025-11-25T20:16:18.735780Z, , 40.923506, 0.00, 74.874000
2025-11-25T20:16:18.741015Z, 0xfffffffffffffe00;0x724fcfc21134;0x724fcfcc8c0a;0x724fcfe156ae;0x724fcfe1d73d;0x724fd09af84a;0x724fcfbce12c;0x724fcfbce91a;0x724fcfbceed4;0x724fcfd80de1;cuMemcpyHtoDAsync_v2;0x724fc1c481a9;0x724fc1c17058;0x724fc1c768a1;0x724f610a9646;0x724f9d02f8a3;0x724f9d031187;|, 49.750411, 0.00, 74.874000
2025-11-25T20:16:18.746137Z, , 55.535700, 0.00, 74.874000
2025-11-25T20:16:18.751424Z, 0xfffffffffffffe00;0x724fcfc21134;0x724fcfcc8c0a;0x724fcfe156ae;0x724fcfe1d73d;0x724fd09af84a;0x724fcfbce12c;0x724fcfbce91a;0x724fcfbceed4;0x724fcfd80de1;cuMemcpyHtoDAsync_v2;0x724fc1c481a9;0x724fc1c17058;0x724fc1c768a1;0x724f610a9646;0x724f9d02f8a3;0x724f9d031187;|, 44.605375, 0.00, 74.874000
2025-11-25T20:16:18.756582Z, , 44.006354, 100.00, 74.874000
2025-11-25T20:16:18.761939Z, 0xfffffffffffffe00;0x724fcfc21134;0x724fcfcc8c0a;0x724fcfe156ae;0x724fcfe1d73d;0x724fd09af84a;0x724fcfbce12c;0x724fcfbce91a;0x724fcfbceed4;0x724fcfd80de1;cuMemcpyHtoDAsync_v2;0x724fc1c481a9;0x724fc1c17058;0x724fc1c768a1;0x724f610a9646;0x724f9d02f8a3;0x724f9d031187;|, 33.447448, 100.00, 74.874000
2025-11-25T20:16:18.767080Z, , 40.268684, 0.00, 74.874000
2025-11-25T20:16:18.772346Z, 0xfffffffffffffe00;0x724fcfc21134;0x724fcfcc8c0a;0x724fcfe156ae;0x724fcfe1d73d;0x724fd09af84a;0x724fcfbce12c;0x724fcfbce91a;0x724fcfbceed4;0x724fcfd80de1;cuMemcpyHtoDAsync_v2;0x724fc1c481a9;0x724fc1c17058;0x724fc1c768a1;0x724f610a9646;0x724f9d02f8a3;0x724f9d031187;|, 17.434306, 0.00, 74.874000
2025-11-25T20:16:18.777451Z, , 44.971799, 0.00, 74.874000
2025-11-25T20:16:18.782557Z, , 50.807126, 0.00, 74.874000
2025-11-25T20:16:18.787699Z, , 36.299556, 100.00, 74.874000
2025-11-25T20:16:18.792970Z, 0xfffffffffffffe00;0x724fcfc21134;0x724fcfcc8c0a;0x724fcfe156ae;0x724fcfe1d73d;0x724fd09af84a;0x724fcfbce12c;0x724fcfbce91a;0x724fcfbceed4;0x724fcfd80de1;cuMemcpyHtoDAsync_v2;0x724fc1c481a9;0x724fc1c17058;0x724fc1c768a1;0x724f610a9646;0x724f9d02f8a3;0x724f9d031187;|, 25.527626, 0.00, 74.874000
2025-11-25T20:16:18.798265Z, 0xfffffffffffffe00;0x724fcfc21134;0x724fcfcc8c0a;0x724fcfe156ae;0x724fcfe1d73d;0x724fd09af84a;0x724fcfbce12c;0x724fcfbce91a;0x724fcfbceed4;0x724fcfd80de1;cuMemcpyHtoDAsync_v2;0x724fc1c481a9;0x724fc1c17058;0x724fc1c768a1;0x724f610a9646;0x724f9d02f8a3;0x724f9d031187;|, 29.601477, 100.00, 74.862000
2025-11-25T20:16:18.803410Z, , 29.270464, 0.00, 74.862000
2025-11-25T20:16:18.808553Z, , 24.693264, 100.00, 74.862000
2025-11-25T20:16:18.813817Z, 0xfffffffffffffe00;0x724fcfc21134;0x724fcfcc8c0a;0x724fcfe156ae;0x724fcfe1d73d;0x724fd09af84a;0x724fcfbce12c;0x724fcfbce91a;0x724fcfbceed4;0x724fcfd80de1;cuMemcpyHtoDAsync_v2;0x724fc1c481a9;0x724fc1c17058;0x724fc1c768a1;0x724f610a9646;0x724f9d02f8a3;0x724f9d031187;|, 27.668555, 0.00, 74.862000
2025-11-25T20:16:18.819085Z, 0xfffffffffffffe00;0x724fcfc21134;0x724fcfcc8c0a;0x724fcfe156ae;0x724fcfe1d73d;0x724fd09af84a;0x724fcfbce12c;0x724fcfbce91a;0x724fcfbceed4;0x724fcfd80de1;cuMemcpyHtoDAsync_v2;0x724fc1c481a9;0x724fc1c17058;0x724fc1c768a1;0x724f610a9646;0x724f9d02f8a3;0x724f9d031187;|, 26.109560, 100.00, 74.862000
2025-11-25T20:16:18.824246Z, , 24.630579, 0.00, 74.862000
2025-11-25T20:16:18.829435Z, , 32.493950, 0.00, 74.862000
2025-11-25T20:16:18.834639Z, , 21.551823, 0.00, 74.862000
2025-11-25T20:16:18.839970Z, 0xfffffffffffffe00;0x724fcfc21134;0x724fcfcc8c0a;0x724fcfe156ae;0x724fcfe1d73d;0x724fd09af84a;0x724fcfbce12c;0x724fcfbce91a;0x724fcfbceed4;0x724fcfd80de1;cuMemcpyHtoDAsync_v2;0x724fc1c481a9;0x724fc1c17058;0x724fc1c768a1;0x724f610a9646;0x724f9d02f8a3;0x724f9d031187;|, 36.414333, 0.00, 74.862000
2025-11-25T20:16:18.845163Z, , 32.644636, 100.00, 74.862000
2025-11-25T20:16:18.850559Z, 0xfffffffffffffe00;0x724fcfc21138;0x724fcfcc8c0a;0x724fcfe156ae;0x724fcfe1d73d;0x724fd09af84a;0x724fcfbce12c;0x724fcfbce91a;0x724fcfbceed4;0x724fcfd80de1;cuMemcpyHtoDAsync_v2;0x724fc1c481a9;0x724fc1c17058;0x724fc1c768a1;0x724f610a9646;0x724f9d02f8a3;0x724f9d031187;|, 26.152281, 100.00, 74.862000
2025-11-25T20:16:18.855712Z, , 17.673015, 200.00, 74.862000
2025-11-25T20:16:18.861007Z, , 56.336425, 0.00, 74.862000
2025-11-25T20:16:18.866255Z, , 52.976592, 50.00, 74.862000
2025-11-25T20:16:18.871412Z, , 61.449936, 0.00, 74.862000
2025-11-25T20:16:18.876717Z, 0xfffffffffffffe00;0x724fcfe61b53;0x724fcfc1f183;0x724fcfc5de3b;0x724fd099d137;0x724fd099d585;0x724fcfc2b9f4;0x724fcfc51ce2;0x724fcfc5d5d5;0x724fcfbaa4f9;0x724fcfd39f77;cuCtxSynchronize;0x724fc1c0fb8b;0x724fc1c4a43a;0x724fc1f60b67;0x0;0x724fc09c4980;0x8b485355fc894900;|, 52.721262, 0.00, 74.862000
2025-11-25T20:16:18.881828Z, , 29.680677, 0.00, 74.862000
2025-11-25T20:16:18.887087Z, 0xfffffffffffffe00;0x724fcfc1f079;0x724fcfc5de3b;0x724fd099d137;0x724fd099d585;0x724fcfc2b9f4;0x724fcfc51ce2;0x724fcfc5d5d5;0x724fcfbaa4f9;0x724fcfd39f77;cuCtxSynchronize;0x724fc1c0fb8b;0x724fc1c4a43a;0x724fc1f60b67;0x0;0x724fc09c4980;0x8b485355fc894900;|, 48.499623, 100.00, 74.862000
2025-11-25T20:16:18.892426Z, 0xfffffffffffffe00;0x724fd5cf6c36;clock_gettime@@GLIBC_2.17;0x724fcfd1bc04;0x724fcfc2bccc;0x724fcfc51ce2;0x724fcfc5d5d5;0x724fcfbaa4f9;0x724fcfd39f77;cuCtxSynchronize;0x724fc1c0fb8b;0x724fc1c4a43a;0x724fc1f60b67;0x0;0x724fc09c4980;0x8b485355fc894900;|, 43.373639, 100.00, 74.862000
2025-11-25T20:16:18.897723Z, 0xfffffffffffffe00;0x724fcfe61b74;0x724fcfc1f183;0x724fcfc5de3b;0x724fd099d137;0x724fd099d585;0x724fcfc2b9f4;0x724fcfc51ce2;0x724fcfc5d5d5;0x724fcfbaa4f9;0x724fcfd39f77;cuCtxSynchronize;0x724fc1c0fb8b;0x724fc1c4a43a;0x724fc1f60b67;0x0;0x724fc09c4980;0x8b485355fc894900;|, 32.588125, 0.00, 74.862000
2025-11-25T20:16:18.902915Z, , 22.148642, 0.00, 74.862000
2025-11-25T20:16:18.908135Z, , 45.119105, 0.00, 74.862000
2025-11-25T20:16:18.913329Z, , 47.632666, 0.00, 74.862000
2025-11-25T20:16:18.918634Z, 0xfffffffffffffe00;0x724fcfc21144;0x724fcfcc8c0a;0x724fcfe156ae;0x724fcfe1d73d;0x724fd09af84a;0x724fcfbce12c;0x724fcfbce91a;0x724fcfbceed4;0x724fcfd80de1;cuMemcpyHtoDAsync_v2;0x724fc1c481a9;0x724fc1c17058;0x724fc1c768a1;0x724f610a9646;0x724f9d02f8a3;0x724f9d031187;|, 41.934453, 100.00, 74.862000
2025-11-25T20:16:18.923741Z, , 35.889487, 100.00, 74.862000
2025-11-25T20:16:18.928878Z, , 36.433801, 200.00, 74.862000
2025-11-25T20:16:18.934177Z, 0xfffffffffffffe00;0x724fcfc21134;0x724fcfcc8c0a;0x724fcfe156ae;0x724fcfe1d73d;0x724fd09af84a;0x724fcfbce12c;0x724fcfbce91a;0x724fcfbceed4;0x724fcfd80de1;cuMemcpyHtoDAsync_v2;0x724fc1c481a9;0x724fc1c17058;0x724fc1c768a1;0x724f610a9646;0x724f9d02f8a3;0x724f9d031187;|, 38.049339, 0.00, 74.862000
2025-11-25T20:16:18.939282Z, , 29.023748, 100.00, 74.862000
2025-11-25T20:16:18.944443Z, , 41.568239, 0.00, 74.862000
2025-11-25T20:16:18.949715Z, 0xfffffffffffffe00;0x724fcfc1f172;0x724fcfc5de3b;0x724fd099d137;0x724fd099d585;0x724fcfc2b9f4;0x724fcfc51ce2;0x724fcfc5d5d5;0x724fcfbaa4f9;0x724fcfd39f77;cuCtxSynchronize;0x724fc1c0fb8b;0x724fc1c4a43a;0x724fc1f60b67;0x0;0x724fc09c4980;0x8b485355fc894900;|, 34.110678, 100.00, 74.862000
2025-11-25T20:16:18.954858Z, , 28.160239, 0.00, 74.862000
2025-11-25T20:16:18.959961Z, , 47.289392, 0.00, 74.862000
2025-11-25T20:16:18.965259Z, 0xfffffffffffffe00;0x724fcfe61bd4;0x724fcfc1f183;0x724fcfc5de3b;0x724fd099d137;0x724fd099d585;0x724fcfc2b9f4;0x724fcfc51ce2;0x724fcfc5d5d5;0x724fcfbaa4f9;0x724fcfd39f77;cuCtxSynchronize;0x724fc1c0fb8b;0x724fc1c4a43a;0x724fc1f60b67;0x0;0x724fc09c4980;0x8b485355fc894900;|, 31.919553, 100.00, 74.862000
2025-11-25T20:16:18.970386Z, , 43.362874, 100.00, 74.862000
2025-11-25T20:16:18.975621Z, 0xfffffffffffffe00;0x724fcfc2bcb6;0x724fcfc51ce2;0x724fcfc5d5d5;0x724fcfbaa4f9;0x724fcfd39f77;cuCtxSynchronize;0x724fc1c0fb8b;0x724fc1c4a43a;0x724fc1f60b67;0x0;0x724fc09c4980;0x8b485355fc894900;|, 32.580753, 0.00, 74.862000
2025-11-25T20:16:18.980919Z, 0xfffffffffffffe00;0x724fcfc21150;0x724fcfcc8c0a;0x724fcfe156ae;0x724fcfe1d73d;0x724fd09af84a;0x724fcfbce12c;0x724fcfbce91a;0x724fcfbceed4;0x724fcfd80de1;cuMemcpyHtoDAsync_v2;0x724fc1c481a9;0x724fc1c17058;0x724fc1c768a1;0x724f610a9646;0x724f9d02f8a3;0x724f9d031187;|, 32.576907, 0.00, 74.862000
2025-11-25T20:16:18.986011Z, , 36.918481, 0.00, 74.862000
2025-11-25T20:16:18.991213Z, , 28.517062, 0.00, 74.862000
2025-11-25T20:16:18.996533Z, 0xfffffffffffffe00;0x724fcfe61b74;0x724fcfc1f183;0x724fcfc5de3b;0x724fd099d137;0x724fd099d585;0x724fcfc2b9f4;0x724fcfc51ce2;0x724fcfc5d5d5;0x724fcfbaa4f9;0x724fcfd39f77;cuCtxSynchronize;0x724fc1c0fb8b;0x724fc1c4a43a;0x724fc1f60b67;0x0;0x724fc09c4980;0x8b485355fc894900;|, 27.362922, 0.00, 74.862000
2025-11-25T20:16:19.001642Z, , 17.333773, 0.00, 74.862000
2025-11-25T20:16:19.006765Z, , 49.199407, 0.00, 74.862000
2025-11-25T20:16:19.012078Z, 0xfffffffffffffe00;0x724fcfc1f192;0x724fcfc5de3b;0x724fd099d137;0x724fd099d585;0x724fcfc2b9f4;0x724fcfc51ce2;0x724fcfc5d5d5;0x724fcfbaa4f9;0x724fcfd39f77;cuCtxSynchronize;0x724fc1c0fb8b;0x724fc1c4a43a;0x724fc1f60b67;0x0;0x724fc09c4980;0x8b485355fc894900;|, 41.089105, 100.00, 74.862000
2025-11-25T20:16:19.017267Z, , 29.542290, 50.00, 74.862000
2025-11-25T20:16:19.022415Z, , 18.903730, 0.00, 74.862000
2025-11-25T20:16:19.027644Z, 0xfffffffffffffe00;0x724fcfe0781c;0x724fd099d554;0x724fcfc2b9f4;0x724fcfc51ce2;0x724fcfc5d5d5;0x724fcfbaa4f9;0x724fcfd39f77;cuCtxSynchronize;0x724fc1c0fb8b;0x724fc1c4a43a;0x724fc1f60b67;0x0;0x724fc09c4980;0x8b485355fc894900;|, 36.663298, 0.00, 74.862000
2025-11-25T20:16:19.032750Z, , 31.695808, 0.00, 74.862000
2025-11-25T20:16:19.038031Z, 0xfffffffffffffe00;0x724fd5cf6c36;clock_gettime@@GLIBC_2.17;0x724fcfd1bc04;0x724fcfc2bccc;0x724fcfc51ce2;0x724fcfc5d5d5;0x724fcfbaa4f9;0x724fcfd39f77;cuCtxSynchronize;0x724fc1c0fb8b;0x724fc1c4a43a;0x724fc1f60b67;0x0;0x724fc09c4980;0x8b485355fc894900;|, 32.266458, 100.00, 74.862000
2025-11-25T20:16:19.043195Z, , 44.189332, 0.00, 74.862000
2025-11-25T20:16:19.048303Z, , 37.530758, 0.00, 74.862000
2025-11-25T20:16:19.053606Z, 0xfffffffffffffe00;0x724fcfe61bc1;0x724fcfc1f183;0x724fcfc5de3b;0x724fd099d137;0x724fd099d585;0x724fcfc2b9f4;0x724fcfc51ce2;0x724fcfc5d5d5;0x724fcfbaa4f9;0x724fcfd39f77;cuCtxSynchronize;0x724fc1c0fb8b;0x724fc1c4a43a;0x724fc1f60b67;0x0;0x724fc09c4980;0x8b485355fc894900;|, 32.034937, 0.00, 74.862000
2025-11-25T20:16:19.058718Z, , 49.985012, 0.00, 74.862000
2025-11-25T20:16:19.063838Z, , 29.127272, 0.00, 74.862000
2025-11-25T20:16:19.068937Z, , 39.581284, 0.00, 74.862000
2025-11-25T20:16:19.074218Z, 0xfffffffffffffe00;0x724fcfc21134;0x724fcfcc8c0a;0x724fcfe156ae;0x724fcfe1d73d;0x724fd09af84a;0x724fcfbce12c;0x724fcfbce91a;0x724fcfbceed4;0x724fcfd80de1;cuMemcpyHtoDAsync_v2;0x724fc1c481a9;0x724fc1c17058;0x724fc1c768a1;0x724f610a9646;0x724f9d02f8a3;0x724f9d031187;|, 48.033300, 0.00, 74.862000
2025-11-25T20:16:19.079372Z, , 27.544609, 100.00, 74.862000
2025-11-25T20:16:19.084697Z, 0xfffffffffffffe00;0x724fd5cf6c36;clock_gettime@@GLIBC_2.17;0x724fcfd1bc04;0x724fcfc2bccc;0x724fcfc51ce2;0x724fcfc5d5d5;0x724fcfbaa4f9;0x724fcfd39f77;cuCtxSynchronize;0x724fc1c0fb8b;0x724fc1c4a43a;0x724fc1f60b67;0x0;0x724fc09c4980;0x8b485355fc894900;|, 43.631345, 0.00, 74.862000
2025-11-25T20:16:19.089841Z, , 46.907844, 0.00, 74.862000
2025-11-25T20:16:19.095125Z, 0xfffffffffffffe00;0x724fcfc1f163;0x724fcfc5de3b;0x724fd099d137;0x724fd099d585;0x724fcfc2b9f4;0x724fcfc51ce2;0x724fcfc5d5d5;0x724fcfbaa4f9;0x724fcfd39f77;cuCtxSynchronize;0x724fc1c0fb8b;0x724fc1c4a43a;0x724fc1f60b67;0x0;0x724fc09c4980;0x8b485355fc894900;|, 41.109259, 100.00, 74.862000
2025-11-25T20:16:19.100251Z, , 28.720082, 200.00, 74.862000
2025-11-25T20:16:19.105416Z, , 24.965960, 200.00, 74.862000
2025-11-25T20:16:19.110526Z, , 64.767869, 0.00, 74.862000
2025-11-25T20:16:19.115657Z, , 47.228799, 0.00, 74.862000
2025-11-25T20:16:19.120971Z, 0xfffffffffffffe00;0x724fcfe61c77;0x724fcfc1f183;0x724fcfc5de3b;0x724fd099d137;0x724fd099d585;0x724fcfc2b9f4;0x724fcfc51ce2;0x724fcfc5d5d5;0x724fcfbaa4f9;0x724fcfd39f77;cuCtxSynchronize;0x724fc1c0fb8b;0x724fc1c4a43a;0x724fc1f60b67;0x0;0x724fc09c4980;0x8b485355fc894900;|, 51.433851, 0.00, 74.862000
2025-11-25T20:16:19.126162Z, , 59.466240, 100.00, 74.862000
2025-11-25T20:16:19.131501Z, 0xfffffffffffffe00;0x724fcfe61b74;0x724fcfc1f183;0x724fcfc5de3b;0x724fd099d137;0x724fd099d585;0x724fcfc2b9f4;0x724fcfc51ce2;0x724fcfc5d5d5;0x724fcfbaa4f9;0x724fcfd39f77;cuCtxSynchronize;0x724fc1c0fb8b;0x724fc1c4a43a;0x724fc1f60b67;0x0;0x724fc09c4980;0x8b485355fc894900;|, 54.617660, 100.00, 74.862000
2025-11-25T20:16:19.136610Z, , 61.034227, 200.00, 74.862000
2025-11-25T20:16:19.141755Z, , 49.672782, 0.00, 74.862000
2025-11-25T20:16:19.149550Z, 0xfffffffffffffe00;0x724fcfc1f186;0x724fcfc5de3b;0x724fd099d137;0x724fd099d585;0x724fcfc2b9f4;0x724fcfc51ce2;0x724fcfc5d5d5;0x724fcfbaa4f9;0x724fcfd39f77;cuCtxSynchronize;0x724fc1c0fb8b;0x724fc1c4a43a;0x724fc1f60b67;0x0;0x724fc09c4980;0x8b485355fc894900;|0xfffffffffffffe00;0x724fcfc21144;0x724fcfcc8c0a;0x724fcfe156ae;0x724fcfe1d73d;0x724fd09af84a;0x724fcfbce12c;0x724fcfbce91a;0x724fcfbceed4;0x724fcfd80de1;cuMemcpyHtoDAsync_v2;0x724fc1c481a9;0x724fc1c17058;0x724fc1c768a1;0x724f610a9646;0x724f9d02f8a3;0x724f9d031187;|, 48.471628, 100.00, 74.862000
2025-11-25T20:16:19.154672Z, , 43.552000, 0.00, 74.862000
2025-11-25T20:16:19.159993Z, 0xfffffffffffffe00;0x724fcfc21154;0x724fcfcc8c0a;0x724fcfe156ae;0x724fcfe1d73d;0x724fd09af84a;0x724fcfbce12c;0x724fcfbce91a;0x724fcfbceed4;0x724fcfd80de1;cuMemcpyHtoDAsync_v2;0x724fc1c481a9;0x724fc1c17058;0x724fc1c768a1;0x724f610a9646;0x724f9d02f8a3;0x724f9d031187;|, 36.404218, 100.00, 74.862000
2025-11-25T20:16:19.165139Z, , 33.627617, 0.00, 74.862000
2025-11-25T20:16:19.170292Z, , 37.166535, 100.00, 74.862000
2025-11-25T20:16:19.175587Z, 0xfffffffffffffe00;0x724fcfc21134;0x724fcfcc8c0a;0x724fcfe156ae;0x724fcfe1d73d;0x724fd09af84a;0x724fcfbce12c;0x724fcfbce91a;0x724fcfbceed4;0x724fcfd80de1;cuMemcpyHtoDAsync_v2;0x724fc1c481a9;0x724fc1c17058;0x724fc1c768a1;0x724f610a9646;0x724f9d02f8a3;0x724f9d031187;|, 26.825113, 100.00, 74.862000
2025-11-25T20:16:19.180883Z, 0xfffffffffffffe00;0x724fcfc21134;0x724fcfcc8c0a;0x724fcfe156ae;0x724fcfe1d73d;0x724fd09af84a;0x724fcfbce12c;0x724fcfbce91a;0x724fcfbceed4;0x724fcfd80de1;cuMemcpyHtoDAsync_v2;0x724fc1c481a9;0x724fc1c17058;0x724fc1c768a1;0x724f610a9646;0x724f9d02f8a3;0x724f9d031187;|, 27.683973, 0.00, 74.862000
2025-11-25T20:16:19.186108Z, , 19.056456, 0.00, 74.862000
2025-11-25T20:16:19.191214Z, , 41.382109, 0.00, 74.862000
2025-11-25T20:16:19.196323Z, , 34.793948, 100.00, 74.862000
2025-11-25T20:16:19.201606Z, 0xfffffffffffffe00;0x724fcfc21138;0x724fcfcc8c0a;0x724fcfe156ae;0x724fcfe1d73d;0x724fd09af84a;0x724fcfbce12c;0x724fcfbce91a;0x724fcfbceed4;0x724fcfd80de1;cuMemcpyHtoDAsync_v2;0x724fc1c481a9;0x724fc1c17058;0x724fc1c768a1;0x724f610a9646;0x724f9d02f8a3;0x724f9d031187;|, 34.598122, 0.00, 74.862000
2025-11-25T20:16:19.206718Z, , 29.608018, 100.00, 74.862000
2025-11-25T20:16:19.211987Z, 0xfffffffffffffe00;0x724fcfc21140;0x724fcfcc8c0a;0x724fcfe156ae;0x724fcfe1d73d;0x724fd09af84a;0x724fcfbce12c;0x724fcfbce91a;0x724fcfbceed4;0x724fcfd80de1;cuMemcpyHtoDAsync_v2;0x724fc1c481a9;0x724fc1c17058;0x724fc1c768a1;0x724f610a9646;0x724f9d02f8a3;0x724f9d031187;|, 25.829306, 0.00, 74.862000
2025-11-25T20:16:19.217098Z, , 33.294751, 0.00, 74.862000
2025-11-25T20:16:19.222259Z, , 41.559603, 100.00, 74.862000
2025-11-25T20:16:19.227519Z, 0xfffffffffffffe00;0x724fcfc2113c;0x724fcfcc8c0a;0x724fcfe156ae;0x724fcfe1d73d;0x724fd09af84a;0x724fcfbce12c;0x724fcfbce91a;0x724fcfbceed4;0x724fcfd80de1;cuMemcpyHtoDAsync_v2;0x724fc1c481a9;0x724fc1c17058;0x724fc1c768a1;0x724f610a9646;0x724f9d02f8a3;0x724f9d031187;|, 28.031325, 0.00, 74.862000
2025-11-25T20:16:19.232638Z, , 37.028614, 100.00, 74.862000
2025-11-25T20:16:19.237772Z, , 35.677470, 100.00, 74.862000
2025-11-25T20:16:19.243057Z, 0xfffffffffffffe00;0x724fcfe61bc5;0x724fcfc1f183;0x724fcfc5de3b;0x724fd099d137;0x724fd099d585;0x724fcfc2b9f4;0x724fcfc51ce2;0x724fcfc5d5d5;0x724fcfbaa4f9;0x724fcfd39f77;cuCtxSynchronize;0x724fc1c0fb8b;0x724fc1c4a43a;0x724fc1f60b67;0x0;0x724fc09c4980;0x8b485355fc894900;|, 30.450247, 0.00, 74.862000
2025-11-25T20:16:19.248211Z, , 27.609678, 0.00, 74.862000
2025-11-25T20:16:19.253501Z, 0xfffffffffffffe00;0x724fcfe61bc9;0x724fcfc1f183;0x724fcfc5de3b;0x724fd099d137;0x724fd099d585;0x724fcfc2b9f4;0x724fcfc51ce2;0x724fcfc5d5d5;0x724fcfbaa4f9;0x724fcfd39f77;cuCtxSynchronize;0x724fc1c0fb8b;0x724fc1c4a43a;0x724fc1f60b67;0x0;0x724fc09c4980;0x8b485355fc894900;|, 30.472406, 0.00, 74.862000
2025-11-25T20:16:19.258606Z, , 34.981338, 0.00, 74.862000
2025-11-25T20:16:19.263748Z, , 37.720434, 100.00, 74.862000
2025-11-25T20:16:19.269066Z, 0xfffffffffffffe00;0x724fcfe61b40;0x724fcfc5de3b;0x724fd099d137;0x724fd099d585;0x724fcfc2b9f4;0x724fcfc51ce2;0x724fcfc5d5d5;0x724fcfbaa4f9;0x724fcfd39f77;cuCtxSynchronize;0x724fc1c0fb8b;0x724fc1c4a43a;0x724fc1f60b67;0x0;0x724fc09c4980;0x8b485355fc894900;|, 32.307871, 0.00, 74.862000
2025-11-25T20:16:19.274234Z, , 27.954113, 100.00, 74.862000
2025-11-25T20:16:19.279567Z, 0xfffffffffffffe00;0x724fd5cf6d11;clock_gettime@@GLIBC_2.17;0x724fcfd1bc04;0x724fcfc2bccc;0x724fcfc51ce2;0x724fcfc5d5d5;0x724fcfbaa4f9;0x724fcfd39f77;cuCtxSynchronize;0x724fc1c0fb8b;0x724fc1c4a43a;0x724fc1f60b67;0x0;0x724fc09c4980;0x8b485355fc894900;|, 27.013362, 200.00, 74.862000
2025-11-25T20:16:19.284799Z, , 21.459465, 0.00, 74.862000
2025-11-25T20:16:19.289906Z, , 47.284353, 0.00, 74.862000
2025-11-25T20:16:19.295015Z, , 66.855330, 0.00, 74.862000
2025-11-25T20:16:19.300315Z, 0xfffffffffffffe00;0x724fcfe61bac;0x724fcfc1f183;0x724fcfc5de3b;0x724fd099d137;0x724fd099d585;0x724fcfc2b9f4;0x724fcfc51ce2;0x724fcfc5d5d5;0x724fcfbaa4f9;0x724fcfd39f77;cuCtxSynchronize;0x724fc1c0fb8b;0x724fc1c4a43a;0x724fc1f60b67;0x0;0x724fc09c4980;0x8b485355fc894900;|, 35.935372, 100.00, 75.266000
2025-11-25T20:16:19.305419Z, , 22.314870, 0.00, 75.266000
2025-11-25T20:16:19.310664Z, 0xfffffffffffffe00;0x724fcfc1f17d;0x724fcfc5de3b;0x724fd099d137;0x724fd099d585;0x724fcfc2b9f4;0x724fcfc51ce2;0x724fcfc5d5d5;0x724fcfbaa4f9;0x724fcfd39f77;cuCtxSynchronize;0x724fc1c0fb8b;0x724fc1c4a43a;0x724fc1f60b67;0x0;0x724fc09c4980;0x8b485355fc894900;|, 41.191767, 0.00, 75.266000
2025-11-25T20:16:19.315768Z, , 52.749910, 0.00, 75.266000
2025-11-25T20:16:19.320874Z, , 49.796551, 0.00, 75.266000
2025-11-25T20:16:19.326078Z, 0xfffffffffffffe00;0x724fcfc2b9f6;0x724fcfc51ce2;0x724fcfc5d5d5;0x724fcfbaa4f9;0x724fcfd39f77;cuCtxSynchronize;0x724fc1c0fb8b;0x724fc1c4a43a;0x724fc1f60b67;0x0;0x724fc09c4980;0x8b485355fc894900;|, 36.835828, 0.00, 75.266000
2025-11-25T20:16:19.331228Z, , 34.082719, 0.00, 75.266000
2025-11-25T20:16:19.336518Z, 0xfffffffffffffe00;0x724fcfc1f186;0x724fcfc5de3b;0x724fd099d137;0x724fd099d585;0x724fcfc2b9f4;0x724fcfc51ce2;0x724fcfc5d5d5;0x724fcfbaa4f9;0x724fcfd39f77;cuCtxSynchronize;0x724fc1c0fb8b;0x724fc1c4a43a;0x724fc1f60b67;0x0;0x724fc09c4980;0x8b485355fc894900;|, 29.315810, 0.00, 75.266000
2025-11-25T20:16:19.341637Z, , 39.919297, 0.00, 75.266000
2025-11-25T20:16:19.346879Z, 0xfffffffffffffe00;0x724fcfe61bae;0x724fcfc1f183;0x724fcfc5de3b;0x724fd099d137;0x724fd099d585;0x724fcfc2b9f4;0x724fcfc51ce2;0x724fcfc5d5d5;0x724fcfbaa4f9;0x724fcfd39f77;cuCtxSynchronize;0x724fc1c0fb8b;0x724fc1c4a43a;0x724fc1f60b67;0x0;0x724fc09c4980;0x8b485355fc894900;|, 28.480563, 0.00, 75.266000
2025-11-25T20:16:19.351973Z, , 34.187400, 0.00, 75.266000
2025-11-25T20:16:19.357103Z, , 53.007457, 0.00, 75.266000
2025-11-25T20:16:19.362366Z, 0xfffffffffffffe00;0x724fd099d17f;0x724fd099d585;0x724fcfc2b9f4;0x724fcfc51ce2;0x724fcfc5d5d5;0x724fcfbaa4f9;0x724fcfd39f77;cuCtxSynchronize;0x724fc1c0fb8b;0x724fc1c4a43a;0x724fc1f60b67;0x0;0x724fc09c4980;0x8b485355fc894900;|, 36.937141, 50.00, 75.266000
2025-11-25T20:16:19.367491Z, , 42.403259, 0.00, 75.266000
2025-11-25T20:16:19.372601Z, , 32.707385, 0.00, 75.266000
2025-11-25T20:16:19.377867Z, 0xfffffffffffffe00;0x724fcfe61b7b;0x724fcfc1f183;0x724fcfc5de3b;0x724fd099d137;0x724fd099d585;0x724fcfc2b9f4;0x724fcfc51ce2;0x724fcfc5d5d5;0x724fcfbaa4f9;0x724fcfd39f77;cuCtxSynchronize;0x724fc1c0fb8b;0x724fc1c4a43a;0x724fc1f60b67;0x0;0x724fc09c4980;0x8b485355fc894900;|, 49.251801, 0.00, 75.266000
2025-11-25T20:16:19.382982Z, , 38.272815, 100.00, 75.266000
2025-11-25T20:16:19.388268Z, 0xfffffffffffffe00;0x724fcfe61b40;0x724fcfc5de3b;0x724fd099d137;0x724fd099d585;0x724fcfc2b9f4;0x724fcfc51ce2;0x724fcfc5d5d5;0x724fcfbaa4f9;0x724fcfd39f77;cuCtxSynchronize;0x724fc1c0fb8b;0x724fc1c4a43a;0x724fc1f60b67;0x0;0x724fc09c4980;0x8b485355fc894900;|, 40.078105, 0.00, 75.266000
2025-11-25T20:16:19.393363Z, , 18.986871, 0.00, 75.266000
2025-11-25T20:16:19.398486Z, , 51.481028, 0.00, 75.266000
2025-11-25T20:16:19.403742Z, 0xfffffffffffffe00;0x724fcfc1f07d;0x724fcfc5de3b;0x724fd099d137;0x724fd099d585;0x724fcfc2b9f4;0x724fcfc51ce2;0x724fcfc5d5d5;0x724fcfbaa4f9;0x724fcfd39f77;cuCtxSynchronize;0x724fc1c0fb8b;0x724fc1c4a43a;0x724fc1f60b67;0x0;0x724fc09c4980;0x8b485355fc894900;|, 32.734264, 100.00, 75.266000
2025-11-25T20:16:19.409008Z, 0xfffffffffffffe00;0x724fcfc21134;0x724fcfcc8c0a;0x724fcfe156ae;0x724fcfe1d73d;0x724fd09af84a;0x724fcfbce12c;0x724fcfbce91a;0x724fcfbceed4;0x724fcfd80de1;cuMemcpyHtoDAsync_v2;0x724fc1c481a9;0x724fc1c17058;0x724fc1c768a1;0x724f610a9646;0x724f9d02f8a3;0x724f9d031187;|, 28.139971, 0.00, 75.266000
2025-11-25T20:16:19.414167Z, , 27.725351, 100.00, 75.266000
2025-11-25T20:16:19.419404Z, 0xfffffffffffffe00;0x724fcfc21134;0x724fcfcc8c0a;0x724fcfe156ae;0x724fcfe1d73d;0x724fd09af84a;0x724fcfbce12c;0x724fcfbce91a;0x724fcfbceed4;0x724fcfd80de1;cuMemcpyHtoDAsync_v2;0x724fc1c481a9;0x724fc1c17058;0x724fc1c768a1;0x724f610a9646;0x724f9d02f8a3;0x724f9d031187;|, 26.571157, 0.00, 75.266000
2025-11-25T20:16:19.424503Z, , 31.812354, 0.00, 75.266000
2025-11-25T20:16:19.429613Z, , 38.990530, 0.00, 75.266000
2025-11-25T20:16:19.434719Z, , 33.753066, 0.00, 75.266000
2025-11-25T20:16:19.440036Z, 0xfffffffffffffe00;0x724fcfe61be1;0x724fcfc1f183;0x724fcfc5de3b;0x724fd099d137;0x724fd099d585;0x724fcfc2b9f4;0x724fcfc51ce2;0x724fcfc5d5d5;0x724fcfbaa4f9;0x724fcfd39f77;cuCtxSynchronize;0x724fc1c0fb8b;0x724fc1c4a43a;0x724fc1f60b67;0x0;0x724fc09c4980;0x8b485355fc894900;|, 17.529318, 0.00, 75.266000
2025-11-25T20:16:19.445197Z, , 53.607886, 0.00, 75.266000
2025-11-25T20:16:19.450338Z, , 37.496731, 0.00, 75.266000
2025-11-25T20:16:19.455632Z, 0xfffffffffffffe00;0x724fcfe61b53;0x724fcfc1f183;0x724fcfc5de3b;0x724fd099d137;0x724fd099d585;0x724fcfc2b9f4;0x724fcfc51ce2;0x724fcfc5d5d5;0x724fcfbaa4f9;0x724fcfd39f77;cuCtxSynchronize;0x724fc1c0fb8b;0x724fc1c4a43a;0x724fc1f60b67;0x0;0x724fc09c4980;0x8b485355fc894900;|, 30.656910, 0.00, 75.266000
2025-11-25T20:16:19.460780Z, , 27.620641, 0.00, 75.266000
2025-11-25T20:16:19.466045Z, 0xfffffffffffffe00;0x724fcfe61b7b;0x724fcfc1f183;0x724fcfc5de3b;0x724fd099d137;0x724fd099d585;0x724fcfc2b9f4;0x724fcfc51ce2;0x724fcfc5d5d5;0x724fcfbaa4f9;0x724fcfd39f77;cuCtxSynchronize;0x724fc1c0fb8b;0x724fc1c4a43a;0x724fc1f60b67;0x0;0x724fc09c4980;0x8b485355fc894900;|, 24.688597, 0.00, 75.266000
2025-11-25T20:16:19.471327Z, 0xfffffffffffffe00;0x724fcfc21144;0x724fcfcc8c0a;0x724fcfe156ae;0x724fcfe1d73d;0x724fd09af84a;0x724fcfbce12c;0x724fcfbce91a;0x724fcfbceed4;0x724fcfd80de1;cuMemcpyHtoDAsync_v2;0x724fc1c481a9;0x724fc1c17058;0x724fc1c768a1;0x724f610a9646;0x724f9d02f8a3;0x724f9d031187;|, 30.168568, 0.00, 75.266000
2025-11-25T20:16:19.476448Z, , 40.013847, 0.00, 75.266000
2025-11-25T20:16:19.481542Z, , 25.340361, 0.00, 75.266000
2025-11-25T20:16:19.486660Z, , 46.674173, 100.00, 75.266000
2025-11-25T20:16:19.491908Z, 0xfffffffffffffe00;0x724fcfc21144;0x724fcfcc8c0a;0x724fcfe156ae;0x724fcfe1d73d;0x724fd09af84a;0x724fcfbce12c;0x724fcfbce91a;0x724fcfbceed4;0x724fcfd80de1;cuMemcpyHtoDAsync_v2;0x724fc1c481a9;0x724fc1c17058;0x724fc1c768a1;0x724f610a9646;0x724f9d02f8a3;0x724f9d031187;|, 40.364602, 0.00, 75.266000
2025-11-25T20:16:19.497021Z, , 33.038279, 0.00, 75.266000
2025-11-25T20:16:19.502261Z, 0xfffffffffffffe00;0x724fcfc21134;0x724fcfcc8c0a;0x724fcfe156ae;0x724fcfe1d73d;0x724fd09af84a;0x724fcfbce12c;0x724fcfbce91a;0x724fcfbceed4;0x724fcfd80de1;cuMemcpyHtoDAsync_v2;0x724fc1c481a9;0x724fc1c17058;0x724fc1c768a1;0x724f610a9646;0x724f9d02f8a3;0x724f9d031187;|, 14.020461, 100.00, 75.266000
2025-11-25T20:16:19.507378Z, , 54.044319, 0.00, 75.266000
2025-11-25T20:16:19.512479Z, , 44.726516, 0.00, 75.266000
2025-11-25T20:16:19.517578Z, , 46.594773, 0.00, 75.266000
2025-11-25T20:16:19.522687Z, , 53.285479, 0.00, 75.266000
2025-11-25T20:16:19.527843Z, , 45.238568, 0.00, 75.266000
2025-11-25T20:16:19.532941Z, , 19.363134, 0.00, 75.266000
2025-11-25T20:16:19.538578Z, 0xfffffffffffffe00;_PyObject_VisitManagedDict;0x59f91d;0x61c1d6;0x61be8c;PyGC_Collect;Py_FinalizeEx;Py_RunMain;Py_BytesMain;__libc_start_call_main;__libc_start_main@@GLIBC_2.34;_start;|, 41.322771, 0.00, 75.266000
2025-11-25T20:16:19.544188Z, 0xfffffffffffffe00;0x61cfd8;0x61c23e;0x61be8c;PyGC_Collect;Py_FinalizeEx;Py_RunMain;Py_BytesMain;__libc_start_call_main;__libc_start_main@@GLIBC_2.34;_start;|, 50.087246, 100.00, 75.266000
2025-11-25T20:16:19.549334Z, , 41.293435, 0.00, 75.266000
2025-11-25T20:16:19.554437Z, , 37.105601, 0.00, 75.266000
2025-11-25T20:16:19.559797Z, 0xffffffffffffff80;0xffffffffbb0e89ae;0xffffffffbb0e9019;0xffffffffbb0e9550;0xffffffffbb0e976b;0xffffffffbb0e9d99;0xffffffffbb0e9f79;0xffffffffbb0ea585;0xffffffffbb11494e;0xffffffffbb116473;0xffffffffbb116de1;0xffffffffbb116f33;0xffffffffbb1199cc;0xffffffffbb0f778b;0xffffffffbac84b8a;0xffffffffbbed678e;0xffffffffbaa0012b;0xfffffffffffffe00;__munmap;0x724fc0834a5f;|, 39.830037, 0.00, 75.266000
2025-11-25T20:16:19.564898Z, , 52.411344, 0.00, 75.266000
2025-11-25T20:16:19.570489Z, 0xfffffffffffffe00;0x61cf78;0x61c1d6;0x6bc429;0x6b0f9d;Py_FinalizeEx;Py_RunMain;Py_BytesMain;__libc_start_call_main;__libc_start_main@@GLIBC_2.34;_start;|, 43.197547, 100.00, 75.266000
2025-11-25T20:16:19.575593Z, , 62.080037, 100.00, 75.266000
2025-11-25T20:16:19.580697Z, , 43.595845, 200.00, 75.266000
2025-11-25T20:16:19.585803Z, , 51.741371, 0.00, 75.266000
2025-11-25T20:16:19.591339Z, 0xfffffffffffffe00;_PyModule_Clear;0x6b1029;Py_FinalizeEx;Py_RunMain;Py_BytesMain;__libc_start_call_main;__libc_start_main@@GLIBC_2.34;_start;|, 45.708776, 100.00, 75.266000
2025-11-25T20:16:19.597014Z, 0xfffffffffffffe00;0x55b886;0x590ffa;0x575b1e;0x57586c;0x572ffe;_PyModule_Clear;0x6b1029;Py_FinalizeEx;Py_RunMain;Py_BytesMain;__libc_start_call_main;__libc_start_main@@GLIBC_2.34;_start;|, 25.315476, 0.00, 75.266000
2025-11-25T20:16:19.602142Z, , 59.373943, 0.00, 75.266000
2025-11-25T20:16:19.607766Z, 0xfffffffffffffe00;0x61cfd8;0x61c23e;0x6bc429;Py_FinalizeEx;Py_RunMain;Py_BytesMain;__libc_start_call_main;__libc_start_main@@GLIBC_2.34;_start;|, 34.392595, 0.00, 75.266000
2025-11-25T20:16:19.612916Z, , 31.445822, 100.00, 75.266000
2025-11-25T20:16:19.618069Z, , 34.469056, 0.00, 75.266000
2025-11-25T20:16:19.623625Z, 0xfffffffffffffe00;0x579ec5;0x61c8fd;0x6bc429;Py_FinalizeEx;Py_RunMain;Py_BytesMain;__libc_start_call_main;__libc_start_main@@GLIBC_2.34;_start;|, 48.432078, 0.00, 75.266000
2025-11-25T20:16:19.629403Z, 0xfffffffffffffe00;PyObject_ClearWeakRefs;0x59e9d8;0x5796e2;0x59ea69;PyDict_Clear;0x5a03e1;0x61c8fd;0x6bc429;Py_FinalizeEx;Py_RunMain;Py_BytesMain;__libc_start_call_main;__libc_start_main@@GLIBC_2.34;_start;|, 34.361762, 100.00, 75.266000
2025-11-25T20:16:19.635003Z, 0xfffffffffffffe00;0x61cfd8;0x61c23e;0x6bc429;0x6b25d3;0x6b11c1;Py_FinalizeEx;Py_RunMain;Py_BytesMain;__libc_start_call_main;__libc_start_main@@GLIBC_2.34;_start;|, 50.068567, 100.00, 75.266000
2025-11-25T20:16:19.640114Z, , 39.043402, 200.00, 75.266000
2025-11-25T20:16:19.645208Z, , 30.301990, 300.00, 75.266000
2025-11-25T20:16:19.650319Z, , 61.619811, 0.00, 75.266000
2025-11-25T20:16:19.655531Z, 0xfffffffffffffe00;__pthread_mutex_lock@GLIBC_2.2.5;0x724f9ce80812;0xc2894cc93100166f;|, 53.595084, 100.00, 75.266000
2025-11-25T20:16:19.660892Z, 0xfffffffffffffe00;_int_free;free;0x724f9ce7c3eb;0x10;0x656b696c5f797470;0x0;|, 39.844739, 0.00, 75.266000
2025-11-25T20:16:19.666033Z, , 44.071748, 100.00, 75.266000
2025-11-25T20:16:19.671431Z, 0xfffffffffffffe00;_int_free;free;0x724f9cbc77f3;|, 33.727624, 0.00, 75.266000
2025-11-25T20:16:19.676565Z, 0xfffffffffffffe00;0x724fc1b3c91f;0x26;0x6f635f6573726170;|, 30.903738, 100.00, 75.266000
2025-11-25T20:16:19.681665Z, , 50.985133, 0.00, 75.266000
2025-11-25T20:16:19.686820Z, 0xfffffffffffffe00;0x724f9ce93009;0x656c75646f6d2428;|, 39.029104, 100.00, 75.266000
2025-11-25T20:16:19.691956Z, , 34.946274, 0.00, 75.266000
2025-11-25T20:16:19.697100Z, 0xfffffffffffffe00;0x724f9c4641f0;0xc;0x65646976;|, 28.159742, 100.00, 75.266000
2025-11-25T20:16:19.702247Z, , 26.006823, 0.00, 75.266000
2025-11-25T20:16:19.707345Z, , 36.239229, 0.00, 75.266000
2025-11-25T20:16:19.713246Z, 0xfffffffffffffe00;_int_free;free;0x724ec8303d28;0x724ec8306959;__run_exit_handlers;0x724fd5847bbe;__libc_start_call_main;__libc_start_main@@GLIBC_2.34;_start;|, 32.464522, 100.00, 75.266000
2025-11-25T20:16:19.718360Z, , 27.283847, 0.00, 75.266000
2025-11-25T20:16:19.723454Z, , 15.618508, 0.00, 75.266000
2025-11-25T20:16:19.729569Z, 0xffffffffffffff80;0xffffffffbbee41e6;0xffffffffbbee4709;0xffffffffc2acd268;0xffffffffc2b4126e;0xffffffffc2b36d90;0xffffffffc2b37856;0xffffffffc2b5f6f0;0xffffffffc2b05d92;0xffffffffc2b06bbc;0xffffffffc2ad0ea3;0xffffffffc2ad14cb;0xffffffffc2ad15ba;0xffffffffbb1dde74;0xffffffffbac83f9e;0xffffffffbbed678e;0xffffffffbaa0012b;0xfffffffffffffe00;ioctl;0x724fcfe55874;0x724fcfe55dc1;0x724fcfd04d70;0x724fcfe8e20a;0x724fcfe8fbe4;0x724fcfe160a7;0x724fcfe1e69a;0x724fcfe23416;0x724fcfe22b77;0x724fcfe248b7;0x724fcfcc3601;0x724fd09b4bc0;0x724fcfcfa143;0x724fcfc5fe8c;0x724fcfc61d4b;0x724fcfc61e8c;0x724fcfd906c2;cuDevicePrimaryCtxRelease;0x724fc1c362fc;0x724fc1c36c9d;__run_exit_handlers;0x724fd5847bbe;__libc_start_call_main;__libc_start_main@@GLIBC_2.34;_start;|, 70.050825, 0.00, 75.266000
2025-11-25T20:16:19.734686Z, , 53.593197, 0.00, 75.266000
2025-11-25T20:16:19.739788Z, , 55.101030, 0.00, 75.266000
2025-11-25T20:16:19.744887Z, , 39.993979, 0.00, 75.266000
2025-11-25T20:16:19.749989Z, , 26.126664, 0.00, 75.266000
2025-11-25T20:16:19.755129Z, , 41.027356, 0.00, 75.266000
2025-11-25T20:16:19.761206Z, 0xffffffffffffff80;0xffffffffc1761b22;0xffffffffc16e7ae2;0xffffffffc17558db;0xffffffffc1880ded;0xffffffffc18931bf;0xffffffffc1702816;0xffffffffc18d5ed9;0xffffffffc18dcb1e;0xffffffffc18584d4;0xffffffffc1858ed9;0xffffffffc1858e44;0xffffffffc1874f97;0xffffffffc152f7f9;0xffffffffc2b610b8;0xffffffffc2b623a0;0xffffffffc2ad0ed9;0xffffffffc2ad14cb;0xffffffffc2ad15ba;0xffffffffbb1dde74;0xffffffffbac83f9e;0xffffffffbbed678e;0xffffffffbaa0012b;0xfffffffffffffe00;ioctl;0x724fcfd040d6;0x724fcfc0d4ae;0x724fcfc0d613;0x724fcfc1e9f6;0x724fcfc608cd;0x724fcfc61d4b;0x724fcfc61e8c;0x724fcfd906c2;cuDevicePrimaryCtxRelease;0x724fc1c362fc;0x724fc1c36c9d;__run_exit_handlers;0x724fd5847bbe;__libc_start_call_main;__libc_start_main@@GLIBC_2.34;_start;|, 30.581983, 0.00, 75.266000
2025-11-25T20:16:19.766302Z, , 38.393011, 100.00, 75.266000
2025-11-25T20:16:19.771436Z, , 40.424570, 0.00, 75.266000
2025-11-25T20:16:19.778674Z, 0xffffffffffffff80;0xffffffffbb093909;0xffffffffbb0e9019;0xffffffffbb0e9550;0xffffffffbb0e976b;0xffffffffbb0e9d99;0xffffffffbb0e9f79;0xffffffffbb0ea585;0xffffffffbb11494e;0xffffffffbb115a15;0xffffffffbb117cc9;0xffffffffbb118e13;0xffffffffbb0f8d49;0xffffffffbb0b8e4e;0xffffffffbb0f7b79;0xffffffffbace0d43;0xffffffffbac85139;0xffffffffbbed678e;0xffffffffbaa0012b;0xfffffffffffffe00;__mmap;0x724fcfe88ab2;0x724fcfe9026f;0x724fcfe6ab33;0x724fcfe829ef;0x724fcfe1601d;0x724fcfe1e69a;0x724fcfe23416;0x724fcfe22b77;0x724fcfe248b7;0x724fcfdbf9cb;0x724fcfe6af43;0x724fcfc0d2ea;0x724fcfc0d613;0x724fcfc1e9f6;0x724fcfc608cd;0x724fcfc61d4b;0x724fcfc61e8c;0x724fcfd906c2;cuDevicePrimaryCtxRelease;0x724fc1c362fc;0x724fc1c36c9d;__run_exit_handlers;0x724fd5847bbe;__libc_start_call_main;__libc_start_main@@GLIBC_2.34;_start;|0xffffffffffffff80;0xffffffffbbeeca4e;0xffffffffbad930b2;0xffffffffbad5f99a;0xffffffffbad603f3;0xffffffffbad5eb0b;0xffffffffc152302e;0xffffffffc150fd55;0xffffffffc16474f9;0xffffffffc1781e7e;0xffffffffc181e6b1;0xffffffffc1588f45;0xffffffffc18cf8f5;0xffffffffc18d45b3;0xffffffffc1850baf;0xffffffffc18db7a8;0xffffffffc18dc053;0xffffffffc184f45b;0xffffffffc184f629;0xffffffffc185bb5e;0xffffffffc1644039;0xffffffffc164c746;0xffffffffc15116b9;0xffffffffbb1dde74;0xffffffffbac83f9e;0xffffffffbbed678e;0xffffffffbaa0012b;0xfffffffffffffe00;ioctl;0x724fcfe8e028;0x724fcfe97143;0x724fcfe670dd;0x724fcfea0299;0x724fcfea276c;0x724fcfe15e7e;0x724fcfe1e69a;0x724fcfe23416;0x724fcfe22b77;0x724fcfe248b7;0x724fcfdbf9cb;0x724fcfe6af43;0x724fcfc0d2ea;0x724fcfc0d613;0x724fcfc1e9f6;0x724fcfc608cd;0x724fcfc61d4b;0x724fcfc61e8c;0x724fcfd906c2;cuDevicePrimaryCtxRelease;0x724fc1c362fc;0x724fc1c36c9d;__run_exit_handlers;0x724fd5847bbe;__libc_start_call_main;__libc_start_main@@GLIBC_2.34;_start;|, 40.982613, 0.00, 75.266000
2025-11-25T20:16:19.784736Z, 0xffffffffffffff80;0xffffffffc164832a;0xffffffffc172397f;0xffffffffc17614ae;0xffffffffc1761b80;0xffffffffc16e7ae2;0xffffffffc17558db;0xffffffffc1880ded;0xffffffffc1893bdb;0xffffffffc184ddec;0xffffffffc18d4599;0xffffffffc1850baf;0xffffffffc18db7a8;0xffffffffc18dc053;0xffffffffc184f45b;0xffffffffc184f629;0xffffffffc185bb5e;0xffffffffc1644039;0xffffffffc164c746;0xffffffffc15116b9;0xffffffffbb1dde74;0xffffffffbac83f9e;0xffffffffbbed678e;0xffffffffbaa0012b;0xfffffffffffffe00;ioctl;0x724fcfe8e028;0x724fcfe97143;0x724fcfe670dd;0x724fcfe67860;0x724fcfe67907;0x724fcfc0d660;0x724fcfc1e9f6;0x724fcfc608cd;0x724fcfc61d4b;0x724fcfc61e8c;0x724fcfd906c2;cuDevicePrimaryCtxRelease;0x724fc1c362fc;0x724fc1c36c9d;__run_exit_handlers;0x724fd5847bbe;__libc_start_call_main;__libc_start_main@@GLIBC_2.34;_start;|, 49.830333, 0.00, 75.266000
2025-11-25T20:16:19.790726Z, 0xffffffffffffff80;0xffffffffbb19d616;0xffffffffbb093128;0xffffffffbb0943ae;0xffffffffbb0b6094;0xffffffffbb0b670a;0xffffffffbb1ea89f;0xffffffffbb1eab97;0xffffffffbb1e3ccc;0xffffffffbb1e4ae6;0xffffffffbb1e5789;0xffffffffbb1c0fcd;0xffffffffbb1c11f5;0xffffffffbadbafbd;0xffffffffbbedd98a;0xffffffffbbed679a;0xffffffffbaa0012b;0xfffffffffffffe00;__mmap;0x724fcfea03f6;0x724fcfea276c;0x724fcfe15e7e;0x724fcfe1e69a;0x724fcfe23416;0x724fcfe22b77;0x724fcfe248b7;0x724fcfe24ad3;0x724fcfc5ffb7;0x724fcfc61d4b;0x724fcfc61e8c;0x724fcfd906c2;cuDevicePrimaryCtxRelease;0x724fc1c362fc;0x724fc1c36c9d;__run_exit_handlers;0x724fd5847bbe;__libc_start_call_main;__libc_start_main@@GLIBC_2.34;_start;|, 40.808531, 0.00, 75.266000
2025-11-25T20:16:19.796699Z, 0xffffffffffffff80;0xffffffffbbecd160;0xffffffffbb08341d;0xffffffffbb0b5ec5;0xffffffffbb0b670a;0xffffffffbb1ea89f;0xffffffffbb1eab97;0xffffffffbb1e3ccc;0xffffffffbb1e4ae6;0xffffffffbb1e5789;0xffffffffbb1c0fcd;0xffffffffbb1c11f5;0xffffffffbadbafbd;0xffffffffbbedd98a;0xffffffffbbed679a;0xffffffffbaa0012b;0xfffffffffffffe00;__mmap;0x724fcfea03f6;0x724fcfea276c;0x724fcfe15e7e;0x724fcfe1e69a;0x724fcfe23416;0x724fcfe22b77;0x724fcfe248b7;0x724fcfe24ad3;0x724fcfc5ffb7;0x724fcfc61d4b;0x724fcfc61e8c;0x724fcfd906c2;cuDevicePrimaryCtxRelease;0x724fc1c362fc;0x724fc1c36c9d;__run_exit_handlers;0x724fd5847bbe;__libc_start_call_main;__libc_start_main@@GLIBC_2.34;_start;|, 53.055450, 100.00, 75.266000
2025-11-25T20:16:19.801802Z, äø•Õ, 35.004184, 100.00, 74.592000
2025-11-25T20:16:19.806895Z, , 48.330606, 200.00, 74.592000
2025-11-25T20:16:19.811989Z, , 59.255173, 0.00, 74.592000
2025-11-25T20:16:19.817230Z, , 31.803718, 0.00, 74.592000
2025-11-25T20:16:19.822455Z, , 19.119873, 0.00, 74.592000
2025-11-25T20:16:19.827641Z, , 20.464376, 0.00, 74.592000
2025-11-25T20:16:19.832783Z, , 18.578416, 0.00, 74.592000
2025-11-25T20:16:19.838005Z, , 18.951865, 0.00, 74.592000
2025-11-25T20:16:19.843275Z, , 15.589678, 0.00, 74.592000
2025-11-25T20:16:19.848467Z, , 18.798661, 0.00, 74.592000
2025-11-25T20:16:19.853616Z, , 18.752348, 0.00, 74.592000
2025-11-25T20:16:19.858746Z, , 28.960141, 0.00, 74.592000
2025-11-25T20:16:19.863978Z, , 36.078284, 0.00, 74.592000
2025-11-25T20:16:19.869213Z, , 19.798621, 0.00, 74.592000
2025-11-25T20:16:19.874488Z, , 22.631870, 0.00, 74.592000
2025-11-25T20:16:19.879708Z, , 18.553995, 0.00, 74.592000
2025-11-25T20:16:19.884881Z, , 19.215641, 0.00, 74.592000
2025-11-25T20:16:19.890050Z, , 30.434384, 0.00, 74.592000
2025-11-25T20:16:19.895290Z, , 15.763280, 0.00, 74.592000
