timestamp, callchains, power, resource_usage, gpu_power
2025-11-25T20:52:36.843772Z, 0xffffffffffffff80;0xffffffffbadecea0;0xffffffffbadfcc14;0xffffffffbadd91c2;0xffffffffbaddc0a2;0xffffffffbbee41dd;0xffffffffbbee4709;0xffffffffc2acd268;0xffffffffc2b405cd;0xffffffffc2b40f34;0xffffffffc2b3d7fe;0xffffffffc2afd9e3;0xffffffffc2affc93;0xffffffffc2ae5350;0xffffffffc2ae7837;0xffffffffc2aedef0;0xffffffffc2ae92b3;0xffffffffc2ad0867;0xffffffffc2ad14cb;0xffffffffc2ad15ba;0xffffffffbb1dde74;0xffffffffbac83f9e;0xffffffffbbed678e;0xffffffffbaa0012b;0xfffffffffffffe00;ioctl;0x735930454704;0x7359303227b2;0x7359302fcafd;0x7359302d58f8;0x7359303146d2;cuInit;init();_dl_init;_dl_start_user;|0xffffffffffffff80;0xffffffffbbeed087;0xffffffffbbee412a;0xffffffffbbee4709;0xffffffffc2acd268;0xffffffffc2b405cd;0xffffffffc2b40f34;0xffffffffc2b3d7fe;0xffffffffc2afd9e3;0xffffffffc2affc93;0xffffffffc2ae5350;0xffffffffc2ae7837;0xffffffffc2aedef0;0xffffffffc2ae92b3;0xffffffffc2ad0867;0xffffffffc2ad14cb;0xffffffffc2ad15ba;0xffffffffbb1dde74;0xffffffffbac83f9e;0xffffffffbbed678e;0xffffffffbaa0012b;0xfffffffffffffe00;ioctl;0x735930454704;0x7359303227b2;0x7359302fcafd;0x7359302d58f8;0x7359303146d2;cuInit;init();_dl_init;_dl_start_user;|0xffffffffffffff80;0xffffffffc164832a;0xffffffffc172397f;0xffffffffc17614ae;0xffffffffc1761b80;0xffffffffc16e7ae2;0xffffffffc17558db;0xffffffffc1880ded;0xffffffffc18931bf;0xffffffffc18770e7;0xffffffffc18d5e06;0xffffffffc18dcb1e;0xffffffffc1858482;0xffffffffc1858ed9;0xffffffffc18590df;0xffffffffc185b2fd;0xffffffffc16444fb;0xffffffffc164c746;0xffffffffc15116b9;0xffffffffbb1dde74;0xffffffffbac83f9e;0xffffffffbbed678e;0xffffffffbaa0012b;0xfffffffffffffe00;ioctl;0x73593048e028;0x7359304981fc;0x7359304749f7;0x73593045da70;0x7359304ad777;0x73592f95283b;0x73592f9033c2;0x73592f904fa6;0x73592f905205;cuptiActivityRegisterCallbacks;init();_dl_init;_dl_start_user;|0xfffffffffffffe00;_PyType_Lookup;PyObject_SetAttr;PyObject_SetAttrString;PyModule_FromDefAndSpec2;0x5fcc7e;0x581982;_PyEval_EvalFrameDefault;0x54a0c7;PyObject_CallMethodObjArgs;PyImport_ImportModuleLevelObject;_PyEval_EvalFrameDefault;PyEval_EvalCode;0x5d2bac;0x5818ed;PyObject_Vectorcall;_PyEval_EvalFrameDefault;0x54a0c7;PyObject_CallMethodObjArgs;PyImport_ImportModuleLevelObject;_PyEval_EvalFrameDefault;PyObject_CallMethod;0x6a7b47;0x6afdac;0x6afcf4;Py_InitializeFromConfig;0x6bbb15;0x6bba45;Py_BytesMain;__libc_start_call_main;__libc_start_main@@GLIBC_2.34;_start;|, 36.041529, 100.00, 38.194000
2025-11-25T20:52:36.851505Z, 0xfffffffffffffe00;_Py_HashBytes;0x5a61cd;_Py_hashtable_get;PyUnicode_InternInPlace;0x6022cd;0x602459;0x602531;0x602793;0x604dd4;_PyEval_EvalFrameDefault;0x54a0c7;PyObject_CallMethodObjArgs;PyImport_ImportModuleLevelObject;_PyEval_EvalFrameDefault;PyEval_EvalCode;0x607fc2;0x6b4393;_PyRun_SimpleFileObject;_PyRun_AnyFileObject;Py_RunMain;Py_BytesMain;__libc_start_call_main;__libc_start_main@@GLIBC_2.34;_start;|0xfffffffffffffe00;PyObject_Malloc;PyUnicode_FromKindAndData;0x6022a5;0x60281f;0x6024ed;0x602793;0x602531;0x602793;0x604dd4;_PyEval_EvalFrameDefault;0x54a0c7;PyObject_CallMethodObjArgs;PyImport_ImportModuleLevelObject;_PyEval_EvalFrameDefault;PyEval_EvalCode;0x5d2bac;0x5818ed;_PyEval_EvalFrameDefault;0x54a0c7;PyObject_CallMethodObjArgs;PyImport_ImportModuleLevelObject;_PyEval_EvalFrameDefault;PyEval_EvalCode;0x5d2bac;0x5818ed;_PyEval_EvalFrameDefault;0x54a0c7;PyObject_CallMethodObjArgs;PyImport_ImportModuleLevelObject;_PyEval_EvalFrameDefault;PyEval_EvalCode;0x607fc2;0x6b4393;_PyRun_SimpleFileObject;_PyRun_AnyFileObject;Py_RunMain;Py_BytesMain;__libc_start_call_main;__libc_start_main@@GLIBC_2.34;_start;|, 36.577096, 100.00, 38.194000
2025-11-25T20:52:36.858614Z, 0xfffffffffffffe00;PyObject_GC_Del;_PyEval_EvalFrameDefault;0x5554a6;PySequence_Tuple;_PyEval_EvalFrameDefault;_PyObject_Call_Prepend;0x59da4f;0x599513;_PyObject_MakeTpCall;_PyEval_EvalFrameDefault;0x64ef83;PyObject_Call;_PyEval_EvalFrameDefault;0x679493;0x581a6f;_PyObject_MakeTpCall;PyObject_CallOneArg;PyObject_GetItem;_PyEval_EvalFrameDefault;PyEval_EvalCode;0x5d2bac;0x5818ed;_PyEval_EvalFrameDefault;0x54a0c7;PyObject_CallMethodObjArgs;PyImport_ImportModuleLevelObject;_PyEval_EvalFrameDefault;PyEval_EvalCode;0x5d2bac;0x5818ed;_PyEval_EvalFrameDefault;0x54a0c7;PyObject_CallMethodObjArgs;PyImport_ImportModuleLevelObject;_PyEval_EvalFrameDefault;PyEval_EvalCode;0x607fc2;0x6b4393;_PyRun_SimpleFileObject;_PyRun_AnyFileObject;Py_RunMain;Py_BytesMain;__libc_start_call_main;__libc_start_main@@GLIBC_2.34;_start;|, 33.817532, 300.00, 38.194000
2025-11-25T20:52:36.863870Z, eìì	, 28.010280, 400.00, 38.194000
2025-11-25T20:52:36.871263Z, 0xfffffffffffffe00;_int_malloc;__libc_malloc;PyObject_Malloc;0x573604;0x57309b;0x6ad016;_PyEval_EvalFrameDefault;PyEval_EvalCode;0x5d2bac;0x5818ed;_PyEval_EvalFrameDefault;0x54a0c7;PyObject_CallMethodObjArgs;PyImport_ImportModuleLevelObject;_PyEval_EvalFrameDefault;PyEval_EvalCode;0x5d2bac;0x5818ed;_PyEval_EvalFrameDefault;0x54a0c7;PyObject_CallMethodObjArgs;PyImport_ImportModuleLevelObject;_PyEval_EvalFrameDefault;PyEval_EvalCode;0x5d2bac;0x5818ed;_PyEval_EvalFrameDefault;0x54a0c7;PyObject_CallMethodObjArgs;PyImport_ImportModuleLevelObject;_PyEval_EvalFrameDefault;PyEval_EvalCode;0x5d2bac;0x5818ed;_PyEval_EvalFrameDefault;0x54a0c7;PyObject_CallMethodObjArgs;PyImport_ImportModuleLevelObject;_PyEval_EvalFrameDefault;PyEval_EvalCode;0x607fc2;0x6b4393;_PyRun_SimpleFileObject;_PyRun_AnyFileObject;Py_RunMain;Py_BytesMain;__libc_start_call_main;__libc_start_main@@GLIBC_2.34;_start;|, 29.959571, 500.00, 38.194000
2025-11-25T20:52:36.878227Z, 0xffffffffffffff80;0xffffffffbb1d5ab1;0xffffffffbb1d5da9;0xffffffffbb1d6194;0xffffffffbb1d640f;0xffffffffbb1d6eae;0xffffffffbb1d7c6e;0xffffffffbb1c7b5a;0xffffffffbb1c864e;0xffffffffbb1c86f4;0xffffffffbb1c876c;0xffffffffbac8510c;0xffffffffbbed678e;0xffffffffbaa0012b;0xfffffffffffffe00;fstatat;_dl_map_object;openaux;_dl_catch_exception;_dl_map_object_deps;dl_open_worker_begin;_dl_catch_exception;dl_open_worker;_dl_catch_exception;_dl_open;dlopen_doit;_dl_catch_exception;_dl_catch_error;_dlerror_run;dlopen@GLIBC_2.2.5;0x6bb9ac;0x6a8afa;0x6a8282;0x581b07;_PyEval_EvalFrameDefault;0x54a0c7;PyObject_CallMethodObjArgs;PyImport_ImportModuleLevelObject;_PyEval_EvalFrameDefault;PyEval_EvalCode;0x5d2bac;0x5818ed;_PyEval_EvalFrameDefault;0x54a0c7;PyObject_CallMethodObjArgs;PyImport_ImportModuleLevelObject;_PyEval_EvalFrameDefault;PyEval_EvalCode;0x607fc2;0x6b4393;_PyRun_SimpleFileObject;_PyRun_AnyFileObject;Py_RunMain;Py_BytesMain;__libc_start_call_main;__libc_start_main@@GLIBC_2.34;_start;|, 28.044689, 500.00, 38.194000
2025-11-25T20:52:36.883483Z, , 28.755504, 700.00, 38.194000
2025-11-25T20:52:36.890210Z, 0xfffffffffffffe00;_dl_relocate_object;dl_open_worker_begin;_dl_catch_exception;dl_open_worker;_dl_catch_exception;_dl_open;dlopen_doit;_dl_catch_exception;_dl_catch_error;_dlerror_run;dlopen@GLIBC_2.2.5;0x6bb9ac;0x6a8afa;0x6a8282;0x581b07;_PyEval_EvalFrameDefault;0x54a0c7;PyObject_CallMethodObjArgs;PyImport_ImportModuleLevelObject;_PyEval_EvalFrameDefault;PyEval_EvalCode;0x5d2bac;0x5818ed;_PyEval_EvalFrameDefault;0x54a0c7;PyObject_CallMethodObjArgs;PyImport_ImportModuleLevelObject;_PyEval_EvalFrameDefault;PyEval_EvalCode;0x607fc2;0x6b4393;_PyRun_SimpleFileObject;_PyRun_AnyFileObject;Py_RunMain;Py_BytesMain;__libc_start_call_main;__libc_start_main@@GLIBC_2.34;_start;|, 24.439636, 0.00, 38.194000
2025-11-25T20:52:36.896923Z, 0xfffffffffffffe00;_dl_lookup_symbol_x;_dl_relocate_object;dl_open_worker_begin;_dl_catch_exception;dl_open_worker;_dl_catch_exception;_dl_open;dlopen_doit;_dl_catch_exception;_dl_catch_error;_dlerror_run;dlopen@GLIBC_2.2.5;0x6bb9ac;0x6a8afa;0x6a8282;0x581b07;_PyEval_EvalFrameDefault;0x54a0c7;PyObject_CallMethodObjArgs;PyImport_ImportModuleLevelObject;_PyEval_EvalFrameDefault;PyEval_EvalCode;0x5d2bac;0x5818ed;_PyEval_EvalFrameDefault;0x54a0c7;PyObject_CallMethodObjArgs;PyImport_ImportModuleLevelObject;_PyEval_EvalFrameDefault;PyEval_EvalCode;0x607fc2;0x6b4393;_PyRun_SimpleFileObject;_PyRun_AnyFileObject;Py_RunMain;Py_BytesMain;__libc_start_call_main;__libc_start_main@@GLIBC_2.34;_start;|, 28.316946, 100.00, 38.194000
2025-11-25T20:52:36.903626Z, 0xfffffffffffffe00;_dl_lookup_symbol_x;_dl_relocate_object;dl_open_worker_begin;_dl_catch_exception;dl_open_worker;_dl_catch_exception;_dl_open;dlopen_doit;_dl_catch_exception;_dl_catch_error;_dlerror_run;dlopen@GLIBC_2.2.5;0x6bb9ac;0x6a8afa;0x6a8282;0x581b07;_PyEval_EvalFrameDefault;0x54a0c7;PyObject_CallMethodObjArgs;PyImport_ImportModuleLevelObject;_PyEval_EvalFrameDefault;PyEval_EvalCode;0x5d2bac;0x5818ed;_PyEval_EvalFrameDefault;0x54a0c7;PyObject_CallMethodObjArgs;PyImport_ImportModuleLevelObject;_PyEval_EvalFrameDefault;PyEval_EvalCode;0x607fc2;0x6b4393;_PyRun_SimpleFileObject;_PyRun_AnyFileObject;Py_RunMain;Py_BytesMain;__libc_start_call_main;__libc_start_main@@GLIBC_2.34;_start;|, 23.855318, 100.00, 38.194000
2025-11-25T20:52:36.908854Z, , 28.494463, 0.00, 38.194000
2025-11-25T20:52:36.915677Z, 0xfffffffffffffe00;_dl_lookup_symbol_x;_dl_relocate_object;dl_open_worker_begin;_dl_catch_exception;dl_open_worker;_dl_catch_exception;_dl_open;dlopen_doit;_dl_catch_exception;_dl_catch_error;_dlerror_run;dlopen@GLIBC_2.2.5;0x6bb9ac;0x6a8afa;0x6a8282;0x581b07;_PyEval_EvalFrameDefault;0x54a0c7;PyObject_CallMethodObjArgs;PyImport_ImportModuleLevelObject;_PyEval_EvalFrameDefault;PyEval_EvalCode;0x5d2bac;0x5818ed;_PyEval_EvalFrameDefault;0x54a0c7;PyObject_CallMethodObjArgs;PyImport_ImportModuleLevelObject;_PyEval_EvalFrameDefault;PyEval_EvalCode;0x607fc2;0x6b4393;_PyRun_SimpleFileObject;_PyRun_AnyFileObject;Py_RunMain;Py_BytesMain;__libc_start_call_main;__libc_start_main@@GLIBC_2.34;_start;|, 27.252438, 100.00, 38.194000
2025-11-25T20:52:36.922465Z, 0xfffffffffffffe00;_dl_lookup_symbol_x;_dl_relocate_object;dl_open_worker_begin;_dl_catch_exception;dl_open_worker;_dl_catch_exception;_dl_open;dlopen_doit;_dl_catch_exception;_dl_catch_error;_dlerror_run;dlopen@GLIBC_2.2.5;0x6bb9ac;0x6a8afa;0x6a8282;0x581b07;_PyEval_EvalFrameDefault;0x54a0c7;PyObject_CallMethodObjArgs;PyImport_ImportModuleLevelObject;_PyEval_EvalFrameDefault;PyEval_EvalCode;0x5d2bac;0x5818ed;_PyEval_EvalFrameDefault;0x54a0c7;PyObject_CallMethodObjArgs;PyImport_ImportModuleLevelObject;_PyEval_EvalFrameDefault;PyEval_EvalCode;0x607fc2;0x6b4393;_PyRun_SimpleFileObject;_PyRun_AnyFileObject;Py_RunMain;Py_BytesMain;__libc_start_call_main;__libc_start_main@@GLIBC_2.34;_start;|, 23.813701, 100.00, 38.194000
2025-11-25T20:52:36.927711Z, , 27.345043, 0.00, 38.194000
2025-11-25T20:52:36.934494Z, 0xfffffffffffffe00;_dl_lookup_symbol_x;_dl_relocate_object;dl_open_worker_begin;_dl_catch_exception;dl_open_worker;_dl_catch_exception;_dl_open;dlopen_doit;_dl_catch_exception;_dl_catch_error;_dlerror_run;dlopen@GLIBC_2.2.5;0x6bb9ac;0x6a8afa;0x6a8282;0x581b07;_PyEval_EvalFrameDefault;0x54a0c7;PyObject_CallMethodObjArgs;PyImport_ImportModuleLevelObject;_PyEval_EvalFrameDefault;PyEval_EvalCode;0x5d2bac;0x5818ed;_PyEval_EvalFrameDefault;0x54a0c7;PyObject_CallMethodObjArgs;PyImport_ImportModuleLevelObject;_PyEval_EvalFrameDefault;PyEval_EvalCode;0x607fc2;0x6b4393;_PyRun_SimpleFileObject;_PyRun_AnyFileObject;Py_RunMain;Py_BytesMain;__libc_start_call_main;__libc_start_main@@GLIBC_2.34;_start;|, 26.811160, 0.00, 38.194000
2025-11-25T20:52:36.941245Z, 0xfffffffffffffe00;do_lookup_x;_dl_lookup_symbol_x;_dl_relocate_object;dl_open_worker_begin;_dl_catch_exception;dl_open_worker;_dl_catch_exception;_dl_open;dlopen_doit;_dl_catch_exception;_dl_catch_error;_dlerror_run;dlopen@GLIBC_2.2.5;0x6bb9ac;0x6a8afa;0x6a8282;0x581b07;_PyEval_EvalFrameDefault;0x54a0c7;PyObject_CallMethodObjArgs;PyImport_ImportModuleLevelObject;_PyEval_EvalFrameDefault;PyEval_EvalCode;0x5d2bac;0x5818ed;_PyEval_EvalFrameDefault;0x54a0c7;PyObject_CallMethodObjArgs;PyImport_ImportModuleLevelObject;_PyEval_EvalFrameDefault;PyEval_EvalCode;0x607fc2;0x6b4393;_PyRun_SimpleFileObject;_PyRun_AnyFileObject;Py_RunMain;Py_BytesMain;__libc_start_call_main;__libc_start_main@@GLIBC_2.34;_start;|, 28.078545, 100.00, 38.194000
2025-11-25T20:52:36.946474Z, , 27.353050, 100.00, 38.194000
2025-11-25T20:52:36.951700Z, , 24.976689, 0.00, 38.194000
2025-11-25T20:52:36.958534Z, 0xffffffffffffff80;0xffffffffbae942fb;0xffffffffbbedda7d;0xffffffffbbeddc73;0xffffffffbbedd396;0xffffffffbaa00bb7;0xfffffffffffffe00;0x735821449460;call_init.part.0;_dl_init;_dl_catch_exception;dl_open_worker;_dl_catch_exception;_dl_open;dlopen_doit;_dl_catch_exception;_dl_catch_error;_dlerror_run;dlopen@GLIBC_2.2.5;0x6bb9ac;0x6a8afa;0x6a8282;0x581b07;_PyEval_EvalFrameDefault;0x54a0c7;PyObject_CallMethodObjArgs;PyImport_ImportModuleLevelObject;_PyEval_EvalFrameDefault;PyEval_EvalCode;0x5d2bac;0x5818ed;_PyEval_EvalFrameDefault;0x54a0c7;PyObject_CallMethodObjArgs;PyImport_ImportModuleLevelObject;_PyEval_EvalFrameDefault;PyEval_EvalCode;0x607fc2;0x6b4393;_PyRun_SimpleFileObject;_PyRun_AnyFileObject;Py_RunMain;Py_BytesMain;__libc_start_call_main;__libc_start_main@@GLIBC_2.34;_start;|, 24.706949, 0.00, 38.194000
2025-11-25T20:52:36.963797Z, , 28.058087, 0.00, 38.194000
2025-11-25T20:52:36.970549Z, 0xfffffffffffffe00;0x7358286f1a90;call_init.part.0;_dl_init;_dl_catch_exception;dl_open_worker;_dl_catch_exception;_dl_open;dlopen_doit;_dl_catch_exception;_dl_catch_error;_dlerror_run;dlopen@GLIBC_2.2.5;0x6bb9ac;0x6a8afa;0x6a8282;0x581b07;_PyEval_EvalFrameDefault;0x54a0c7;PyObject_CallMethodObjArgs;PyImport_ImportModuleLevelObject;_PyEval_EvalFrameDefault;PyEval_EvalCode;0x5d2bac;0x5818ed;_PyEval_EvalFrameDefault;0x54a0c7;PyObject_CallMethodObjArgs;PyImport_ImportModuleLevelObject;_PyEval_EvalFrameDefault;PyEval_EvalCode;0x607fc2;0x6b4393;_PyRun_SimpleFileObject;_PyRun_AnyFileObject;Py_RunMain;Py_BytesMain;__libc_start_call_main;__libc_start_main@@GLIBC_2.34;_start;|, 28.401745, 0.00, 38.194000
2025-11-25T20:52:36.977378Z, 0xfffffffffffffe00;__libc_malloc;0x7358a975fafa;0x7358a68aa7ef;call_init.part.0;_dl_init;_dl_catch_exception;dl_open_worker;_dl_catch_exception;_dl_open;dlopen_doit;_dl_catch_exception;_dl_catch_error;_dlerror_run;dlopen@GLIBC_2.2.5;0x6bb9ac;0x6a8afa;0x6a8282;0x581b07;_PyEval_EvalFrameDefault;0x54a0c7;PyObject_CallMethodObjArgs;PyImport_ImportModuleLevelObject;_PyEval_EvalFrameDefault;PyEval_EvalCode;0x5d2bac;0x5818ed;_PyEval_EvalFrameDefault;0x54a0c7;PyObject_CallMethodObjArgs;PyImport_ImportModuleLevelObject;_PyEval_EvalFrameDefault;PyEval_EvalCode;0x607fc2;0x6b4393;_PyRun_SimpleFileObject;_PyRun_AnyFileObject;Py_RunMain;Py_BytesMain;__libc_start_call_main;__libc_start_main@@GLIBC_2.34;_start;|, 27.579518, 0.00, 38.194000
2025-11-25T20:52:36.982595Z, , 26.113542, 0.00, 38.194000
2025-11-25T20:52:36.987879Z, 0xfffffffffffffe00;0x7358fce8b162;0x17;0x5f7974706d655f77;|, 26.712530, 0.00, 38.194000
2025-11-25T20:52:36.993113Z, 0xfffffffffffffe00;0x7358fce8af10;0x20;0x32766e6f633a3a64;|, 23.701026, 0.00, 38.194000
2025-11-25T20:52:36.998330Z, , 27.317050, 100.00, 38.194000
2025-11-25T20:52:37.003565Z, 0xfffffffffffffe00;0x7358fce8b170;0x14;0x6b6361625f656369;|, 26.178857, 100.00, 38.194000
2025-11-25T20:52:37.008803Z, 0xfffffffffffffe00;0x73592c13c60a;0x15;0x70656378655f6d72;|, 29.246678, 0.00, 38.194000
2025-11-25T20:52:37.014009Z, , 25.417284, 0.00, 38.194000
2025-11-25T20:52:37.019320Z, 0xfffffffffffffe00;0x7358fcecd083;0x0;0x10221b10;0x7fffbd2b9b90;0x3;0x7358fced6800;0x90c35bd889482850;|, 25.022132, 0.00, 38.194000
2025-11-25T20:52:37.024575Z, , 28.481184, 0.00, 38.194000
2025-11-25T20:52:37.029783Z, 0xfffffffffffffe00;0x7358fc44f530;|, 26.538262, 0.00, 38.194000
2025-11-25T20:52:37.034995Z, , 26.290935, 0.00, 38.194000
2025-11-25T20:52:37.040345Z, 0xfffffffffffffe00;0x7358fcf15d7c;0x106d87f0;0x106ddd00;|, 35.742887, 100.00, 38.194000
2025-11-25T20:52:37.045632Z, , 37.291043, 100.00, 38.194000
2025-11-25T20:52:37.050876Z, 0xfffffffffffffe00;0x7358fc44d8e0;0xa;0x6275;|, 31.493839, 200.00, 38.194000
2025-11-25T20:52:37.056120Z, , 35.690884, 0.00, 38.194000
2025-11-25T20:52:37.061336Z, , 28.242065, 100.00, 38.194000
2025-11-25T20:52:37.066723Z, 0xffffffffffffff80;0xffffffffbb10735d;0xffffffffbb0eba8b;0xffffffffbb080852;0xffffffffbb0ec184;0xffffffffbb0ec53b;0xffffffffbb0f18f0;0xffffffffbb0f1fcc;0xffffffffbb0f2229;0xffffffffbad55662;0xffffffffbbedd385;0xffffffffbaa00bb7;0xfffffffffffffe00;0x7359006bed60;0x0;0x2;|, 33.326949, 100.00, 38.194000
2025-11-25T20:52:37.071967Z, 0xfffffffffffffe00;0x7358fce8ed99;|, 25.083274, 100.00, 38.194000
2025-11-25T20:52:37.077210Z, , 26.785605, 0.00, 38.194000
2025-11-25T20:52:37.082504Z, , 24.097109, 0.00, 38.194000
2025-11-25T20:52:37.089425Z, 0xffffffffffffff80;0xffffffffbbeed087;0xffffffffbb0ead16;0xffffffffbb0eaea3;0xffffffffbb0f197e;0xffffffffbb0f1fcc;0xffffffffbb0f2229;0xffffffffbad55662;0xffffffffbbedd385;0xffffffffbaa00bb7;0xfffffffffffffe00;0x73592c227806;0x73592c22797e;0x73592c222af6;0x7358c0562861;_dl_init;_dl_catch_exception;dl_open_worker;_dl_catch_exception;_dl_open;dlopen_doit;_dl_catch_exception;_dl_catch_error;_dlerror_run;dlopen@GLIBC_2.2.5;0x6bb9ac;0x6a8afa;0x6a8282;0x581b07;_PyEval_EvalFrameDefault;0x54a0c7;PyObject_CallMethodObjArgs;PyImport_ImportModuleLevelObject;_PyEval_EvalFrameDefault;PyEval_EvalCode;0x5d2bac;0x5818ed;_PyEval_EvalFrameDefault;0x54a0c7;PyObject_CallMethodObjArgs;PyImport_ImportModuleLevelObject;_PyEval_EvalFrameDefault;PyEval_EvalCode;0x607fc2;0x6b4393;_PyRun_SimpleFileObject;_PyRun_AnyFileObject;Py_RunMain;Py_BytesMain;__libc_start_call_main;__libc_start_main@@GLIBC_2.34;_start;|, 32.584151, 0.00, 38.194000
2025-11-25T20:52:37.094713Z, , 26.855963, 100.00, 38.194000
2025-11-25T20:52:37.108654Z, 0xfffffffffffffe00;_dl_lookup_symbol_x;_dl_relocate_object;dl_open_worker_begin;_dl_catch_exception;dl_open_worker;_dl_catch_exception;_dl_open;dlopen_doit;_dl_catch_exception;_dl_catch_error;_dlerror_run;dlopen@GLIBC_2.2.5;0x6bb9ac;0x6a8afa;0x6a8282;0x581b07;_PyEval_EvalFrameDefault;0x54a0c7;PyObject_CallMethodObjArgs;PyImport_ImportModuleLevelObject;0x5d2ef4;0x5818ed;_PyEval_EvalFrameDefault;0x54a0c7;PyObject_CallMethodObjArgs;PyImport_ImportModuleLevelObject;_PyEval_EvalFrameDefault;PyEval_EvalCode;0x5d2bac;0x5818ed;_PyEval_EvalFrameDefault;0x54a0c7;PyObject_CallMethodObjArgs;PyImport_ImportModuleLevelObject;0x5d2ef4;0x5818ed;_PyEval_EvalFrameDefault;0x54a0c7;PyObject_CallMethodObjArgs;PyImport_ImportModuleLevelObject;_PyEval_EvalFrameDefault;PyEval_EvalCode;0x5d2bac;0x5818ed;_PyEval_EvalFrameDefault;0x54a0c7;PyObject_CallMethodObjArgs;PyImport_ImportModuleLevelObject;0x5d2ef4;0x5818ed;_PyEval_EvalFrameDefault;0x54a0c7;PyObject_CallMethodObjArgs;PyImport_ImportModuleLevelObject;_PyEval_EvalFrameDefault;PyEval_EvalCode;0x5d2bac;0x5818ed;_PyEval_EvalFrameDefault;0x54a0c7;PyObject_CallMethodObjArgs;PyImport_ImportModuleLevelObject;_PyEval_EvalFrameDefault;PyEval_EvalCode;0x5d2bac;0x5818ed;_PyEval_EvalFrameDefault;0x54a0c7;PyObject_CallMethodObjArgs;PyImport_ImportModuleLevelObject;0x5d2ef4;0x5818ed;PyObject_CallFunction;PyImport_Import;PyImport_ImportModule;0x73592138079f;|, 56.675469, 100.00, 38.194000
2025-11-25T20:52:37.121266Z, 0xfffffffffffffe00;_PyEval_EvalFrameDefault;PyEval_EvalCode;0x5d2bac;0x5818ed;_PyEval_EvalFrameDefault;0x54a0c7;PyObject_CallMethodObjArgs;PyImport_ImportModuleLevelObject;0x5d2ef4;0x5818ed;_PyEval_EvalFrameDefault;0x54a0c7;PyObject_CallMethodObjArgs;PyImport_ImportModuleLevelObject;_PyEval_EvalFrameDefault;PyEval_EvalCode;0x5d2bac;0x5818ed;_PyEval_EvalFrameDefault;0x54a0c7;PyObject_CallMethodObjArgs;PyImport_ImportModuleLevelObject;_PyEval_EvalFrameDefault;PyEval_EvalCode;0x5d2bac;0x5818ed;_PyEval_EvalFrameDefault;0x54a0c7;PyObject_CallMethodObjArgs;PyImport_ImportModuleLevelObject;0x5d2ef4;0x5818ed;_PyEval_EvalFrameDefault;0x54a0c7;PyObject_CallMethodObjArgs;PyImport_ImportModuleLevelObject;_PyEval_EvalFrameDefault;PyEval_EvalCode;0x5d2bac;0x5818ed;_PyEval_EvalFrameDefault;0x54a0c7;PyObject_CallMethodObjArgs;PyImport_ImportModuleLevelObject;0x5d2ef4;0x5818ed;_PyEval_EvalFrameDefault;0x54a0c7;PyObject_CallMethodObjArgs;PyImport_ImportModuleLevelObject;_PyEval_EvalFrameDefault;PyEval_EvalCode;0x5d2bac;0x5818ed;_PyEval_EvalFrameDefault;0x54a0c7;PyObject_CallMethodObjArgs;PyImport_ImportModuleLevelObject;_PyEval_EvalFrameDefault;PyEval_EvalCode;0x5d2bac;0x5818ed;_PyEval_EvalFrameDefault;0x54a0c7;PyObject_CallMethodObjArgs;PyImport_ImportModuleLevelObject;0x5d2ef4;0x5818ed;PyObject_CallFunction;PyImport_Import;PyImport_ImportModule;0x73592138079f;|, 159.007327, 128.21, 36.349000
2025-11-25T20:52:37.140000Z, 0xfffffffffffffe00;0x572113;PyDict_GetItemWithError;PyFunction_New;_PyEval_EvalFrameDefault;PyObject_CallOneArg;0x5a4571;0x591c74;0x64eed0;PyObject_Call;_PyEval_EvalFrameDefault;0x5a0bf5;_PyEval_EvalFrameDefault;PyEval_EvalCode;0x5d2bac;0x5818ed;_PyEval_EvalFrameDefault;0x54a0c7;PyObject_CallMethodObjArgs;PyImport_ImportModuleLevelObject;_PyEval_EvalFrameDefault;PyEval_EvalCode;0x5d2bac;0x5818ed;_PyEval_EvalFrameDefault;0x54a0c7;PyObject_CallMethodObjArgs;PyImport_ImportModuleLevelObject;_PyEval_EvalFrameDefault;PyEval_EvalCode;0x5d2bac;0x5818ed;_PyEval_EvalFrameDefault;0x54a0c7;PyObject_CallMethodObjArgs;PyImport_ImportModuleLevelObject;0x5d2ef4;0x5818ed;_PyEval_EvalFrameDefault;0x54a0c7;PyObject_CallMethodObjArgs;PyImport_ImportModuleLevelObject;_PyEval_EvalFrameDefault;PyEval_EvalCode;0x5d2bac;0x5818ed;_PyEval_EvalFrameDefault;0x54a0c7;PyObject_CallMethodObjArgs;PyImport_ImportModuleLevelObject;_PyEval_EvalFrameDefault;PyEval_EvalCode;0x5d2bac;0x5818ed;_PyEval_EvalFrameDefault;0x54a0c7;PyObject_CallMethodObjArgs;PyImport_ImportModuleLevelObject;0x5d2ef4;0x5818ed;_PyEval_EvalFrameDefault;0x54a0c7;PyObject_CallMethodObjArgs;PyImport_ImportModuleLevelObject;_PyEval_EvalFrameDefault;PyEval_EvalCode;0x5d2bac;0x5818ed;_PyEval_EvalFrameDefault;0x54a0c7;PyObject_CallMethodObjArgs;PyImport_ImportModuleLevelObject;_PyEval_EvalFrameDefault;PyEval_EvalCode;0x5d2bac;0x5818ed;_PyEval_EvalFrameDefault;0x54a0c7;PyObject_CallMethodObjArgs;PyImport_ImportModuleLevelObject;_PyEval_EvalFrameDefault;PyEval_EvalCode;0x5d2bac;0x5818ed;_PyEval_EvalFrameDefault;0x54a0c7;PyObject_CallMethodObjArgs;PyImport_ImportModuleLevelObject;0x5d2ef4;0x5818ed;_PyEval_EvalFrameDefault;0x54a0c7;PyObject_CallMethodObjArgs;PyImport_ImportModuleLevelObject;_PyEval_EvalFrameDefault;PyEval_EvalCode;0x5d2bac;0x5818ed;_PyEval_EvalFrameDefault;0x54a0c7;PyObject_CallMethodObjArgs;PyImport_ImportModuleLevelObject;0x5d2ef4;0x5818ed;_PyEval_EvalFrameDefault;0x54a0c7;PyObject_CallMethodObjArgs;PyImport_ImportModuleLevelObject;_PyEval_EvalFrameDefault;PyEval_EvalCode;0x5d2bac;0x5818ed;_PyEval_EvalFrameDefault;0x54a0c7;PyObject_CallMethodObjArgs;PyImport_ImportModuleLevelObject;0x5d2ef4;0x5818ed;PyObject_CallFunction;PyImport_Import;PyImport_ImportModule;0x73592138079f;|, 154.524465, 224.39, 36.349000
2025-11-25T20:52:37.150098Z, 0xfffffffffffffe00;_PyType_Lookup;_PyObject_GenericGetAttrWithDict;PyObject_GetAttr;_PyEval_EvalFrameDefault;PyEval_EvalCode;0x5d2bac;0x5818ed;_PyEval_EvalFrameDefault;0x54a0c7;PyObject_CallMethodObjArgs;PyImport_ImportModuleLevelObject;0x5d2ef4;0x5818ed;_PyEval_EvalFrameDefault;0x54a0c7;PyObject_CallMethodObjArgs;PyImport_ImportModuleLevelObject;_PyEval_EvalFrameDefault;PyEval_EvalCode;0x5d2bac;0x5818ed;_PyEval_EvalFrameDefault;0x54a0c7;PyObject_CallMethodObjArgs;PyImport_ImportModuleLevelObject;0x5d2ef4;0x5818ed;_PyEval_EvalFrameDefault;0x54a0c7;PyObject_CallMethodObjArgs;PyImport_ImportModuleLevelObject;_PyEval_EvalFrameDefault;PyEval_EvalCode;0x5d2bac;0x5818ed;_PyEval_EvalFrameDefault;0x54a0c7;PyObject_CallMethodObjArgs;PyImport_ImportModuleLevelObject;0x5d2ef4;0x5818ed;PyObject_CallFunction;PyImport_Import;PyImport_ImportModule;0x73592138079f;|0xffffffffffffff80;0xffffffffbb0eff7f;0xffffffffbb0f0330;0xffffffffbb0f1971;0xffffffffbb0f1fcc;0xffffffffbb0f2229;0xffffffffbad55662;0xffffffffbbedd385;0xffffffffbaa00bb7;0xfffffffffffffe00;PyObject_Malloc;0x5a6602;PyObject_GetAttrString;0x735920db011f;PyTuple_Type;|, 159.444100, 242.19, 36.349000
2025-11-25T20:52:37.161311Z, 0xfffffffffffffe00;0x5720e0;_PyDict_GetItem_KnownHash;0x59bc0f;0x599f00;0x5994d7;_PyObject_MakeTpCall;PyObject_VectorcallDict;0x5d1fdb;0x5818ed;PyObject_Vectorcall;_PyEval_EvalFrameDefault;PyEval_EvalCode;0x5d2bac;0x5818ed;_PyEval_EvalFrameDefault;0x54a0c7;PyObject_CallMethodObjArgs;PyImport_ImportModuleLevelObject;_PyEval_EvalFrameDefault;PyEval_EvalCode;0x5d2bac;0x5818ed;_PyEval_EvalFrameDefault;0x54a0c7;PyObject_CallMethodObjArgs;PyImport_ImportModuleLevelObject;0x5d2ef4;0x5818ed;_PyEval_EvalFrameDefault;0x54a0c7;PyObject_CallMethodObjArgs;PyImport_ImportModuleLevelObject;_PyEval_EvalFrameDefault;PyEval_EvalCode;0x5d2bac;0x5818ed;_PyEval_EvalFrameDefault;0x54a0c7;PyObject_CallMethodObjArgs;PyImport_ImportModuleLevelObject;_PyEval_EvalFrameDefault;PyEval_EvalCode;0x607fc2;0x6b4393;_PyRun_SimpleFileObject;_PyRun_AnyFileObject;Py_RunMain;Py_BytesMain;__libc_start_call_main;__libc_start_main@@GLIBC_2.34;_start;|, 157.913590, 720.00, 36.349000
2025-11-25T20:52:37.169070Z, 0xfffffffffffffe00;_PyEval_EvalFrameDefault;_PyObject_Call_Prepend;0x59da4f;0x599513;_PyObject_MakeTpCall;_PyEval_EvalFrameDefault;0x54cea2;_PyEval_EvalFrameDefault;0x54a0c7;PyObject_CallMethodObjArgs;PyImport_ImportModuleLevelObject;_PyEval_EvalFrameDefault;PyEval_EvalCode;0x5d2bac;0x5818ed;_PyEval_EvalFrameDefault;0x54a0c7;PyObject_CallMethodObjArgs;PyImport_ImportModuleLevelObject;_PyEval_EvalFrameDefault;PyEval_EvalCode;0x5d2bac;0x5818ed;_PyEval_EvalFrameDefault;0x54a0c7;PyObject_CallMethodObjArgs;PyImport_ImportModuleLevelObject;0x5d2ef4;0x5818ed;PyObject_CallFunction;PyImport_Import;PyImport_ImportModule;0x735921310574;0x12482e00;0x73592198e2e0;|, 156.494020, 558.97, 36.349000
2025-11-25T20:52:37.176713Z, 0xfffffffffffffe00;PyUnicode_Concat;_PyEval_EvalFrameDefault;0x54a0c7;PyObject_CallMethodObjArgs;PyImport_ImportModuleLevelObject;_PyEval_EvalFrameDefault;PyEval_EvalCode;0x5d2bac;0x5818ed;_PyEval_EvalFrameDefault;0x54a0c7;PyObject_CallMethodObjArgs;PyImport_ImportModuleLevelObject;0x5d2ef4;0x5818ed;_PyEval_EvalFrameDefault;0x54a0c7;PyObject_CallMethodObjArgs;PyImport_ImportModuleLevelObject;_PyEval_EvalFrameDefault;_PyObject_Call_Prepend;0x5a30c8;_PyObject_MakeTpCall;_PyEval_EvalFrameDefault;PyEval_EvalCode;0x5d2bac;0x5818ed;_PyEval_EvalFrameDefault;0x54a0c7;PyObject_CallMethodObjArgs;PyImport_ImportModuleLevelObject;_PyEval_EvalFrameDefault;PyEval_EvalCode;0x5d2bac;0x5818ed;_PyEval_EvalFrameDefault;0x54a0c7;PyObject_CallMethodObjArgs;PyImport_ImportModuleLevelObject;0x5d2ef4;0x5818ed;PyObject_CallFunction;PyImport_Import;PyImport_ImportModule;0x735921310574;0x12482e00;0x73592198e2e0;|, 159.050919, 1043.48, 36.349000
2025-11-25T20:52:37.183035Z, 0xfffffffffffffe00;_PyTuple_MaybeUntrack;0x61c2fe;0x61bbc1;0x5fba23;_PyEval_EvalFrameDefault;PyObject_VectorcallMethod;PyImport_ImportModuleLevelObject;PyImport_ImportModuleLevelObject;0x5d2ef4;0x5818ed;PyObject_CallFunction;PyImport_Import;PyImport_ImportModule;0x735920e425ea;PyType_Type;|, 162.779980, 1060.00, 36.349000
2025-11-25T20:52:37.188231Z, eìì	, 153.025313, 1494.74, 36.349000
2025-11-25T20:52:37.208082Z, 0xffffffffffffff80;0xffffffffbb1d640a;0xffffffffbb1d6eae;0xffffffffbb1d7c6e;0xffffffffbb1c7b5a;0xffffffffbb1c864e;0xffffffffbb1c86f4;0xffffffffbb1c876c;0xffffffffbac8510c;0xffffffffbbed678e;0xffffffffbaa0012b;0xfffffffffffffe00;fstatat64;_PyEval_EvalFrameDefault;0x54a0c7;PyObject_CallMethodObjArgs;PyImport_ImportModuleLevelObject;_PyEval_EvalFrameDefault;PyEval_EvalCode;0x5d2bac;0x5818ed;_PyEval_EvalFrameDefault;0x54a0c7;PyObject_CallMethodObjArgs;PyImport_ImportModuleLevelObject;_PyEval_EvalFrameDefault;PyEval_EvalCode;0x5d2bac;0x5818ed;_PyEval_EvalFrameDefault;0x54a0c7;PyObject_CallMethodObjArgs;PyImport_ImportModuleLevelObject;_PyEval_EvalFrameDefault;PyEval_EvalCode;0x5d2bac;0x5818ed;_PyEval_EvalFrameDefault;0x54a0c7;PyObject_CallMethodObjArgs;PyImport_ImportModuleLevelObject;_PyEval_EvalFrameDefault;PyEval_EvalCode;0x5d2bac;0x5818ed;_PyEval_EvalFrameDefault;0x54a0c7;PyObject_CallMethodObjArgs;PyImport_ImportModuleLevelObject;0x5d2ef4;0x5818ed;_PyEval_EvalFrameDefault;0x54a0c7;PyObject_CallMethodObjArgs;PyImport_ImportModuleLevelObject;_PyEval_EvalFrameDefault;PyEval_EvalCode;0x5d2bac;0x5818ed;_PyEval_EvalFrameDefault;0x54a0c7;PyObject_CallMethodObjArgs;PyImport_ImportModuleLevelObject;0x5d2ef4;0x5818ed;_PyEval_EvalFrameDefault;0x54a0c7;PyObject_CallMethodObjArgs;PyImport_ImportModuleLevelObject;_PyEval_EvalFrameDefault;PyEval_EvalCode;0x5d2bac;0x5818ed;_PyEval_EvalFrameDefault;0x54a0c7;PyObject_CallMethodObjArgs;PyImport_ImportModuleLevelObject;_PyEval_EvalFrameDefault;PyEval_EvalCode;0x5d2bac;0x5818ed;_PyEval_EvalFrameDefault;0x54a0c7;PyObject_CallMethodObjArgs;PyImport_ImportModuleLevelObject;_PyEval_EvalFrameDefault;PyEval_EvalCode;0x5d2bac;0x5818ed;_PyEval_EvalFrameDefault;0x54a0c7;PyObject_CallMethodObjArgs;PyImport_ImportModuleLevelObject;0x5d2ef4;0x5818ed;_PyEval_EvalFrameDefault;0x54a0c7;PyObject_CallMethodObjArgs;PyImport_ImportModuleLevelObject;_PyEval_EvalFrameDefault;PyEval_EvalCode;0x5d2bac;0x5818ed;_PyEval_EvalFrameDefault;0x54a0c7;PyObject_CallMethodObjArgs;PyImport_ImportModuleLevelObject;0x5d2ef4;0x5818ed;_PyEval_EvalFrameDefault;0x54a0c7;PyObject_CallMethodObjArgs;PyImport_ImportModuleLevelObject;_PyEval_EvalFrameDefault;PyEval_EvalCode;0x5d2bac;0x5818ed;_PyEval_EvalFrameDefault;0x54a0c7;PyObject_CallMethodObjArgs;PyImport_ImportModuleLevelObject;_PyEval_EvalFrameDefault;PyEval_EvalCode;0x607fc2;0x6b4393;_PyRun_SimpleFileObject;_PyRun_AnyFileObject;Py_RunMain;Py_BytesMain;|, 159.806713, 1334.78, 36.349000
2025-11-25T20:52:37.234425Z, 0xffffffffffffff80;0xffffffffbad5ab70;0xffffffffbb2198aa;0xffffffffbb21992e;0xffffffffbb219a62;0xffffffffbb21a3f0;0xffffffffbb429862;0xffffffffbb429b50;0xffffffffbb4418d6;0xffffffffbb44251d;0xffffffffbb43dead;0xffffffffbb43e027;0xffffffffbb3c872c;0xffffffffbb1c7b67;0xffffffffbb1c864e;0xffffffffbb1c86f4;0xffffffffbb1c876c;0xffffffffbac8510c;0xffffffffbbed678e;0xffffffffbaa0012b;0xfffffffffffffe00;fstatat64;_PyEval_EvalFrameDefault;0x54a0c7;PyObject_CallMethodObjArgs;PyImport_ImportModuleLevelObject;0x5d2ef4;0x5818ed;_PyEval_EvalFrameDefault;0x54a0c7;PyObject_CallMethodObjArgs;PyImport_ImportModuleLevelObject;_PyEval_EvalFrameDefault;PyEval_EvalCode;0x5d2bac;0x5818ed;_PyEval_EvalFrameDefault;0x54a0c7;PyObject_CallMethodObjArgs;PyImport_ImportModuleLevelObject;0x5d2ef4;0x5818ed;_PyEval_EvalFrameDefault;0x54a0c7;PyObject_CallMethodObjArgs;PyImport_ImportModuleLevelObject;0x5d2ef4;0x5818ed;_PyEval_EvalFrameDefault;0x54a0c7;PyObject_CallMethodObjArgs;PyImport_ImportModuleLevelObject;_PyEval_EvalFrameDefault;PyEval_EvalCode;0x5d2bac;0x5818ed;_PyEval_EvalFrameDefault;0x54a0c7;PyObject_CallMethodObjArgs;PyImport_ImportModuleLevelObject;_PyEval_EvalFrameDefault;PyEval_EvalCode;0x5d2bac;0x5818ed;_PyEval_EvalFrameDefault;0x54a0c7;PyObject_CallMethodObjArgs;PyImport_ImportModuleLevelObject;_PyEval_EvalFrameDefault;PyEval_EvalCode;0x5d2bac;0x5818ed;_PyEval_EvalFrameDefault;0x54a0c7;PyObject_CallMethodObjArgs;PyImport_ImportModuleLevelObject;0x5d2ef4;0x5818ed;_PyEval_EvalFrameDefault;0x54a0c7;PyObject_CallMethodObjArgs;PyImport_ImportModuleLevelObject;_PyEval_EvalFrameDefault;PyEval_EvalCode;0x5d2bac;0x5818ed;_PyEval_EvalFrameDefault;0x54a0c7;PyObject_CallMethodObjArgs;PyImport_ImportModuleLevelObject;0x5d2ef4;0x5818ed;_PyEval_EvalFrameDefault;0x54a0c7;PyObject_CallMethodObjArgs;PyImport_ImportModuleLevelObject;_PyEval_EvalFrameDefault;PyEval_EvalCode;0x5d2bac;0x5818ed;_PyEval_EvalFrameDefault;0x54a0c7;PyObject_CallMethodObjArgs;PyImport_ImportModuleLevelObject;_PyEval_EvalFrameDefault;PyEval_EvalCode;0x5d2bac;0x5818ed;_PyEval_EvalFrameDefault;0x54a0c7;PyObject_CallMethodObjArgs;PyImport_ImportModuleLevelObject;_PyEval_EvalFrameDefault;PyEval_EvalCode;0x5d2bac;0x5818ed;_PyEval_EvalFrameDefault;0x54a0c7;PyObject_CallMethodObjArgs;PyImport_ImportModuleLevelObject;0x5d2ef4;0x5818ed;_PyEval_EvalFrameDefault;0x54a0c7;PyObject_CallMethodObjArgs;PyImport_ImportModuleLevelObject;_PyEval_EvalFrameDefault;PyEval_EvalCode;0x5d2bac;|0xfffffffffffffe00;0x571feb;_PyDict_GetItem_KnownHash;0x59bc9f;0x599f00;0x5994d7;_PyObject_MakeTpCall;PyObject_VectorcallDict;0x5d1fdb;0x5818ed;PyObject_Vectorcall;_PyEval_EvalFrameDefault;PyEval_EvalCode;0x5d2bac;0x5818ed;_PyEval_EvalFrameDefault;0x54a0c7;PyObject_CallMethodObjArgs;PyImport_ImportModuleLevelObject;_PyEval_EvalFrameDefault;PyEval_EvalCode;0x5d2bac;0x5818ed;_PyEval_EvalFrameDefault;0x54a0c7;PyObject_CallMethodObjArgs;PyImport_ImportModuleLevelObject;_PyEval_EvalFrameDefault;PyEval_EvalCode;0x5d2bac;0x5818ed;_PyEval_EvalFrameDefault;0x54a0c7;PyObject_CallMethodObjArgs;PyImport_ImportModuleLevelObject;_PyEval_EvalFrameDefault;PyEval_EvalCode;0x5d2bac;0x5818ed;_PyEval_EvalFrameDefault;0x54a0c7;PyObject_CallMethodObjArgs;PyImport_ImportModuleLevelObject;_PyEval_EvalFrameDefault;PyEval_EvalCode;0x5d2bac;0x5818ed;_PyEval_EvalFrameDefault;0x54a0c7;PyObject_CallMethodObjArgs;PyImport_ImportModuleLevelObject;_PyEval_EvalFrameDefault;PyEval_EvalCode;0x5d2bac;0x5818ed;_PyEval_EvalFrameDefault;0x54a0c7;PyObject_CallMethodObjArgs;PyImport_ImportModuleLevelObject;_PyEval_EvalFrameDefault;PyEval_EvalCode;0x5d2bac;0x5818ed;_PyEval_EvalFrameDefault;0x54a0c7;PyObject_CallMethodObjArgs;PyImport_ImportModuleLevelObject;0x5d2ef4;0x5818ed;_PyEval_EvalFrameDefault;0x54a0c7;PyObject_CallMethodObjArgs;PyImport_ImportModuleLevelObject;_PyEval_EvalFrameDefault;PyEval_EvalCode;0x5d2bac;0x5818ed;_PyEval_EvalFrameDefault;0x54a0c7;PyObject_CallMethodObjArgs;PyImport_ImportModuleLevelObject;0x5d2ef4;0x5818ed;_PyEval_EvalFrameDefault;0x54a0c7;PyObject_CallMethodObjArgs;PyImport_ImportModuleLevelObject;_PyEval_EvalFrameDefault;PyEval_EvalCode;0x5d2bac;0x5818ed;_PyEval_EvalFrameDefault;0x54a0c7;PyObject_CallMethodObjArgs;PyImport_ImportModuleLevelObject;_PyEval_EvalFrameDefault;PyEval_EvalCode;0x607fc2;0x6b4393;_PyRun_SimpleFileObject;_PyRun_AnyFileObject;Py_RunMain;Py_BytesMain;__libc_start_call_main;__libc_start_main@@GLIBC_2.34;_start;|, 160.082765, 638.60, 36.349000
2025-11-25T20:52:37.250154Z, 0xfffffffffffffe00;PyMem_Calloc;0x5198e2;0x519594;0x52b9a7;0x51d1b1;0x51c807;0x518fbd;PyRun_StringFlags;0x5d2c59;_PyEval_EvalFrameDefault;PyEval_EvalCode;0x5d2bac;0x5818ed;_PyEval_EvalFrameDefault;0x54a0c7;PyObject_CallMethodObjArgs;PyImport_ImportModuleLevelObject;_PyEval_EvalFrameDefault;PyEval_EvalCode;0x5d2bac;0x5818ed;_PyEval_EvalFrameDefault;0x54a0c7;PyObject_CallMethodObjArgs;PyImport_ImportModuleLevelObject;_PyEval_EvalFrameDefault;PyEval_EvalCode;0x5d2bac;0x5818ed;_PyEval_EvalFrameDefault;0x54a0c7;PyObject_CallMethodObjArgs;PyImport_ImportModuleLevelObject;_PyEval_EvalFrameDefault;PyEval_EvalCode;0x5d2bac;0x5818ed;_PyEval_EvalFrameDefault;0x54a0c7;PyObject_CallMethodObjArgs;PyImport_ImportModuleLevelObject;_PyEval_EvalFrameDefault;PyEval_EvalCode;0x5d2bac;0x5818ed;_PyEval_EvalFrameDefault;0x54a0c7;PyObject_CallMethodObjArgs;PyImport_ImportModuleLevelObject;0x5d2ef4;0x5818ed;_PyEval_EvalFrameDefault;0x54a0c7;PyObject_CallMethodObjArgs;PyImport_ImportModuleLevelObject;_PyEval_EvalFrameDefault;PyEval_EvalCode;0x5d2bac;0x5818ed;_PyEval_EvalFrameDefault;0x54a0c7;PyObject_CallMethodObjArgs;PyImport_ImportModuleLevelObject;0x5d2ef4;0x5818ed;_PyEval_EvalFrameDefault;0x54a0c7;PyObject_CallMethodObjArgs;PyImport_ImportModuleLevelObject;_PyEval_EvalFrameDefault;PyEval_EvalCode;0x5d2bac;0x5818ed;_PyEval_EvalFrameDefault;0x54a0c7;PyObject_CallMethodObjArgs;PyImport_ImportModuleLevelObject;_PyEval_EvalFrameDefault;PyEval_EvalCode;0x607fc2;0x6b4393;_PyRun_SimpleFileObject;_PyRun_AnyFileObject;Py_RunMain;Py_BytesMain;__libc_start_call_main;__libc_start_main@@GLIBC_2.34;_start;|0xfffffffffffffe00;PyObject_Free;_PyEval_EvalFrameDefault;PyEval_EvalCode;0x5d2bac;0x5818ed;_PyEval_EvalFrameDefault;0x54a0c7;PyObject_CallMethodObjArgs;PyImport_ImportModuleLevelObject;_PyEval_EvalFrameDefault;PyEval_EvalCode;0x5d2bac;0x5818ed;_PyEval_EvalFrameDefault;0x54a0c7;PyObject_CallMethodObjArgs;PyImport_ImportModuleLevelObject;_PyEval_EvalFrameDefault;PyEval_EvalCode;0x5d2bac;0x5818ed;_PyEval_EvalFrameDefault;0x54a0c7;PyObject_CallMethodObjArgs;PyImport_ImportModuleLevelObject;_PyEval_EvalFrameDefault;PyEval_EvalCode;0x5d2bac;0x5818ed;_PyEval_EvalFrameDefault;0x54a0c7;PyObject_CallMethodObjArgs;PyImport_ImportModuleLevelObject;_PyEval_EvalFrameDefault;PyEval_EvalCode;0x5d2bac;0x5818ed;_PyEval_EvalFrameDefault;0x54a0c7;PyObject_CallMethodObjArgs;PyImport_ImportModuleLevelObject;0x5d2ef4;0x5818ed;_PyEval_EvalFrameDefault;0x54a0c7;PyObject_CallMethodObjArgs;PyImport_ImportModuleLevelObject;_PyEval_EvalFrameDefault;PyEval_EvalCode;0x5d2bac;0x5818ed;_PyEval_EvalFrameDefault;0x54a0c7;PyObject_CallMethodObjArgs;PyImport_ImportModuleLevelObject;0x5d2ef4;0x5818ed;_PyEval_EvalFrameDefault;0x54a0c7;PyObject_CallMethodObjArgs;PyImport_ImportModuleLevelObject;_PyEval_EvalFrameDefault;PyEval_EvalCode;0x5d2bac;0x5818ed;_PyEval_EvalFrameDefault;0x54a0c7;PyObject_CallMethodObjArgs;PyImport_ImportModuleLevelObject;_PyEval_EvalFrameDefault;PyEval_EvalCode;0x607fc2;0x6b4393;_PyRun_SimpleFileObject;_PyRun_AnyFileObject;Py_RunMain;Py_BytesMain;__libc_start_call_main;__libc_start_main@@GLIBC_2.34;_start;|0xfffffffffffffe00;0x57202a;_PyDict_GetItem_KnownHash;0x59bc5a;0x599f00;0x5994d7;_PyObject_MakeTpCall;PyObject_VectorcallDict;0x5d1fdb;0x5818ed;PyObject_Vectorcall;_PyEval_EvalFrameDefault;PyEval_EvalCode;0x5d2bac;0x5818ed;_PyEval_EvalFrameDefault;0x54a0c7;PyObject_CallMethodObjArgs;PyImport_ImportModuleLevelObject;_PyEval_EvalFrameDefault;PyEval_EvalCode;0x5d2bac;0x5818ed;_PyEval_EvalFrameDefault;0x54a0c7;PyObject_CallMethodObjArgs;PyImport_ImportModuleLevelObject;_PyEval_EvalFrameDefault;PyEval_EvalCode;0x5d2bac;0x5818ed;_PyEval_EvalFrameDefault;0x54a0c7;PyObject_CallMethodObjArgs;PyImport_ImportModuleLevelObject;0x5d2ef4;0x5818ed;_PyEval_EvalFrameDefault;0x54a0c7;PyObject_CallMethodObjArgs;PyImport_ImportModuleLevelObject;_PyEval_EvalFrameDefault;PyEval_EvalCode;0x5d2bac;0x5818ed;_PyEval_EvalFrameDefault;0x54a0c7;PyObject_CallMethodObjArgs;PyImport_ImportModuleLevelObject;_PyEval_EvalFrameDefault;PyEval_EvalCode;0x5d2bac;0x5818ed;_PyEval_EvalFrameDefault;0x54a0c7;PyObject_CallMethodObjArgs;PyImport_ImportModuleLevelObject;_PyEval_EvalFrameDefault;PyEval_EvalCode;0x5d2bac;0x5818ed;_PyEval_EvalFrameDefault;0x54a0c7;PyObject_CallMethodObjArgs;PyImport_ImportModuleLevelObject;0x5d2ef4;0x5818ed;_PyEval_EvalFrameDefault;0x54a0c7;PyObject_CallMethodObjArgs;PyImport_ImportModuleLevelObject;_PyEval_EvalFrameDefault;PyEval_EvalCode;0x5d2bac;0x5818ed;_PyEval_EvalFrameDefault;0x54a0c7;PyObject_CallMethodObjArgs;PyImport_ImportModuleLevelObject;0x5d2ef4;0x5818ed;_PyEval_EvalFrameDefault;0x54a0c7;PyObject_CallMethodObjArgs;PyImport_ImportModuleLevelObject;_PyEval_EvalFrameDefault;PyEval_EvalCode;0x5d2bac;0x5818ed;_PyEval_EvalFrameDefault;0x54a0c7;PyObject_CallMethodObjArgs;PyImport_ImportModuleLevelObject;_PyEval_EvalFrameDefault;PyEval_EvalCode;0x5d2bac;0x5818ed;_PyEval_EvalFrameDefault;0x54a0c7;PyObject_CallMethodObjArgs;PyImport_ImportModuleLevelObject;_PyEval_EvalFrameDefault;PyEval_EvalCode;0x5d2bac;0x5818ed;_PyEval_EvalFrameDefault;0x54a0c7;PyObject_CallMethodObjArgs;PyImport_ImportModuleLevelObject;_PyEval_EvalFrameDefault;PyEval_EvalCode;0x5d2bac;0x5818ed;_PyEval_EvalFrameDefault;0x54a0c7;PyObject_CallMethodObjArgs;PyImport_ImportModuleLevelObject;0x5d2ef4;0x5818ed;_PyEval_EvalFrameDefault;0x54a0c7;PyObject_CallMethodObjArgs;PyImport_ImportModuleLevelObject;_PyEval_EvalFrameDefault;PyEval_EvalCode;0x5d2bac;0x5818ed;_PyEval_EvalFrameDefault;|, 129.737040, 668.75, 36.349000
2025-11-25T20:52:37.260119Z, 0xfffffffffffffe00;0x604dd4;_PyEval_EvalFrameDefault;0x54a0c7;PyObject_CallMethodObjArgs;PyImport_ImportModuleLevelObject;0x5d2ef4;0x5818ed;_PyEval_EvalFrameDefault;0x54a0c7;PyObject_CallMethodObjArgs;PyImport_ImportModuleLevelObject;_PyEval_EvalFrameDefault;PyEval_EvalCode;0x5d2bac;0x5818ed;_PyEval_EvalFrameDefault;0x54a0c7;PyObject_CallMethodObjArgs;PyImport_ImportModuleLevelObject;0x5d2ef4;0x5818ed;_PyEval_EvalFrameDefault;0x54a0c7;PyObject_CallMethodObjArgs;PyImport_ImportModuleLevelObject;_PyEval_EvalFrameDefault;PyEval_EvalCode;0x5d2bac;0x5818ed;_PyEval_EvalFrameDefault;0x54a0c7;PyObject_CallMethodObjArgs;PyImport_ImportModuleLevelObject;_PyEval_EvalFrameDefault;PyEval_EvalCode;0x5d2bac;0x5818ed;_PyEval_EvalFrameDefault;0x54a0c7;PyObject_CallMethodObjArgs;PyImport_ImportModuleLevelObject;_PyEval_EvalFrameDefault;PyEval_EvalCode;0x5d2bac;0x5818ed;_PyEval_EvalFrameDefault;0x54a0c7;PyObject_CallMethodObjArgs;PyImport_ImportModuleLevelObject;_PyEval_EvalFrameDefault;PyEval_EvalCode;0x5d2bac;0x5818ed;_PyEval_EvalFrameDefault;0x54a0c7;PyObject_CallMethodObjArgs;PyImport_ImportModuleLevelObject;0x5d2ef4;0x5818ed;_PyEval_EvalFrameDefault;0x54a0c7;PyObject_CallMethodObjArgs;PyImport_ImportModuleLevelObject;_PyEval_EvalFrameDefault;PyEval_EvalCode;0x5d2bac;0x5818ed;_PyEval_EvalFrameDefault;0x54a0c7;PyObject_CallMethodObjArgs;PyImport_ImportModuleLevelObject;_PyEval_EvalFrameDefault;PyEval_EvalCode;0x5d2bac;0x5818ed;_PyEval_EvalFrameDefault;0x54a0c7;PyObject_CallMethodObjArgs;PyImport_ImportModuleLevelObject;_PyEval_EvalFrameDefault;PyEval_EvalCode;0x5d2bac;0x5818ed;_PyEval_EvalFrameDefault;0x54a0c7;PyObject_CallMethodObjArgs;PyImport_ImportModuleLevelObject;0x5d2ef4;0x5818ed;_PyEval_EvalFrameDefault;0x54a0c7;PyObject_CallMethodObjArgs;PyImport_ImportModuleLevelObject;_PyEval_EvalFrameDefault;PyEval_EvalCode;0x5d2bac;0x5818ed;_PyEval_EvalFrameDefault;0x54a0c7;PyObject_CallMethodObjArgs;PyImport_ImportModuleLevelObject;0x5d2ef4;0x5818ed;_PyEval_EvalFrameDefault;0x54a0c7;PyObject_CallMethodObjArgs;PyImport_ImportModuleLevelObject;_PyEval_EvalFrameDefault;PyEval_EvalCode;0x5d2bac;0x5818ed;_PyEval_EvalFrameDefault;0x54a0c7;PyObject_CallMethodObjArgs;PyImport_ImportModuleLevelObject;_PyEval_EvalFrameDefault;PyEval_EvalCode;0x607fc2;0x6b4393;_PyRun_SimpleFileObject;_PyRun_AnyFileObject;Py_RunMain;Py_BytesMain;__libc_start_call_main;__libc_start_main@@GLIBC_2.34;_start;|, 31.241573, 10725.00, 36.349000
2025-11-25T20:52:37.268973Z, 0xfffffffffffffe00;0x59bdce;0x599f00;0x5994d7;_PyObject_MakeTpCall;PyObject_VectorcallDict;0x5d1fdb;0x5818ed;PyObject_Vectorcall;_PyEval_EvalFrameDefault;PyEval_EvalCode;0x5d2bac;0x5818ed;_PyEval_EvalFrameDefault;0x54a0c7;PyObject_CallMethodObjArgs;PyImport_ImportModuleLevelObject;_PyEval_EvalFrameDefault;PyEval_EvalCode;0x5d2bac;0x5818ed;_PyEval_EvalFrameDefault;0x54a0c7;PyObject_CallMethodObjArgs;PyImport_ImportModuleLevelObject;0x5d2ef4;0x5818ed;_PyEval_EvalFrameDefault;0x54a0c7;PyObject_CallMethodObjArgs;PyImport_ImportModuleLevelObject;_PyEval_EvalFrameDefault;PyEval_EvalCode;0x5d2bac;0x5818ed;_PyEval_EvalFrameDefault;0x54a0c7;PyObject_CallMethodObjArgs;PyImport_ImportModuleLevelObject;_PyEval_EvalFrameDefault;PyEval_EvalCode;0x5d2bac;0x5818ed;_PyEval_EvalFrameDefault;0x54a0c7;PyObject_CallMethodObjArgs;PyImport_ImportModuleLevelObject;_PyEval_EvalFrameDefault;PyEval_EvalCode;0x5d2bac;0x5818ed;_PyEval_EvalFrameDefault;0x54a0c7;PyObject_CallMethodObjArgs;PyImport_ImportModuleLevelObject;0x5d2ef4;0x5818ed;_PyEval_EvalFrameDefault;0x54a0c7;PyObject_CallMethodObjArgs;PyImport_ImportModuleLevelObject;_PyEval_EvalFrameDefault;PyEval_EvalCode;0x5d2bac;0x5818ed;_PyEval_EvalFrameDefault;0x54a0c7;PyObject_CallMethodObjArgs;PyImport_ImportModuleLevelObject;0x5d2ef4;0x5818ed;_PyEval_EvalFrameDefault;0x54a0c7;PyObject_CallMethodObjArgs;PyImport_ImportModuleLevelObject;_PyEval_EvalFrameDefault;PyEval_EvalCode;0x5d2bac;0x5818ed;_PyEval_EvalFrameDefault;0x54a0c7;PyObject_CallMethodObjArgs;PyImport_ImportModuleLevelObject;_PyEval_EvalFrameDefault;PyEval_EvalCode;0x607fc2;0x6b4393;_PyRun_SimpleFileObject;_PyRun_AnyFileObject;Py_RunMain;Py_BytesMain;__libc_start_call_main;__libc_start_main@@GLIBC_2.34;_start;|, 27.460395, 43000.00, 36.349000
2025-11-25T20:52:37.276995Z, 0xfffffffffffffe00;__GI___pthread_disable_asynccancel;0x6383dd;0x599513;_PyObject_MakeTpCall;_PyObject_CallFunction_SizeT;0x637151;0x5818ed;_PyObject_CallFunction_SizeT;PyFile_OpenCodeObject;0x636c93;_PyEval_EvalFrameDefault;0x54a0c7;PyObject_CallMethodObjArgs;PyImport_ImportModuleLevelObject;_PyEval_EvalFrameDefault;PyEval_EvalCode;0x5d2bac;0x5818ed;_PyEval_EvalFrameDefault;0x54a0c7;PyObject_CallMethodObjArgs;PyImport_ImportModuleLevelObject;_PyEval_EvalFrameDefault;PyEval_EvalCode;0x5d2bac;0x5818ed;_PyEval_EvalFrameDefault;0x54a0c7;PyObject_CallMethodObjArgs;PyImport_ImportModuleLevelObject;0x5d2ef4;0x5818ed;_PyEval_EvalFrameDefault;0x54a0c7;PyObject_CallMethodObjArgs;PyImport_ImportModuleLevelObject;_PyEval_EvalFrameDefault;PyEval_EvalCode;0x5d2bac;0x5818ed;_PyEval_EvalFrameDefault;0x54a0c7;PyObject_CallMethodObjArgs;PyImport_ImportModuleLevelObject;0x5d2ef4;0x5818ed;_PyEval_EvalFrameDefault;0x54a0c7;PyObject_CallMethodObjArgs;PyImport_ImportModuleLevelObject;_PyEval_EvalFrameDefault;PyEval_EvalCode;0x5d2bac;0x5818ed;_PyEval_EvalFrameDefault;0x54a0c7;PyObject_CallMethodObjArgs;PyImport_ImportModuleLevelObject;_PyEval_EvalFrameDefault;PyEval_EvalCode;0x607fc2;0x6b4393;_PyRun_SimpleFileObject;_PyRun_AnyFileObject;Py_RunMain;Py_BytesMain;__libc_start_call_main;__libc_start_main@@GLIBC_2.34;_start;|, 32.993012, 21550.00, 36.349000
2025-11-25T20:52:37.285449Z, 0xfffffffffffffe00;_PyEval_EvalFrameDefault;0x54a0c7;PyObject_CallMethodObjArgs;PyImport_ImportModuleLevelObject;0x5d2ef4;0x5818ed;_PyEval_EvalFrameDefault;0x54a0c7;PyObject_CallMethodObjArgs;PyImport_ImportModuleLevelObject;_PyEval_EvalFrameDefault;PyEval_EvalCode;0x5d2bac;0x5818ed;_PyEval_EvalFrameDefault;0x54a0c7;PyObject_CallMethodObjArgs;PyImport_ImportModuleLevelObject;0x5d2ef4;0x5818ed;_PyEval_EvalFrameDefault;0x54a0c7;PyObject_CallMethodObjArgs;PyImport_ImportModuleLevelObject;_PyEval_EvalFrameDefault;PyEval_EvalCode;0x5d2bac;0x5818ed;_PyEval_EvalFrameDefault;0x54a0c7;PyObject_CallMethodObjArgs;PyImport_ImportModuleLevelObject;0x5d2ef4;0x5818ed;_PyEval_EvalFrameDefault;0x54a0c7;PyObject_CallMethodObjArgs;PyImport_ImportModuleLevelObject;_PyEval_EvalFrameDefault;PyEval_EvalCode;0x5d2bac;0x5818ed;_PyEval_EvalFrameDefault;0x54a0c7;PyObject_CallMethodObjArgs;PyImport_ImportModuleLevelObject;0x5d2ef4;0x5818ed;_PyEval_EvalFrameDefault;0x54a0c7;PyObject_CallMethodObjArgs;PyImport_ImportModuleLevelObject;_PyEval_EvalFrameDefault;PyEval_EvalCode;0x5d2bac;0x5818ed;_PyEval_EvalFrameDefault;0x54a0c7;PyObject_CallMethodObjArgs;PyImport_ImportModuleLevelObject;0x5d2ef4;0x5818ed;_PyEval_EvalFrameDefault;0x54a0c7;PyObject_CallMethodObjArgs;PyImport_ImportModuleLevelObject;_PyEval_EvalFrameDefault;PyEval_EvalCode;0x5d2bac;0x5818ed;_PyEval_EvalFrameDefault;0x54a0c7;PyObject_CallMethodObjArgs;PyImport_ImportModuleLevelObject;_PyEval_EvalFrameDefault;PyEval_EvalCode;0x607fc2;0x6b4393;_PyRun_SimpleFileObject;_PyRun_AnyFileObject;Py_RunMain;Py_BytesMain;__libc_start_call_main;__libc_start_main@@GLIBC_2.34;_start;|, 61.331460, 14400.00, 36.349000
2025-11-25T20:52:37.290754Z, , 52.702487, 14433.33, 36.349000
2025-11-25T20:52:37.297879Z, 0xfffffffffffffe00;_PyDict_MaybeUntrack;0x61cd01;0x61bbc1;0x5fba23;_PyEval_EvalFrameDefault;0x54a0c7;PyObject_CallMethodObjArgs;PyImport_ImportModuleLevelObject;0x5d2ef4;0x5818ed;_PyEval_EvalFrameDefault;0x54a0c7;PyObject_CallMethodObjArgs;PyImport_ImportModuleLevelObject;_PyEval_EvalFrameDefault;PyEval_EvalCode;0x5d2bac;0x5818ed;_PyEval_EvalFrameDefault;0x54a0c7;PyObject_CallMethodObjArgs;PyImport_ImportModuleLevelObject;0x5d2ef4;0x5818ed;_PyEval_EvalFrameDefault;0x54a0c7;PyObject_CallMethodObjArgs;PyImport_ImportModuleLevelObject;_PyEval_EvalFrameDefault;PyEval_EvalCode;0x5d2bac;0x5818ed;_PyEval_EvalFrameDefault;0x54a0c7;PyObject_CallMethodObjArgs;PyImport_ImportModuleLevelObject;_PyEval_EvalFrameDefault;PyEval_EvalCode;0x607fc2;0x6b4393;_PyRun_SimpleFileObject;_PyRun_AnyFileObject;Py_RunMain;Py_BytesMain;__libc_start_call_main;__libc_start_main@@GLIBC_2.34;_start;|, 53.883253, 21700.00, 36.349000
2025-11-25T20:52:37.305094Z, 0xfffffffffffffe00;__memset_avx2_unaligned_erms;0x57309b;_PyEval_EvalFrameDefault;0x54cea2;_PyEval_EvalFrameDefault;PyObject_VectorcallMethod;PyImport_ImportModuleLevelObject;_PyEval_EvalFrameDefault;PyEval_EvalCode;0x5d2bac;0x5818ed;_PyEval_EvalFrameDefault;0x54a0c7;PyObject_CallMethodObjArgs;PyImport_ImportModuleLevelObject;_PyEval_EvalFrameDefault;PyEval_EvalCode;0x5d2bac;0x5818ed;_PyEval_EvalFrameDefault;0x54a0c7;PyObject_CallMethodObjArgs;PyImport_ImportModuleLevelObject;0x5d2ef4;0x5818ed;_PyEval_EvalFrameDefault;0x54a0c7;PyObject_CallMethodObjArgs;PyImport_ImportModuleLevelObject;_PyEval_EvalFrameDefault;PyEval_EvalCode;0x5d2bac;0x5818ed;_PyEval_EvalFrameDefault;0x54a0c7;PyObject_CallMethodObjArgs;PyImport_ImportModuleLevelObject;_PyEval_EvalFrameDefault;PyEval_EvalCode;0x607fc2;0x6b4393;_PyRun_SimpleFileObject;_PyRun_AnyFileObject;Py_RunMain;Py_BytesMain;__libc_start_call_main;__libc_start_main@@GLIBC_2.34;_start;|, 70.706427, 14500.00, 36.349000
2025-11-25T20:52:37.313046Z, 0xfffffffffffffe00;_PyObject_GenericGetAttrWithDict;0x58277a;PyObject_GetAttr;_PyObject_GetMethod;PyObject_CallMethodObjArgs;PyImport_ImportModuleLevelObject;_PyEval_EvalFrameDefault;PyEval_EvalCode;0x5d2bac;0x5818ed;_PyEval_EvalFrameDefault;0x54a0c7;PyObject_CallMethodObjArgs;PyImport_ImportModuleLevelObject;_PyEval_EvalFrameDefault;PyEval_EvalCode;0x5d2bac;0x5818ed;_PyEval_EvalFrameDefault;0x54a0c7;PyObject_CallMethodObjArgs;PyImport_ImportModuleLevelObject;_PyEval_EvalFrameDefault;PyEval_EvalCode;0x5d2bac;0x5818ed;_PyEval_EvalFrameDefault;0x54a0c7;PyObject_CallMethodObjArgs;PyImport_ImportModuleLevelObject;_PyEval_EvalFrameDefault;PyEval_EvalCode;0x5d2bac;0x5818ed;_PyEval_EvalFrameDefault;0x54a0c7;PyObject_CallMethodObjArgs;PyImport_ImportModuleLevelObject;_PyEval_EvalFrameDefault;PyEval_EvalCode;0x5d2bac;0x5818ed;_PyEval_EvalFrameDefault;0x54a0c7;PyObject_CallMethodObjArgs;PyImport_ImportModuleLevelObject;0x5d2ef4;0x5818ed;_PyEval_EvalFrameDefault;0x54a0c7;PyObject_CallMethodObjArgs;PyImport_ImportModuleLevelObject;_PyEval_EvalFrameDefault;PyEval_EvalCode;0x5d2bac;0x5818ed;_PyEval_EvalFrameDefault;0x54a0c7;PyObject_CallMethodObjArgs;PyImport_ImportModuleLevelObject;_PyEval_EvalFrameDefault;PyEval_EvalCode;0x607fc2;0x6b4393;_PyRun_SimpleFileObject;_PyRun_AnyFileObject;Py_RunMain;Py_BytesMain;__libc_start_call_main;__libc_start_main@@GLIBC_2.34;_start;|, 65.184805, 21750.00, 36.349000
2025-11-25T20:52:37.318265Z, eìì	, 82.367633, 6228.57, 36.349000
2025-11-25T20:52:37.327826Z, 0xfffffffffffffe00;0x5d5387;0x5d4fbf;0x5a0bf5;_PyEval_EvalFrameDefault;PyEval_EvalCode;0x5d2bac;0x5818ed;_PyEval_EvalFrameDefault;0x54a0c7;PyObject_CallMethodObjArgs;PyImport_ImportModuleLevelObject;_PyEval_EvalFrameDefault;PyEval_EvalCode;0x5d2bac;0x5818ed;_PyEval_EvalFrameDefault;0x54a0c7;PyObject_CallMethodObjArgs;PyImport_ImportModuleLevelObject;_PyEval_EvalFrameDefault;PyEval_EvalCode;0x5d2bac;0x5818ed;_PyEval_EvalFrameDefault;0x54a0c7;PyObject_CallMethodObjArgs;PyImport_ImportModuleLevelObject;_PyEval_EvalFrameDefault;PyEval_EvalCode;0x5d2bac;0x5818ed;_PyEval_EvalFrameDefault;0x54a0c7;PyObject_CallMethodObjArgs;PyImport_ImportModuleLevelObject;_PyEval_EvalFrameDefault;PyEval_EvalCode;0x5d2bac;0x5818ed;_PyEval_EvalFrameDefault;0x54a0c7;PyObject_CallMethodObjArgs;PyImport_ImportModuleLevelObject;_PyEval_EvalFrameDefault;PyEval_EvalCode;0x5d2bac;0x5818ed;_PyEval_EvalFrameDefault;0x54a0c7;PyObject_CallMethodObjArgs;PyImport_ImportModuleLevelObject;_PyEval_EvalFrameDefault;PyEval_EvalCode;0x5d2bac;0x5818ed;_PyEval_EvalFrameDefault;0x54a0c7;PyObject_CallMethodObjArgs;PyImport_ImportModuleLevelObject;0x5d2ef4;0x5818ed;_PyEval_EvalFrameDefault;0x54a0c7;PyObject_CallMethodObjArgs;PyImport_ImportModuleLevelObject;0x5d2ef4;0x5818ed;_PyEval_EvalFrameDefault;0x54a0c7;PyObject_CallMethodObjArgs;PyImport_ImportModuleLevelObject;_PyEval_EvalFrameDefault;PyEval_EvalCode;0x5d2bac;0x5818ed;_PyEval_EvalFrameDefault;0x54a0c7;PyObject_CallMethodObjArgs;PyImport_ImportModuleLevelObject;_PyEval_EvalFrameDefault;PyEval_EvalCode;0x5d2bac;0x5818ed;_PyEval_EvalFrameDefault;0x54a0c7;PyObject_CallMethodObjArgs;PyImport_ImportModuleLevelObject;_PyEval_EvalFrameDefault;PyEval_EvalCode;0x5d2bac;0x5818ed;_PyEval_EvalFrameDefault;0x54a0c7;PyObject_CallMethodObjArgs;PyImport_ImportModuleLevelObject;0x5d2ef4;0x5818ed;_PyEval_EvalFrameDefault;0x54a0c7;PyObject_CallMethodObjArgs;PyImport_ImportModuleLevelObject;_PyEval_EvalFrameDefault;PyEval_EvalCode;0x5d2bac;0x5818ed;_PyEval_EvalFrameDefault;0x54a0c7;PyObject_CallMethodObjArgs;PyImport_ImportModuleLevelObject;_PyEval_EvalFrameDefault;PyEval_EvalCode;0x607fc2;0x6b4393;_PyRun_SimpleFileObject;_PyRun_AnyFileObject;Py_RunMain;Py_BytesMain;__libc_start_call_main;__libc_start_main@@GLIBC_2.34;_start;|, 72.274950, 21800.00, 36.349000
2025-11-25T20:52:37.336097Z, 0xfffffffffffffe00;0x6436a0;0x6479b8;0x6475c9;0x5522fe;PyObject_Vectorcall;_PyEval_EvalFrameDefault;PyEval_EvalCode;0x5d2bac;0x5818ed;_PyEval_EvalFrameDefault;0x54a0c7;PyObject_CallMethodObjArgs;PyImport_ImportModuleLevelObject;_PyEval_EvalFrameDefault;PyEval_EvalCode;0x5d2bac;0x5818ed;_PyEval_EvalFrameDefault;0x54a0c7;PyObject_CallMethodObjArgs;PyImport_ImportModuleLevelObject;0x5d2ef4;0x5818ed;_PyEval_EvalFrameDefault;0x54a0c7;PyObject_CallMethodObjArgs;PyImport_ImportModuleLevelObject;0x5d2ef4;0x5818ed;_PyEval_EvalFrameDefault;0x54a0c7;PyObject_CallMethodObjArgs;PyImport_ImportModuleLevelObject;_PyEval_EvalFrameDefault;PyEval_EvalCode;0x5d2bac;0x5818ed;_PyEval_EvalFrameDefault;0x54a0c7;PyObject_CallMethodObjArgs;PyImport_ImportModuleLevelObject;_PyEval_EvalFrameDefault;PyEval_EvalCode;0x5d2bac;0x5818ed;_PyEval_EvalFrameDefault;0x54a0c7;PyObject_CallMethodObjArgs;PyImport_ImportModuleLevelObject;_PyEval_EvalFrameDefault;PyEval_EvalCode;0x5d2bac;0x5818ed;_PyEval_EvalFrameDefault;0x54a0c7;PyObject_CallMethodObjArgs;PyImport_ImportModuleLevelObject;0x5d2ef4;0x5818ed;_PyEval_EvalFrameDefault;0x54a0c7;PyObject_CallMethodObjArgs;PyImport_ImportModuleLevelObject;_PyEval_EvalFrameDefault;PyEval_EvalCode;0x5d2bac;0x5818ed;_PyEval_EvalFrameDefault;0x54a0c7;PyObject_CallMethodObjArgs;PyImport_ImportModuleLevelObject;_PyEval_EvalFrameDefault;PyEval_EvalCode;0x607fc2;0x6b4393;_PyRun_SimpleFileObject;_PyRun_AnyFileObject;Py_RunMain;Py_BytesMain;__libc_start_call_main;__libc_start_main@@GLIBC_2.34;_start;|, 79.596192, 14566.67, 36.349000
2025-11-25T20:52:37.343443Z, 0xfffffffffffffe00;0x5aba17;PyUnicode_Concat;0x5e4a05;0x5ec8d7;0x5ec9d8;0x5e4fd9;_PyAST_Compile;PyRun_StringFlags;0x5d2c59;_PyEval_EvalFrameDefault;PyEval_EvalCode;0x5d2bac;0x5818ed;_PyEval_EvalFrameDefault;0x54a0c7;PyObject_CallMethodObjArgs;PyImport_ImportModuleLevelObject;_PyEval_EvalFrameDefault;PyEval_EvalCode;0x5d2bac;0x5818ed;_PyEval_EvalFrameDefault;0x54a0c7;PyObject_CallMethodObjArgs;PyImport_ImportModuleLevelObject;_PyEval_EvalFrameDefault;PyEval_EvalCode;0x5d2bac;0x5818ed;_PyEval_EvalFrameDefault;0x54a0c7;PyObject_CallMethodObjArgs;PyImport_ImportModuleLevelObject;0x5d2ef4;0x5818ed;_PyEval_EvalFrameDefault;0x54a0c7;PyObject_CallMethodObjArgs;PyImport_ImportModuleLevelObject;_PyEval_EvalFrameDefault;PyEval_EvalCode;0x5d2bac;0x5818ed;_PyEval_EvalFrameDefault;0x54a0c7;PyObject_CallMethodObjArgs;PyImport_ImportModuleLevelObject;_PyEval_EvalFrameDefault;PyEval_EvalCode;0x607fc2;0x6b4393;_PyRun_SimpleFileObject;_PyRun_AnyFileObject;Py_RunMain;Py_BytesMain;__libc_start_call_main;__libc_start_main@@GLIBC_2.34;_start;|, 61.844489, 10950.00, 36.349000
2025-11-25T20:52:37.353155Z, 0xfffffffffffffe00;PyDict_GetItemWithError;PyObject_GetAttr;0x59a0a8;0x59e81f;0x581a6f;PyObject_Call;_PyEval_EvalFrameDefault;_PyObject_Call_Prepend;0x59e673;0x5994d7;_PyObject_MakeTpCall;0x5d1fdb;0x5818ed;PyObject_Vectorcall;_PyEval_EvalFrameDefault;PyEval_EvalCode;0x5d2bac;0x5818ed;_PyEval_EvalFrameDefault;0x54a0c7;PyObject_CallMethodObjArgs;PyImport_ImportModuleLevelObject;_PyEval_EvalFrameDefault;PyEval_EvalCode;0x5d2bac;0x5818ed;_PyEval_EvalFrameDefault;0x54a0c7;PyObject_CallMethodObjArgs;PyImport_ImportModuleLevelObject;0x5d2ef4;0x5818ed;_PyEval_EvalFrameDefault;0x54a0c7;PyObject_CallMethodObjArgs;PyImport_ImportModuleLevelObject;_PyEval_EvalFrameDefault;PyEval_EvalCode;0x5d2bac;0x5818ed;_PyEval_EvalFrameDefault;0x54a0c7;PyObject_CallMethodObjArgs;PyImport_ImportModuleLevelObject;0x5d2ef4;0x5818ed;_PyEval_EvalFrameDefault;0x54a0c7;PyObject_CallMethodObjArgs;PyImport_ImportModuleLevelObject;_PyEval_EvalFrameDefault;PyEval_EvalCode;0x5d2bac;0x5818ed;_PyEval_EvalFrameDefault;0x54a0c7;PyObject_CallMethodObjArgs;PyImport_ImportModuleLevelObject;_PyEval_EvalFrameDefault;PyEval_EvalCode;0x5d2bac;0x5818ed;_PyEval_EvalFrameDefault;0x54a0c7;PyObject_CallMethodObjArgs;PyImport_ImportModuleLevelObject;_PyEval_EvalFrameDefault;PyEval_EvalCode;0x5d2bac;0x5818ed;_PyEval_EvalFrameDefault;0x54a0c7;PyObject_CallMethodObjArgs;PyImport_ImportModuleLevelObject;_PyEval_EvalFrameDefault;PyEval_EvalCode;0x5d2bac;0x5818ed;_PyEval_EvalFrameDefault;0x54a0c7;PyObject_CallMethodObjArgs;PyImport_ImportModuleLevelObject;0x5d2ef4;0x5818ed;_PyEval_EvalFrameDefault;0x54a0c7;PyObject_CallMethodObjArgs;PyImport_ImportModuleLevelObject;_PyEval_EvalFrameDefault;PyEval_EvalCode;0x5d2bac;0x5818ed;_PyEval_EvalFrameDefault;0x54a0c7;PyObject_CallMethodObjArgs;PyImport_ImportModuleLevelObject;_PyEval_EvalFrameDefault;PyEval_EvalCode;0x5d2bac;0x5818ed;_PyEval_EvalFrameDefault;0x54a0c7;PyObject_CallMethodObjArgs;PyImport_ImportModuleLevelObject;_PyEval_EvalFrameDefault;PyEval_EvalCode;0x5d2bac;0x5818ed;_PyEval_EvalFrameDefault;0x54a0c7;PyObject_CallMethodObjArgs;PyImport_ImportModuleLevelObject;0x5d2ef4;0x5818ed;_PyEval_EvalFrameDefault;0x54a0c7;PyObject_CallMethodObjArgs;PyImport_ImportModuleLevelObject;_PyEval_EvalFrameDefault;PyEval_EvalCode;0x5d2bac;0x5818ed;_PyEval_EvalFrameDefault;0x54a0c7;PyObject_CallMethodObjArgs;PyImport_ImportModuleLevelObject;0x5d2ef4;|, 61.032971, 21950.00, 36.349000
2025-11-25T20:52:37.361890Z, 0xfffffffffffffe00;_PyEval_EvalFrameDefault;0x54a0c7;PyObject_CallMethodObjArgs;PyImport_ImportModuleLevelObject;0x5d2ef4;0x5818ed;_PyEval_EvalFrameDefault;0x54a0c7;PyObject_CallMethodObjArgs;PyImport_ImportModuleLevelObject;0x5d2ef4;0x5818ed;_PyEval_EvalFrameDefault;0x54a0c7;PyObject_CallMethodObjArgs;PyImport_ImportModuleLevelObject;_PyEval_EvalFrameDefault;PyEval_EvalCode;0x5d2bac;0x5818ed;_PyEval_EvalFrameDefault;0x54a0c7;PyObject_CallMethodObjArgs;PyImport_ImportModuleLevelObject;_PyEval_EvalFrameDefault;PyEval_EvalCode;0x5d2bac;0x5818ed;_PyEval_EvalFrameDefault;0x54a0c7;PyObject_CallMethodObjArgs;PyImport_ImportModuleLevelObject;_PyEval_EvalFrameDefault;PyEval_EvalCode;0x5d2bac;0x5818ed;_PyEval_EvalFrameDefault;0x54a0c7;PyObject_CallMethodObjArgs;PyImport_ImportModuleLevelObject;_PyEval_EvalFrameDefault;PyEval_EvalCode;0x5d2bac;0x5818ed;_PyEval_EvalFrameDefault;0x54a0c7;PyObject_CallMethodObjArgs;PyImport_ImportModuleLevelObject;0x5d2ef4;0x5818ed;_PyEval_EvalFrameDefault;0x54a0c7;PyObject_CallMethodObjArgs;PyImport_ImportModuleLevelObject;_PyEval_EvalFrameDefault;PyEval_EvalCode;0x5d2bac;0x5818ed;_PyEval_EvalFrameDefault;0x54a0c7;PyObject_CallMethodObjArgs;PyImport_ImportModuleLevelObject;_PyEval_EvalFrameDefault;PyEval_EvalCode;0x5d2bac;0x5818ed;_PyEval_EvalFrameDefault;0x54a0c7;PyObject_CallMethodObjArgs;PyImport_ImportModuleLevelObject;0x5d2ef4;0x5818ed;_PyEval_EvalFrameDefault;0x54a0c7;PyObject_CallMethodObjArgs;PyImport_ImportModuleLevelObject;_PyEval_EvalFrameDefault;PyEval_EvalCode;0x5d2bac;0x5818ed;_PyEval_EvalFrameDefault;0x54a0c7;PyObject_CallMethodObjArgs;PyImport_ImportModuleLevelObject;_PyEval_EvalFrameDefault;PyEval_EvalCode;0x607fc2;0x6b4393;_PyRun_SimpleFileObject;_PyRun_AnyFileObject;Py_RunMain;Py_BytesMain;__libc_start_call_main;__libc_start_main@@GLIBC_2.34;_start;|, 55.054425, 22000.00, 36.349000
2025-11-25T20:52:37.371716Z, 0xfffffffffffffe00;0x602447;0x6027ab;0x602531;0x602793;0x602531;0x602793;0x604dd4;_PyEval_EvalFrameDefault;0x54a0c7;PyObject_CallMethodObjArgs;PyImport_ImportModuleLevelObject;_PyEval_EvalFrameDefault;PyEval_EvalCode;0x5d2bac;0x5818ed;_PyEval_EvalFrameDefault;0x54a0c7;PyObject_CallMethodObjArgs;PyImport_ImportModuleLevelObject;0x5d2ef4;0x5818ed;_PyEval_EvalFrameDefault;0x54a0c7;PyObject_CallMethodObjArgs;PyImport_ImportModuleLevelObject;_PyEval_EvalFrameDefault;PyEval_EvalCode;0x5d2bac;0x5818ed;_PyEval_EvalFrameDefault;0x54a0c7;PyObject_CallMethodObjArgs;PyImport_ImportModuleLevelObject;_PyEval_EvalFrameDefault;PyEval_EvalCode;0x5d2bac;0x5818ed;_PyEval_EvalFrameDefault;0x54a0c7;PyObject_CallMethodObjArgs;PyImport_ImportModuleLevelObject;0x5d2ef4;0x5818ed;_PyEval_EvalFrameDefault;0x54a0c7;PyObject_CallMethodObjArgs;PyImport_ImportModuleLevelObject;_PyEval_EvalFrameDefault;PyEval_EvalCode;0x5d2bac;0x5818ed;_PyEval_EvalFrameDefault;0x54a0c7;PyObject_CallMethodObjArgs;PyImport_ImportModuleLevelObject;0x5d2ef4;0x5818ed;_PyEval_EvalFrameDefault;0x54a0c7;PyObject_CallMethodObjArgs;PyImport_ImportModuleLevelObject;0x5d2ef4;0x5818ed;_PyEval_EvalFrameDefault;0x54a0c7;PyObject_CallMethodObjArgs;PyImport_ImportModuleLevelObject;_PyEval_EvalFrameDefault;PyEval_EvalCode;0x5d2bac;0x5818ed;_PyEval_EvalFrameDefault;0x54a0c7;PyObject_CallMethodObjArgs;PyImport_ImportModuleLevelObject;_PyEval_EvalFrameDefault;PyEval_EvalCode;0x5d2bac;0x5818ed;_PyEval_EvalFrameDefault;0x54a0c7;PyObject_CallMethodObjArgs;PyImport_ImportModuleLevelObject;_PyEval_EvalFrameDefault;PyEval_EvalCode;0x5d2bac;0x5818ed;_PyEval_EvalFrameDefault;0x54a0c7;PyObject_CallMethodObjArgs;PyImport_ImportModuleLevelObject;_PyEval_EvalFrameDefault;PyEval_EvalCode;0x5d2bac;0x5818ed;_PyEval_EvalFrameDefault;0x54a0c7;PyObject_CallMethodObjArgs;PyImport_ImportModuleLevelObject;0x5d2ef4;0x5818ed;_PyEval_EvalFrameDefault;0x54a0c7;PyObject_CallMethodObjArgs;PyImport_ImportModuleLevelObject;_PyEval_EvalFrameDefault;PyEval_EvalCode;0x5d2bac;0x5818ed;_PyEval_EvalFrameDefault;0x54a0c7;PyObject_CallMethodObjArgs;PyImport_ImportModuleLevelObject;_PyEval_EvalFrameDefault;PyEval_EvalCode;0x5d2bac;0x5818ed;_PyEval_EvalFrameDefault;0x54a0c7;PyObject_CallMethodObjArgs;PyImport_ImportModuleLevelObject;0x5d2ef4;0x5818ed;_PyEval_EvalFrameDefault;0x54a0c7;PyObject_CallMethodObjArgs;PyImport_ImportModuleLevelObject;|, 48.546205, 14700.00, 36.349000
2025-11-25T20:52:37.381752Z, 0xfffffffffffffe00;_PyEval_EvalFrameDefault;PyEval_EvalCode;0x5d2bac;0x5818ed;_PyEval_EvalFrameDefault;0x54a0c7;PyObject_CallMethodObjArgs;PyImport_ImportModuleLevelObject;_PyEval_EvalFrameDefault;PyEval_EvalCode;0x5d2bac;0x5818ed;_PyEval_EvalFrameDefault;0x54a0c7;PyObject_CallMethodObjArgs;PyImport_ImportModuleLevelObject;_PyEval_EvalFrameDefault;PyEval_EvalCode;0x5d2bac;0x5818ed;_PyEval_EvalFrameDefault;0x54a0c7;PyObject_CallMethodObjArgs;PyImport_ImportModuleLevelObject;_PyEval_EvalFrameDefault;PyEval_EvalCode;0x5d2bac;0x5818ed;_PyEval_EvalFrameDefault;0x54a0c7;PyObject_CallMethodObjArgs;PyImport_ImportModuleLevelObject;0x5d2ef4;0x5818ed;_PyEval_EvalFrameDefault;0x54a0c7;PyObject_CallMethodObjArgs;PyImport_ImportModuleLevelObject;_PyEval_EvalFrameDefault;PyEval_EvalCode;0x5d2bac;0x5818ed;_PyEval_EvalFrameDefault;0x54a0c7;PyObject_CallMethodObjArgs;PyImport_ImportModuleLevelObject;_PyEval_EvalFrameDefault;PyEval_EvalCode;0x5d2bac;0x5818ed;_PyEval_EvalFrameDefault;0x54a0c7;PyObject_CallMethodObjArgs;PyImport_ImportModuleLevelObject;0x5d2ef4;0x5818ed;_PyEval_EvalFrameDefault;0x54a0c7;PyObject_CallMethodObjArgs;PyImport_ImportModuleLevelObject;_PyEval_EvalFrameDefault;PyEval_EvalCode;0x5d2bac;0x5818ed;_PyEval_EvalFrameDefault;0x54a0c7;PyObject_CallMethodObjArgs;PyImport_ImportModuleLevelObject;0x5d2ef4;0x5818ed;_PyEval_EvalFrameDefault;0x54a0c7;PyObject_CallMethodObjArgs;PyImport_ImportModuleLevelObject;0x5d2ef4;0x5818ed;_PyEval_EvalFrameDefault;0x54a0c7;PyObject_CallMethodObjArgs;PyImport_ImportModuleLevelObject;_PyEval_EvalFrameDefault;PyEval_EvalCode;0x5d2bac;0x5818ed;_PyEval_EvalFrameDefault;0x54a0c7;PyObject_CallMethodObjArgs;PyImport_ImportModuleLevelObject;_PyEval_EvalFrameDefault;PyEval_EvalCode;0x5d2bac;0x5818ed;_PyEval_EvalFrameDefault;0x54a0c7;PyObject_CallMethodObjArgs;PyImport_ImportModuleLevelObject;_PyEval_EvalFrameDefault;PyEval_EvalCode;0x5d2bac;0x5818ed;_PyEval_EvalFrameDefault;0x54a0c7;PyObject_CallMethodObjArgs;PyImport_ImportModuleLevelObject;_PyEval_EvalFrameDefault;PyEval_EvalCode;0x5d2bac;0x5818ed;_PyEval_EvalFrameDefault;0x54a0c7;PyObject_CallMethodObjArgs;PyImport_ImportModuleLevelObject;0x5d2ef4;0x5818ed;_PyEval_EvalFrameDefault;0x54a0c7;PyObject_CallMethodObjArgs;PyImport_ImportModuleLevelObject;_PyEval_EvalFrameDefault;PyEval_EvalCode;0x5d2bac;0x5818ed;_PyEval_EvalFrameDefault;0x54a0c7;PyObject_CallMethodObjArgs;PyImport_ImportModuleLevelObject;_PyEval_EvalFrameDefault;|, 54.180922, 11025.00, 36.349000
2025-11-25T20:52:37.386861Z, , 47.347019, 22100.00, 36.349000
2025-11-25T20:52:37.391957Z, , 47.294372, 44200.00, 36.349000
2025-11-25T20:52:37.401459Z, 0xfffffffffffffe00;0x735920b7687e;_PyObject_MakeTpCall;0x54d035;0x5a3b7c;PyObject_RichCompareBool;0x560a3f;_PyEval_EvalFrameDefault;_PyObject_Call_Prepend;0x59da4f;0x599513;_PyObject_MakeTpCall;_PyEval_EvalFrameDefault;PyObject_Vectorcall;0x5a379d;PyObject_GetAttr;_PyEval_EvalFrameDefault;PyEval_EvalCode;0x5d2bac;0x5818ed;_PyEval_EvalFrameDefault;0x54a0c7;PyObject_CallMethodObjArgs;PyImport_ImportModuleLevelObject;_PyEval_EvalFrameDefault;PyEval_EvalCode;0x5d2bac;0x5818ed;_PyEval_EvalFrameDefault;0x54a0c7;PyObject_CallMethodObjArgs;PyImport_ImportModuleLevelObject;_PyEval_EvalFrameDefault;PyEval_EvalCode;0x5d2bac;0x5818ed;_PyEval_EvalFrameDefault;0x54a0c7;PyObject_CallMethodObjArgs;PyImport_ImportModuleLevelObject;0x5d2ef4;0x5818ed;_PyEval_EvalFrameDefault;0x54a0c7;PyObject_CallMethodObjArgs;PyImport_ImportModuleLevelObject;_PyEval_EvalFrameDefault;PyEval_EvalCode;0x5d2bac;0x5818ed;_PyEval_EvalFrameDefault;0x54a0c7;PyObject_CallMethodObjArgs;PyImport_ImportModuleLevelObject;_PyEval_EvalFrameDefault;PyEval_EvalCode;0x5d2bac;0x5818ed;_PyEval_EvalFrameDefault;0x54a0c7;PyObject_CallMethodObjArgs;PyImport_ImportModuleLevelObject;0x5d2ef4;0x5818ed;_PyEval_EvalFrameDefault;0x54a0c7;PyObject_CallMethodObjArgs;PyImport_ImportModuleLevelObject;_PyEval_EvalFrameDefault;PyEval_EvalCode;0x5d2bac;0x5818ed;_PyEval_EvalFrameDefault;0x54a0c7;PyObject_CallMethodObjArgs;PyImport_ImportModuleLevelObject;0x5d2ef4;0x5818ed;_PyEval_EvalFrameDefault;0x54a0c7;PyObject_CallMethodObjArgs;PyImport_ImportModuleLevelObject;0x5d2ef4;0x5818ed;_PyEval_EvalFrameDefault;0x54a0c7;PyObject_CallMethodObjArgs;PyImport_ImportModuleLevelObject;_PyEval_EvalFrameDefault;PyEval_EvalCode;0x5d2bac;0x5818ed;_PyEval_EvalFrameDefault;0x54a0c7;PyObject_CallMethodObjArgs;PyImport_ImportModuleLevelObject;_PyEval_EvalFrameDefault;PyEval_EvalCode;0x5d2bac;0x5818ed;_PyEval_EvalFrameDefault;0x54a0c7;PyObject_CallMethodObjArgs;PyImport_ImportModuleLevelObject;_PyEval_EvalFrameDefault;PyEval_EvalCode;0x5d2bac;0x5818ed;_PyEval_EvalFrameDefault;0x54a0c7;PyObject_CallMethodObjArgs;PyImport_ImportModuleLevelObject;_PyEval_EvalFrameDefault;PyEval_EvalCode;0x5d2bac;0x5818ed;_PyEval_EvalFrameDefault;0x54a0c7;PyObject_CallMethodObjArgs;PyImport_ImportModuleLevelObject;0x5d2ef4;0x5818ed;_PyEval_EvalFrameDefault;0x54a0c7;PyObject_CallMethodObjArgs;PyImport_ImportModuleLevelObject;_PyEval_EvalFrameDefault;PyEval_EvalCode;|, 34.252349, 0.00, 36.349000
2025-11-25T20:52:37.410614Z, 0xfffffffffffffe00;0x55b87a;_PyArena_Free;PyRun_StringFlags;0x5d2c59;_PyEval_EvalFrameDefault;PyEval_EvalCode;0x5d2bac;0x5818ed;_PyEval_EvalFrameDefault;0x54a0c7;PyObject_CallMethodObjArgs;PyImport_ImportModuleLevelObject;_PyEval_EvalFrameDefault;PyEval_EvalCode;0x5d2bac;0x5818ed;_PyEval_EvalFrameDefault;0x54a0c7;PyObject_CallMethodObjArgs;PyImport_ImportModuleLevelObject;0x5d2ef4;0x5818ed;_PyEval_EvalFrameDefault;0x54a0c7;PyObject_CallMethodObjArgs;PyImport_ImportModuleLevelObject;_PyEval_EvalFrameDefault;PyEval_EvalCode;0x5d2bac;0x5818ed;_PyEval_EvalFrameDefault;0x54a0c7;PyObject_CallMethodObjArgs;PyImport_ImportModuleLevelObject;_PyEval_EvalFrameDefault;PyEval_EvalCode;0x5d2bac;0x5818ed;_PyEval_EvalFrameDefault;0x54a0c7;PyObject_CallMethodObjArgs;PyImport_ImportModuleLevelObject;_PyEval_EvalFrameDefault;PyEval_EvalCode;0x5d2bac;0x5818ed;_PyEval_EvalFrameDefault;0x54a0c7;PyObject_CallMethodObjArgs;PyImport_ImportModuleLevelObject;_PyEval_EvalFrameDefault;PyEval_EvalCode;0x5d2bac;0x5818ed;_PyEval_EvalFrameDefault;0x54a0c7;PyObject_CallMethodObjArgs;PyImport_ImportModuleLevelObject;_PyEval_EvalFrameDefault;PyEval_EvalCode;0x5d2bac;0x5818ed;_PyEval_EvalFrameDefault;0x54a0c7;PyObject_CallMethodObjArgs;PyImport_ImportModuleLevelObject;0x5d2ef4;0x5818ed;_PyEval_EvalFrameDefault;0x54a0c7;PyObject_CallMethodObjArgs;PyImport_ImportModuleLevelObject;_PyEval_EvalFrameDefault;PyEval_EvalCode;0x5d2bac;0x5818ed;_PyEval_EvalFrameDefault;0x54a0c7;PyObject_CallMethodObjArgs;PyImport_ImportModuleLevelObject;_PyEval_EvalFrameDefault;PyEval_EvalCode;0x5d2bac;0x5818ed;_PyEval_EvalFrameDefault;0x54a0c7;PyObject_CallMethodObjArgs;PyImport_ImportModuleLevelObject;0x5d2ef4;0x5818ed;_PyEval_EvalFrameDefault;0x54a0c7;PyObject_CallMethodObjArgs;PyImport_ImportModuleLevelObject;_PyEval_EvalFrameDefault;PyEval_EvalCode;0x5d2bac;0x5818ed;_PyEval_EvalFrameDefault;0x54a0c7;PyObject_CallMethodObjArgs;PyImport_ImportModuleLevelObject;_PyEval_EvalFrameDefault;PyEval_EvalCode;0x607fc2;0x6b4393;_PyRun_SimpleFileObject;_PyRun_AnyFileObject;Py_RunMain;Py_BytesMain;__libc_start_call_main;__libc_start_main@@GLIBC_2.34;_start;|, 46.590175, 50.00, 36.349000
2025-11-25T20:52:37.420152Z, 0xfffffffffffffe00;0x572051;PyDict_GetItemWithError;0x58282e;_PyObject_LookupAttr;0x5d25a4;_PyEval_EvalFrameDefault;0x54a0c7;PyObject_CallMethodObjArgs;PyImport_ImportModuleLevelObject;_PyEval_EvalFrameDefault;PyEval_EvalCode;0x5d2bac;0x5818ed;_PyEval_EvalFrameDefault;0x54a0c7;PyObject_CallMethodObjArgs;PyImport_ImportModuleLevelObject;0x5d2ef4;0x5818ed;_PyEval_EvalFrameDefault;0x54a0c7;PyObject_CallMethodObjArgs;PyImport_ImportModuleLevelObject;_PyEval_EvalFrameDefault;PyEval_EvalCode;0x5d2bac;0x5818ed;_PyEval_EvalFrameDefault;0x54a0c7;PyObject_CallMethodObjArgs;PyImport_ImportModuleLevelObject;_PyEval_EvalFrameDefault;PyEval_EvalCode;0x5d2bac;0x5818ed;_PyEval_EvalFrameDefault;0x54a0c7;PyObject_CallMethodObjArgs;PyImport_ImportModuleLevelObject;0x5d2ef4;0x5818ed;_PyEval_EvalFrameDefault;0x54a0c7;PyObject_CallMethodObjArgs;PyImport_ImportModuleLevelObject;_PyEval_EvalFrameDefault;PyEval_EvalCode;0x5d2bac;0x5818ed;_PyEval_EvalFrameDefault;0x54a0c7;PyObject_CallMethodObjArgs;PyImport_ImportModuleLevelObject;_PyEval_EvalFrameDefault;PyEval_EvalCode;0x5d2bac;0x5818ed;_PyEval_EvalFrameDefault;0x54a0c7;PyObject_CallMethodObjArgs;PyImport_ImportModuleLevelObject;_PyEval_EvalFrameDefault;PyEval_EvalCode;0x5d2bac;0x5818ed;_PyEval_EvalFrameDefault;0x54a0c7;PyObject_CallMethodObjArgs;PyImport_ImportModuleLevelObject;_PyEval_EvalFrameDefault;PyEval_EvalCode;0x5d2bac;0x5818ed;_PyEval_EvalFrameDefault;0x54a0c7;PyObject_CallMethodObjArgs;PyImport_ImportModuleLevelObject;_PyEval_EvalFrameDefault;PyEval_EvalCode;0x5d2bac;0x5818ed;_PyEval_EvalFrameDefault;0x54a0c7;PyObject_CallMethodObjArgs;PyImport_ImportModuleLevelObject;0x5d2ef4;0x5818ed;_PyEval_EvalFrameDefault;0x54a0c7;PyObject_CallMethodObjArgs;PyImport_ImportModuleLevelObject;_PyEval_EvalFrameDefault;PyEval_EvalCode;0x5d2bac;0x5818ed;_PyEval_EvalFrameDefault;0x54a0c7;PyObject_CallMethodObjArgs;PyImport_ImportModuleLevelObject;_PyEval_EvalFrameDefault;PyEval_EvalCode;0x5d2bac;0x5818ed;_PyEval_EvalFrameDefault;0x54a0c7;PyObject_CallMethodObjArgs;PyImport_ImportModuleLevelObject;0x5d2ef4;0x5818ed;_PyEval_EvalFrameDefault;0x54a0c7;PyObject_CallMethodObjArgs;PyImport_ImportModuleLevelObject;_PyEval_EvalFrameDefault;PyEval_EvalCode;0x5d2bac;0x5818ed;_PyEval_EvalFrameDefault;0x54a0c7;PyObject_CallMethodObjArgs;PyImport_ImportModuleLevelObject;_PyEval_EvalFrameDefault;PyEval_EvalCode;0x607fc2;0x6b4393;_PyRun_SimpleFileObject;_PyRun_AnyFileObject;|, 49.379166, 100.00, 36.349000
2025-11-25T20:52:37.425311Z, , 42.928652, 150.00, 36.349000
2025-11-25T20:52:37.433847Z, 0xfffffffffffffe00;_PyEval_EvalFrameDefault;_PyObject_Call_Prepend;0x59e673;0x5994d7;_PyObject_MakeTpCall;0x5d1fdb;0x5818ed;PyObject_Vectorcall;_PyEval_EvalFrameDefault;PyEval_EvalCode;0x5d2bac;0x5818ed;_PyEval_EvalFrameDefault;0x54a0c7;PyObject_CallMethodObjArgs;PyImport_ImportModuleLevelObject;_PyEval_EvalFrameDefault;PyEval_EvalCode;0x5d2bac;0x5818ed;_PyEval_EvalFrameDefault;0x54a0c7;PyObject_CallMethodObjArgs;PyImport_ImportModuleLevelObject;_PyEval_EvalFrameDefault;PyEval_EvalCode;0x5d2bac;0x5818ed;_PyEval_EvalFrameDefault;0x54a0c7;PyObject_CallMethodObjArgs;PyImport_ImportModuleLevelObject;_PyEval_EvalFrameDefault;PyEval_EvalCode;0x5d2bac;0x5818ed;_PyEval_EvalFrameDefault;0x54a0c7;PyObject_CallMethodObjArgs;PyImport_ImportModuleLevelObject;_PyEval_EvalFrameDefault;PyEval_EvalCode;0x5d2bac;0x5818ed;_PyEval_EvalFrameDefault;0x54a0c7;PyObject_CallMethodObjArgs;PyImport_ImportModuleLevelObject;0x5d2ef4;0x5818ed;_PyEval_EvalFrameDefault;0x54a0c7;PyObject_CallMethodObjArgs;PyImport_ImportModuleLevelObject;_PyEval_EvalFrameDefault;PyEval_EvalCode;0x5d2bac;0x5818ed;_PyEval_EvalFrameDefault;0x54a0c7;PyObject_CallMethodObjArgs;PyImport_ImportModuleLevelObject;_PyEval_EvalFrameDefault;PyEval_EvalCode;0x5d2bac;0x5818ed;_PyEval_EvalFrameDefault;0x54a0c7;PyObject_CallMethodObjArgs;PyImport_ImportModuleLevelObject;0x5d2ef4;0x5818ed;_PyEval_EvalFrameDefault;0x54a0c7;PyObject_CallMethodObjArgs;PyImport_ImportModuleLevelObject;_PyEval_EvalFrameDefault;PyEval_EvalCode;0x5d2bac;0x5818ed;_PyEval_EvalFrameDefault;0x54a0c7;PyObject_CallMethodObjArgs;PyImport_ImportModuleLevelObject;_PyEval_EvalFrameDefault;PyEval_EvalCode;0x607fc2;0x6b4393;_PyRun_SimpleFileObject;_PyRun_AnyFileObject;Py_RunMain;Py_BytesMain;__libc_start_call_main;__libc_start_main@@GLIBC_2.34;_start;|, 34.604151, 400.00, 36.349000
2025-11-25T20:52:37.439054Z, 0xfffffffffffffe00;__libc_malloc;0x7358a40bb904;0x73592104f49b;0x133f51c0;0x1;0x70;|, 36.033104, 250.00, 36.349000
2025-11-25T20:52:37.444195Z, , 32.187504, 500.00, 36.349000
2025-11-25T20:52:37.452009Z, 0xfffffffffffffe00;_PyEval_EvalFrameDefault;0x54cea2;_PyEval_EvalFrameDefault;PyObject_VectorcallMethod;PyImport_ImportModuleLevelObject;_PyEval_EvalFrameDefault;PyEval_EvalCode;0x5d2bac;0x5818ed;_PyEval_EvalFrameDefault;0x54a0c7;PyObject_CallMethodObjArgs;PyImport_ImportModuleLevelObject;_PyEval_EvalFrameDefault;PyEval_EvalCode;0x5d2bac;0x5818ed;_PyEval_EvalFrameDefault;0x54a0c7;PyObject_CallMethodObjArgs;PyImport_ImportModuleLevelObject;_PyEval_EvalFrameDefault;PyEval_EvalCode;0x5d2bac;0x5818ed;_PyEval_EvalFrameDefault;0x54a0c7;PyObject_CallMethodObjArgs;PyImport_ImportModuleLevelObject;_PyEval_EvalFrameDefault;PyEval_EvalCode;0x5d2bac;0x5818ed;_PyEval_EvalFrameDefault;0x54a0c7;PyObject_CallMethodObjArgs;PyImport_ImportModuleLevelObject;_PyEval_EvalFrameDefault;PyEval_EvalCode;0x5d2bac;0x5818ed;_PyEval_EvalFrameDefault;0x54a0c7;PyObject_CallMethodObjArgs;PyImport_ImportModuleLevelObject;0x5d2ef4;0x5818ed;_PyEval_EvalFrameDefault;0x54a0c7;PyObject_CallMethodObjArgs;PyImport_ImportModuleLevelObject;_PyEval_EvalFrameDefault;PyEval_EvalCode;0x5d2bac;0x5818ed;_PyEval_EvalFrameDefault;0x54a0c7;PyObject_CallMethodObjArgs;PyImport_ImportModuleLevelObject;_PyEval_EvalFrameDefault;PyEval_EvalCode;0x607fc2;0x6b4393;_PyRun_SimpleFileObject;_PyRun_AnyFileObject;Py_RunMain;Py_BytesMain;__libc_start_call_main;__libc_start_main@@GLIBC_2.34;_start;|, 27.744948, 300.00, 36.349000
2025-11-25T20:52:37.459612Z, 0xfffffffffffffe00;0x5f777a;_PyArg_ParseTuple_SizeT;0x5bb905;0x550cec;PyObject_Vectorcall;_PyEval_EvalFrameDefault;_PyObject_Call_Prepend;0x59da4f;0x599513;_PyObject_MakeTpCall;_PyEval_EvalFrameDefault;PyEval_EvalCode;0x5d2bac;0x5818ed;_PyEval_EvalFrameDefault;0x54a0c7;PyObject_CallMethodObjArgs;PyImport_ImportModuleLevelObject;_PyEval_EvalFrameDefault;PyEval_EvalCode;0x5d2bac;0x5818ed;_PyEval_EvalFrameDefault;0x54a0c7;PyObject_CallMethodObjArgs;PyImport_ImportModuleLevelObject;_PyEval_EvalFrameDefault;PyEval_EvalCode;0x5d2bac;0x5818ed;_PyEval_EvalFrameDefault;0x54a0c7;PyObject_CallMethodObjArgs;PyImport_ImportModuleLevelObject;_PyEval_EvalFrameDefault;PyEval_EvalCode;0x5d2bac;0x5818ed;_PyEval_EvalFrameDefault;0x54a0c7;PyObject_CallMethodObjArgs;PyImport_ImportModuleLevelObject;0x5d2ef4;0x5818ed;_PyEval_EvalFrameDefault;0x54a0c7;PyObject_CallMethodObjArgs;PyImport_ImportModuleLevelObject;_PyEval_EvalFrameDefault;PyEval_EvalCode;0x5d2bac;0x5818ed;_PyEval_EvalFrameDefault;0x54a0c7;PyObject_CallMethodObjArgs;PyImport_ImportModuleLevelObject;_PyEval_EvalFrameDefault;PyEval_EvalCode;0x607fc2;0x6b4393;_PyRun_SimpleFileObject;_PyRun_AnyFileObject;Py_RunMain;Py_BytesMain;__libc_start_call_main;__libc_start_main@@GLIBC_2.34;_start;|, 37.305619, 600.00, 36.349000
2025-11-25T20:52:37.467176Z, 0xfffffffffffffe00;0x5914ef;0x5d539f;0x5d5229;_PyEval_EvalFrameDefault;_PyObject_Call_Prepend;0x59da4f;0x599513;_PyObject_MakeTpCall;_PyEval_EvalFrameDefault;PyEval_EvalCode;0x5d2bac;0x5818ed;_PyEval_EvalFrameDefault;0x54a0c7;PyObject_CallMethodObjArgs;PyImport_ImportModuleLevelObject;_PyEval_EvalFrameDefault;PyEval_EvalCode;0x5d2bac;0x5818ed;_PyEval_EvalFrameDefault;0x54a0c7;PyObject_CallMethodObjArgs;PyImport_ImportModuleLevelObject;_PyEval_EvalFrameDefault;PyEval_EvalCode;0x5d2bac;0x5818ed;_PyEval_EvalFrameDefault;0x54a0c7;PyObject_CallMethodObjArgs;PyImport_ImportModuleLevelObject;_PyEval_EvalFrameDefault;PyEval_EvalCode;0x5d2bac;0x5818ed;_PyEval_EvalFrameDefault;0x54a0c7;PyObject_CallMethodObjArgs;PyImport_ImportModuleLevelObject;0x5d2ef4;0x5818ed;_PyEval_EvalFrameDefault;0x54a0c7;PyObject_CallMethodObjArgs;PyImport_ImportModuleLevelObject;_PyEval_EvalFrameDefault;PyEval_EvalCode;0x5d2bac;0x5818ed;_PyEval_EvalFrameDefault;0x54a0c7;PyObject_CallMethodObjArgs;PyImport_ImportModuleLevelObject;_PyEval_EvalFrameDefault;PyEval_EvalCode;0x607fc2;0x6b4393;_PyRun_SimpleFileObject;_PyRun_AnyFileObject;Py_RunMain;Py_BytesMain;__libc_start_call_main;__libc_start_main@@GLIBC_2.34;_start;|, 33.465762, 600.00, 36.349000
2025-11-25T20:52:37.474945Z, 0xfffffffffffffe00;0x5aea41;0x550cec;PyObject_Vectorcall;_PyEval_EvalFrameDefault;_PyObject_Call_Prepend;0x59da4f;0x599513;_PyObject_MakeTpCall;_PyEval_EvalFrameDefault;PyEval_EvalCode;0x5d2bac;0x5818ed;_PyEval_EvalFrameDefault;0x54a0c7;PyObject_CallMethodObjArgs;PyImport_ImportModuleLevelObject;_PyEval_EvalFrameDefault;PyEval_EvalCode;0x5d2bac;0x5818ed;_PyEval_EvalFrameDefault;0x54a0c7;PyObject_CallMethodObjArgs;PyImport_ImportModuleLevelObject;_PyEval_EvalFrameDefault;PyEval_EvalCode;0x5d2bac;0x5818ed;_PyEval_EvalFrameDefault;0x54a0c7;PyObject_CallMethodObjArgs;PyImport_ImportModuleLevelObject;_PyEval_EvalFrameDefault;PyEval_EvalCode;0x5d2bac;0x5818ed;_PyEval_EvalFrameDefault;0x54a0c7;PyObject_CallMethodObjArgs;PyImport_ImportModuleLevelObject;0x5d2ef4;0x5818ed;_PyEval_EvalFrameDefault;0x54a0c7;PyObject_CallMethodObjArgs;PyImport_ImportModuleLevelObject;_PyEval_EvalFrameDefault;PyEval_EvalCode;0x5d2bac;0x5818ed;_PyEval_EvalFrameDefault;0x54a0c7;PyObject_CallMethodObjArgs;PyImport_ImportModuleLevelObject;_PyEval_EvalFrameDefault;PyEval_EvalCode;0x607fc2;0x6b4393;_PyRun_SimpleFileObject;_PyRun_AnyFileObject;Py_RunMain;Py_BytesMain;__libc_start_call_main;__libc_start_main@@GLIBC_2.34;_start;|, 30.262253, 400.00, 36.349000
2025-11-25T20:52:37.482460Z, 0xfffffffffffffe00;PyObject_Free;_PyEval_EvalFrameDefault;PyEval_EvalCode;0x5d2bac;0x5818ed;_PyEval_EvalFrameDefault;0x54a0c7;PyObject_CallMethodObjArgs;PyImport_ImportModuleLevelObject;_PyEval_EvalFrameDefault;PyEval_EvalCode;0x5d2bac;0x5818ed;_PyEval_EvalFrameDefault;0x54a0c7;PyObject_CallMethodObjArgs;PyImport_ImportModuleLevelObject;_PyEval_EvalFrameDefault;PyEval_EvalCode;0x5d2bac;0x5818ed;_PyEval_EvalFrameDefault;0x54a0c7;PyObject_CallMethodObjArgs;PyImport_ImportModuleLevelObject;_PyEval_EvalFrameDefault;PyEval_EvalCode;0x5d2bac;0x5818ed;_PyEval_EvalFrameDefault;0x54a0c7;PyObject_CallMethodObjArgs;PyImport_ImportModuleLevelObject;0x5d2ef4;0x5818ed;_PyEval_EvalFrameDefault;0x54a0c7;PyObject_CallMethodObjArgs;PyImport_ImportModuleLevelObject;_PyEval_EvalFrameDefault;PyEval_EvalCode;0x5d2bac;0x5818ed;_PyEval_EvalFrameDefault;0x54a0c7;PyObject_CallMethodObjArgs;PyImport_ImportModuleLevelObject;_PyEval_EvalFrameDefault;PyEval_EvalCode;0x607fc2;0x6b4393;_PyRun_SimpleFileObject;_PyRun_AnyFileObject;Py_RunMain;Py_BytesMain;__libc_start_call_main;__libc_start_main@@GLIBC_2.34;_start;|, 37.367827, 400.00, 36.349000
2025-11-25T20:52:37.487827Z, , 33.698751, 450.00, 36.349000
2025-11-25T20:52:37.493216Z, , 26.780194, 1000.00, 36.349000
2025-11-25T20:52:37.501387Z, 0xfffffffffffffe00;0x527c24;0x527a07;0x526c41;0x5257d6;0x5253c2;0x524f41;0x530aa3;0x51d247;0x531fd3;0x52ba1d;0x51d1b1;0x531fd3;0x52ba1d;0x51d1b1;0x51c807;0x518fbd;PyRun_StringFlags;0x5d2c59;_PyEval_EvalFrameDefault;_PyObject_Call_Prepend;0x59da4f;0x599513;_PyObject_MakeTpCall;_PyEval_EvalFrameDefault;PyEval_EvalCode;0x5d2bac;0x5818ed;_PyEval_EvalFrameDefault;0x54a0c7;PyObject_CallMethodObjArgs;PyImport_ImportModuleLevelObject;_PyEval_EvalFrameDefault;PyEval_EvalCode;0x5d2bac;0x5818ed;_PyEval_EvalFrameDefault;0x54a0c7;PyObject_CallMethodObjArgs;PyImport_ImportModuleLevelObject;_PyEval_EvalFrameDefault;PyEval_EvalCode;0x5d2bac;0x5818ed;_PyEval_EvalFrameDefault;0x54a0c7;PyObject_CallMethodObjArgs;PyImport_ImportModuleLevelObject;_PyEval_EvalFrameDefault;PyEval_EvalCode;0x5d2bac;0x5818ed;_PyEval_EvalFrameDefault;0x54a0c7;PyObject_CallMethodObjArgs;PyImport_ImportModuleLevelObject;0x5d2ef4;0x5818ed;_PyEval_EvalFrameDefault;0x54a0c7;PyObject_CallMethodObjArgs;PyImport_ImportModuleLevelObject;_PyEval_EvalFrameDefault;PyEval_EvalCode;0x5d2bac;0x5818ed;_PyEval_EvalFrameDefault;0x54a0c7;PyObject_CallMethodObjArgs;PyImport_ImportModuleLevelObject;_PyEval_EvalFrameDefault;PyEval_EvalCode;0x607fc2;0x6b4393;_PyRun_SimpleFileObject;_PyRun_AnyFileObject;Py_RunMain;Py_BytesMain;__libc_start_call_main;__libc_start_main@@GLIBC_2.34;_start;|, 31.347648, 1000.00, 36.349000
2025-11-25T20:52:37.506807Z, , 35.095907, 1100.00, 36.349000
2025-11-25T20:52:37.511998Z, , 26.168728, 0.00, 36.349000
2025-11-25T20:52:37.519870Z, 0xfffffffffffffe00;0x735920b672d1;0x53ecea;_PyEval_EvalFrameDefault;0x5a42f1;PyObject_Str;_PyEval_EvalFrameDefault;0x5a42f1;PyObject_Str;_PyEval_EvalFrameDefault;_PyObject_Call_Prepend;0x59da4f;0x599513;_PyObject_MakeTpCall;_PyEval_EvalFrameDefault;PyEval_EvalCode;0x5d2bac;0x5818ed;_PyEval_EvalFrameDefault;0x54a0c7;PyObject_CallMethodObjArgs;PyImport_ImportModuleLevelObject;_PyEval_EvalFrameDefault;PyEval_EvalCode;0x5d2bac;0x5818ed;_PyEval_EvalFrameDefault;0x54a0c7;PyObject_CallMethodObjArgs;PyImport_ImportModuleLevelObject;_PyEval_EvalFrameDefault;PyEval_EvalCode;0x5d2bac;0x5818ed;_PyEval_EvalFrameDefault;0x54a0c7;PyObject_CallMethodObjArgs;PyImport_ImportModuleLevelObject;_PyEval_EvalFrameDefault;PyEval_EvalCode;0x5d2bac;0x5818ed;_PyEval_EvalFrameDefault;0x54a0c7;PyObject_CallMethodObjArgs;PyImport_ImportModuleLevelObject;0x5d2ef4;0x5818ed;_PyEval_EvalFrameDefault;0x54a0c7;PyObject_CallMethodObjArgs;PyImport_ImportModuleLevelObject;_PyEval_EvalFrameDefault;PyEval_EvalCode;0x5d2bac;0x5818ed;_PyEval_EvalFrameDefault;0x54a0c7;PyObject_CallMethodObjArgs;PyImport_ImportModuleLevelObject;_PyEval_EvalFrameDefault;PyEval_EvalCode;0x607fc2;0x6b4393;_PyRun_SimpleFileObject;_PyRun_AnyFileObject;Py_RunMain;Py_BytesMain;__libc_start_call_main;__libc_start_main@@GLIBC_2.34;_start;|, 28.568914, 0.00, 36.349000
2025-11-25T20:52:37.525056Z, , 25.662764, 100.00, 36.349000
2025-11-25T20:52:37.532882Z, 0xfffffffffffffe00;0x5f54d0;0x5f2992;0x5ee82f;0x5ecaae;0x5ec9d8;0x5e4fd9;_PyAST_Compile;PyRun_StringFlags;0x5d2c59;_PyEval_EvalFrameDefault;_PyObject_Call_Prepend;0x59da4f;0x599513;_PyObject_MakeTpCall;_PyEval_EvalFrameDefault;PyEval_EvalCode;0x5d2bac;0x5818ed;_PyEval_EvalFrameDefault;0x54a0c7;PyObject_CallMethodObjArgs;PyImport_ImportModuleLevelObject;_PyEval_EvalFrameDefault;PyEval_EvalCode;0x5d2bac;0x5818ed;_PyEval_EvalFrameDefault;0x54a0c7;PyObject_CallMethodObjArgs;PyImport_ImportModuleLevelObject;_PyEval_EvalFrameDefault;PyEval_EvalCode;0x5d2bac;0x5818ed;_PyEval_EvalFrameDefault;0x54a0c7;PyObject_CallMethodObjArgs;PyImport_ImportModuleLevelObject;_PyEval_EvalFrameDefault;PyEval_EvalCode;0x5d2bac;0x5818ed;_PyEval_EvalFrameDefault;0x54a0c7;PyObject_CallMethodObjArgs;PyImport_ImportModuleLevelObject;0x5d2ef4;0x5818ed;_PyEval_EvalFrameDefault;0x54a0c7;PyObject_CallMethodObjArgs;PyImport_ImportModuleLevelObject;_PyEval_EvalFrameDefault;PyEval_EvalCode;0x5d2bac;0x5818ed;_PyEval_EvalFrameDefault;0x54a0c7;PyObject_CallMethodObjArgs;PyImport_ImportModuleLevelObject;_PyEval_EvalFrameDefault;PyEval_EvalCode;0x607fc2;0x6b4393;_PyRun_SimpleFileObject;_PyRun_AnyFileObject;Py_RunMain;Py_BytesMain;__libc_start_call_main;__libc_start_main@@GLIBC_2.34;_start;|, 29.180520, 0.00, 36.349000
2025-11-25T20:52:37.538108Z, 0xfffffffffffffe00;0x735902fa9259;|, 35.258588, 100.00, 36.349000
2025-11-25T20:52:37.543296Z, , 53.660766, 33.33, 36.349000
2025-11-25T20:52:37.548421Z, 0xfffffffffffffe00;0x7358fcf03778;0x100000001;0x735921198310;0x441f0f000000;|, 56.674657, 200.00, 36.349000
2025-11-25T20:52:37.553524Z, , 41.959526, 150.00, 36.349000
2025-11-25T20:52:37.561378Z, 0xfffffffffffffe00;0x57203a;_PyDict_GetItem_KnownHash;0x59bc5a;0x599f00;0x5994d7;_PyObject_MakeTpCall;_PyEval_EvalFrameDefault;_PyObject_Call_Prepend;0x59da4f;0x599513;_PyObject_MakeTpCall;_PyEval_EvalFrameDefault;_PyObject_Call_Prepend;0x59da4f;0x599513;_PyObject_MakeTpCall;_PyEval_EvalFrameDefault;PyEval_EvalCode;0x5d2bac;0x5818ed;_PyEval_EvalFrameDefault;0x54a0c7;PyObject_CallMethodObjArgs;PyImport_ImportModuleLevelObject;_PyEval_EvalFrameDefault;PyEval_EvalCode;0x5d2bac;0x5818ed;_PyEval_EvalFrameDefault;0x54a0c7;PyObject_CallMethodObjArgs;PyImport_ImportModuleLevelObject;_PyEval_EvalFrameDefault;PyEval_EvalCode;0x5d2bac;0x5818ed;_PyEval_EvalFrameDefault;0x54a0c7;PyObject_CallMethodObjArgs;PyImport_ImportModuleLevelObject;_PyEval_EvalFrameDefault;PyEval_EvalCode;0x5d2bac;0x5818ed;_PyEval_EvalFrameDefault;0x54a0c7;PyObject_CallMethodObjArgs;PyImport_ImportModuleLevelObject;0x5d2ef4;0x5818ed;_PyEval_EvalFrameDefault;0x54a0c7;PyObject_CallMethodObjArgs;PyImport_ImportModuleLevelObject;_PyEval_EvalFrameDefault;PyEval_EvalCode;0x5d2bac;0x5818ed;_PyEval_EvalFrameDefault;0x54a0c7;PyObject_CallMethodObjArgs;PyImport_ImportModuleLevelObject;_PyEval_EvalFrameDefault;PyEval_EvalCode;0x607fc2;0x6b4393;_PyRun_SimpleFileObject;_PyRun_AnyFileObject;Py_RunMain;Py_BytesMain;__libc_start_call_main;__libc_start_main@@GLIBC_2.34;_start;|, 42.509089, 400.00, 36.349000
2025-11-25T20:52:37.568890Z, 0xfffffffffffffe00;_PyEval_EvalFrameDefault;0x5554a6;0x5d29e6;_PyEval_EvalFrameDefault;0x5554a6;0x5d29e6;_PyEval_EvalFrameDefault;_PyObject_Call_Prepend;0x59da4f;0x599513;_PyObject_MakeTpCall;_PyEval_EvalFrameDefault;PyObject_Vectorcall;0x5a3d6d;0x5a39f2;PyObject_GetAttr;_PyEval_EvalFrameDefault;PyEval_EvalCode;0x5d2bac;0x5818ed;_PyEval_EvalFrameDefault;0x54a0c7;PyObject_CallMethodObjArgs;PyImport_ImportModuleLevelObject;_PyEval_EvalFrameDefault;PyEval_EvalCode;0x5d2bac;0x5818ed;_PyEval_EvalFrameDefault;0x54a0c7;PyObject_CallMethodObjArgs;PyImport_ImportModuleLevelObject;_PyEval_EvalFrameDefault;PyEval_EvalCode;0x5d2bac;0x5818ed;_PyEval_EvalFrameDefault;0x54a0c7;PyObject_CallMethodObjArgs;PyImport_ImportModuleLevelObject;0x5d2ef4;0x5818ed;_PyEval_EvalFrameDefault;0x54a0c7;PyObject_CallMethodObjArgs;PyImport_ImportModuleLevelObject;_PyEval_EvalFrameDefault;PyEval_EvalCode;0x5d2bac;0x5818ed;_PyEval_EvalFrameDefault;0x54a0c7;PyObject_CallMethodObjArgs;PyImport_ImportModuleLevelObject;_PyEval_EvalFrameDefault;PyEval_EvalCode;0x607fc2;0x6b4393;_PyRun_SimpleFileObject;_PyRun_AnyFileObject;Py_RunMain;Py_BytesMain;__libc_start_call_main;__libc_start_main@@GLIBC_2.34;_start;|, 41.136351, 250.00, 36.349000
2025-11-25T20:52:37.574001Z, , 40.012391, 500.00, 36.349000
2025-11-25T20:52:37.579261Z, 0xfffffffffffffe00;0x7358fcf05e1d;0x13817de0;0x13818050;|, 43.580489, 600.00, 36.349000
2025-11-25T20:52:37.586368Z, 0xfffffffffffffe00;_PyEval_EvalFrameDefault;_PyObject_Call_Prepend;0x59da4f;0x599513;_PyObject_MakeTpCall;_PyEval_EvalFrameDefault;PyEval_EvalCode;0x5d2bac;0x5818ed;_PyEval_EvalFrameDefault;0x54a0c7;PyObject_CallMethodObjArgs;PyImport_ImportModuleLevelObject;_PyEval_EvalFrameDefault;PyEval_EvalCode;0x5d2bac;0x5818ed;_PyEval_EvalFrameDefault;0x54a0c7;PyObject_CallMethodObjArgs;PyImport_ImportModuleLevelObject;_PyEval_EvalFrameDefault;PyEval_EvalCode;0x5d2bac;0x5818ed;_PyEval_EvalFrameDefault;0x54a0c7;PyObject_CallMethodObjArgs;PyImport_ImportModuleLevelObject;0x5d2ef4;0x5818ed;_PyEval_EvalFrameDefault;0x54a0c7;PyObject_CallMethodObjArgs;PyImport_ImportModuleLevelObject;_PyEval_EvalFrameDefault;PyEval_EvalCode;0x5d2bac;0x5818ed;_PyEval_EvalFrameDefault;0x54a0c7;PyObject_CallMethodObjArgs;PyImport_ImportModuleLevelObject;_PyEval_EvalFrameDefault;PyEval_EvalCode;0x607fc2;0x6b4393;_PyRun_SimpleFileObject;_PyRun_AnyFileObject;Py_RunMain;Py_BytesMain;__libc_start_call_main;__libc_start_main@@GLIBC_2.34;_start;|, 34.414590, 600.00, 36.349000
2025-11-25T20:52:37.591601Z, , 32.772677, 350.00, 36.349000
2025-11-25T20:52:37.596818Z, , 32.642144, 800.00, 36.349000
2025-11-25T20:52:37.604144Z, 0xfffffffffffffe00;0x61c25b;0x61bbc1;0x5fba23;_PyEval_EvalFrameDefault;_PyObject_Call_Prepend;0x5a30c8;_PyObject_MakeTpCall;_PyEval_EvalFrameDefault;PyEval_EvalCode;0x5d2bac;0x5818ed;_PyEval_EvalFrameDefault;0x54a0c7;PyObject_CallMethodObjArgs;PyImport_ImportModuleLevelObject;_PyEval_EvalFrameDefault;PyEval_EvalCode;0x5d2bac;0x5818ed;_PyEval_EvalFrameDefault;0x54a0c7;PyObject_CallMethodObjArgs;PyImport_ImportModuleLevelObject;_PyEval_EvalFrameDefault;PyEval_EvalCode;0x5d2bac;0x5818ed;_PyEval_EvalFrameDefault;0x54a0c7;PyObject_CallMethodObjArgs;PyImport_ImportModuleLevelObject;0x5d2ef4;0x5818ed;_PyEval_EvalFrameDefault;0x54a0c7;PyObject_CallMethodObjArgs;PyImport_ImportModuleLevelObject;_PyEval_EvalFrameDefault;PyEval_EvalCode;0x5d2bac;0x5818ed;_PyEval_EvalFrameDefault;0x54a0c7;PyObject_CallMethodObjArgs;PyImport_ImportModuleLevelObject;_PyEval_EvalFrameDefault;PyEval_EvalCode;0x607fc2;0x6b4393;_PyRun_SimpleFileObject;_PyRun_AnyFileObject;Py_RunMain;Py_BytesMain;__libc_start_call_main;__libc_start_main@@GLIBC_2.34;_start;|, 30.999080, 800.00, 36.349000
2025-11-25T20:52:37.609363Z, , 29.729645, 450.00, 31.537000
2025-11-25T20:52:37.614583Z, 0xfffffffffffffe00;0x735920b74660;0xdc906a0;|, 31.150097, 0.00, 31.537000
2025-11-25T20:52:37.621750Z, 0xfffffffffffffe00;0x559a70;0x61c23e;0x61bbc1;0x5fba23;_PyEval_EvalFrameDefault;PyEval_EvalCode;0x5d2bac;0x5818ed;_PyEval_EvalFrameDefault;0x54a0c7;PyObject_CallMethodObjArgs;PyImport_ImportModuleLevelObject;_PyEval_EvalFrameDefault;PyEval_EvalCode;0x5d2bac;0x5818ed;_PyEval_EvalFrameDefault;0x54a0c7;PyObject_CallMethodObjArgs;PyImport_ImportModuleLevelObject;_PyEval_EvalFrameDefault;PyEval_EvalCode;0x5d2bac;0x5818ed;_PyEval_EvalFrameDefault;0x54a0c7;PyObject_CallMethodObjArgs;PyImport_ImportModuleLevelObject;0x5d2ef4;0x5818ed;_PyEval_EvalFrameDefault;0x54a0c7;PyObject_CallMethodObjArgs;PyImport_ImportModuleLevelObject;_PyEval_EvalFrameDefault;PyEval_EvalCode;0x5d2bac;0x5818ed;_PyEval_EvalFrameDefault;0x54a0c7;PyObject_CallMethodObjArgs;PyImport_ImportModuleLevelObject;_PyEval_EvalFrameDefault;PyEval_EvalCode;0x607fc2;0x6b4393;_PyRun_SimpleFileObject;_PyRun_AnyFileObject;Py_RunMain;Py_BytesMain;__libc_start_call_main;__libc_start_main@@GLIBC_2.34;_start;|, 31.093272, 100.00, 31.537000
2025-11-25T20:52:37.626942Z, , 33.455298, 100.00, 31.537000
2025-11-25T20:52:37.632200Z, , 28.456173, 50.00, 31.537000
2025-11-25T20:52:37.639563Z, 0xfffffffffffffe00;PyType_IsSubtype;PyFunction_New;_PyEval_EvalFrameDefault;PyEval_EvalCode;0x5d2bac;0x5818ed;_PyEval_EvalFrameDefault;0x54a0c7;PyObject_CallMethodObjArgs;PyImport_ImportModuleLevelObject;_PyEval_EvalFrameDefault;PyEval_EvalCode;0x5d2bac;0x5818ed;_PyEval_EvalFrameDefault;0x54a0c7;PyObject_CallMethodObjArgs;PyImport_ImportModuleLevelObject;_PyEval_EvalFrameDefault;PyEval_EvalCode;0x5d2bac;0x5818ed;_PyEval_EvalFrameDefault;0x54a0c7;PyObject_CallMethodObjArgs;PyImport_ImportModuleLevelObject;_PyEval_EvalFrameDefault;PyEval_EvalCode;0x5d2bac;0x5818ed;_PyEval_EvalFrameDefault;0x54a0c7;PyObject_CallMethodObjArgs;PyImport_ImportModuleLevelObject;0x5d2ef4;0x5818ed;_PyEval_EvalFrameDefault;0x54a0c7;PyObject_CallMethodObjArgs;PyImport_ImportModuleLevelObject;_PyEval_EvalFrameDefault;PyEval_EvalCode;0x5d2bac;0x5818ed;_PyEval_EvalFrameDefault;0x54a0c7;PyObject_CallMethodObjArgs;PyImport_ImportModuleLevelObject;_PyEval_EvalFrameDefault;PyEval_EvalCode;0x607fc2;0x6b4393;_PyRun_SimpleFileObject;_PyRun_AnyFileObject;Py_RunMain;Py_BytesMain;__libc_start_call_main;__libc_start_main@@GLIBC_2.34;_start;|, 25.700391, 0.00, 31.537000
2025-11-25T20:52:37.644774Z, , 30.607658, 100.00, 31.537000
2025-11-25T20:52:37.650030Z, 0xfffffffffffffe00;0x5a6581;0x0;0x1;|, 27.172392, 0.00, 31.537000
2025-11-25T20:52:37.655342Z, 0xfffffffffffffe00;__libc_malloc;0x7358a40bb904;0x735920e45c17;0x7357cc6baf30;0x3;0x7358fced6800;0x90c35bd889482850;|, 39.485059, 100.00, 31.537000
2025-11-25T20:52:37.660538Z, , 41.907494, 100.00, 31.537000
2025-11-25T20:52:37.665735Z, 0xfffffffffffffe00;0x735920ee968a;0x100000001;0x735921198310;0x441f0f000000;|, 29.181435, 200.00, 31.537000
2025-11-25T20:52:37.670915Z, , 35.693400, 200.00, 31.537000
2025-11-25T20:52:37.677417Z, 0xfffffffffffffe00;_PyEval_EvalFrameDefault;PyEval_EvalCode;0x5d2bac;0x5818ed;_PyEval_EvalFrameDefault;0x54a0c7;PyObject_CallMethodObjArgs;PyImport_ImportModuleLevelObject;0x5d2ef4;0x5818ed;_PyEval_EvalFrameDefault;0x54a0c7;PyObject_CallMethodObjArgs;PyImport_ImportModuleLevelObject;_PyEval_EvalFrameDefault;PyEval_EvalCode;0x5d2bac;0x5818ed;_PyEval_EvalFrameDefault;0x54a0c7;PyObject_CallMethodObjArgs;PyImport_ImportModuleLevelObject;_PyEval_EvalFrameDefault;PyEval_EvalCode;0x607fc2;0x6b4393;_PyRun_SimpleFileObject;_PyRun_AnyFileObject;Py_RunMain;Py_BytesMain;__libc_start_call_main;__libc_start_main@@GLIBC_2.34;_start;|, 33.882777, 300.00, 31.537000
2025-11-25T20:52:37.684030Z, 0xfffffffffffffe00;0x590384;_PyObject_MakeTpCall;0x54d035;0x5a3b7c;PyObject_RichCompare;_PyEval_EvalFrameDefault;PyEval_EvalCode;0x5d2bac;0x5818ed;_PyEval_EvalFrameDefault;0x54a0c7;PyObject_CallMethodObjArgs;PyImport_ImportModuleLevelObject;0x5d2ef4;0x5818ed;_PyEval_EvalFrameDefault;0x54a0c7;PyObject_CallMethodObjArgs;PyImport_ImportModuleLevelObject;_PyEval_EvalFrameDefault;PyEval_EvalCode;0x5d2bac;0x5818ed;_PyEval_EvalFrameDefault;0x54a0c7;PyObject_CallMethodObjArgs;PyImport_ImportModuleLevelObject;_PyEval_EvalFrameDefault;PyEval_EvalCode;0x607fc2;0x6b4393;_PyRun_SimpleFileObject;_PyRun_AnyFileObject;Py_RunMain;Py_BytesMain;__libc_start_call_main;__libc_start_main@@GLIBC_2.34;_start;|, 31.621605, 150.00, 31.537000
2025-11-25T20:52:37.689261Z, , 29.617276, 200.00, 31.537000
2025-11-25T20:52:37.694674Z, 0xfffffffffffffe00;__vfscanf_internal;_IO_sscanf;0x7357cb590f4c;0x7357cb5901fe;0x7357cb41c19c;0x7357cb41c9b7;0x7357cb41d110;0x735935cbab16;0x7fffbd2bb210;|, 29.636598, 400.00, 31.537000
2025-11-25T20:52:37.699842Z, , 31.178662, 500.00, 31.537000
2025-11-25T20:52:37.704936Z, , 33.564676, 250.00, 31.537000
2025-11-25T20:52:37.710027Z, , 47.307226, 0.00, 31.537000
2025-11-25T20:52:37.715180Z, , 42.669939, 0.00, 31.537000
2025-11-25T20:52:37.720313Z, eìì	, 50.177080, 50.00, 31.537000
2025-11-25T20:52:37.725451Z, , 46.890016, 100.00, 31.537000
2025-11-25T20:52:37.731130Z, 0xffffffffffffff80;0xffffffffbbeed1c6;0xffffffffbad5dc6f;0xffffffffbad5e187;0xffffffffbad5e322;0xffffffffbad5e3b3;0xffffffffc1522e56;0xffffffffc150fb81;0xffffffffc1647273;0xffffffffc1784a08;0xffffffffc182cd0e;0xffffffffc15995ba;0xffffffffc18cf78a;0xffffffffc184f0c7;0xffffffffc18d4a7a;0xffffffffc184e25b;0xffffffffc18d8284;0xffffffffc184ed70;0xffffffffc184f2d5;0xffffffffc185baff;0xffffffffc16446b3;0xffffffffc164c746;0xffffffffc15116b9;0xffffffffbb1dde74;0xffffffffbac83f9e;0xffffffffbbed678e;0xffffffffbaa0012b;0xfffffffffffffe00;ioctl;0x73593048e028;0x735930499ffa;0x73593047cbfc;0x7359304a115c;0x73593041f39a;0x735930420794;0x73593042133b;0x7359304238de;0x7359304252bb;0x735930465709;0x7359303bf5cd;0x73593046f0d6;0x735930222de2;0x7359302295be;0x73593026c862;0x73593026ec36;0x73593026edac;0x73593019af59;0x73593033560a;cuDevicePrimaryCtxRetain;0x73592c2413a9;0x73592c2414a4;0x73592c241603;0x73592c2421c0;0x73592c23a641;0x73592c211bd8;0x73592c24ae0f;0x73592c5b235f;|, 65.014673, 100.00, 31.537000
2025-11-25T20:52:37.736762Z, 0xffffffffffffff80;0xffffffffc178452d;0xffffffffc1785112;0xffffffffc182cd0e;0xffffffffc15995ba;0xffffffffc18cf78a;0xffffffffc184f0c7;0xffffffffc18d4a7a;0xffffffffc184e25b;0xffffffffc18d8284;0xffffffffc184ed70;0xffffffffc184f2d5;0xffffffffc185baff;0xffffffffc16446b3;0xffffffffc164c746;0xffffffffc15116b9;0xffffffffbb1dde74;0xffffffffbac83f9e;0xffffffffbbed678e;0xffffffffbaa0012b;0xfffffffffffffe00;ioctl;0x73593048e028;0x735930499ffa;0x73593047cbfc;0x7359304a115c;0x73593041f39a;0x735930420794;0x73593042133b;0x7359304238de;0x7359304252bb;0x73593048a258;0x7359304a42c8;0x7359304a438e;0x735930223346;0x7359302295be;0x73593026c862;0x73593026ec36;0x73593026edac;0x73593019af59;0x73593033560a;cuDevicePrimaryCtxRetain;0x73592c2413a9;0x73592c2414a4;0x73592c241603;0x73592c2421c0;0x73592c23a641;0x73592c211bd8;0x73592c24ae0f;0x73592c5b235f;|, 59.002574, 300.00, 31.537000
2025-11-25T20:52:37.741863Z, , 48.426357, 150.00, 31.537000
2025-11-25T20:52:37.746969Z, , 49.135354, 0.00, 31.537000
2025-11-25T20:52:37.752070Z, , 46.731115, 0.00, 31.537000
2025-11-25T20:52:37.757186Z, , 43.604990, 0.00, 31.537000
2025-11-25T20:52:37.762304Z, , 36.206716, 0.00, 31.537000
2025-11-25T20:52:37.767410Z, , 23.303557, 0.00, 31.537000
2025-11-25T20:52:37.772520Z, , 39.811076, 0.00, 31.537000
2025-11-25T20:52:37.777639Z, , 42.344235, 0.00, 31.537000
2025-11-25T20:52:37.782751Z, , 39.581432, 0.00, 31.537000
2025-11-25T20:52:37.787857Z, , 30.573375, 0.00, 31.537000
2025-11-25T20:52:37.792966Z, , 27.366534, 0.00, 31.537000
2025-11-25T20:52:37.798068Z, , 26.530520, 0.00, 31.537000
2025-11-25T20:52:37.803195Z, , 31.893045, 0.00, 31.537000
2025-11-25T20:52:37.808308Z, , 28.876059, 0.00, 31.537000
2025-11-25T20:52:37.813418Z, , 28.178362, 0.00, 31.537000
2025-11-25T20:52:37.818527Z, , 20.280958, 0.00, 31.537000
2025-11-25T20:52:37.823718Z, , 57.635357, 0.00, 31.537000
2025-11-25T20:52:37.828907Z, , 50.263027, 0.00, 31.537000
2025-11-25T20:52:37.834101Z, , 42.412334, 0.00, 31.537000
2025-11-25T20:52:37.839315Z, , 39.787217, 0.00, 31.537000
2025-11-25T20:52:37.844528Z, , 31.326877, 0.00, 31.537000
2025-11-25T20:52:37.849749Z, , 32.609243, 0.00, 31.537000
2025-11-25T20:52:37.854960Z, , 28.429715, 0.00, 31.537000
2025-11-25T20:52:37.860156Z, , 22.654689, 0.00, 31.537000
2025-11-25T20:52:37.865341Z, , 26.290971, 0.00, 31.537000
2025-11-25T20:52:37.870552Z, , 30.617677, 0.00, 31.537000
2025-11-25T20:52:37.875737Z, , 23.566337, 0.00, 31.537000
2025-11-25T20:52:37.880853Z, , 30.192144, 0.00, 31.537000
2025-11-25T20:52:37.885966Z, , 26.527458, 0.00, 31.537000
2025-11-25T20:52:37.891072Z, , 25.349180, 0.00, 31.537000
2025-11-25T20:52:37.896227Z, , 24.855545, 0.00, 31.537000
2025-11-25T20:52:37.901337Z, , 27.336625, 0.00, 31.537000
2025-11-25T20:52:37.906444Z, , 27.566275, 0.00, 31.537000
2025-11-25T20:52:37.911551Z, , 25.490462, 0.00, 31.537000
2025-11-25T20:52:37.916705Z, , 27.835994, 0.00, 31.537000
2025-11-25T20:52:37.921813Z, , 24.181812, 0.00, 31.537000
2025-11-25T20:52:37.926911Z, , 25.271723, 0.00, 31.537000
2025-11-25T20:52:37.932017Z, , 28.136658, 0.00, 31.537000
2025-11-25T20:52:37.937171Z, , 28.279703, 0.00, 31.537000
2025-11-25T20:52:37.942282Z, , 31.514243, 100.00, 31.537000
2025-11-25T20:52:37.947396Z, , 22.826801, 100.00, 31.537000
2025-11-25T20:52:37.952503Z, , 32.017160, 0.00, 31.537000
2025-11-25T20:52:37.958065Z, 0xffffffffffffff80;0xffffffffc164832a;0xffffffffc172397f;0xffffffffc18b210f;0xffffffffc18b21c8;0xffffffffc174c8cf;0xffffffffc1753836;0xffffffffc1755710;0xffffffffc1880ded;0xffffffffc1893554;0xffffffffc184e400;0xffffffffc18d8284;0xffffffffc184ed70;0xffffffffc184eb2a;0xffffffffc1873a2f;0xffffffffc152df64;0xffffffffc2b61448;0xffffffffc2ad0f47;0xffffffffc2ad14cb;0xffffffffc2ad15ba;0xffffffffbb1dde74;0xffffffffbac83f9e;0xffffffffbbed678e;0xffffffffbaa0012b;0xfffffffffffffe00;ioctl;0x73593031f090;0x735930222fe6;0x7359302299e4;0x73593026c862;0x73593026ec36;0x73593026edac;0x73593019af59;0x73593033560a;cuDevicePrimaryCtxRetain;0x73592c2413a9;0x73592c2414a4;0x73592c241603;0x73592c2421c0;0x73592c23a641;0x73592c211bd8;0x73592c24ae0f;0x73592c5b235f;|, 25.199518, 100.00, 31.537000
2025-11-25T20:52:37.963213Z, , 31.243151, 100.00, 31.537000
2025-11-25T20:52:37.968802Z, 0xffffffffffffff80;0xffffffffc164832a;0xffffffffc172397f;0xffffffffc17614ae;0xffffffffc1761b80;0xffffffffc16e7ae2;0xffffffffc17558db;0xffffffffc1880ded;0xffffffffc18939ba;0xffffffffc170a7cb;0xffffffffc170a954;0xffffffffc156c3b8;0xffffffffc18cf78a;0xffffffffc184f0c7;0xffffffffc18d4a7a;0xffffffffc18d50b8;0xffffffffc18d8a27;0xffffffffc187d843;0xffffffffc187d6c6;0xffffffffc1873807;0xffffffffc152df64;0xffffffffc2b61448;0xffffffffc2ad0f47;0xffffffffc2ad14cb;0xffffffffc2ad15ba;0xffffffffbb1dde74;0xffffffffbac83f9e;0xffffffffbbed678e;0xffffffffbaa0012b;0xfffffffffffffe00;ioctl;0x73593031f090;0x735930222fe6;0x7359302299e4;0x73593026c862;0x73593026ec36;0x73593026edac;0x73593019af59;0x73593033560a;cuDevicePrimaryCtxRetain;0x73592c2413a9;0x73592c2414a4;0x73592c241603;0x73592c2421c0;0x73592c23a641;0x73592c211bd8;0x73592c24ae0f;0x73592c5b235f;|, 33.214099, 200.00, 31.537000
2025-11-25T20:52:37.974329Z, 0xffffffffffffff80;0xffffffffbb0e4a29;0xffffffffbb0ed694;0xffffffffc151d3ee;0xffffffffc151da72;0xffffffffbb1179ab;0xffffffffbb117fdf;0xffffffffbb118e4d;0xffffffffbb0f8d49;0xffffffffbb0b8e4e;0xffffffffbb0f7ca7;0xffffffffbace0d43;0xffffffffbac85139;0xffffffffbbed678e;0xffffffffbaa0012b;0xfffffffffffffe00;__mmap;0x735930fae08f;0x735930499535;0x7359304610a7;0x73593046a88b;0x7359304a2a25;0x73593041f76b;0x735930420794;0x73593042133b;0x7359304238de;0x7359304252bb;0x735930425ab1;0x73593026cbeb;0x73593026ec36;0x73593026edac;0x73593019af59;0x73593033560a;cuDevicePrimaryCtxRetain;0x73592c2413a9;0x73592c2414a4;0x73592c241603;0x73592c2421c0;0x73592c23a641;0x73592c211bd8;0x73592c24ae0f;0x73592c5b235f;|, 44.264120, 0.00, 31.537000
2025-11-25T20:52:37.980182Z, 0xfffffffffffffe00;printf_positional;__printf_buffer;__vsprintf_internal;_IO_sprintf;0x73593050fdcb;0x73593051019f;0x735930511875;0x7359302b88fa;0x7359302da079;0x7359302db10b;0x7359302febb3;0x7359302fedf0;0x735930f67cbb;0x73593026e73e;0x73593026ec36;0x73593026edac;0x73593019af59;0x73593033560a;cuDevicePrimaryCtxRetain;0x73592c2413a9;0x73592c2414a4;0x73592c241603;0x73592c2421c0;0x73592c23a641;0x73592c211bd8;0x73592c24ae0f;0x73592c5b235f;|, 47.142268, 100.00, 31.537000
2025-11-25T20:52:37.985836Z, 0xffffffffffffff80;0xffffffffbb27de5e;0xffffffffbb0b18a5;0xffffffffbb0b32c3;0xffffffffbb0b4d27;0xffffffffbb0b516e;0xffffffffbb0eb53a;0xffffffffbb0ec2ad;0xffffffffbb0ec423;0xffffffffbb0f18f0;0xffffffffbb0f1fcc;0xffffffffbb0f2229;0xffffffffbb0ddc0b;0xffffffffbb0dee9b;0xffffffffbb0dfbe6;0xffffffffc15275d5;0xffffffffc1643b06;0xffffffffc164481d;0xffffffffc164c746;0xffffffffc15116b9;0xffffffffbb1dde74;0xffffffffbac83f9e;0xffffffffbbed678e;0xffffffffbaa0012b;0xfffffffffffffe00;ioctl;0x73593048e028;0x73593046392a;0x735930f5cafb;0x7359304a1a27;0x73593041f39a;0x735930420794;0x73593042133b;0x7359304238de;0x7359304252bb;0x7359302f1cfd;0x735930f67e54;0x73593026e73e;0x73593026ec36;0x73593026edac;0x73593019af59;0x73593033560a;cuDevicePrimaryCtxRetain;0x73592c2413a9;0x73592c2414a4;0x73592c241603;0x73592c2421c0;0x73592c23a641;0x73592c211bd8;0x73592c24ae0f;0x73592c5b235f;|, 38.720507, 100.00, 31.537000
2025-11-25T20:52:37.990943Z, , 33.768467, 0.00, 31.537000
2025-11-25T20:52:37.996054Z, , 33.786288, 0.00, 31.537000
2025-11-25T20:52:38.001550Z, 0xffffffffffffff80;0xffffffffbb125ed8;0xffffffffbb161a0e;0xffffffffbb164924;0xffffffffbb164b38;0xffffffffbb0eff3a;0xffffffffbb0f0330;0xffffffffbb0f1971;0xffffffffbb0f1fcc;0xffffffffbb0f2229;0xffffffffbad55662;0xffffffffbbedd385;0xffffffffbaa00bb7;0xfffffffffffffe00;_int_malloc;__libc_malloc;0x73592c23bf12;0x73592c234c57;0x73592c240444;0x73592c24219b;0x73592c23a641;0x73592c211bd8;0x73592c24ae0f;0x73592c5b235f;|, 29.696345, 0.00, 31.537000
2025-11-25T20:52:38.006690Z, , 33.075905, 0.00, 31.537000
2025-11-25T20:52:38.011788Z, , 26.610909, 0.00, 31.537000
2025-11-25T20:52:38.016957Z, 0xfffffffffffffe00;__libc_malloc;0x73585314f682;0x7358531391cf;0x735853153cac;0x7358531554e9;0x735853155a93;0x73585314da35;0x735853129493;0x73585316c6c2;0x735852d700cf;0x7358c2f8d53b;0x7358c2f3f4b1;|, 46.673448, 200.00, 31.537000
2025-11-25T20:52:38.022077Z, 0xfffffffffffffe00;0x7358287135e2;0x73582870fdae;0x735828711449;0x7358287119f3;0x7358286e96a9;0x73582872efff;0x73582215c5a0;0x735821763145;0x735821763d54;0x735852d701c3;0x7358c2f8d53b;0x7358c2f3f4b1;|, 45.278109, 0.00, 31.537000
2025-11-25T20:52:38.027188Z, , 29.647573, 0.00, 31.537000
2025-11-25T20:52:38.032293Z, , 30.016696, 0.00, 31.537000
2025-11-25T20:52:38.037412Z, 0xfffffffffffffe00;0x73582214dca7;0x73582215bc2c;0x73582215c4e0;0x73582213e3a5;0x735822532a07;0x735822533026;0x73582216db4a;0x73582216dfd8;0x73582216e1f2;0x73582216e3fe;0x7358217797b1;0x7358217b8cad;0x7358217e8874;0x735821890591;0x735821890963;0x7358218d0237;0x735852dbbe3a;0x735852dbc8ca;0x735852dbe2e4;0x735852ee4fa5;0x735852d34046;0x7358c2f3f5a4;|, 38.259122, 0.00, 31.537000
2025-11-25T20:52:38.042524Z, , 49.817348, 0.00, 31.537000
2025-11-25T20:52:38.047629Z, , 50.592825, 0.00, 31.537000
2025-11-25T20:52:38.052729Z, , 46.266327, 0.00, 31.537000
2025-11-25T20:52:38.057840Z, 0xfffffffffffffe00;0x73582214dda3;0x73582215bc2c;0x73582215c4e0;0x73582213e3a5;0x735822532a0e;0x735822533026;0x73582216db4a;0x73582216dfd8;0x73582216e1f2;0x73582216e3fe;0x7358217797b1;0x7358217b8cad;0x7358217e8874;0x735821890591;0x735821890963;0x7358218d0237;0x735852dbbe3a;0x735852dbc8ca;0x735852dbe2e4;0x735852ee4fa5;0x735852d34046;0x7358c2f3f5a4;|, 50.575279, 0.00, 31.537000
2025-11-25T20:52:38.062949Z, , 56.014373, 0.00, 31.537000
2025-11-25T20:52:38.068067Z, 0xfffffffffffffe00;0x73582214dc5c;0x73582215bc2c;0x73582215c4e0;0x73582213e3a5;0x735822533026;0x73582216db4a;0x73582216dfd8;0x73582216e1f2;0x73582216e3fe;0x7358217797b1;0x7358217b8cad;0x7358217e8874;0x735821890591;0x735821890963;0x7358218d0237;0x735852dbbe3a;0x735852dbc8ca;0x735852dbe2e4;0x735852ee4fa5;0x735852d34046;0x7358c2f3f5a4;|, 53.996112, 100.00, 31.537000
2025-11-25T20:52:38.073194Z, , 42.133561, 200.00, 31.537000
2025-11-25T20:52:38.078427Z, 0xfffffffffffffe00;0x73593023d360;0x735930251ce2;0x73593025d5d5;0x7359301aa4f9;0x735930339f77;cuCtxSynchronize;0x73592c20fb8b;0x73592c24a43a;0x73592c5a9b67;0x0;0x735920dc4980;0x8b485355fc894900;|, 36.337891, 0.00, 31.537000
2025-11-25T20:52:38.083532Z, , 40.193068, 100.00, 31.537000
2025-11-25T20:52:38.088819Z, 0xfffffffffffffe00;0x735930461b74;0x73593021f183;0x73593025de3b;0x735930f9d137;0x735930f9d585;0x73593022b9f4;0x735930251ce2;0x73593025d5d5;0x7359301aa4f9;0x735930339f77;cuCtxSynchronize;0x73592c20fb8b;0x73592c24a43a;0x73592c5a9b67;0x0;0x735920dc4980;0x8b485355fc894900;|, 28.361868, 0.00, 31.537000
2025-11-25T20:52:38.093910Z, , 36.927984, 100.00, 31.537000
2025-11-25T20:52:38.099001Z, , 38.743620, 0.00, 31.537000
2025-11-25T20:52:38.104386Z, 0xfffffffffffffe00;0x735936306c36;clock_gettime@@GLIBC_2.17;0x73593031bc04;0x73593022bccc;0x735930251ce2;0x73593025d5d5;0x7359301aa4f9;0x735930339f77;cuCtxSynchronize;0x73592c20fb8b;0x73592c24a43a;0x73592c5a9b67;0x0;0x735920dc4980;0x8b485355fc894900;|, 33.570919, 0.00, 31.537000
2025-11-25T20:52:38.109536Z, , 42.278616, 0.00, 37.392000
2025-11-25T20:52:38.114637Z, , 42.432469, 0.00, 37.392000
2025-11-25T20:52:38.119913Z, 0xfffffffffffffe00;0x73593021f17a;0x73593025de3b;0x735930f9d137;0x735930f9d585;0x73593022b9f4;0x735930251ce2;0x73593025d5d5;0x7359301aa4f9;0x735930339f77;cuCtxSynchronize;0x73592c20fb8b;0x73592c24a43a;0x73592c5a9b67;0x0;0x735920dc4980;0x8b485355fc894900;|, 48.817187, 0.00, 37.392000
2025-11-25T20:52:38.125022Z, , 24.649770, 100.00, 37.392000
2025-11-25T20:52:38.130206Z, , 23.794154, 100.00, 37.392000
2025-11-25T20:52:38.135344Z, , 16.002173, 200.00, 37.392000
2025-11-25T20:52:38.140460Z, , 20.659518, 0.00, 37.392000
2025-11-25T20:52:38.145716Z, 0xfffffffffffffe00;0x73593031bc31;0x73593022bccc;0x735930251ce2;0x73593025d5d5;0x7359301aa4f9;0x735930339f77;cuCtxSynchronize;0x73592c20fb8b;0x73592c24a43a;0x73592c5a9b67;0x0;0x735920dc4980;0x8b485355fc894900;|, 16.736349, 0.00, 37.392000
2025-11-25T20:52:38.150934Z, 0xfffffffffffffe00;0x73593022b9f6;0x735930251ce2;0x73593025d5d5;0x7359301aa4f9;0x735930339f77;cuCtxSynchronize;0x73592c20fb8b;0x73592c24a43a;0x73592c5a9b67;0x0;0x735920dc4980;0x8b485355fc894900;|, 28.692496, 100.00, 37.392000
2025-11-25T20:52:38.156032Z, , 32.354825, 0.00, 37.392000
2025-11-25T20:52:38.161372Z, 0xfffffffffffffe00;0x735936306c36;clock_gettime@@GLIBC_2.17;0x73593031bc04;0x73593022bccc;0x735930251ce2;0x73593025d5d5;0x7359301aa4f9;0x735930339f77;cuCtxSynchronize;0x73592c20fb8b;0x73592c24a43a;0x73592c5a9b67;0x0;0x735920dc4980;0x8b485355fc894900;|, 31.370221, 100.00, 37.392000
2025-11-25T20:52:38.166589Z, , 26.252484, 0.00, 37.392000
2025-11-25T20:52:38.171931Z, 0xfffffffffffffe00;0x735930461b7b;0x73593021f183;0x73593025de3b;0x735930f9d137;0x735930f9d585;0x73593022b9f4;0x735930251ce2;0x73593025d5d5;0x7359301aa4f9;0x735930339f77;cuCtxSynchronize;0x73592c20fb8b;0x73592c24a43a;0x73592c5a9b67;0x0;0x735920dc4980;0x8b485355fc894900;|, 28.166557, 0.00, 37.392000
2025-11-25T20:52:38.177273Z, 0xfffffffffffffe00;0x735930461b40;0x73593025de3b;0x735930f9d137;0x735930f9d585;0x73593022b9f4;0x735930251ce2;0x73593025d5d5;0x7359301aa4f9;0x735930339f77;cuCtxSynchronize;0x73592c20fb8b;0x73592c24a43a;0x73592c5a9b67;0x0;0x735920dc4980;0x8b485355fc894900;|, 23.422283, 0.00, 37.392000
2025-11-25T20:52:38.182401Z, , 24.029571, 0.00, 37.392000
2025-11-25T20:52:38.187536Z, , 36.092689, 0.00, 37.392000
2025-11-25T20:52:38.192880Z, 0xfffffffffffffe00;0x735930461bd8;0x73593021f183;0x73593025de3b;0x735930f9d137;0x735930f9d585;0x73593022b9f4;0x735930251ce2;0x73593025d5d5;0x7359301aa4f9;0x735930339f77;cuCtxSynchronize;0x73592c20fb8b;0x73592c24a43a;0x73592c5a9b67;0x0;0x735920dc4980;0x8b485355fc894900;|, 34.330247, 100.00, 37.392000
2025-11-25T20:52:38.197978Z, , 40.026095, 100.00, 37.392000
2025-11-25T20:52:38.203071Z, , 44.682389, 200.00, 37.392000
2025-11-25T20:52:38.208266Z, , 28.614287, 0.00, 37.392000
2025-11-25T20:52:38.213639Z, 0xfffffffffffffe00;0x735930461b53;0x73593021f183;0x73593025de3b;0x735930f9d137;0x735930f9d585;0x73593022b9f4;0x735930251ce2;0x73593025d5d5;0x7359301aa4f9;0x735930339f77;cuCtxSynchronize;0x73592c20fb8b;0x73592c24a43a;0x73592c5a9b67;0x0;0x735920dc4980;0x8b485355fc894900;|, 88.646222, 0.00, 37.392000
2025-11-25T20:52:38.218778Z, , 51.486883, 0.00, 37.392000
2025-11-25T20:52:38.224113Z, 0xfffffffffffffe00;0x735930461bd8;0x73593021f183;0x73593025de3b;0x735930f9d137;0x735930f9d585;0x73593022b9f4;0x735930251ce2;0x73593025d5d5;0x7359301aa4f9;0x735930339f77;cuCtxSynchronize;0x73592c20fb8b;0x73592c24a43a;0x73592c5a9b67;0x0;0x735920dc4980;0x8b485355fc894900;|, 58.816120, 0.00, 37.392000
2025-11-25T20:52:38.229352Z, , 48.792290, 0.00, 37.392000
2025-11-25T20:52:38.234767Z, 0xfffffffffffffe00;0x735930461bc9;0x73593021f183;0x73593025de3b;0x735930f9d137;0x735930f9d585;0x73593022b9f4;0x735930251ce2;0x73593025d5d5;0x7359301aa4f9;0x735930339f77;cuCtxSynchronize;0x73592c20fb8b;0x73592c24a43a;0x73592c5a9b67;0x0;0x735920dc4980;0x8b485355fc894900;|, 37.802145, 0.00, 37.392000
2025-11-25T20:52:38.239894Z, , 44.579711, 0.00, 37.392000
2025-11-25T20:52:38.245015Z, , 65.269579, 0.00, 37.392000
2025-11-25T20:52:38.250388Z, 0xfffffffffffffe00;0x73593021f17a;0x73593025de3b;0x735930f9d137;0x735930f9d585;0x73593022b9f4;0x735930251ce2;0x73593025d5d5;0x7359301aa4f9;0x735930339f77;cuCtxSynchronize;0x73592c20fb8b;0x73592c24a43a;0x73592c5a9b67;0x0;0x735920dc4980;0x8b485355fc894900;|, 54.086621, 0.00, 37.392000
2025-11-25T20:52:38.255536Z, , 52.049821, 0.00, 37.392000
2025-11-25T20:52:38.260874Z, 0xfffffffffffffe00;0x735930461b53;0x73593021f183;0x73593025de3b;0x735930f9d137;0x735930f9d585;0x73593022b9f4;0x735930251ce2;0x73593025d5d5;0x7359301aa4f9;0x735930339f77;cuCtxSynchronize;0x73592c20fb8b;0x73592c24a43a;0x73592c5a9b67;0x0;0x735920dc4980;0x8b485355fc894900;|, 47.855323, 0.00, 37.392000
2025-11-25T20:52:38.266083Z, , 46.206941, 0.00, 37.392000
2025-11-25T20:52:38.271489Z, 0xfffffffffffffe00;0x735930461b40;0x73593025de3b;0x735930f9d137;0x735930f9d585;0x73593022b9f4;0x735930251ce2;0x73593025d5d5;0x7359301aa4f9;0x735930339f77;cuCtxSynchronize;0x73592c20fb8b;0x73592c24a43a;0x73592c5a9b67;0x0;0x735920dc4980;0x8b485355fc894900;|, 47.768707, 100.00, 37.392000
2025-11-25T20:52:38.276611Z, , 39.847394, 100.00, 37.392000
2025-11-25T20:52:38.281946Z, 0xfffffffffffffe00;0x73593031bbfb;0x73593022bccc;0x735930251ce2;0x73593025d5d5;0x7359301aa4f9;0x735930339f77;cuCtxSynchronize;0x73592c20fb8b;0x73592c24a43a;0x73592c5a9b67;0x0;0x735920dc4980;0x8b485355fc894900;|, 43.651147, 0.00, 37.392000
2025-11-25T20:52:38.287092Z, , 25.244456, 0.00, 37.392000
2025-11-25T20:52:38.292503Z, , 45.233909, 0.00, 37.392000
2025-11-25T20:52:38.297797Z, 0xfffffffffffffe00;0x735930461c79;0x73593021f183;0x73593025de3b;0x735930f9d137;0x735930f9d585;0x73593022b9f4;0x735930251ce2;0x73593025d5d5;0x7359301aa4f9;0x735930339f77;cuCtxSynchronize;0x73592c20fb8b;0x73592c24a43a;0x73592c5a9b67;0x0;0x735920dc4980;0x8b485355fc894900;|, 43.167632, 100.00, 37.392000
2025-11-25T20:52:38.302949Z, , 32.871181, 0.00, 37.392000
2025-11-25T20:52:38.308229Z, 0xfffffffffffffe00;0x735930461b53;0x73593021f183;0x73593025de3b;0x735930f9d137;0x735930f9d585;0x73593022b9f4;0x735930251ce2;0x73593025d5d5;0x7359301aa4f9;0x735930339f77;cuCtxSynchronize;0x73592c20fb8b;0x73592c24a43a;0x73592c5a9b67;0x0;0x735920dc4980;0x8b485355fc894900;|, 28.138001, 100.00, 37.392000
2025-11-25T20:52:38.313412Z, , 35.808133, 0.00, 37.392000
2025-11-25T20:52:38.318517Z, , 21.927453, 100.00, 37.392000
2025-11-25T20:52:38.323799Z, 0xfffffffffffffe00;0x735930461b7b;0x73593021f183;0x73593025de3b;0x735930f9d137;0x735930f9d585;0x73593022b9f4;0x735930251ce2;0x73593025d5d5;0x7359301aa4f9;0x735930339f77;cuCtxSynchronize;0x73592c20fb8b;0x73592c24a43a;0x73592c5a9b67;0x0;0x735920dc4980;0x8b485355fc894900;|, 77.634414, 100.00, 37.392000
2025-11-25T20:52:38.328962Z, , 71.792119, 100.00, 37.392000
2025-11-25T20:52:38.334329Z, 0xfffffffffffffe00;0x735930461b74;0x73593021f183;0x73593025de3b;0x735930f9d137;0x735930f9d585;0x73593022b9f4;0x735930251ce2;0x73593025d5d5;0x7359301aa4f9;0x735930339f77;cuCtxSynchronize;0x73592c20fb8b;0x73592c24a43a;0x73592c5a9b67;0x0;0x735920dc4980;0x8b485355fc894900;|, 48.004068, 0.00, 37.392000
2025-11-25T20:52:38.339445Z, , 52.947999, 0.00, 37.392000
2025-11-25T20:52:38.344544Z, , 58.354360, 0.00, 37.392000
2025-11-25T20:52:38.349803Z, 0xfffffffffffffe00;0x735930461b74;0x73593021f183;0x73593025de3b;0x735930f9d137;0x735930f9d585;0x73593022b9f4;0x735930251ce2;0x73593025d5d5;0x7359301aa4f9;0x735930339f77;cuCtxSynchronize;0x73592c20fb8b;0x73592c24a43a;0x73592c5a9b67;0x0;0x735920dc4980;0x8b485355fc894900;|, 46.457449, 0.00, 37.392000
2025-11-25T20:52:38.354900Z, , 54.852842, 0.00, 37.392000
2025-11-25T20:52:38.360182Z, 0xfffffffffffffe00;0x735930461b53;0x73593021f183;0x73593025de3b;0x735930f9d137;0x735930f9d585;0x73593022b9f4;0x735930251ce2;0x73593025d5d5;0x7359301aa4f9;0x735930339f77;cuCtxSynchronize;0x73592c20fb8b;0x73592c24a43a;0x73592c5a9b67;0x0;0x735920dc4980;0x8b485355fc894900;|, 46.037712, 0.00, 37.392000
2025-11-25T20:52:38.365360Z, , 41.898567, 0.00, 37.392000
2025-11-25T20:52:38.370460Z, , 50.597026, 0.00, 37.392000
2025-11-25T20:52:38.375704Z, 0xfffffffffffffe00;0x735930461ba8;0x73593021f183;0x73593025de3b;0x735930f9d137;0x735930f9d585;0x73593022b9f4;0x735930251ce2;0x73593025d5d5;0x7359301aa4f9;0x735930339f77;cuCtxSynchronize;0x73592c20fb8b;0x73592c24a43a;0x73592c5a9b67;0x0;0x735920dc4980;0x8b485355fc894900;|, 66.057742, 0.00, 37.392000
2025-11-25T20:52:38.380849Z, , 47.409840, 0.00, 37.392000
2025-11-25T20:52:38.385946Z, , 48.800242, 0.00, 37.392000
2025-11-25T20:52:38.391186Z, 0xfffffffffffffe00;0x73593021f186;0x73593025de3b;0x735930f9d137;0x735930f9d585;0x73593022b9f4;0x735930251ce2;0x73593025d5d5;0x7359301aa4f9;0x735930339f77;cuCtxSynchronize;0x73592c20fb8b;0x73592c24a43a;0x73592c5a9b67;0x0;0x735920dc4980;0x8b485355fc894900;|, 67.085960, 0.00, 37.392000
2025-11-25T20:52:38.396326Z, , 52.718653, 100.00, 37.392000
2025-11-25T20:52:38.401593Z, 0xfffffffffffffe00;0x735930461c79;0x73593021f183;0x73593025de3b;0x735930f9d137;0x735930f9d585;0x73593022b9f4;0x735930251ce2;0x73593025d5d5;0x7359301aa4f9;0x735930339f77;cuCtxSynchronize;0x73592c20fb8b;0x73592c24a43a;0x73592c5a9b67;0x0;0x735920dc4980;0x8b485355fc894900;|, 38.012266, 0.00, 37.392000
2025-11-25T20:52:38.406695Z, , 49.756537, 100.00, 37.392000
2025-11-25T20:52:38.411944Z, 0xfffffffffffffe00;0x735930461b40;0x73593025de3b;0x735930f9d137;0x735930f9d585;0x73593022b9f4;0x735930251ce2;0x73593025d5d5;0x7359301aa4f9;0x735930339f77;cuCtxSynchronize;0x73592c20fb8b;0x73592c24a43a;0x73592c5a9b67;0x0;0x735920dc4980;0x8b485355fc894900;|, 48.996568, 0.00, 37.392000
2025-11-25T20:52:38.417110Z, , 55.548945, 0.00, 37.392000
2025-11-25T20:52:38.422348Z, 0xfffffffffffffe00;0x735930f9d120;0x73593022b9f4;0x735930251ce2;0x73593025d5d5;0x7359301aa4f9;0x735930339f77;cuCtxSynchronize;0x73592c20fb8b;0x73592c24a43a;0x73592c5a9b67;0x0;0x735920dc4980;0x8b485355fc894900;|, 47.637944, 0.00, 37.392000
2025-11-25T20:52:38.427442Z, , 39.200413, 0.00, 37.392000
2025-11-25T20:52:38.432538Z, , 69.309434, 0.00, 37.392000
2025-11-25T20:52:38.437809Z, 0xfffffffffffffe00;0x73593021f186;0x73593025de3b;0x735930f9d137;0x735930f9d585;0x73593022b9f4;0x735930251ce2;0x73593025d5d5;0x7359301aa4f9;0x735930339f77;cuCtxSynchronize;0x73592c20fb8b;0x73592c24a43a;0x73592c5a9b67;0x0;0x735920dc4980;0x8b485355fc894900;|, 43.475581, 0.00, 37.392000
2025-11-25T20:52:38.442930Z, , 59.530155, 100.00, 37.392000
2025-11-25T20:52:38.448204Z, 0xfffffffffffffe00;0x735930461b74;0x73593021f183;0x73593025de3b;0x735930f9d137;0x735930f9d585;0x73593022b9f4;0x735930251ce2;0x73593025d5d5;0x7359301aa4f9;0x735930339f77;cuCtxSynchronize;0x73592c20fb8b;0x73592c24a43a;0x73592c5a9b67;0x0;0x735920dc4980;0x8b485355fc894900;|, 51.851053, 100.00, 37.392000
2025-11-25T20:52:38.453361Z, , 44.977629, 200.00, 37.392000
2025-11-25T20:52:38.458463Z, , 46.509913, 0.00, 37.392000
2025-11-25T20:52:38.463708Z, 0xfffffffffffffe00;0x735930461bac;0x73593021f183;0x73593025de3b;0x735930f9d137;0x735930f9d585;0x73593022b9f4;0x735930251ce2;0x73593025d5d5;0x7359301aa4f9;0x735930339f77;cuCtxSynchronize;0x73592c20fb8b;0x73592c24a43a;0x73592c5a9b67;0x0;0x735920dc4980;0x8b485355fc894900;|, 62.168260, 100.00, 37.392000
2025-11-25T20:52:38.468827Z, , 58.040129, 0.00, 37.392000
2025-11-25T20:52:38.474116Z, 0xfffffffffffffe00;0x735936306c36;clock_gettime@@GLIBC_2.17;0x73593031bc04;0x73593022bccc;0x735930251ce2;0x73593025d5d5;0x7359301aa4f9;0x735930339f77;cuCtxSynchronize;0x73592c20fb8b;0x73592c24a43a;0x73592c5a9b67;0x0;0x735920dc4980;0x8b485355fc894900;|, 33.574092, 100.00, 37.392000
2025-11-25T20:52:38.479294Z, , 32.305752, 100.00, 37.392000
2025-11-25T20:52:38.484436Z, , 53.413786, 100.00, 37.392000
2025-11-25T20:52:38.489668Z, 0xfffffffffffffe00;0x73593021f157;0x73593025de3b;0x735930f9d137;0x735930f9d585;0x73593022b9f4;0x735930251ce2;0x73593025d5d5;0x7359301aa4f9;0x735930339f77;cuCtxSynchronize;0x73592c20fb8b;0x73592c24a43a;0x73592c5a9b67;0x0;0x735920dc4980;0x8b485355fc894900;|, 48.828886, 0.00, 37.392000
2025-11-25T20:52:38.494780Z, , 53.024301, 0.00, 37.392000
2025-11-25T20:52:38.500014Z, 0xfffffffffffffe00;0x735930461b7b;0x73593021f183;0x73593025de3b;0x735930f9d137;0x735930f9d585;0x73593022b9f4;0x735930251ce2;0x73593025d5d5;0x7359301aa4f9;0x735930339f77;cuCtxSynchronize;0x73592c20fb8b;0x73592c24a43a;0x73592c5a9b67;0x0;0x735920dc4980;0x8b485355fc894900;|, 42.235117, 100.00, 37.392000
2025-11-25T20:52:38.505198Z, , 51.835888, 0.00, 37.392000
2025-11-25T20:52:38.510301Z, , 45.779169, 0.00, 37.392000
2025-11-25T20:52:38.515561Z, 0xfffffffffffffe00;0x735930461b74;0x73593021f183;0x73593025de3b;0x735930f9d137;0x735930f9d585;0x73593022b9f4;0x735930251ce2;0x73593025d5d5;0x7359301aa4f9;0x735930339f77;cuCtxSynchronize;0x73592c20fb8b;0x73592c24a43a;0x73592c5a9b67;0x0;0x735920dc4980;0x8b485355fc894900;|, 50.390795, 0.00, 37.392000
2025-11-25T20:52:38.520693Z, , 45.734859, 0.00, 37.392000
2025-11-25T20:52:38.525994Z, 0xfffffffffffffe00;0x735930f9d439;0x73593022b9f4;0x735930251ce2;0x73593025d5d5;0x7359301aa4f9;0x735930339f77;cuCtxSynchronize;0x73592c20fb8b;0x73592c24a43a;0x73592c5a9b67;0x0;0x735920dc4980;0x8b485355fc894900;|, 37.270285, 0.00, 37.392000
2025-11-25T20:52:38.531150Z, , 43.275427, 0.00, 37.392000
2025-11-25T20:52:38.536493Z, 0xfffffffffffffe00;0x735930461b7b;0x73593021f183;0x73593025de3b;0x735930f9d137;0x735930f9d585;0x73593022b9f4;0x735930251ce2;0x73593025d5d5;0x7359301aa4f9;0x735930339f77;cuCtxSynchronize;0x73592c20fb8b;0x73592c24a43a;0x73592c5a9b67;0x0;0x735920dc4980;0x8b485355fc894900;|, 27.781335, 0.00, 37.392000
2025-11-25T20:52:38.541900Z, , 40.644604, 0.00, 37.392000
2025-11-25T20:52:38.547228Z, 0xfffffffffffffe00;0x735930461b7d;0x73593021f183;0x73593025de3b;0x735930f9d137;0x735930f9d585;0x73593022b9f4;0x735930251ce2;0x73593025d5d5;0x7359301aa4f9;0x735930339f77;cuCtxSynchronize;0x73592c20fb8b;0x73592c24a43a;0x73592c5a9b67;0x0;0x735920dc4980;0x8b485355fc894900;|, 51.813341, 100.00, 37.392000
2025-11-25T20:52:38.552405Z, , 40.548819, 0.00, 37.392000
2025-11-25T20:52:38.557507Z, , 43.658763, 0.00, 37.392000
2025-11-25T20:52:38.562616Z, , 82.824143, 0.00, 37.392000
2025-11-25T20:52:38.567877Z, 0xfffffffffffffe00;0x735930461c76;0x73593021f183;0x73593025de3b;0x735930f9d137;0x735930f9d585;0x73593022b9f4;0x735930251ce2;0x73593025d5d5;0x7359301aa4f9;0x735930339f77;cuCtxSynchronize;0x73592c20fb8b;0x73592c24a43a;0x73592c5a9b67;0x0;0x735920dc4980;0x8b485355fc894900;|, 60.434954, 100.00, 37.392000
2025-11-25T20:52:38.572977Z, , 70.204438, 100.00, 37.392000
2025-11-25T20:52:38.578254Z, 0xfffffffffffffe00;0x73593021f186;0x73593025de3b;0x735930f9d137;0x735930f9d585;0x73593022b9f4;0x735930251ce2;0x73593025d5d5;0x7359301aa4f9;0x735930339f77;cuCtxSynchronize;0x73592c20fb8b;0x73592c24a43a;0x73592c5a9b67;0x0;0x735920dc4980;0x8b485355fc894900;|, 56.379296, 0.00, 37.392000
2025-11-25T20:52:38.583375Z, , 43.479049, 0.00, 37.392000
2025-11-25T20:52:38.588613Z, 0xfffffffffffffe00;0x735930461b40;0x73593025de3b;0x735930f9d137;0x735930f9d585;0x73593022b9f4;0x735930251ce2;0x73593025d5d5;0x7359301aa4f9;0x735930339f77;cuCtxSynchronize;0x73592c20fb8b;0x73592c24a43a;0x73592c5a9b67;0x0;0x735920dc4980;0x8b485355fc894900;|, 42.385822, 0.00, 37.392000
2025-11-25T20:52:38.593710Z, , 70.507088, 0.00, 37.392000
2025-11-25T20:52:38.598968Z, 0xfffffffffffffe00;0x735930461b53;0x73593021f183;0x73593025de3b;0x735930f9d137;0x735930f9d585;0x73593022b9f4;0x735930251ce2;0x73593025d5d5;0x7359301aa4f9;0x735930339f77;cuCtxSynchronize;0x73592c20fb8b;0x73592c24a43a;0x73592c5a9b67;0x0;0x735920dc4980;0x8b485355fc894900;|, 50.559561, 0.00, 37.392000
2025-11-25T20:52:38.604092Z, , 36.360864, 0.00, 37.392000
2025-11-25T20:52:38.609269Z, , 45.210207, 0.00, 117.227000
2025-11-25T20:52:38.614530Z, 0xfffffffffffffe00;0x735930461b7b;0x73593021f183;0x73593025de3b;0x735930f9d137;0x735930f9d585;0x73593022b9f4;0x735930251ce2;0x73593025d5d5;0x7359301aa4f9;0x735930339f77;cuCtxSynchronize;0x73592c20fb8b;0x73592c24a43a;0x73592c5a9b67;0x0;0x735920dc4980;0x8b485355fc894900;|, 47.747846, 0.00, 117.227000
2025-11-25T20:52:38.619632Z, , 35.724796, 0.00, 117.227000
2025-11-25T20:52:38.624831Z, 0xfffffffffffffe00;0x735930f9d439;0x73593022b9f4;0x735930251ce2;0x73593025d5d5;0x7359301aa4f9;0x735930339f77;cuCtxSynchronize;0x73592c20fb8b;0x73592c24a43a;0x73592c5a9b67;0x0;0x735920dc4980;0x8b485355fc894900;|, 39.160054, 0.00, 117.227000
2025-11-25T20:52:38.629928Z, , 40.081497, 0.00, 117.227000
2025-11-25T20:52:38.635038Z, , 55.051883, 0.00, 117.227000
2025-11-25T20:52:38.640338Z, 0xfffffffffffffe00;0x73593021f192;0x73593025de3b;0x735930f9d137;0x735930f9d585;0x73593022b9f4;0x735930251ce2;0x73593025d5d5;0x7359301aa4f9;0x735930339f77;cuCtxSynchronize;0x73592c20fb8b;0x73592c24a43a;0x73592c5a9b67;0x0;0x735920dc4980;0x8b485355fc894900;|, 44.086501, 100.00, 117.227000
2025-11-25T20:52:38.645519Z, , 47.066758, 0.00, 117.227000
2025-11-25T20:52:38.650617Z, , 54.005255, 0.00, 117.227000
2025-11-25T20:52:38.655830Z, 0xfffffffffffffe00;0x735930f9d24f;0x73593022b9f4;0x735930251ce2;0x73593025d5d5;0x7359301aa4f9;0x735930339f77;cuCtxSynchronize;0x73592c20fb8b;0x73592c24a43a;0x73592c5a9b67;0x0;0x735920dc4980;0x8b485355fc894900;|, 39.616814, 100.00, 117.227000
2025-11-25T20:52:38.660941Z, , 52.256520, 0.00, 117.227000
2025-11-25T20:52:38.666183Z, 0xfffffffffffffe00;0x735930461b7b;0x73593021f183;0x73593025de3b;0x735930f9d137;0x735930f9d585;0x73593022b9f4;0x735930251ce2;0x73593025d5d5;0x7359301aa4f9;0x735930339f77;cuCtxSynchronize;0x73592c20fb8b;0x73592c24a43a;0x73592c5a9b67;0x0;0x735920dc4980;0x8b485355fc894900;|, 38.965967, 100.00, 117.227000
2025-11-25T20:52:38.671343Z, , 46.918019, 0.00, 117.227000
2025-11-25T20:52:38.676619Z, 0xfffffffffffffe00;0x735930461c79;0x73593021f183;0x73593025de3b;0x735930f9d137;0x735930f9d585;0x73593022b9f4;0x735930251ce2;0x73593025d5d5;0x7359301aa4f9;0x735930339f77;cuCtxSynchronize;0x73592c20fb8b;0x73592c24a43a;0x73592c5a9b67;0x0;0x735920dc4980;0x8b485355fc894900;|, 46.223195, 100.00, 117.227000
2025-11-25T20:52:38.681719Z, , 37.366839, 0.00, 117.227000
2025-11-25T20:52:38.686919Z, 0xfffffffffffffe00;0x73593031bc31;0x73593022bccc;0x735930251ce2;0x73593025d5d5;0x7359301aa4f9;0x735930339f77;cuCtxSynchronize;0x73592c20fb8b;0x73592c24a43a;0x73592c5a9b67;0x0;0x735920dc4980;0x8b485355fc894900;|, 29.929637, 50.00, 117.227000
2025-11-25T20:52:38.692019Z, , 69.124116, 100.00, 117.227000
2025-11-25T20:52:38.697117Z, , 49.473800, 0.00, 117.227000
2025-11-25T20:52:38.702400Z, 0xfffffffffffffe00;0x7359301664a0;0x73593022bca5;0x735930251ce2;0x73593025d5d5;0x7359301aa4f9;0x735930339f77;cuCtxSynchronize;0x73592c20fb8b;0x73592c24a43a;0x73592c5a9b67;0x0;0x735920dc4980;0x8b485355fc894900;|, 65.706977, 100.00, 117.227000
2025-11-25T20:52:38.707497Z, , 54.972407, 0.00, 117.227000
2025-11-25T20:52:38.712627Z, , 45.220084, 100.00, 117.227000
2025-11-25T20:52:38.717824Z, 0xfffffffffffffe00;0x735930f9d2f8;0x73593022b9f4;0x735930251ce2;0x73593025d5d5;0x7359301aa4f9;0x735930339f77;cuCtxSynchronize;0x73592c20fb8b;0x73592c24a43a;0x73592c5a9b67;0x0;0x735920dc4980;0x8b485355fc894900;|, 57.655681, 0.00, 117.227000
2025-11-25T20:52:38.722933Z, , 55.046926, 0.00, 117.227000
2025-11-25T20:52:38.728158Z, 0xfffffffffffffe00;0x73593021f172;0x73593025de3b;0x735930f9d137;0x735930f9d585;0x73593022b9f4;0x735930251ce2;0x73593025d5d5;0x7359301aa4f9;0x735930339f77;cuCtxSynchronize;0x73592c20fb8b;0x73592c24a43a;0x73592c5a9b67;0x0;0x735920dc4980;0x8b485355fc894900;|, 30.850717, 0.00, 117.227000
2025-11-25T20:52:38.733391Z, 0xfffffffffffffe00;0x7359304078ac;0x735930f9d554;0x73593022b9f4;0x735930251ce2;0x73593025d5d5;0x7359301aa4f9;0x735930339f77;cuCtxSynchronize;0x73592c20fb8b;0x73592c24a43a;0x73592c5a9b67;0x0;0x735920dc4980;0x8b485355fc894900;|, 37.272957, 0.00, 117.227000
2025-11-25T20:52:38.738578Z, , 25.553755, 0.00, 117.227000
2025-11-25T20:52:38.743792Z, , 56.972180, 0.00, 117.227000
2025-11-25T20:52:38.749076Z, 0xfffffffffffffe00;0x735930f9d24f;0x73593022b9f4;0x735930251ce2;0x73593025d5d5;0x7359301aa4f9;0x735930339f77;cuCtxSynchronize;0x73592c20fb8b;0x73592c24a43a;0x73592c5a9b67;0x0;0x735920dc4980;0x8b485355fc894900;|, 35.183942, 100.00, 117.227000
2025-11-25T20:52:38.754215Z, , 61.794220, 100.00, 117.227000
2025-11-25T20:52:38.759584Z, 0xfffffffffffffe00;0x735936306c36;clock_gettime@@GLIBC_2.17;0x73593031bc04;0x73593022bccc;0x735930251ce2;0x73593025d5d5;0x7359301aa4f9;0x735930339f77;cuCtxSynchronize;0x73592c20fb8b;0x73592c24a43a;0x73592c5a9b67;0x0;0x735920dc4980;0x8b485355fc894900;|, 49.094041, 200.00, 117.227000
2025-11-25T20:52:38.764710Z, , 53.749215, 200.00, 117.227000
2025-11-25T20:52:38.770063Z, 0xfffffffffffffe00;clock_gettime@@GLIBC_2.17;0x73593031bc04;0x73593022bccc;0x735930251ce2;0x73593025d5d5;0x7359301aa4f9;0x735930339f77;cuCtxSynchronize;0x73592c20fb8b;0x73592c24a43a;0x73592c5a9b67;0x0;0x735920dc4980;0x8b485355fc894900;|, 50.065715, 0.00, 117.227000
2025-11-25T20:52:38.775204Z, , 59.495840, 0.00, 117.227000
2025-11-25T20:52:38.780317Z, , 55.120038, 0.00, 117.227000
2025-11-25T20:52:38.785615Z, 0xfffffffffffffe00;0x735936306c36;clock_gettime@@GLIBC_2.17;0x73593031bc04;0x73593022bccc;0x735930251ce2;0x73593025d5d5;0x7359301aa4f9;0x735930339f77;cuCtxSynchronize;0x73592c20fb8b;0x73592c24a43a;0x73592c5a9b67;0x0;0x735920dc4980;0x8b485355fc894900;|, 42.696710, 100.00, 117.227000
2025-11-25T20:52:38.790752Z, , 49.840711, 0.00, 117.227000
2025-11-25T20:52:38.796077Z, 0xfffffffffffffe00;0x735930461b53;0x73593021f183;0x73593025de3b;0x735930f9d137;0x735930f9d585;0x73593022b9f4;0x735930251ce2;0x73593025d5d5;0x7359301aa4f9;0x735930339f77;cuCtxSynchronize;0x73592c20fb8b;0x73592c24a43a;0x73592c5a9b67;0x0;0x735920dc4980;0x8b485355fc894900;|, 50.358237, 100.00, 117.227000
2025-11-25T20:52:38.801212Z, , 52.762312, 100.00, 117.227000
2025-11-25T20:52:38.806470Z, 0xfffffffffffffe00;0x735930461b53;0x73593021f183;0x73593025de3b;0x735930f9d137;0x735930f9d585;0x73593022b9f4;0x735930251ce2;0x73593025d5d5;0x7359301aa4f9;0x735930339f77;cuCtxSynchronize;0x73592c20fb8b;0x73592c24a43a;0x73592c5a9b67;0x0;0x735920dc4980;0x8b485355fc894900;|, 43.751550, 0.00, 117.227000
2025-11-25T20:52:38.811608Z, , 49.795405, 0.00, 117.227000
2025-11-25T20:52:38.816725Z, , 59.590768, 100.00, 117.227000
2025-11-25T20:52:38.821850Z, , 59.502116, 0.00, 117.227000
2025-11-25T20:52:38.827111Z, 0xfffffffffffffe00;0x73593025de2f;0x735930f9d137;0x735930f9d585;0x73593022b9f4;0x735930251ce2;0x73593025d5d5;0x7359301aa4f9;0x735930339f77;cuCtxSynchronize;0x73592c20fb8b;0x73592c24a43a;0x73592c5a9b67;0x0;0x735920dc4980;0x8b485355fc894900;|, 69.777335, 0.00, 117.227000
2025-11-25T20:52:38.832271Z, , 52.096525, 0.00, 117.227000
2025-11-25T20:52:38.837551Z, 0xfffffffffffffe00;0x735930461bc9;0x73593021f183;0x73593025de3b;0x735930f9d137;0x735930f9d585;0x73593022b9f4;0x735930251ce2;0x73593025d5d5;0x7359301aa4f9;0x735930339f77;cuCtxSynchronize;0x73592c20fb8b;0x73592c24a43a;0x73592c5a9b67;0x0;0x735920dc4980;0x8b485355fc894900;|, 56.839176, 0.00, 117.227000
2025-11-25T20:52:38.842669Z, , 55.996513, 0.00, 117.227000
2025-11-25T20:52:38.847939Z, 0xfffffffffffffe00;0x73593021f10f;0x73593025de3b;0x735930f9d137;0x735930f9d585;0x73593022b9f4;0x735930251ce2;0x73593025d5d5;0x7359301aa4f9;0x735930339f77;cuCtxSynchronize;0x73592c20fb8b;0x73592c24a43a;0x73592c5a9b67;0x0;0x735920dc4980;0x8b485355fc894900;|, 45.132127, 0.00, 117.227000
2025-11-25T20:52:38.853070Z, , 42.350822, 0.00, 117.227000
2025-11-25T20:52:38.858393Z, 0xfffffffffffffe00;0x735930461b74;0x73593021f183;0x73593025de3b;0x735930f9d137;0x735930f9d585;0x73593022b9f4;0x735930251ce2;0x73593025d5d5;0x7359301aa4f9;0x735930339f77;cuCtxSynchronize;0x73592c20fb8b;0x73592c24a43a;0x73592c5a9b67;0x0;0x735920dc4980;0x8b485355fc894900;|, 51.231598, 0.00, 117.227000
2025-11-25T20:52:38.863539Z, , 44.508408, 0.00, 117.227000
2025-11-25T20:52:38.868885Z, 0xfffffffffffffe00;0x735936306c36;clock_gettime@@GLIBC_2.17;0x73593031bc04;0x73593022bccc;0x735930251ce2;0x73593025d5d5;0x7359301aa4f9;0x735930339f77;cuCtxSynchronize;0x73592c20fb8b;0x73592c24a43a;0x73592c5a9b67;0x0;0x735920dc4980;0x8b485355fc894900;|, 30.510725, 0.00, 117.227000
2025-11-25T20:52:38.874069Z, , 34.732672, 0.00, 117.227000
2025-11-25T20:52:38.879446Z, 0xfffffffffffffe00;0x735936306c36;clock_gettime@@GLIBC_2.17;0x73593031bc04;0x73593022bccc;0x735930251ce2;0x73593025d5d5;0x7359301aa4f9;0x735930339f77;cuCtxSynchronize;0x73592c20fb8b;0x73592c24a43a;0x73592c5a9b67;0x0;0x735920dc4980;0x8b485355fc894900;|, 26.751476, 0.00, 117.227000
2025-11-25T20:52:38.884659Z, , 28.430768, 0.00, 117.227000
2025-11-25T20:52:38.889953Z, , 27.345950, 0.00, 117.227000
2025-11-25T20:52:38.895057Z, , 22.347183, 0.00, 117.227000
2025-11-25T20:52:38.900310Z, 0xfffffffffffffe00;0x735930461bae;0x73593021f183;0x73593025de3b;0x735930f9d137;0x735930f9d585;0x73593022b9f4;0x735930251ce2;0x73593025d5d5;0x7359301aa4f9;0x735930339f77;cuCtxSynchronize;0x73592c20fb8b;0x73592c24a43a;0x73592c5a9b67;0x0;0x735920dc4980;0x8b485355fc894900;|, 62.922292, 0.00, 117.227000
2025-11-25T20:52:38.905431Z, , 41.187046, 0.00, 117.227000
2025-11-25T20:52:38.910657Z, 0xfffffffffffffe00;0x735930f9d439;0x73593022b9f4;0x735930251ce2;0x73593025d5d5;0x7359301aa4f9;0x735930339f77;cuCtxSynchronize;0x73592c20fb8b;0x73592c24a43a;0x73592c5a9b67;0x0;0x735920dc4980;0x8b485355fc894900;|, 38.009577, 0.00, 117.227000
2025-11-25T20:52:38.915798Z, , 48.977952, 0.00, 117.227000
2025-11-25T20:52:38.921148Z, , 18.499923, 0.00, 117.227000
2025-11-25T20:52:38.926484Z, 0xfffffffffffffe00;0x735930461b7d;0x73593021f183;0x73593025de3b;0x735930f9d137;0x735930f9d585;0x73593022b9f4;0x735930251ce2;0x73593025d5d5;0x7359301aa4f9;0x735930339f77;cuCtxSynchronize;0x73592c20fb8b;0x73592c24a43a;0x73592c5a9b67;0x0;0x735920dc4980;0x8b485355fc894900;|, 43.437534, 0.00, 117.227000
2025-11-25T20:52:38.931608Z, , 65.238019, 0.00, 117.227000
2025-11-25T20:52:38.936739Z, , 52.350836, 100.00, 117.227000
2025-11-25T20:52:38.942001Z, 0xfffffffffffffe00;0x73593025de66;0x735930f9d585;0x73593022b9f4;0x735930251ce2;0x73593025d5d5;0x7359301aa4f9;0x735930339f77;cuCtxSynchronize;0x73592c20fb8b;0x73592c24a43a;0x73592c5a9b67;0x0;0x735920dc4980;0x8b485355fc894900;|, 60.343971, 100.00, 117.227000
2025-11-25T20:52:38.947192Z, , 55.443630, 200.00, 117.227000
2025-11-25T20:52:38.952454Z, 0xfffffffffffffe00;0x73593031bc31;0x73593022bccc;0x735930251ce2;0x73593025d5d5;0x7359301aa4f9;0x735930339f77;cuCtxSynchronize;0x73592c20fb8b;0x73592c24a43a;0x73592c5a9b67;0x0;0x735920dc4980;0x8b485355fc894900;|, 27.006398, 0.00, 117.227000
2025-11-25T20:52:38.957560Z, , 27.281676, 100.00, 117.227000
2025-11-25T20:52:38.962680Z, , 27.036046, 0.00, 117.227000
2025-11-25T20:52:38.967957Z, 0xfffffffffffffe00;0x735936306c36;clock_gettime@@GLIBC_2.17;0x73593031bc04;0x73593022bccc;0x735930251ce2;0x73593025d5d5;0x7359301aa4f9;0x735930339f77;cuCtxSynchronize;0x73592c20fb8b;0x73592c24a43a;0x73592c5a9b67;0x0;0x735920dc4980;0x8b485355fc894900;|, 70.211374, 0.00, 117.227000
2025-11-25T20:52:38.973052Z, , 46.860438, 100.00, 117.227000
2025-11-25T20:52:38.978310Z, 0xfffffffffffffe00;0x735930461b74;0x73593021f183;0x73593025de3b;0x735930f9d137;0x735930f9d585;0x73593022b9f4;0x735930251ce2;0x73593025d5d5;0x7359301aa4f9;0x735930339f77;cuCtxSynchronize;0x73592c20fb8b;0x73592c24a43a;0x73592c5a9b67;0x0;0x735920dc4980;0x8b485355fc894900;|, 57.769194, 0.00, 117.227000
2025-11-25T20:52:38.983436Z, , 50.988122, 100.00, 117.227000
2025-11-25T20:52:38.988655Z, 0xfffffffffffffe00;0x735930f9d17f;0x735930f9d585;0x73593022b9f4;0x735930251ce2;0x73593025d5d5;0x7359301aa4f9;0x735930339f77;cuCtxSynchronize;0x73592c20fb8b;0x73592c24a43a;0x73592c5a9b67;0x0;0x735920dc4980;0x8b485355fc894900;|, 42.115239, 100.00, 117.227000
2025-11-25T20:52:38.993797Z, , 36.271527, 0.00, 117.227000
2025-11-25T20:52:38.999022Z, 0xfffffffffffffe00;0x73593021f17d;0x73593025de3b;0x735930f9d137;0x735930f9d585;0x73593022b9f4;0x735930251ce2;0x73593025d5d5;0x7359301aa4f9;0x735930339f77;cuCtxSynchronize;0x73592c20fb8b;0x73592c24a43a;0x73592c5a9b67;0x0;0x735920dc4980;0x8b485355fc894900;|, 23.368840, 0.00, 117.227000
2025-11-25T20:52:39.004140Z, , 51.949250, 0.00, 117.227000
2025-11-25T20:52:39.009279Z, , 17.753351, 0.00, 117.227000
2025-11-25T20:52:39.014437Z, , 22.916292, 0.00, 117.227000
2025-11-25T20:52:39.019582Z, , 17.006050, 0.00, 117.227000
2025-11-25T20:52:39.024945Z, 0xfffffffffffffe00;0x735930407800;0x73593022b9f4;0x735930251ce2;0x73593025d5d5;0x7359301aa4f9;0x735930339f77;cuCtxSynchronize;0x73592c20fb8b;0x73592c24a43a;0x73592c5a9b67;0x0;0x735920dc4980;0x8b485355fc894900;|, 20.077667, 100.00, 117.227000
2025-11-25T20:52:39.030078Z, , 19.734182, 0.00, 117.227000
2025-11-25T20:52:39.035358Z, 0xfffffffffffffe00;0x73593021f172;0x73593025de3b;0x735930f9d137;0x735930f9d585;0x73593022b9f4;0x735930251ce2;0x73593025d5d5;0x7359301aa4f9;0x735930339f77;cuCtxSynchronize;0x73592c20fb8b;0x73592c24a43a;0x73592c5a9b67;0x0;0x735920dc4980;0x8b485355fc894900;|, 34.277740, 100.00, 117.227000
2025-11-25T20:52:39.040487Z, , 44.374589, 0.00, 117.227000
2025-11-25T20:52:39.045877Z, 0xfffffffffffffe00;0x735930461bc5;0x73593021f183;0x73593025de3b;0x735930f9d137;0x735930f9d585;0x73593022b9f4;0x735930251ce2;0x73593025d5d5;0x7359301aa4f9;0x735930339f77;cuCtxSynchronize;0x73592c20fb8b;0x73592c24a43a;0x73592c5a9b67;0x0;0x735920dc4980;0x8b485355fc894900;|, 32.876183, 50.00, 117.227000
2025-11-25T20:52:39.050992Z, , 26.953349, 100.00, 117.227000
2025-11-25T20:52:39.056282Z, 0xfffffffffffffe00;0x735930461b53;0x73593021f183;0x73593025de3b;0x735930f9d137;0x735930f9d585;0x73593022b9f4;0x735930251ce2;0x73593025d5d5;0x7359301aa4f9;0x735930339f77;cuCtxSynchronize;0x73592c20fb8b;0x73592c24a43a;0x73592c5a9b67;0x0;0x735920dc4980;0x8b485355fc894900;|, 28.013101, 0.00, 117.227000
2025-11-25T20:52:39.061487Z, 0xfffffffffffffe00;0x73593022bcd3;0x735930251ce2;0x73593025d5d5;0x7359301aa4f9;0x735930339f77;cuCtxSynchronize;0x73592c20fb8b;0x73592c24a43a;0x73592c5a9b67;0x0;0x735920dc4980;0x8b485355fc894900;|, 57.022537, 0.00, 117.227000
2025-11-25T20:52:39.066609Z, , 57.447722, 100.00, 117.227000
2025-11-25T20:52:39.071712Z, , 43.519394, 100.00, 117.227000
2025-11-25T20:52:39.077029Z, 0xfffffffffffffe00;0x735936306c36;clock_gettime@@GLIBC_2.17;0x73593031bc04;0x73593022bccc;0x735930251ce2;0x73593025d5d5;0x7359301aa4f9;0x735930339f77;cuCtxSynchronize;0x73592c20fb8b;0x73592c24a43a;0x73592c5a9b67;0x0;0x735920dc4980;0x8b485355fc894900;|, 65.372213, 100.00, 117.227000
2025-11-25T20:52:39.082187Z, , 46.552626, 0.00, 117.227000
2025-11-25T20:52:39.087427Z, 0xfffffffffffffe00;0x735930461b53;0x73593021f183;0x73593025de3b;0x735930f9d137;0x735930f9d585;0x73593022b9f4;0x735930251ce2;0x73593025d5d5;0x7359301aa4f9;0x735930339f77;cuCtxSynchronize;0x73592c20fb8b;0x73592c24a43a;0x73592c5a9b67;0x0;0x735920dc4980;0x8b485355fc894900;|, 47.568489, 0.00, 117.227000
2025-11-25T20:52:39.092532Z, , 38.710480, 0.00, 117.227000
2025-11-25T20:52:39.097642Z, , 50.432578, 0.00, 117.227000
2025-11-25T20:52:39.102896Z, 0xfffffffffffffe00;0x735930461b7b;0x73593021f183;0x73593025de3b;0x735930f9d137;0x735930f9d585;0x73593022b9f4;0x735930251ce2;0x73593025d5d5;0x7359301aa4f9;0x735930339f77;cuCtxSynchronize;0x73592c20fb8b;0x73592c24a43a;0x73592c5a9b67;0x0;0x735920dc4980;0x8b485355fc894900;|, 44.480188, 0.00, 117.227000
2025-11-25T20:52:39.108101Z, , 99.013207, 16.67, 188.066000
2025-11-25T20:52:39.113265Z, , 104.160654, 20.00, 188.066000
2025-11-25T20:52:39.118402Z, , 114.370910, 40.00, 188.066000
2025-11-25T20:52:39.123528Z, , 118.301825, 50.00, 188.066000
2025-11-25T20:52:39.128883Z, 0xfffffffffffffe00;0x735936306c36;clock_gettime@@GLIBC_2.17;0x73593031bc04;0x73593022bccc;0x735930251ce2;0x73593025d5d5;0x7359301aa4f9;0x735930339f77;cuCtxSynchronize;0x73592c20fb8b;0x73592c24a43a;0x73592c5a9b67;0x0;0x735920dc4980;0x8b485355fc894900;|, 81.539941, 75.00, 188.066000
2025-11-25T20:52:39.134031Z, , 79.168947, 150.00, 188.066000
2025-11-25T20:52:39.139369Z, 0xfffffffffffffe00;0x73593021f10f;0x73593025de3b;0x735930f9d137;0x735930f9d585;0x73593022b9f4;0x735930251ce2;0x73593025d5d5;0x7359301aa4f9;0x735930339f77;cuCtxSynchronize;0x73592c20fb8b;0x73592c24a43a;0x73592c5a9b67;0x0;0x735920dc4980;0x8b485355fc894900;|, 65.267009, 133.33, 188.066000
2025-11-25T20:52:39.144478Z, , 60.291093, 500.00, 188.066000
2025-11-25T20:52:39.149625Z, , 39.781717, 0.00, 188.066000
2025-11-25T20:52:39.154872Z, 0xfffffffffffffe00;0x735930461b74;0x73593021f183;0x73593025de3b;0x735930f9d137;0x735930f9d585;0x73593022b9f4;0x735930251ce2;0x73593025d5d5;0x7359301aa4f9;0x735930339f77;cuCtxSynchronize;0x73592c20fb8b;0x73592c24a43a;0x73592c5a9b67;0x0;0x735920dc4980;0x8b485355fc894900;|, 30.329632, 0.00, 188.066000
2025-11-25T20:52:39.159968Z, , 37.836010, 0.00, 188.066000
2025-11-25T20:52:39.165094Z, , 32.118771, 0.00, 188.066000
2025-11-25T20:52:39.170376Z, 0xfffffffffffffe00;0x735930461bd8;0x73593021f183;0x73593025de3b;0x735930f9d137;0x735930f9d585;0x73593022b9f4;0x735930251ce2;0x73593025d5d5;0x7359301aa4f9;0x735930339f77;cuCtxSynchronize;0x73592c20fb8b;0x73592c24a43a;0x73592c5a9b67;0x0;0x735920dc4980;0x8b485355fc894900;|, 34.060926, 0.00, 188.066000
2025-11-25T20:52:39.175522Z, , 33.285990, 0.00, 188.066000
2025-11-25T20:52:39.180630Z, , 21.885262, 100.00, 188.066000
2025-11-25T20:52:39.185981Z, 0xfffffffffffffe00;0x735936306c36;clock_gettime@@GLIBC_2.17;0x73593031bc04;0x73593022bccc;0x735930251ce2;0x73593025d5d5;0x7359301aa4f9;0x735930339f77;cuCtxSynchronize;0x73592c20fb8b;0x73592c24a43a;0x73592c5a9b67;0x0;0x735920dc4980;0x8b485355fc894900;|, 36.750913, 100.00, 188.066000
2025-11-25T20:52:39.191135Z, , 57.110336, 200.00, 188.066000
2025-11-25T20:52:39.196458Z, 0xfffffffffffffe00;0x735936306c36;clock_gettime@@GLIBC_2.17;0x73593031bc04;0x73593022bccc;0x735930251ce2;0x73593025d5d5;0x7359301aa4f9;0x735930339f77;cuCtxSynchronize;0x73592c20fb8b;0x73592c24a43a;0x73592c5a9b67;0x0;0x735920dc4980;0x8b485355fc894900;|, 36.376131, 200.00, 188.066000
2025-11-25T20:52:39.201565Z, , 51.759561, 0.00, 188.066000
2025-11-25T20:52:39.206826Z, 0xfffffffffffffe00;0x73593022b9bb;0x735930251ce2;0x73593025d5d5;0x7359301aa4f9;0x735930339f77;cuCtxSynchronize;0x73592c20fb8b;0x73592c24a43a;0x73592c5a9b67;0x0;0x735920dc4980;0x8b485355fc894900;|, 46.752901, 0.00, 188.066000
2025-11-25T20:52:39.211923Z, , 44.357759, 100.00, 188.066000
2025-11-25T20:52:39.217017Z, , 55.965353, 0.00, 188.066000
2025-11-25T20:52:39.222377Z, 0xfffffffffffffe00;0x735936306c36;clock_gettime@@GLIBC_2.17;0x73593031bc04;0x73593022bccc;0x735930251ce2;0x73593025d5d5;0x7359301aa4f9;0x735930339f77;cuCtxSynchronize;0x73592c20fb8b;0x73592c24a43a;0x73592c5a9b67;0x0;0x735920dc4980;0x8b485355fc894900;|, 48.894117, 100.00, 188.066000
2025-11-25T20:52:39.227530Z, , 50.310179, 0.00, 188.066000
2025-11-25T20:52:39.232767Z, 0xfffffffffffffe00;0x73593021f186;0x73593025de3b;0x735930f9d137;0x735930f9d585;0x73593022b9f4;0x735930251ce2;0x73593025d5d5;0x7359301aa4f9;0x735930339f77;cuCtxSynchronize;0x73592c20fb8b;0x73592c24a43a;0x73592c5a9b67;0x0;0x735920dc4980;0x8b485355fc894900;|, 55.066638, 0.00, 188.066000
2025-11-25T20:52:39.237885Z, , 48.253136, 0.00, 188.066000
2025-11-25T20:52:39.243134Z, 0xfffffffffffffe00;0x735930461b74;0x73593021f183;0x73593025de3b;0x735930f9d137;0x735930f9d585;0x73593022b9f4;0x735930251ce2;0x73593025d5d5;0x7359301aa4f9;0x735930339f77;cuCtxSynchronize;0x73592c20fb8b;0x73592c24a43a;0x73592c5a9b67;0x0;0x735920dc4980;0x8b485355fc894900;|, 50.312406, 0.00, 188.066000
2025-11-25T20:52:39.248267Z, , 35.995148, 100.00, 188.066000
2025-11-25T20:52:39.253534Z, 0xfffffffffffffe00;0x735930461c76;0x73593021f183;0x73593025de3b;0x735930f9d137;0x735930f9d585;0x73593022b9f4;0x735930251ce2;0x73593025d5d5;0x7359301aa4f9;0x735930339f77;cuCtxSynchronize;0x73592c20fb8b;0x73592c24a43a;0x73592c5a9b67;0x0;0x735920dc4980;0x8b485355fc894900;|, 37.512210, 100.00, 188.066000
2025-11-25T20:52:39.258645Z, , 39.036852, 0.00, 188.066000
2025-11-25T20:52:39.263897Z, 0xfffffffffffffe00;0x735930461b74;0x73593021f183;0x73593025de3b;0x735930f9d137;0x735930f9d585;0x73593022b9f4;0x735930251ce2;0x73593025d5d5;0x7359301aa4f9;0x735930339f77;cuCtxSynchronize;0x73592c20fb8b;0x73592c24a43a;0x73592c5a9b67;0x0;0x735920dc4980;0x8b485355fc894900;|, 38.318067, 0.00, 188.066000
2025-11-25T20:52:39.269004Z, , 46.619981, 100.00, 188.066000
2025-11-25T20:52:39.274268Z, 0xfffffffffffffe00;0x735930461b40;0x73593025de3b;0x735930f9d137;0x735930f9d585;0x73593022b9f4;0x735930251ce2;0x73593025d5d5;0x7359301aa4f9;0x735930339f77;cuCtxSynchronize;0x73592c20fb8b;0x73592c24a43a;0x73592c5a9b67;0x0;0x735920dc4980;0x8b485355fc894900;|, 31.286074, 0.00, 188.066000
2025-11-25T20:52:39.279453Z, , 24.838958, 100.00, 188.066000
2025-11-25T20:52:39.284700Z, , 16.610191, 0.00, 188.066000
2025-11-25T20:52:39.289979Z, 0xfffffffffffffe00;0x73593021f1a9;0x73593025de3b;0x735930f9d137;0x735930f9d585;0x73593022b9f4;0x735930251ce2;0x73593025d5d5;0x7359301aa4f9;0x735930339f77;cuCtxSynchronize;0x73592c20fb8b;0x73592c24a43a;0x73592c5a9b67;0x0;0x735920dc4980;0x8b485355fc894900;|, 54.484830, 0.00, 188.066000
2025-11-25T20:52:39.295126Z, , 57.537788, 0.00, 188.066000
2025-11-25T20:52:39.300225Z, , 28.012013, 100.00, 188.066000
2025-11-25T20:52:39.305324Z, , 20.320636, 100.00, 188.066000
2025-11-25T20:52:39.310559Z, 0xfffffffffffffe00;0x73593021f079;0x73593025de3b;0x735930f9d137;0x735930f9d585;0x73593022b9f4;0x735930251ce2;0x73593025d5d5;0x7359301aa4f9;0x735930339f77;cuCtxSynchronize;0x73592c20fb8b;0x73592c24a43a;0x73592c5a9b67;0x0;0x735920dc4980;0x8b485355fc894900;|, 33.791234, 200.00, 188.066000
2025-11-25T20:52:39.315825Z, 0xfffffffffffffe00;0x735930461bc5;0x73593021f183;0x73593025de3b;0x735930f9d137;0x735930f9d585;0x73593022b9f4;0x735930251ce2;0x73593025d5d5;0x7359301aa4f9;0x735930339f77;cuCtxSynchronize;0x73592c20fb8b;0x73592c24a43a;0x73592c5a9b67;0x0;0x735920dc4980;0x8b485355fc894900;|, 58.647649, 200.00, 188.066000
2025-11-25T20:52:39.320978Z, , 43.146232, 0.00, 188.066000
2025-11-25T20:52:39.326352Z, 0xfffffffffffffe00;0x735936306c36;clock_gettime@@GLIBC_2.17;0x73593031bc04;0x73593022bccc;0x735930251ce2;0x73593025d5d5;0x7359301aa4f9;0x735930339f77;cuCtxSynchronize;0x73592c20fb8b;0x73592c24a43a;0x73592c5a9b67;0x0;0x735920dc4980;0x8b485355fc894900;|, 39.398430, 0.00, 188.066000
2025-11-25T20:52:39.331492Z, , 41.391889, 100.00, 188.066000
2025-11-25T20:52:39.336792Z, 0xfffffffffffffe00;0x735936306c36;clock_gettime@@GLIBC_2.17;0x73593031bc04;0x73593022bccc;0x735930251ce2;0x73593025d5d5;0x7359301aa4f9;0x735930339f77;cuCtxSynchronize;0x73592c20fb8b;0x73592c24a43a;0x73592c5a9b67;0x0;0x735920dc4980;0x8b485355fc894900;|, 50.372313, 0.00, 188.066000
2025-11-25T20:52:39.341899Z, , 40.863014, 100.00, 188.066000
2025-11-25T20:52:39.347156Z, 0xfffffffffffffe00;0x735930461c79;0x73593021f183;0x73593025de3b;0x735930f9d137;0x735930f9d585;0x73593022b9f4;0x735930251ce2;0x73593025d5d5;0x7359301aa4f9;0x735930339f77;cuCtxSynchronize;0x73592c20fb8b;0x73592c24a43a;0x73592c5a9b67;0x0;0x735920dc4980;0x8b485355fc894900;|, 19.558614, 0.00, 188.066000
2025-11-25T20:52:39.352215Z, , 31.661031, 100.00, 188.066000
2025-11-25T20:52:39.357451Z, , 40.266733, 0.00, 188.066000
2025-11-25T20:52:39.362552Z, , 36.641014, 0.00, 188.066000
2025-11-25T20:52:39.367807Z, 0xfffffffffffffe00;0x735930461b74;0x73593021f183;0x73593025de3b;0x735930f9d137;0x735930f9d585;0x73593022b9f4;0x735930251ce2;0x73593025d5d5;0x7359301aa4f9;0x735930339f77;cuCtxSynchronize;0x73592c20fb8b;0x73592c24a43a;0x73592c5a9b67;0x0;0x735920dc4980;0x8b485355fc894900;|, 34.239249, 100.00, 188.066000
2025-11-25T20:52:39.372908Z, , 32.948979, 0.00, 188.066000
2025-11-25T20:52:39.378151Z, 0xfffffffffffffe00;0x73593022b9e9;0x735930251ce2;0x73593025d5d5;0x7359301aa4f9;0x735930339f77;cuCtxSynchronize;0x73592c20fb8b;0x73592c24a43a;0x73592c5a9b67;0x0;0x735920dc4980;0x8b485355fc894900;|, 25.027860, 100.00, 188.066000
2025-11-25T20:52:39.383204Z, , 39.308445, 0.00, 188.066000
2025-11-25T20:52:39.388333Z, , 53.755977, 0.00, 188.066000
2025-11-25T20:52:39.393548Z, 0xfffffffffffffe00;0x73593025de66;0x735930f9d585;0x73593022b9f4;0x735930251ce2;0x73593025d5d5;0x7359301aa4f9;0x735930339f77;cuCtxSynchronize;0x73592c20fb8b;0x73592c24a43a;0x73592c5a9b67;0x0;0x735920dc4980;0x8b485355fc894900;|, 53.146042, 0.00, 188.066000
2025-11-25T20:52:39.398657Z, , 36.340544, 0.00, 188.066000
2025-11-25T20:52:39.403767Z, , 48.505772, 0.00, 188.066000
2025-11-25T20:52:39.408988Z, 0xfffffffffffffe00;0x73593021f157;0x73593025de3b;0x735930f9d137;0x735930f9d585;0x73593022b9f4;0x735930251ce2;0x73593025d5d5;0x7359301aa4f9;0x735930339f77;cuCtxSynchronize;0x73592c20fb8b;0x73592c24a43a;0x73592c5a9b67;0x0;0x735920dc4980;0x8b485355fc894900;|, 30.329437, 0.00, 188.066000
2025-11-25T20:52:39.414282Z, 0xfffffffffffffe00;0x735930461b40;0x73593025de3b;0x735930f9d137;0x735930f9d585;0x73593022b9f4;0x735930251ce2;0x73593025d5d5;0x7359301aa4f9;0x735930339f77;cuCtxSynchronize;0x73592c20fb8b;0x73592c24a43a;0x73592c5a9b67;0x0;0x735920dc4980;0x8b485355fc894900;|, 34.126809, 0.00, 188.066000
2025-11-25T20:52:39.419383Z, , 33.371351, 0.00, 188.066000
2025-11-25T20:52:39.424478Z, , 42.423333, 0.00, 188.066000
2025-11-25T20:52:39.429753Z, 0xfffffffffffffe00;0x735930461b7b;0x73593021f183;0x73593025de3b;0x735930f9d137;0x735930f9d585;0x73593022b9f4;0x735930251ce2;0x73593025d5d5;0x7359301aa4f9;0x735930339f77;cuCtxSynchronize;0x73592c20fb8b;0x73592c24a43a;0x73592c5a9b67;0x0;0x735920dc4980;0x8b485355fc894900;|, 42.508066, 100.00, 188.066000
2025-11-25T20:52:39.434995Z, , 46.372476, 100.00, 188.066000
2025-11-25T20:52:39.440278Z, 0xfffffffffffffe00;0x735930461b40;0x73593025de3b;0x735930f9d137;0x735930f9d585;0x73593022b9f4;0x735930251ce2;0x73593025d5d5;0x7359301aa4f9;0x735930339f77;cuCtxSynchronize;0x73592c20fb8b;0x73592c24a43a;0x73592c5a9b67;0x0;0x735920dc4980;0x8b485355fc894900;|, 45.575490, 200.00, 188.066000
2025-11-25T20:52:39.445433Z, , 38.078798, 0.00, 188.066000
2025-11-25T20:52:39.450534Z, , 60.625878, 100.00, 188.066000
2025-11-25T20:52:39.455774Z, 0xfffffffffffffe00;0x735930f9d2f8;0x73593022b9f4;0x735930251ce2;0x73593025d5d5;0x7359301aa4f9;0x735930339f77;cuCtxSynchronize;0x73592c20fb8b;0x73592c24a43a;0x73592c5a9b67;0x0;0x735920dc4980;0x8b485355fc894900;|, 32.591105, 0.00, 188.066000
2025-11-25T20:52:39.460958Z, , 35.649836, 100.00, 188.066000
2025-11-25T20:52:39.466277Z, 0xfffffffffffffe00;0x73593021f172;0x73593025de3b;0x735930f9d137;0x735930f9d585;0x73593022b9f4;0x735930251ce2;0x73593025d5d5;0x7359301aa4f9;0x735930339f77;cuCtxSynchronize;0x73592c20fb8b;0x73592c24a43a;0x73592c5a9b67;0x0;0x735920dc4980;0x8b485355fc894900;|, 43.038649, 0.00, 188.066000
2025-11-25T20:52:39.471431Z, , 41.612952, 0.00, 188.066000
2025-11-25T20:52:39.476699Z, 0xfffffffffffffe00;0x73593021f17d;0x73593025de3b;0x735930f9d137;0x735930f9d585;0x73593022b9f4;0x735930251ce2;0x73593025d5d5;0x7359301aa4f9;0x735930339f77;cuCtxSynchronize;0x73592c20fb8b;0x73592c24a43a;0x73592c5a9b67;0x0;0x735920dc4980;0x8b485355fc894900;|, 44.003288, 0.00, 188.066000
2025-11-25T20:52:39.481844Z, , 31.527724, 0.00, 188.066000
2025-11-25T20:52:39.487228Z, 0xfffffffffffffe00;0x735930461c76;0x73593021f183;0x73593025de3b;0x735930f9d137;0x735930f9d585;0x73593022b9f4;0x735930251ce2;0x73593025d5d5;0x7359301aa4f9;0x735930339f77;cuCtxSynchronize;0x73592c20fb8b;0x73592c24a43a;0x73592c5a9b67;0x0;0x735920dc4980;0x8b485355fc894900;|, 31.727118, 100.00, 188.066000
2025-11-25T20:52:39.492415Z, , 154.158385, 16.67, 188.066000
2025-11-25T20:52:39.497590Z, , 77.604914, 50.00, 188.066000
2025-11-25T20:52:39.502775Z, , 139.850844, 40.00, 188.066000
2025-11-25T20:52:39.508239Z, 0xfffffffffffffe00;0x735930461c76;0x73593021f183;0x73593025de3b;0x735930f9d137;0x735930f9d585;0x73593022b9f4;0x735930251ce2;0x73593025d5d5;0x7359301aa4f9;0x735930339f77;cuCtxSynchronize;0x73592c20fb8b;0x73592c24a43a;0x73592c5a9b67;0x0;0x735920dc4980;0x8b485355fc894900;|, 102.825870, 40.00, 188.066000
2025-11-25T20:52:39.513401Z, , 67.652883, 100.00, 188.066000
2025-11-25T20:52:39.518807Z, 0xfffffffffffffe00;0x73593021f163;0x73593025de3b;0x735930f9d137;0x735930f9d585;0x73593022b9f4;0x735930251ce2;0x73593025d5d5;0x7359301aa4f9;0x735930339f77;cuCtxSynchronize;0x73592c20fb8b;0x73592c24a43a;0x73592c5a9b67;0x0;0x735920dc4980;0x8b485355fc894900;|, 86.926708, 150.00, 188.066000
2025-11-25T20:52:39.524180Z, , 78.442823, 200.00, 188.066000
2025-11-25T20:52:39.529491Z, 0xfffffffffffffe00;0x735930f9d232;0x73593022b9f4;0x735930251ce2;0x73593025d5d5;0x7359301aa4f9;0x735930339f77;cuCtxSynchronize;0x73592c20fb8b;0x73592c24a43a;0x73592c5a9b67;0x0;0x735920dc4980;0x8b485355fc894900;|, 51.334476, 166.67, 188.066000
2025-11-25T20:52:39.534766Z, , 51.803671, 0.00, 188.066000
2025-11-25T20:52:39.539917Z, , 25.368769, 0.00, 188.066000
2025-11-25T20:52:39.545222Z, 0xfffffffffffffe00;0x735930461bc5;0x73593021f183;0x73593025de3b;0x735930f9d137;0x735930f9d585;0x73593022b9f4;0x735930251ce2;0x73593025d5d5;0x7359301aa4f9;0x735930339f77;cuCtxSynchronize;0x73592c20fb8b;0x73592c24a43a;0x73592c5a9b67;0x0;0x735920dc4980;0x8b485355fc894900;|, 73.526609, 100.00, 188.066000
2025-11-25T20:52:39.550351Z, , 51.902635, 100.00, 188.066000
2025-11-25T20:52:39.555663Z, 0xfffffffffffffe00;0x735930461b7b;0x73593021f183;0x73593025de3b;0x735930f9d137;0x735930f9d585;0x73593022b9f4;0x735930251ce2;0x73593025d5d5;0x7359301aa4f9;0x735930339f77;cuCtxSynchronize;0x73592c20fb8b;0x73592c24a43a;0x73592c5a9b67;0x0;0x735920dc4980;0x8b485355fc894900;|, 49.394091, 200.00, 188.066000
2025-11-25T20:52:39.560788Z, , 63.168349, 100.00, 188.066000
2025-11-25T20:52:39.566063Z, 0xfffffffffffffe00;0x73593021f157;0x73593025de3b;0x735930f9d137;0x735930f9d585;0x73593022b9f4;0x735930251ce2;0x73593025d5d5;0x7359301aa4f9;0x735930339f77;cuCtxSynchronize;0x73592c20fb8b;0x73592c24a43a;0x73592c5a9b67;0x0;0x735920dc4980;0x8b485355fc894900;|, 39.513873, 300.00, 188.066000
2025-11-25T20:52:39.571240Z, , 47.894112, 400.00, 188.066000
2025-11-25T20:52:39.576591Z, 0xfffffffffffffe00;0x735936306c36;clock_gettime@@GLIBC_2.17;0x73593031bc04;0x73593022bccc;0x735930251ce2;0x73593025d5d5;0x7359301aa4f9;0x735930339f77;cuCtxSynchronize;0x73592c20fb8b;0x73592c24a43a;0x73592c5a9b67;0x0;0x735920dc4980;0x8b485355fc894900;|, 52.163268, 400.00, 188.066000
2025-11-25T20:52:39.581778Z, , 46.520160, 0.00, 188.066000
2025-11-25T20:52:39.587022Z, 0xfffffffffffffe00;0x735930166950;0x73593022bccc;0x735930251ce2;0x73593025d5d5;0x7359301aa4f9;0x735930339f77;cuCtxSynchronize;0x73592c20fb8b;0x73592c24a43a;0x73592c5a9b67;0x0;0x735920dc4980;0x8b485355fc894900;|, 45.773415, 100.00, 188.066000
2025-11-25T20:52:39.592154Z, , 41.129736, 0.00, 188.066000
2025-11-25T20:52:39.597225Z, , 39.275611, 100.00, 188.066000
2025-11-25T20:52:39.602522Z, 0xfffffffffffffe00;0x735930461b53;0x73593021f183;0x73593025de3b;0x735930f9d137;0x735930f9d585;0x73593022b9f4;0x735930251ce2;0x73593025d5d5;0x7359301aa4f9;0x735930339f77;cuCtxSynchronize;0x73592c20fb8b;0x73592c24a43a;0x73592c5a9b67;0x0;0x735920dc4980;0x8b485355fc894900;|, 54.534312, 0.00, 188.066000
2025-11-25T20:52:39.607652Z, , 34.690706, 100.00, 199.278000
2025-11-25T20:52:39.612751Z, , 46.864954, 0.00, 199.278000
2025-11-25T20:52:39.618005Z, 0xfffffffffffffe00;0x735930407858;0x735930f9d554;0x73593022b9f4;0x735930251ce2;0x73593025d5d5;0x7359301aa4f9;0x735930339f77;cuCtxSynchronize;0x73592c20fb8b;0x73592c24a43a;0x73592c5a9b67;0x0;0x735920dc4980;0x8b485355fc894900;|, 45.566015, 0.00, 199.278000
2025-11-25T20:52:39.623140Z, , 25.053108, 100.00, 199.278000
2025-11-25T20:52:39.628437Z, 0xfffffffffffffe00;0x735930461b7b;0x73593021f183;0x73593025de3b;0x735930f9d137;0x735930f9d585;0x73593022b9f4;0x735930251ce2;0x73593025d5d5;0x7359301aa4f9;0x735930339f77;cuCtxSynchronize;0x73592c20fb8b;0x73592c24a43a;0x73592c5a9b67;0x0;0x735920dc4980;0x8b485355fc894900;|, 46.180115, 0.00, 199.278000
2025-11-25T20:52:39.633593Z, , 61.578666, 100.00, 199.278000
2025-11-25T20:52:39.638837Z, 0xfffffffffffffe00;0x735930f9d181;0x735930f9d585;0x73593022b9f4;0x735930251ce2;0x73593025d5d5;0x7359301aa4f9;0x735930339f77;cuCtxSynchronize;0x73592c20fb8b;0x73592c24a43a;0x73592c5a9b67;0x0;0x735920dc4980;0x8b485355fc894900;|, 45.443176, 0.00, 199.278000
2025-11-25T20:52:39.643969Z, , 38.362018, 100.00, 199.278000
2025-11-25T20:52:39.649064Z, , 48.640425, 0.00, 199.278000
2025-11-25T20:52:39.654385Z, 0xfffffffffffffe00;0x735930461b74;0x73593021f183;0x73593025de3b;0x735930f9d137;0x735930f9d585;0x73593022b9f4;0x735930251ce2;0x73593025d5d5;0x7359301aa4f9;0x735930339f77;cuCtxSynchronize;0x73592c20fb8b;0x73592c24a43a;0x73592c5a9b67;0x0;0x735920dc4980;0x8b485355fc894900;|, 40.651056, 100.00, 199.278000
2025-11-25T20:52:39.659490Z, , 36.853834, 0.00, 199.278000
2025-11-25T20:52:39.664812Z, 0xfffffffffffffe00;0x735930461b53;0x73593021f183;0x73593025de3b;0x735930f9d137;0x735930f9d585;0x73593022b9f4;0x735930251ce2;0x73593025d5d5;0x7359301aa4f9;0x735930339f77;cuCtxSynchronize;0x73592c20fb8b;0x73592c24a43a;0x73592c5a9b67;0x0;0x735920dc4980;0x8b485355fc894900;|, 29.122040, 100.00, 199.278000
2025-11-25T20:52:39.670210Z, 0xfffffffffffffe00;0x735936306bf2;clock_gettime@@GLIBC_2.17;0x73593031bc04;0x73593022bccc;0x735930251ce2;0x73593025d5d5;0x7359301aa4f9;0x735930339f77;cuCtxSynchronize;0x73592c20fb8b;0x73592c24a43a;0x73592c5a9b67;0x0;0x735920dc4980;0x8b485355fc894900;|, 31.009813, 0.00, 199.278000
2025-11-25T20:52:39.675372Z, , 27.365431, 100.00, 199.278000
2025-11-25T20:52:39.680749Z, 0xfffffffffffffe00;0x735930461b7b;0x73593021f183;0x73593025de3b;0x735930f9d137;0x735930f9d585;0x73593022b9f4;0x735930251ce2;0x73593025d5d5;0x7359301aa4f9;0x735930339f77;cuCtxSynchronize;0x73592c20fb8b;0x73592c24a43a;0x73592c5a9b67;0x0;0x735920dc4980;0x8b485355fc894900;|, 25.455289, 100.00, 199.278000
2025-11-25T20:52:39.685921Z, , 50.904406, 200.00, 199.278000
2025-11-25T20:52:39.691082Z, , 38.749695, 0.00, 199.278000
2025-11-25T20:52:39.696365Z, 0xfffffffffffffe00;0x735936306c36;clock_gettime@@GLIBC_2.17;0x73593031bc04;0x73593022bccc;0x735930251ce2;0x73593025d5d5;0x7359301aa4f9;0x735930339f77;cuCtxSynchronize;0x73592c20fb8b;0x73592c24a43a;0x73592c5a9b67;0x0;0x735920dc4980;0x8b485355fc894900;|, 55.135955, 0.00, 199.278000
2025-11-25T20:52:39.701497Z, , 29.318028, 100.00, 199.278000
2025-11-25T20:52:39.706832Z, 0xfffffffffffffe00;0x735930461b74;0x73593021f183;0x73593025de3b;0x735930f9d137;0x735930f9d585;0x73593022b9f4;0x735930251ce2;0x73593025d5d5;0x7359301aa4f9;0x735930339f77;cuCtxSynchronize;0x73592c20fb8b;0x73592c24a43a;0x73592c5a9b67;0x0;0x735920dc4980;0x8b485355fc894900;|, 38.864798, 0.00, 199.278000
2025-11-25T20:52:39.712003Z, , 34.198214, 100.00, 199.278000
2025-11-25T20:52:39.717332Z, 0xfffffffffffffe00;0x73593021f18e;0x73593025de3b;0x735930f9d137;0x735930f9d585;0x73593022b9f4;0x735930251ce2;0x73593025d5d5;0x7359301aa4f9;0x735930339f77;cuCtxSynchronize;0x73592c20fb8b;0x73592c24a43a;0x73592c5a9b67;0x0;0x735920dc4980;0x8b485355fc894900;|, 35.787245, 0.00, 199.278000
2025-11-25T20:52:39.722792Z, 0xfffffffffffffe00;0x735930461b7b;0x73593021f183;0x73593025de3b;0x735930f9d137;0x735930f9d585;0x73593022b9f4;0x735930251ce2;0x73593025d5d5;0x7359301aa4f9;0x735930339f77;cuCtxSynchronize;0x73592c20fb8b;0x73592c24a43a;0x73592c5a9b67;0x0;0x735920dc4980;0x8b485355fc894900;|, 34.421377, 0.00, 199.278000
2025-11-25T20:52:39.728053Z, , 30.462611, 0.00, 199.278000
2025-11-25T20:52:39.733164Z, , 17.306744, 0.00, 199.278000
2025-11-25T20:52:39.738538Z, 0xfffffffffffffe00;0x735930461b7b;0x73593021f183;0x73593025de3b;0x735930f9d137;0x735930f9d585;0x73593022b9f4;0x735930251ce2;0x73593025d5d5;0x7359301aa4f9;0x735930339f77;cuCtxSynchronize;0x73592c20fb8b;0x73592c24a43a;0x73592c5a9b67;0x0;0x735920dc4980;0x8b485355fc894900;|, 36.767718, 0.00, 199.278000
2025-11-25T20:52:39.743662Z, , 26.649460, 100.00, 199.278000
2025-11-25T20:52:39.748873Z, , 131.189245, 14.29, 199.278000
2025-11-25T20:52:39.754081Z, , 115.183967, 20.00, 199.278000
2025-11-25T20:52:39.759332Z, , 106.272469, 33.33, 199.278000
2025-11-25T20:52:39.764517Z, , 105.913688, 50.00, 199.278000
2025-11-25T20:52:39.769756Z, , 85.115803, 150.00, 199.278000
2025-11-25T20:52:39.774910Z, , 87.625010, 150.00, 199.278000
2025-11-25T20:52:39.780345Z, 0xfffffffffffffe00;0x73593021f17a;0x73593025de3b;0x735930f9d137;0x735930f9d585;0x73593022b9f4;0x735930251ce2;0x73593025d5d5;0x7359301aa4f9;0x735930339f77;cuCtxSynchronize;0x73592c20fb8b;0x73592c24a43a;0x73592c5a9b67;0x0;0x735920dc4980;0x8b485355fc894900;|, 34.742892, 400.00, 199.278000
2025-11-25T20:52:39.785544Z, , 57.369318, 0.00, 199.278000
2025-11-25T20:52:39.790743Z, , 30.061609, 100.00, 199.278000
2025-11-25T20:52:39.796073Z, 0xfffffffffffffe00;0x735930f9d439;0x73593022b9f4;0x735930251ce2;0x73593025d5d5;0x7359301aa4f9;0x735930339f77;cuCtxSynchronize;0x73592c20fb8b;0x73592c24a43a;0x73592c5a9b67;0x0;0x735920dc4980;0x8b485355fc894900;|, 30.252029, 0.00, 199.278000
2025-11-25T20:52:39.801282Z, , 33.788847, 100.00, 199.278000
2025-11-25T20:52:39.806671Z, 0xfffffffffffffe00;0x735930461c76;0x73593021f183;0x73593025de3b;0x735930f9d137;0x735930f9d585;0x73593022b9f4;0x735930251ce2;0x73593025d5d5;0x7359301aa4f9;0x735930339f77;cuCtxSynchronize;0x73592c20fb8b;0x73592c24a43a;0x73592c5a9b67;0x0;0x735920dc4980;0x8b485355fc894900;|, 53.653924, 100.00, 199.278000
2025-11-25T20:52:39.811815Z, , 40.515298, 200.00, 199.278000
2025-11-25T20:52:39.817238Z, 0xfffffffffffffe00;0x73593021f163;0x73593025de3b;0x735930f9d137;0x735930f9d585;0x73593022b9f4;0x735930251ce2;0x73593025d5d5;0x7359301aa4f9;0x735930339f77;cuCtxSynchronize;0x73592c20fb8b;0x73592c24a43a;0x73592c5a9b67;0x0;0x735920dc4980;0x8b485355fc894900;|, 37.054715, 200.00, 199.278000
2025-11-25T20:52:39.822381Z, , 42.007358, 0.00, 199.278000
2025-11-25T20:52:39.827846Z, 0xfffffffffffffe00;0x73593040781c;0x735930f9d554;0x73593022b9f4;0x735930251ce2;0x73593025d5d5;0x7359301aa4f9;0x735930339f77;cuCtxSynchronize;0x73592c20fb8b;0x73592c24a43a;0x73592c5a9b67;0x0;0x735920dc4980;0x8b485355fc894900;|, 35.249595, 0.00, 199.278000
2025-11-25T20:52:39.832989Z, , 25.845061, 0.00, 199.278000
2025-11-25T20:52:39.838209Z, , 55.990155, 50.00, 199.278000
2025-11-25T20:52:39.843780Z, 0xfffffffffffffe00;0x735936306c36;clock_gettime@@GLIBC_2.17;0x73593031bc04;0x73593022bccc;0x735930251ce2;0x73593025d5d5;0x7359301aa4f9;0x735930339f77;cuCtxSynchronize;0x73592c20fb8b;0x73592c24a43a;0x73592c5a9b67;0x0;0x735920dc4980;0x8b485355fc894900;|, 34.356766, 0.00, 199.278000
2025-11-25T20:52:39.848950Z, , 39.563514, 0.00, 199.278000
2025-11-25T20:52:39.854286Z, 0xfffffffffffffe00;0x735930461c7d;0x73593021f183;0x73593025de3b;0x735930f9d137;0x735930f9d585;0x73593022b9f4;0x735930251ce2;0x73593025d5d5;0x7359301aa4f9;0x735930339f77;cuCtxSynchronize;0x73592c20fb8b;0x73592c24a43a;0x73592c5a9b67;0x0;0x735920dc4980;0x8b485355fc894900;|, 39.853530, 0.00, 199.278000
2025-11-25T20:52:39.859407Z, , 41.418375, 0.00, 199.278000
2025-11-25T20:52:39.864525Z, , 55.153182, 0.00, 199.278000
2025-11-25T20:52:39.869800Z, 0xfffffffffffffe00;0x735930f9d24f;0x73593022b9f4;0x735930251ce2;0x73593025d5d5;0x7359301aa4f9;0x735930339f77;cuCtxSynchronize;0x73592c20fb8b;0x73592c24a43a;0x73592c5a9b67;0x0;0x735920dc4980;0x8b485355fc894900;|, 40.771195, 0.00, 199.278000
2025-11-25T20:52:39.875126Z, 0xfffffffffffffe00;0x735930f9d24f;0x73593022b9f4;0x735930251ce2;0x73593025d5d5;0x7359301aa4f9;0x735930339f77;cuCtxSynchronize;0x73592c20fb8b;0x73592c24a43a;0x73592c5a9b67;0x0;0x735920dc4980;0x8b485355fc894900;|, 28.231892, 0.00, 199.278000
2025-11-25T20:52:39.880324Z, , 41.412835, 0.00, 199.278000
2025-11-25T20:52:39.885446Z, , 29.703173, 100.00, 199.278000
2025-11-25T20:52:39.890562Z, , 68.737631, 0.00, 199.278000
2025-11-25T20:52:39.895979Z, 0xfffffffffffffe00;0x735930461b7b;0x73593021f183;0x73593025de3b;0x735930f9d137;0x735930f9d585;0x73593022b9f4;0x735930251ce2;0x73593025d5d5;0x7359301aa4f9;0x735930339f77;cuCtxSynchronize;0x73592c20fb8b;0x73592c24a43a;0x73592c5a9b67;0x0;0x735920dc4980;0x8b485355fc894900;|, 46.253087, 0.00, 199.278000
2025-11-25T20:52:39.901213Z, , 23.494856, 0.00, 199.278000
2025-11-25T20:52:39.906513Z, 0xfffffffffffffe00;0x735930f9d23e;0x73593022b9f4;0x735930251ce2;0x73593025d5d5;0x7359301aa4f9;0x735930339f77;cuCtxSynchronize;0x73592c20fb8b;0x73592c24a43a;0x73592c5a9b67;0x0;0x735920dc4980;0x8b485355fc894900;|, 25.658429, 0.00, 199.278000
2025-11-25T20:52:39.911698Z, , 34.805635, 0.00, 199.278000
2025-11-25T20:52:39.917092Z, 0xfffffffffffffe00;0x735930461bc1;0x73593021f183;0x73593025de3b;0x735930f9d137;0x735930f9d585;0x73593022b9f4;0x735930251ce2;0x73593025d5d5;0x7359301aa4f9;0x735930339f77;cuCtxSynchronize;0x73592c20fb8b;0x73592c24a43a;0x73592c5a9b67;0x0;0x735920dc4980;0x8b485355fc894900;|, 34.963142, 200.00, 199.278000
2025-11-25T20:52:39.922220Z, , 39.204517, 200.00, 199.278000
2025-11-25T20:52:39.927354Z, , 61.695018, 0.00, 199.278000
2025-11-25T20:52:39.932718Z, 0xfffffffffffffe00;0x735936306c36;clock_gettime@@GLIBC_2.17;0x73593031bc04;0x73593022bccc;0x735930251ce2;0x73593025d5d5;0x7359301aa4f9;0x735930339f77;cuCtxSynchronize;0x73592c20fb8b;0x73592c24a43a;0x73592c5a9b67;0x0;0x735920dc4980;0x8b485355fc894900;|, 58.881596, 100.00, 199.278000
2025-11-25T20:52:39.937848Z, , 65.037672, 100.00, 199.278000
2025-11-25T20:52:39.943190Z, 0xfffffffffffffe00;0x735930461c60;0x73593021f183;0x73593025de3b;0x735930f9d137;0x735930f9d585;0x73593022b9f4;0x735930251ce2;0x73593025d5d5;0x7359301aa4f9;0x735930339f77;cuCtxSynchronize;0x73592c20fb8b;0x73592c24a43a;0x73592c5a9b67;0x0;0x735920dc4980;0x8b485355fc894900;|, 64.174283, 200.00, 199.278000
2025-11-25T20:52:39.948330Z, , 35.678453, 0.00, 199.278000
2025-11-25T20:52:39.953761Z, 0xfffffffffffffe00;0x735930461c76;0x73593021f183;0x73593025de3b;0x735930f9d137;0x735930f9d585;0x73593022b9f4;0x735930251ce2;0x73593025d5d5;0x7359301aa4f9;0x735930339f77;cuCtxSynchronize;0x73592c20fb8b;0x73592c24a43a;0x73592c5a9b67;0x0;0x735920dc4980;0x8b485355fc894900;|, 53.255815, 100.00, 199.278000
2025-11-25T20:52:39.958938Z, , 56.880121, 0.00, 199.278000
2025-11-25T20:52:39.964337Z, 0xfffffffffffffe00;0x73593021f172;0x73593025de3b;0x735930f9d137;0x735930f9d585;0x73593022b9f4;0x735930251ce2;0x73593025d5d5;0x7359301aa4f9;0x735930339f77;cuCtxSynchronize;0x73592c20fb8b;0x73592c24a43a;0x73592c5a9b67;0x0;0x735920dc4980;0x8b485355fc894900;|, 47.088445, 100.00, 199.278000
2025-11-25T20:52:39.969461Z, , 45.654538, 100.00, 199.278000
2025-11-25T20:52:39.974811Z, 0xfffffffffffffe00;0x735930461bc1;0x73593021f183;0x73593025de3b;0x735930f9d137;0x735930f9d585;0x73593022b9f4;0x735930251ce2;0x73593025d5d5;0x7359301aa4f9;0x735930339f77;cuCtxSynchronize;0x73592c20fb8b;0x73592c24a43a;0x73592c5a9b67;0x0;0x735920dc4980;0x8b485355fc894900;|, 51.451135, 100.00, 199.278000
2025-11-25T20:52:39.980005Z, , 31.793168, 0.00, 199.278000
2025-11-25T20:52:39.985208Z, , 51.011601, 0.00, 199.278000
2025-11-25T20:52:39.990557Z, 0xfffffffffffffe00;0x735930461bc5;0x73593021f183;0x73593025de3b;0x735930f9d137;0x735930f9d585;0x73593022b9f4;0x735930251ce2;0x73593025d5d5;0x7359301aa4f9;0x735930339f77;cuCtxSynchronize;0x73592c20fb8b;0x73592c24a43a;0x73592c5a9b67;0x0;0x735920dc4980;0x8b485355fc894900;|, 52.654333, 0.00, 199.278000
2025-11-25T20:52:39.996037Z, 0xfffffffffffffe00;0x73593021f192;0x73593025de3b;0x735930f9d137;0x735930f9d585;0x73593022b9f4;0x735930251ce2;0x73593025d5d5;0x7359301aa4f9;0x735930339f77;cuCtxSynchronize;0x73592c20fb8b;0x73592c24a43a;0x73592c5a9b67;0x0;0x735920dc4980;0x8b485355fc894900;|, 31.295043, 0.00, 199.278000
2025-11-25T20:52:40.001367Z, , 37.950650, 100.00, 199.278000
2025-11-25T20:52:40.006897Z, 0xfffffffffffffe00;0x73593021f17a;0x73593025de3b;0x735930f9d137;0x735930f9d585;0x73593022b9f4;0x735930251ce2;0x73593025d5d5;0x7359301aa4f9;0x735930339f77;cuCtxSynchronize;0x73592c20fb8b;0x73592c24a43a;0x73592c5a9b67;0x0;0x735920dc4980;0x8b485355fc894900;|, 30.464776, 0.00, 199.278000
2025-11-25T20:52:40.012083Z, , 28.167487, 0.00, 199.278000
2025-11-25T20:52:40.017445Z, , 48.654181, 0.00, 199.278000
2025-11-25T20:52:40.022871Z, 0xfffffffffffffe00;0x735930461b74;0x73593021f183;0x73593025de3b;0x735930f9d137;0x735930f9d585;0x73593022b9f4;0x735930251ce2;0x73593025d5d5;0x7359301aa4f9;0x735930339f77;cuCtxSynchronize;0x73592c20fb8b;0x73592c24a43a;0x73592c5a9b67;0x0;0x735920dc4980;0x8b485355fc894900;|, 39.681315, 0.00, 199.278000
2025-11-25T20:52:40.028216Z, , 30.462441, 0.00, 199.278000
2025-11-25T20:52:40.033629Z, 0xfffffffffffffe00;0x735930461b6f;0x73593021f183;0x73593025de3b;0x735930f9d137;0x735930f9d585;0x73593022b9f4;0x735930251ce2;0x73593025d5d5;0x7359301aa4f9;0x735930339f77;cuCtxSynchronize;0x73592c20fb8b;0x73592c24a43a;0x73592c5a9b67;0x0;0x735920dc4980;0x8b485355fc894900;|, 22.913453, 0.00, 199.278000
2025-11-25T20:52:40.038868Z, , 51.823809, 0.00, 199.278000
2025-11-25T20:52:40.044154Z, , 45.942109, 100.00, 199.278000
2025-11-25T20:52:40.049689Z, 0xfffffffffffffe00;0x735930461b7b;0x73593021f183;0x73593025de3b;0x735930f9d137;0x735930f9d585;0x73593022b9f4;0x735930251ce2;0x73593025d5d5;0x7359301aa4f9;0x735930339f77;cuCtxSynchronize;0x73592c20fb8b;0x73592c24a43a;0x73592c5a9b67;0x0;0x735920dc4980;0x8b485355fc894900;|, 54.025906, 100.00, 199.278000
2025-11-25T20:52:40.054883Z, , 49.064250, 200.00, 199.278000
2025-11-25T20:52:40.060310Z, 0xfffffffffffffe00;0x735936306c36;clock_gettime@@GLIBC_2.17;0x73593031bc04;0x73593022bccc;0x735930251ce2;0x73593025d5d5;0x7359301aa4f9;0x735930339f77;cuCtxSynchronize;0x73592c20fb8b;0x73592c24a43a;0x73592c5a9b67;0x0;0x735920dc4980;0x8b485355fc894900;|, 49.784986, 200.00, 199.278000
2025-11-25T20:52:40.065750Z, 0xfffffffffffffe00;0x735930461b40;0x73593025de3b;0x735930f9d137;0x735930f9d585;0x73593022b9f4;0x735930251ce2;0x73593025d5d5;0x7359301aa4f9;0x735930339f77;cuCtxSynchronize;0x73592c20fb8b;0x73592c24a43a;0x73592c5a9b67;0x0;0x735920dc4980;0x8b485355fc894900;|, 58.797392, 150.00, 199.278000
2025-11-25T20:52:40.070986Z, , 40.576474, 300.00, 199.278000
2025-11-25T20:52:40.076252Z, , 25.581352, 300.00, 199.278000
2025-11-25T20:52:40.081741Z, 0xfffffffffffffe00;0x73593021f17d;0x73593025de3b;0x735930f9d137;0x735930f9d585;0x73593022b9f4;0x735930251ce2;0x73593025d5d5;0x7359301aa4f9;0x735930339f77;cuCtxSynchronize;0x73592c20fb8b;0x73592c24a43a;0x73592c5a9b67;0x0;0x735920dc4980;0x8b485355fc894900;|, 33.439309, 0.00, 199.278000
2025-11-25T20:52:40.086870Z, , 42.078525, 0.00, 199.278000
2025-11-25T20:52:40.092219Z, 0xfffffffffffffe00;0x735930461bae;0x73593021f183;0x73593025de3b;0x735930f9d137;0x735930f9d585;0x73593022b9f4;0x735930251ce2;0x73593025d5d5;0x7359301aa4f9;0x735930339f77;cuCtxSynchronize;0x73592c20fb8b;0x73592c24a43a;0x73592c5a9b67;0x0;0x735920dc4980;0x8b485355fc894900;|, 43.698931, 0.00, 199.278000
2025-11-25T20:52:40.097498Z, , 38.722798, 0.00, 199.278000
2025-11-25T20:52:40.102949Z, 0xfffffffffffffe00;0x735936306c36;clock_gettime@@GLIBC_2.17;0x73593031bc04;0x73593022bccc;0x735930251ce2;0x73593025d5d5;0x7359301aa4f9;0x735930339f77;cuCtxSynchronize;0x73592c20fb8b;0x73592c24a43a;0x73592c5a9b67;0x0;0x735920dc4980;0x8b485355fc894900;|, 41.738562, 0.00, 199.278000
2025-11-25T20:52:40.108143Z, , 22.732657, 0.00, 199.166000
2025-11-25T20:52:40.113521Z, 0xfffffffffffffe00;0x735930461b40;0x73593025de3b;0x735930f9d137;0x735930f9d585;0x73593022b9f4;0x735930251ce2;0x73593025d5d5;0x7359301aa4f9;0x735930339f77;cuCtxSynchronize;0x73592c20fb8b;0x73592c24a43a;0x73592c5a9b67;0x0;0x735920dc4980;0x8b485355fc894900;|, 50.176706, 0.00, 199.166000
2025-11-25T20:52:40.118645Z, , 51.126439, 0.00, 199.166000
2025-11-25T20:52:40.123776Z, , 49.618576, 0.00, 199.166000
2025-11-25T20:52:40.129157Z, 0xfffffffffffffe00;0x73593021f186;0x73593025de3b;0x735930f9d137;0x735930f9d585;0x73593022b9f4;0x735930251ce2;0x73593025d5d5;0x7359301aa4f9;0x735930339f77;cuCtxSynchronize;0x73592c20fb8b;0x73592c24a43a;0x73592c5a9b67;0x0;0x735920dc4980;0x8b485355fc894900;|, 29.774543, 0.00, 199.166000
2025-11-25T20:52:40.134440Z, , 111.357560, 0.00, 199.166000
2025-11-25T20:52:40.139606Z, , 124.375479, 20.00, 199.166000
2025-11-25T20:52:40.144757Z, , 112.485906, 25.00, 199.166000
2025-11-25T20:52:40.149902Z, , 119.236043, 50.00, 199.166000
2025-11-25T20:52:40.155264Z, , 48.302531, 100.00, 199.166000
2025-11-25T20:52:40.160472Z, , 91.059187, 66.67, 199.166000
2025-11-25T20:52:40.166027Z, 0xfffffffffffffe00;0x735936306c36;clock_gettime@@GLIBC_2.17;0x73593031bc04;0x73593022bccc;0x735930251ce2;0x73593025d5d5;0x7359301aa4f9;0x735930339f77;cuCtxSynchronize;0x73592c20fb8b;0x73592c24a43a;0x73592c5a9b67;0x0;0x735920dc4980;0x8b485355fc894900;|, 64.116849, 150.00, 199.166000
2025-11-25T20:52:40.171171Z, , 41.510014, 0.00, 199.166000
2025-11-25T20:52:40.176309Z, , 38.585213, 0.00, 199.166000
2025-11-25T20:52:40.181587Z, 0xfffffffffffffe00;0x73593022b9e9;0x735930251ce2;0x73593025d5d5;0x7359301aa4f9;0x735930339f77;cuCtxSynchronize;0x73592c20fb8b;0x73592c24a43a;0x73592c5a9b67;0x0;0x735920dc4980;0x8b485355fc894900;|, 53.781985, 100.00, 199.166000
2025-11-25T20:52:40.186738Z, , 56.547138, 100.00, 199.166000
2025-11-25T20:52:40.192126Z, 0xfffffffffffffe00;0x73593021f186;0x73593025de3b;0x735930f9d137;0x735930f9d585;0x73593022b9f4;0x735930251ce2;0x73593025d5d5;0x7359301aa4f9;0x735930339f77;cuCtxSynchronize;0x73592c20fb8b;0x73592c24a43a;0x73592c5a9b67;0x0;0x735920dc4980;0x8b485355fc894900;|, 46.771222, 200.00, 199.166000
2025-11-25T20:52:40.197466Z, , 42.051478, 0.00, 199.166000
2025-11-25T20:52:40.202938Z, 0xfffffffffffffe00;0x735930461b74;0x73593021f183;0x73593025de3b;0x735930f9d137;0x735930f9d585;0x73593022b9f4;0x735930251ce2;0x73593025d5d5;0x7359301aa4f9;0x735930339f77;cuCtxSynchronize;0x73592c20fb8b;0x73592c24a43a;0x73592c5a9b67;0x0;0x735920dc4980;0x8b485355fc894900;|, 48.802878, 100.00, 199.166000
2025-11-25T20:52:40.208237Z, , 36.518564, 0.00, 199.166000
2025-11-25T20:52:40.213778Z, 0xfffffffffffffe00;0x735930461c77;0x73593021f183;0x73593025de3b;0x735930f9d137;0x735930f9d585;0x73593022b9f4;0x735930251ce2;0x73593025d5d5;0x7359301aa4f9;0x735930339f77;cuCtxSynchronize;0x73592c20fb8b;0x73592c24a43a;0x73592c5a9b67;0x0;0x735920dc4980;0x8b485355fc894900;|, 45.054539, 0.00, 199.166000
2025-11-25T20:52:40.219032Z, , 36.284164, 100.00, 199.166000
2025-11-25T20:52:40.224609Z, 0xfffffffffffffe00;0x735936306c36;clock_gettime@@GLIBC_2.17;0x73593031bc04;0x73593022bccc;0x735930251ce2;0x73593025d5d5;0x7359301aa4f9;0x735930339f77;cuCtxSynchronize;0x73592c20fb8b;0x73592c24a43a;0x73592c5a9b67;0x0;0x735920dc4980;0x8b485355fc894900;|, 41.749565, 0.00, 199.166000
2025-11-25T20:52:40.229854Z, , 25.131272, 0.00, 199.166000
2025-11-25T20:52:40.235430Z, 0xfffffffffffffe00;0x735930461b53;0x73593021f183;0x73593025de3b;0x735930f9d137;0x735930f9d585;0x73593022b9f4;0x735930251ce2;0x73593025d5d5;0x7359301aa4f9;0x735930339f77;cuCtxSynchronize;0x73592c20fb8b;0x73592c24a43a;0x73592c5a9b67;0x0;0x735920dc4980;0x8b485355fc894900;|, 20.196025, 0.00, 199.166000
2025-11-25T20:52:40.240682Z, , 28.602352, 0.00, 199.166000
2025-11-25T20:52:40.246307Z, 0xfffffffffffffe00;0x735930461b53;0x73593021f183;0x73593025de3b;0x735930f9d137;0x735930f9d585;0x73593022b9f4;0x735930251ce2;0x73593025d5d5;0x7359301aa4f9;0x735930339f77;cuCtxSynchronize;0x73592c20fb8b;0x73592c24a43a;0x73592c5a9b67;0x0;0x735920dc4980;0x8b485355fc894900;|, 32.069928, 100.00, 199.166000
2025-11-25T20:52:40.251696Z, , 26.646236, 0.00, 199.166000
2025-11-25T20:52:40.257188Z, 0xfffffffffffffe00;0x735930461b7b;0x73593021f183;0x73593025de3b;0x735930f9d137;0x735930f9d585;0x73593022b9f4;0x735930251ce2;0x73593025d5d5;0x7359301aa4f9;0x735930339f77;cuCtxSynchronize;0x73592c20fb8b;0x73592c24a43a;0x73592c5a9b67;0x0;0x735920dc4980;0x8b485355fc894900;|, 29.370247, 100.00, 199.166000
2025-11-25T20:52:40.262553Z, , 33.388043, 100.00, 199.166000
2025-11-25T20:52:40.268015Z, 0xfffffffffffffe00;0x735930461bae;0x73593021f183;0x73593025de3b;0x735930f9d137;0x735930f9d585;0x73593022b9f4;0x735930251ce2;0x73593025d5d5;0x7359301aa4f9;0x735930339f77;cuCtxSynchronize;0x73592c20fb8b;0x73592c24a43a;0x73592c5a9b67;0x0;0x735920dc4980;0x8b485355fc894900;|, 32.105345, 0.00, 199.166000
2025-11-25T20:52:40.273483Z, , 34.346490, 0.00, 199.166000
2025-11-25T20:52:40.279141Z, 0xfffffffffffffe00;0x73593021f186;0x73593025de3b;0x735930f9d137;0x735930f9d585;0x73593022b9f4;0x735930251ce2;0x73593025d5d5;0x7359301aa4f9;0x735930339f77;cuCtxSynchronize;0x73592c20fb8b;0x73592c24a43a;0x73592c5a9b67;0x0;0x735920dc4980;0x8b485355fc894900;|, 28.067272, 100.00, 199.166000
2025-11-25T20:52:40.284607Z, , 28.919103, 0.00, 199.166000
2025-11-25T20:52:40.289905Z, , 37.419587, 0.00, 199.166000
2025-11-25T20:52:40.295523Z, 0xfffffffffffffe00;0x735936306c36;clock_gettime@@GLIBC_2.17;0x73593031bc04;0x73593022bccc;0x735930251ce2;0x73593025d5d5;0x7359301aa4f9;0x735930339f77;cuCtxSynchronize;0x73592c20fb8b;0x73592c24a43a;0x73592c5a9b67;0x0;0x735920dc4980;0x8b485355fc894900;|, 43.002587, 0.00, 199.166000
2025-11-25T20:52:40.301042Z, 0xfffffffffffffe00;0x735930461bd8;0x73593021f183;0x73593025de3b;0x735930f9d137;0x735930f9d585;0x73593022b9f4;0x735930251ce2;0x73593025d5d5;0x7359301aa4f9;0x735930339f77;cuCtxSynchronize;0x73592c20fb8b;0x73592c24a43a;0x73592c5a9b67;0x0;0x735920dc4980;0x8b485355fc894900;|, 34.189278, 100.00, 199.166000
2025-11-25T20:52:40.306428Z, , 24.195490, 100.00, 199.166000
2025-11-25T20:52:40.311606Z, , 32.600180, 100.00, 199.166000
2025-11-25T20:52:40.316970Z, 0xfffffffffffffe00;0x735930f9d2f8;0x73593022b9f4;0x735930251ce2;0x73593025d5d5;0x7359301aa4f9;0x735930339f77;cuCtxSynchronize;0x73592c20fb8b;0x73592c24a43a;0x73592c5a9b67;0x0;0x735920dc4980;0x8b485355fc894900;|, 84.928275, 200.00, 199.166000
2025-11-25T20:52:40.322303Z, , 40.026640, 0.00, 199.166000
2025-11-25T20:52:40.327775Z, 0xfffffffffffffe00;0x735930461bdd;0x73593021f183;0x73593025de3b;0x735930f9d137;0x735930f9d585;0x73593022b9f4;0x735930251ce2;0x73593025d5d5;0x7359301aa4f9;0x735930339f77;cuCtxSynchronize;0x73592c20fb8b;0x73592c24a43a;0x73592c5a9b67;0x0;0x735920dc4980;0x8b485355fc894900;|, 31.074854, 100.00, 199.166000
2025-11-25T20:52:40.332950Z, , 50.486252, 0.00, 199.166000
2025-11-25T20:52:40.338248Z, , 58.249893, 0.00, 199.166000
2025-11-25T20:52:40.343640Z, 0xfffffffffffffe00;0x73593021f163;0x73593025de3b;0x735930f9d137;0x735930f9d585;0x73593022b9f4;0x735930251ce2;0x73593025d5d5;0x7359301aa4f9;0x735930339f77;cuCtxSynchronize;0x73592c20fb8b;0x73592c24a43a;0x73592c5a9b67;0x0;0x735920dc4980;0x8b485355fc894900;|, 43.764818, 0.00, 199.166000
2025-11-25T20:52:40.348769Z, , 34.362415, 0.00, 199.166000
2025-11-25T20:52:40.353905Z, , 72.378145, 0.00, 199.166000
2025-11-25T20:52:40.359335Z, 0xfffffffffffffe00;0x735936306c36;clock_gettime@@GLIBC_2.17;0x73593031bc04;0x73593022bccc;0x735930251ce2;0x73593025d5d5;0x7359301aa4f9;0x735930339f77;cuCtxSynchronize;0x73592c20fb8b;0x73592c24a43a;0x73592c5a9b67;0x0;0x735920dc4980;0x8b485355fc894900;|, 42.272182, 0.00, 199.166000
2025-11-25T20:52:40.364484Z, , 41.727869, 0.00, 199.166000
2025-11-25T20:52:40.369764Z, 0xfffffffffffffe00;0x73593021f172;0x73593025de3b;0x735930f9d137;0x735930f9d585;0x73593022b9f4;0x735930251ce2;0x73593025d5d5;0x7359301aa4f9;0x735930339f77;cuCtxSynchronize;0x73592c20fb8b;0x73592c24a43a;0x73592c5a9b67;0x0;0x735920dc4980;0x8b485355fc894900;|, 42.686039, 0.00, 199.166000
2025-11-25T20:52:40.374891Z, , 50.647501, 0.00, 199.166000
2025-11-25T20:52:40.379992Z, , 49.029354, 100.00, 199.166000
2025-11-25T20:52:40.385258Z, 0xfffffffffffffe00;0x735930461b53;0x73593021f183;0x73593025de3b;0x735930f9d137;0x735930f9d585;0x73593022b9f4;0x735930251ce2;0x73593025d5d5;0x7359301aa4f9;0x735930339f77;cuCtxSynchronize;0x73592c20fb8b;0x73592c24a43a;0x73592c5a9b67;0x0;0x735920dc4980;0x8b485355fc894900;|, 49.877792, 0.00, 199.166000
2025-11-25T20:52:40.390359Z, , 60.928176, 0.00, 199.166000
2025-11-25T20:52:40.395616Z, 0xfffffffffffffe00;0x735936306c36;clock_gettime@@GLIBC_2.17;0x73593031bc04;0x73593022bccc;0x735930251ce2;0x73593025d5d5;0x7359301aa4f9;0x735930339f77;cuCtxSynchronize;0x73592c20fb8b;0x73592c24a43a;0x73592c5a9b67;0x0;0x735920dc4980;0x8b485355fc894900;|, 42.193722, 0.00, 199.166000
2025-11-25T20:52:40.400713Z, , 57.870673, 0.00, 199.166000
2025-11-25T20:52:40.405974Z, 0xfffffffffffffe00;0x735936306c36;clock_gettime@@GLIBC_2.17;0x73593031bc04;0x73593022bccc;0x735930251ce2;0x73593025d5d5;0x7359301aa4f9;0x735930339f77;cuCtxSynchronize;0x73592c20fb8b;0x73592c24a43a;0x73592c5a9b67;0x0;0x735920dc4980;0x8b485355fc894900;|, 44.961584, 0.00, 199.166000
2025-11-25T20:52:40.411068Z, , 38.937566, 0.00, 199.166000
2025-11-25T20:52:40.416186Z, , 48.539977, 0.00, 199.166000
2025-11-25T20:52:40.421488Z, 0xfffffffffffffe00;0x735936306bf2;clock_gettime@@GLIBC_2.17;0x73593031bc04;0x73593022bccc;0x735930251ce2;0x73593025d5d5;0x7359301aa4f9;0x735930339f77;cuCtxSynchronize;0x73592c20fb8b;0x73592c24a43a;0x73592c5a9b67;0x0;0x735920dc4980;0x8b485355fc894900;|, 45.363117, 0.00, 199.166000
2025-11-25T20:52:40.426584Z, , 54.821341, 0.00, 199.166000
2025-11-25T20:52:40.431784Z, 0xfffffffffffffe00;0x735930f9d23e;0x73593022b9f4;0x735930251ce2;0x73593025d5d5;0x7359301aa4f9;0x735930339f77;cuCtxSynchronize;0x73592c20fb8b;0x73592c24a43a;0x73592c5a9b67;0x0;0x735920dc4980;0x8b485355fc894900;|, 45.535645, 0.00, 199.166000
2025-11-25T20:52:40.436888Z, , 67.820538, 0.00, 199.166000
2025-11-25T20:52:40.442135Z, 0xfffffffffffffe00;0x735930461b6f;0x73593021f183;0x73593025de3b;0x735930f9d137;0x735930f9d585;0x73593022b9f4;0x735930251ce2;0x73593025d5d5;0x7359301aa4f9;0x735930339f77;cuCtxSynchronize;0x73592c20fb8b;0x73592c24a43a;0x73592c5a9b67;0x0;0x735920dc4980;0x8b485355fc894900;|, 57.789539, 0.00, 199.166000
2025-11-25T20:52:40.447333Z, , 61.699124, 0.00, 199.166000
2025-11-25T20:52:40.452428Z, , 55.161866, 0.00, 199.166000
2025-11-25T20:52:40.457667Z, 0xfffffffffffffe00;0x735930f9d439;0x73593022b9f4;0x735930251ce2;0x73593025d5d5;0x7359301aa4f9;0x735930339f77;cuCtxSynchronize;0x73592c20fb8b;0x73592c24a43a;0x73592c5a9b67;0x0;0x735920dc4980;0x8b485355fc894900;|, 49.237867, 100.00, 199.166000
2025-11-25T20:52:40.462778Z, , 59.799145, 0.00, 199.166000
2025-11-25T20:52:40.468020Z, 0xfffffffffffffe00;0x73593040a195;0x735930f9d260;0x73593022b9f4;0x735930251ce2;0x73593025d5d5;0x7359301aa4f9;0x735930339f77;cuCtxSynchronize;0x73592c20fb8b;0x73592c24a43a;0x73592c5a9b67;0x0;0x735920dc4980;0x8b485355fc894900;|, 36.004997, 100.00, 199.166000
2025-11-25T20:52:40.473174Z, , 40.046430, 0.00, 199.166000
2025-11-25T20:52:40.478570Z, 0xfffffffffffffe00;0x735930461b40;0x73593025de3b;0x735930f9d137;0x735930f9d585;0x73593022b9f4;0x735930251ce2;0x73593025d5d5;0x7359301aa4f9;0x735930339f77;cuCtxSynchronize;0x73592c20fb8b;0x73592c24a43a;0x73592c5a9b67;0x0;0x735920dc4980;0x8b485355fc894900;|, 43.258027, 100.00, 199.166000
2025-11-25T20:52:40.483784Z, , 43.929882, 0.00, 199.166000
2025-11-25T20:52:40.489107Z, 0xfffffffffffffe00;0x7359301664a0;0x73593022bca5;0x735930251ce2;0x73593025d5d5;0x7359301aa4f9;0x735930339f77;cuCtxSynchronize;0x73592c20fb8b;0x73592c24a43a;0x73592c5a9b67;0x0;0x735920dc4980;0x8b485355fc894900;|, 29.129517, 100.00, 199.166000
2025-11-25T20:52:40.494341Z, , 31.375402, 0.00, 199.166000
2025-11-25T20:52:40.499476Z, , 48.439385, 0.00, 199.166000
2025-11-25T20:52:40.504786Z, 0xfffffffffffffe00;0x73593021f186;0x73593025de3b;0x735930f9d137;0x735930f9d585;0x73593022b9f4;0x735930251ce2;0x73593025d5d5;0x7359301aa4f9;0x735930339f77;cuCtxSynchronize;0x73592c20fb8b;0x73592c24a43a;0x73592c5a9b67;0x0;0x735920dc4980;0x8b485355fc894900;|, 46.722022, 100.00, 199.166000
2025-11-25T20:52:40.509952Z, , 30.876879, 0.00, 199.166000
2025-11-25T20:52:40.515312Z, 0xfffffffffffffe00;0x735936306c36;clock_gettime@@GLIBC_2.17;0x73593031bc04;0x73593022bccc;0x735930251ce2;0x73593025d5d5;0x7359301aa4f9;0x735930339f77;cuCtxSynchronize;0x73592c20fb8b;0x73592c24a43a;0x73592c5a9b67;0x0;0x735920dc4980;0x8b485355fc894900;|, 53.812847, 100.00, 199.166000
2025-11-25T20:52:40.520448Z, , 47.867040, 0.00, 199.166000
2025-11-25T20:52:40.525575Z, , 49.117992, 0.00, 199.166000
2025-11-25T20:52:40.530864Z, 0xfffffffffffffe00;0x735936306c36;clock_gettime@@GLIBC_2.17;0x73593031bc04;0x73593022bccc;0x735930251ce2;0x73593025d5d5;0x7359301aa4f9;0x735930339f77;cuCtxSynchronize;0x73592c20fb8b;0x73592c24a43a;0x73592c5a9b67;0x0;0x735920dc4980;0x8b485355fc894900;|, 34.427108, 100.00, 199.166000
2025-11-25T20:52:40.536042Z, , 30.853139, 0.00, 199.166000
2025-11-25T20:52:40.541310Z, , 54.822861, 50.00, 199.166000
2025-11-25T20:52:40.546711Z, 0xfffffffffffffe00;clock_gettime@@GLIBC_2.17;0x73593031bc04;0x73593022bccc;0x735930251ce2;0x73593025d5d5;0x7359301aa4f9;0x735930339f77;cuCtxSynchronize;0x73592c20fb8b;0x73592c24a43a;0x73592c5a9b67;0x0;0x735920dc4980;0x8b485355fc894900;|, 37.860052, 100.00, 199.166000
2025-11-25T20:52:40.551839Z, , 50.346662, 100.00, 199.166000
2025-11-25T20:52:40.556939Z, , 70.902546, 0.00, 199.166000
2025-11-25T20:52:40.562194Z, 0xfffffffffffffe00;0x73593021f186;0x73593025de3b;0x735930f9d137;0x735930f9d585;0x73593022b9f4;0x735930251ce2;0x73593025d5d5;0x7359301aa4f9;0x735930339f77;cuCtxSynchronize;0x73592c20fb8b;0x73592c24a43a;0x73592c5a9b67;0x0;0x735920dc4980;0x8b485355fc894900;|, 60.920852, 0.00, 199.166000
2025-11-25T20:52:40.567308Z, , 63.716621, 50.00, 199.166000
2025-11-25T20:52:40.572535Z, 0xfffffffffffffe00;0x735930f9d409;0x73593022b9f4;0x735930251ce2;0x73593025d5d5;0x7359301aa4f9;0x735930339f77;cuCtxSynchronize;0x73592c20fb8b;0x73592c24a43a;0x73592c5a9b67;0x0;0x735920dc4980;0x8b485355fc894900;|, 48.190300, 0.00, 199.166000
2025-11-25T20:52:40.577642Z, , 48.203919, 100.00, 199.166000
2025-11-25T20:52:40.582900Z, 0xfffffffffffffe00;0x735930461b53;0x73593021f183;0x73593025de3b;0x735930f9d137;0x735930f9d585;0x73593022b9f4;0x735930251ce2;0x73593025d5d5;0x7359301aa4f9;0x735930339f77;cuCtxSynchronize;0x73592c20fb8b;0x73592c24a43a;0x73592c5a9b67;0x0;0x735920dc4980;0x8b485355fc894900;|, 61.025829, 0.00, 199.166000
2025-11-25T20:52:40.588004Z, , 38.845527, 100.00, 199.166000
2025-11-25T20:52:40.593305Z, 0xfffffffffffffe00;0x73593021f163;0x73593025de3b;0x735930f9d137;0x735930f9d585;0x73593022b9f4;0x735930251ce2;0x73593025d5d5;0x7359301aa4f9;0x735930339f77;cuCtxSynchronize;0x73592c20fb8b;0x73592c24a43a;0x73592c5a9b67;0x0;0x735920dc4980;0x8b485355fc894900;|, 43.129212, 0.00, 199.166000
2025-11-25T20:52:40.598486Z, , 51.092363, 100.00, 199.166000
2025-11-25T20:52:40.603848Z, 0xfffffffffffffe00;0x735936306c36;clock_gettime@@GLIBC_2.17;0x73593031bc04;0x73593022bccc;0x735930251ce2;0x73593025d5d5;0x7359301aa4f9;0x735930339f77;cuCtxSynchronize;0x73592c20fb8b;0x73592c24a43a;0x73592c5a9b67;0x0;0x735920dc4980;0x8b485355fc894900;|, 36.213444, 0.00, 199.166000
2025-11-25T20:52:40.609016Z, , 33.436673, 100.00, 198.866000
2025-11-25T20:52:40.614413Z, 0xfffffffffffffe00;0x735930461b53;0x73593021f183;0x73593025de3b;0x735930f9d137;0x735930f9d585;0x73593022b9f4;0x735930251ce2;0x73593025d5d5;0x7359301aa4f9;0x735930339f77;cuCtxSynchronize;0x73592c20fb8b;0x73592c24a43a;0x73592c5a9b67;0x0;0x735920dc4980;0x8b485355fc894900;|, 30.276312, 100.00, 198.866000
2025-11-25T20:52:40.619617Z, , 35.202565, 0.00, 198.866000
2025-11-25T20:52:40.624996Z, 0xfffffffffffffe00;0x735936306d11;clock_gettime@@GLIBC_2.17;0x73593031bc04;0x73593022bccc;0x735930251ce2;0x73593025d5d5;0x7359301aa4f9;0x735930339f77;cuCtxSynchronize;0x73592c20fb8b;0x73592c24a43a;0x73592c5a9b67;0x0;0x735920dc4980;0x8b485355fc894900;|, 26.450164, 0.00, 198.866000
2025-11-25T20:52:40.630227Z, , 30.514526, 0.00, 198.866000
2025-11-25T20:52:40.635573Z, 0xfffffffffffffe00;0x735930461ba8;0x73593021f183;0x73593025de3b;0x735930f9d137;0x735930f9d585;0x73593022b9f4;0x735930251ce2;0x73593025d5d5;0x7359301aa4f9;0x735930339f77;cuCtxSynchronize;0x73592c20fb8b;0x73592c24a43a;0x73592c5a9b67;0x0;0x735920dc4980;0x8b485355fc894900;|, 25.634375, 0.00, 198.866000
2025-11-25T20:52:40.640773Z, , 29.036285, 0.00, 198.866000
2025-11-25T20:52:40.646114Z, 0xfffffffffffffe00;0x735930461b74;0x73593021f183;0x73593025de3b;0x735930f9d137;0x735930f9d585;0x73593022b9f4;0x735930251ce2;0x73593025d5d5;0x7359301aa4f9;0x735930339f77;cuCtxSynchronize;0x73592c20fb8b;0x73592c24a43a;0x73592c5a9b67;0x0;0x735920dc4980;0x8b485355fc894900;|, 23.600096, 0.00, 198.866000
2025-11-25T20:52:40.651307Z, , 36.226451, 0.00, 198.866000
2025-11-25T20:52:40.656466Z, , 26.052043, 0.00, 198.866000
2025-11-25T20:52:40.661569Z, , 56.315186, 0.00, 198.866000
2025-11-25T20:52:40.666845Z, 0xfffffffffffffe00;0x735930461b7b;0x73593021f183;0x73593025de3b;0x735930f9d137;0x735930f9d585;0x73593022b9f4;0x735930251ce2;0x73593025d5d5;0x7359301aa4f9;0x735930339f77;cuCtxSynchronize;0x73592c20fb8b;0x73592c24a43a;0x73592c5a9b67;0x0;0x735920dc4980;0x8b485355fc894900;|, 53.432298, 100.00, 198.866000
2025-11-25T20:52:40.671954Z, , 32.304579, 0.00, 198.866000
2025-11-25T20:52:40.677209Z, 0xfffffffffffffe00;0x735930461b7d;0x73593021f183;0x73593025de3b;0x735930f9d137;0x735930f9d585;0x73593022b9f4;0x735930251ce2;0x73593025d5d5;0x7359301aa4f9;0x735930339f77;cuCtxSynchronize;0x73592c20fb8b;0x73592c24a43a;0x73592c5a9b67;0x0;0x735920dc4980;0x8b485355fc894900;|, 36.842617, 100.00, 198.866000
2025-11-25T20:52:40.682383Z, , 36.960016, 100.00, 198.866000
2025-11-25T20:52:40.687631Z, 0xfffffffffffffe00;0x73593023d360;0x735930251ce2;0x73593025d5d5;0x7359301aa4f9;0x735930339f77;cuCtxSynchronize;0x73592c20fb8b;0x73592c24a43a;0x73592c5a9b67;0x0;0x735920dc4980;0x8b485355fc894900;|, 64.439252, 200.00, 198.866000
2025-11-25T20:52:40.692765Z, , 46.402620, 0.00, 198.866000
2025-11-25T20:52:40.697864Z, , 51.880231, 0.00, 198.866000
2025-11-25T20:52:40.703141Z, 0xfffffffffffffe00;0x735930461b74;0x73593021f183;0x73593025de3b;0x735930f9d137;0x735930f9d585;0x73593022b9f4;0x735930251ce2;0x73593025d5d5;0x7359301aa4f9;0x735930339f77;cuCtxSynchronize;0x73592c20fb8b;0x73592c24a43a;0x73592c5a9b67;0x0;0x735920dc4980;0x8b485355fc894900;|, 37.130177, 50.00, 198.866000
2025-11-25T20:52:40.708222Z, , 47.699187, 200.00, 198.866000
2025-11-25T20:52:40.713502Z, 0xfffffffffffffe00;0x735930f9d2d2;0x73593022b9f4;0x735930251ce2;0x73593025d5d5;0x7359301aa4f9;0x735930339f77;cuCtxSynchronize;0x73592c20fb8b;0x73592c24a43a;0x73592c5a9b67;0x0;0x735920dc4980;0x8b485355fc894900;|, 38.700032, 0.00, 198.866000
2025-11-25T20:52:40.718645Z, , 36.958504, 100.00, 198.866000
2025-11-25T20:52:40.723994Z, 0xfffffffffffffe00;0x735930461bae;0x73593021f183;0x73593025de3b;0x735930f9d137;0x735930f9d585;0x73593022b9f4;0x735930251ce2;0x73593025d5d5;0x7359301aa4f9;0x735930339f77;cuCtxSynchronize;0x73592c20fb8b;0x73592c24a43a;0x73592c5a9b67;0x0;0x735920dc4980;0x8b485355fc894900;|, 46.407170, 0.00, 198.866000
2025-11-25T20:52:40.729231Z, , 34.051476, 0.00, 198.866000
2025-11-25T20:52:40.734589Z, 0xfffffffffffffe00;0x73593021f157;0x73593025de3b;0x735930f9d137;0x735930f9d585;0x73593022b9f4;0x735930251ce2;0x73593025d5d5;0x7359301aa4f9;0x735930339f77;cuCtxSynchronize;0x73592c20fb8b;0x73592c24a43a;0x73592c5a9b67;0x0;0x735920dc4980;0x8b485355fc894900;|, 37.356777, 0.00, 198.866000
2025-11-25T20:52:40.739757Z, , 38.059668, 0.00, 198.866000
2025-11-25T20:52:40.744921Z, , 23.683907, 0.00, 198.866000
2025-11-25T20:52:40.750017Z, , 70.853785, 100.00, 198.866000
2025-11-25T20:52:40.755302Z, 0xfffffffffffffe00;0x735930461b53;0x73593021f183;0x73593025de3b;0x735930f9d137;0x735930f9d585;0x73593022b9f4;0x735930251ce2;0x73593025d5d5;0x7359301aa4f9;0x735930339f77;cuCtxSynchronize;0x73592c20fb8b;0x73592c24a43a;0x73592c5a9b67;0x0;0x735920dc4980;0x8b485355fc894900;|, 45.868254, 0.00, 198.866000
2025-11-25T20:52:40.760396Z, , 44.656139, 0.00, 198.866000
2025-11-25T20:52:40.765682Z, 0xfffffffffffffe00;0x735936306c36;clock_gettime@@GLIBC_2.17;0x73593031bc04;0x73593022bccc;0x735930251ce2;0x73593025d5d5;0x7359301aa4f9;0x735930339f77;cuCtxSynchronize;0x73592c20fb8b;0x73592c24a43a;0x73592c5a9b67;0x0;0x735920dc4980;0x8b485355fc894900;|, 41.062849, 0.00, 198.866000
2025-11-25T20:52:40.770789Z, , 38.403433, 0.00, 198.866000
2025-11-25T20:52:40.775931Z, , 37.012349, 0.00, 198.866000
2025-11-25T20:52:40.781162Z, 0xfffffffffffffe00;0x73593021f163;0x73593025de3b;0x735930f9d137;0x735930f9d585;0x73593022b9f4;0x735930251ce2;0x73593025d5d5;0x7359301aa4f9;0x735930339f77;cuCtxSynchronize;0x73592c20fb8b;0x73592c24a43a;0x73592c5a9b67;0x0;0x735920dc4980;0x8b485355fc894900;|, 26.975669, 0.00, 198.866000
2025-11-25T20:52:40.786279Z, , 59.972001, 100.00, 198.866000
2025-11-25T20:52:40.791373Z, , 45.489742, 0.00, 198.866000
2025-11-25T20:52:40.796626Z, 0xfffffffffffffe00;0x735936306c36;clock_gettime@@GLIBC_2.17;0x73593031bc04;0x73593022bccc;0x735930251ce2;0x73593025d5d5;0x7359301aa4f9;0x735930339f77;cuCtxSynchronize;0x73592c20fb8b;0x73592c24a43a;0x73592c5a9b67;0x0;0x735920dc4980;0x8b485355fc894900;|, 48.528104, 0.00, 198.866000
2025-11-25T20:52:40.801729Z, , 47.273396, 0.00, 198.866000
2025-11-25T20:52:40.806981Z, 0xfffffffffffffe00;0x735930f9d439;0x73593022b9f4;0x735930251ce2;0x73593025d5d5;0x7359301aa4f9;0x735930339f77;cuCtxSynchronize;0x73592c20fb8b;0x73592c24a43a;0x73592c5a9b67;0x0;0x735920dc4980;0x8b485355fc894900;|, 59.335910, 0.00, 198.866000
2025-11-25T20:52:40.812144Z, , 53.701352, 100.00, 198.866000
2025-11-25T20:52:40.817370Z, 0xfffffffffffffe00;0x735930461b40;0x73593025de3b;0x735930f9d137;0x735930f9d585;0x73593022b9f4;0x735930251ce2;0x73593025d5d5;0x7359301aa4f9;0x735930339f77;cuCtxSynchronize;0x73592c20fb8b;0x73592c24a43a;0x73592c5a9b67;0x0;0x735920dc4980;0x8b485355fc894900;|, 58.492738, 50.00, 198.866000
2025-11-25T20:52:40.822481Z, , 40.330663, 0.00, 198.866000
2025-11-25T20:52:40.827692Z, 0xfffffffffffffe00;0x7359304078ac;0x735930f9d554;0x73593022b9f4;0x735930251ce2;0x73593025d5d5;0x7359301aa4f9;0x735930339f77;cuCtxSynchronize;0x73592c20fb8b;0x73592c24a43a;0x73592c5a9b67;0x0;0x735920dc4980;0x8b485355fc894900;|, 29.136789, 0.00, 198.866000
2025-11-25T20:52:40.832806Z, , 52.251313, 0.00, 198.866000
2025-11-25T20:52:40.837939Z, , 62.071915, 0.00, 198.866000
2025-11-25T20:52:40.843265Z, 0xfffffffffffffe00;0x735930461b7b;0x73593021f183;0x73593025de3b;0x735930f9d137;0x735930f9d585;0x73593022b9f4;0x735930251ce2;0x73593025d5d5;0x7359301aa4f9;0x735930339f77;cuCtxSynchronize;0x73592c20fb8b;0x73592c24a43a;0x73592c5a9b67;0x0;0x735920dc4980;0x8b485355fc894900;|, 43.893384, 0.00, 198.866000
2025-11-25T20:52:40.848386Z, , 26.786391, 0.00, 198.866000
2025-11-25T20:52:40.853494Z, , 66.124077, 0.00, 198.866000
2025-11-25T20:52:40.858735Z, 0xfffffffffffffe00;0x735930461b40;0x73593025de3b;0x735930f9d137;0x735930f9d585;0x73593022b9f4;0x735930251ce2;0x73593025d5d5;0x7359301aa4f9;0x735930339f77;cuCtxSynchronize;0x73592c20fb8b;0x73592c24a43a;0x73592c5a9b67;0x0;0x735920dc4980;0x8b485355fc894900;|, 40.647535, 0.00, 198.866000
2025-11-25T20:52:40.863841Z, , 63.023955, 0.00, 198.866000
2025-11-25T20:52:40.869113Z, 0xfffffffffffffe00;0x735930461c7f;0x73593021f183;0x73593025de3b;0x735930f9d137;0x735930f9d585;0x73593022b9f4;0x735930251ce2;0x73593025d5d5;0x7359301aa4f9;0x735930339f77;cuCtxSynchronize;0x73592c20fb8b;0x73592c24a43a;0x73592c5a9b67;0x0;0x735920dc4980;0x8b485355fc894900;|, 37.523508, 0.00, 198.866000
2025-11-25T20:52:40.874206Z, , 40.462689, 0.00, 198.866000
2025-11-25T20:52:40.879479Z, 0xfffffffffffffe00;0x735930461b74;0x73593021f183;0x73593025de3b;0x735930f9d137;0x735930f9d585;0x73593022b9f4;0x735930251ce2;0x73593025d5d5;0x7359301aa4f9;0x735930339f77;cuCtxSynchronize;0x73592c20fb8b;0x73592c24a43a;0x73592c5a9b67;0x0;0x735920dc4980;0x8b485355fc894900;|, 43.064994, 0.00, 198.866000
2025-11-25T20:52:40.884610Z, , 36.225237, 0.00, 198.866000
2025-11-25T20:52:40.889912Z, 0xfffffffffffffe00;0x735930461b40;0x73593025de3b;0x735930f9d137;0x735930f9d585;0x73593022b9f4;0x735930251ce2;0x73593025d5d5;0x7359301aa4f9;0x735930339f77;cuCtxSynchronize;0x73592c20fb8b;0x73592c24a43a;0x73592c5a9b67;0x0;0x735920dc4980;0x8b485355fc894900;|, 37.058493, 0.00, 198.866000
2025-11-25T20:52:40.895005Z, , 26.541048, 0.00, 198.866000
2025-11-25T20:52:40.900148Z, , 40.595663, 0.00, 198.866000
2025-11-25T20:52:40.905301Z, , 63.315621, 0.00, 198.866000
2025-11-25T20:52:40.910576Z, 0xfffffffffffffe00;0x735930461bd8;0x73593021f183;0x73593025de3b;0x735930f9d137;0x735930f9d585;0x73593022b9f4;0x735930251ce2;0x73593025d5d5;0x7359301aa4f9;0x735930339f77;cuCtxSynchronize;0x73592c20fb8b;0x73592c24a43a;0x73592c5a9b67;0x0;0x735920dc4980;0x8b485355fc894900;|, 36.971136, 0.00, 198.866000
2025-11-25T20:52:40.915681Z, , 40.015084, 0.00, 198.866000
2025-11-25T20:52:40.920925Z, 0xfffffffffffffe00;0x735930461b74;0x73593021f183;0x73593025de3b;0x735930f9d137;0x735930f9d585;0x73593022b9f4;0x735930251ce2;0x73593025d5d5;0x7359301aa4f9;0x735930339f77;cuCtxSynchronize;0x73592c20fb8b;0x73592c24a43a;0x73592c5a9b67;0x0;0x735920dc4980;0x8b485355fc894900;|, 37.996489, 0.00, 198.866000
2025-11-25T20:52:40.926021Z, , 31.391375, 0.00, 198.866000
2025-11-25T20:52:40.931288Z, 0xfffffffffffffe00;0x735930461c7b;0x73593021f183;0x73593025de3b;0x735930f9d137;0x735930f9d585;0x73593022b9f4;0x735930251ce2;0x73593025d5d5;0x7359301aa4f9;0x735930339f77;cuCtxSynchronize;0x73592c20fb8b;0x73592c24a43a;0x73592c5a9b67;0x0;0x735920dc4980;0x8b485355fc894900;|, 40.023044, 0.00, 198.866000
2025-11-25T20:52:40.936390Z, , 42.585809, 100.00, 198.866000
2025-11-25T20:52:40.941483Z, , 21.643099, 100.00, 198.866000
2025-11-25T20:52:40.946712Z, 0xfffffffffffffe00;0x73593021f172;0x73593025de3b;0x735930f9d137;0x735930f9d585;0x73593022b9f4;0x735930251ce2;0x73593025d5d5;0x7359301aa4f9;0x735930339f77;cuCtxSynchronize;0x73592c20fb8b;0x73592c24a43a;0x73592c5a9b67;0x0;0x735920dc4980;0x8b485355fc894900;|, 34.482244, 100.00, 198.866000
2025-11-25T20:52:40.951831Z, , 73.420056, 0.00, 198.866000
2025-11-25T20:52:40.956933Z, , 55.763532, 100.00, 198.866000
2025-11-25T20:52:40.962254Z, 0xfffffffffffffe00;0x735936306c36;clock_gettime@@GLIBC_2.17;0x73593031bc04;0x73593022bccc;0x735930251ce2;0x73593025d5d5;0x7359301aa4f9;0x735930339f77;cuCtxSynchronize;0x73592c20fb8b;0x73592c24a43a;0x73592c5a9b67;0x0;0x735920dc4980;0x8b485355fc894900;|, 48.218894, 0.00, 198.866000
2025-11-25T20:52:40.967360Z, , 44.406313, 0.00, 198.866000
2025-11-25T20:52:40.972651Z, 0xfffffffffffffe00;0x735930461b53;0x73593021f183;0x73593025de3b;0x735930f9d137;0x735930f9d585;0x73593022b9f4;0x735930251ce2;0x73593025d5d5;0x7359301aa4f9;0x735930339f77;cuCtxSynchronize;0x73592c20fb8b;0x73592c24a43a;0x73592c5a9b67;0x0;0x735920dc4980;0x8b485355fc894900;|, 45.607402, 100.00, 198.866000
2025-11-25T20:52:40.977760Z, , 49.584721, 0.00, 198.866000
2025-11-25T20:52:40.982875Z, , 39.328711, 0.00, 198.866000
2025-11-25T20:52:40.988078Z, 0xfffffffffffffe00;0x73593022b9f4;0x735930251ce2;0x73593025d5d5;0x7359301aa4f9;0x735930339f77;cuCtxSynchronize;0x73592c20fb8b;0x73592c24a43a;0x73592c5a9b67;0x0;0x735920dc4980;0x8b485355fc894900;|, 37.051473, 0.00, 198.866000
2025-11-25T20:52:40.993370Z, 0xfffffffffffffe00;0x735936306c36;clock_gettime@@GLIBC_2.17;0x73593031bc04;0x73593022bccc;0x735930251ce2;0x73593025d5d5;0x7359301aa4f9;0x735930339f77;cuCtxSynchronize;0x73592c20fb8b;0x73592c24a43a;0x73592c5a9b67;0x0;0x735920dc4980;0x8b485355fc894900;|, 28.885322, 0.00, 198.866000
2025-11-25T20:52:40.998474Z, , 33.091175, 0.00, 198.866000
2025-11-25T20:52:41.003713Z, 0xfffffffffffffe00;0x735930461c60;0x73593021f183;0x73593025de3b;0x735930f9d137;0x735930f9d585;0x73593022b9f4;0x735930251ce2;0x73593025d5d5;0x7359301aa4f9;0x735930339f77;cuCtxSynchronize;0x73592c20fb8b;0x73592c24a43a;0x73592c5a9b67;0x0;0x735920dc4980;0x8b485355fc894900;|, 30.198134, 0.00, 198.866000
2025-11-25T20:52:41.008811Z, , 27.961854, 0.00, 198.866000
2025-11-25T20:52:41.013914Z, , 50.219754, 0.00, 198.866000
2025-11-25T20:52:41.019011Z, , 31.741076, 0.00, 198.866000
2025-11-25T20:52:41.024263Z, 0xfffffffffffffe00;0x735930461c76;0x73593021f183;0x73593025de3b;0x735930f9d137;0x735930f9d585;0x73593022b9f4;0x735930251ce2;0x73593025d5d5;0x7359301aa4f9;0x735930339f77;cuCtxSynchronize;0x73592c20fb8b;0x73592c24a43a;0x73592c5a9b67;0x0;0x735920dc4980;0x8b485355fc894900;|, 34.840578, 100.00, 198.866000
2025-11-25T20:52:41.029356Z, , 45.996678, 0.00, 198.866000
2025-11-25T20:52:41.034454Z, , 54.321910, 0.00, 198.866000
2025-11-25T20:52:41.039746Z, 0xfffffffffffffe00;0x735930461bae;0x73593021f183;0x73593025de3b;0x735930f9d137;0x735930f9d585;0x73593022b9f4;0x735930251ce2;0x73593025d5d5;0x7359301aa4f9;0x735930339f77;cuCtxSynchronize;0x73592c20fb8b;0x73592c24a43a;0x73592c5a9b67;0x0;0x735920dc4980;0x8b485355fc894900;|, 48.905398, 100.00, 198.866000
2025-11-25T20:52:41.044893Z, , 63.342310, 100.00, 198.866000
2025-11-25T20:52:41.050181Z, 0xfffffffffffffe00;0x735936306c36;clock_gettime@@GLIBC_2.17;0x73593031bc04;0x73593022bccc;0x735930251ce2;0x73593025d5d5;0x7359301aa4f9;0x735930339f77;cuCtxSynchronize;0x73592c20fb8b;0x73592c24a43a;0x73592c5a9b67;0x0;0x735920dc4980;0x8b485355fc894900;|, 59.753843, 200.00, 198.866000
2025-11-25T20:52:41.055333Z, , 29.348680, 200.00, 198.866000
2025-11-25T20:52:41.060598Z, 0xfffffffffffffe00;0x73593022bcd3;0x735930251ce2;0x73593025d5d5;0x7359301aa4f9;0x735930339f77;cuCtxSynchronize;0x73592c20fb8b;0x73592c24a43a;0x73592c5a9b67;0x0;0x735920dc4980;0x8b485355fc894900;|, 68.479296, 300.00, 198.866000
2025-11-25T20:52:41.065712Z, , 61.161607, 300.00, 198.866000
2025-11-25T20:52:41.070954Z, 0xfffffffffffffe00;0x735930461b40;0x73593025de3b;0x735930f9d137;0x735930f9d585;0x73593022b9f4;0x735930251ce2;0x73593025d5d5;0x7359301aa4f9;0x735930339f77;cuCtxSynchronize;0x73592c20fb8b;0x73592c24a43a;0x73592c5a9b67;0x0;0x735920dc4980;0x8b485355fc894900;|, 47.767354, 400.00, 198.866000
2025-11-25T20:52:41.076094Z, , 40.785287, 0.00, 198.866000
2025-11-25T20:52:41.081384Z, 0xfffffffffffffe00;0x735930461bdd;0x73593021f183;0x73593025de3b;0x735930f9d137;0x735930f9d585;0x73593022b9f4;0x735930251ce2;0x73593025d5d5;0x7359301aa4f9;0x735930339f77;cuCtxSynchronize;0x73592c20fb8b;0x73592c24a43a;0x73592c5a9b67;0x0;0x735920dc4980;0x8b485355fc894900;|, 36.876897, 100.00, 198.866000
2025-11-25T20:52:41.086492Z, , 30.144875, 0.00, 198.866000
2025-11-25T20:52:41.091598Z, , 73.915772, 0.00, 198.866000
2025-11-25T20:52:41.096717Z, , 41.164131, 100.00, 198.866000
2025-11-25T20:52:41.101925Z, 0xfffffffffffffe00;0x73593022b9e9;0x735930251ce2;0x73593025d5d5;0x7359301aa4f9;0x735930339f77;cuCtxSynchronize;0x73592c20fb8b;0x73592c24a43a;0x73592c5a9b67;0x0;0x735920dc4980;0x8b485355fc894900;|, 48.438112, 0.00, 198.866000
2025-11-25T20:52:41.107022Z, , 63.805099, 0.00, 198.999000
2025-11-25T20:52:41.112337Z, 0xfffffffffffffe00;0x735930461b40;0x73593025de3b;0x735930f9d137;0x735930f9d585;0x73593022b9f4;0x735930251ce2;0x73593025d5d5;0x7359301aa4f9;0x735930339f77;cuCtxSynchronize;0x73592c20fb8b;0x73592c24a43a;0x73592c5a9b67;0x0;0x735920dc4980;0x8b485355fc894900;|, 43.161876, 100.00, 198.999000
2025-11-25T20:52:41.117434Z, , 52.576630, 0.00, 198.999000
2025-11-25T20:52:41.122692Z, 0xfffffffffffffe00;0x73593021f153;0x73593025de3b;0x735930f9d137;0x735930f9d585;0x73593022b9f4;0x735930251ce2;0x73593025d5d5;0x7359301aa4f9;0x735930339f77;cuCtxSynchronize;0x73592c20fb8b;0x73592c24a43a;0x73592c5a9b67;0x0;0x735920dc4980;0x8b485355fc894900;|, 40.277392, 100.00, 198.999000
2025-11-25T20:52:41.127785Z, , 27.177295, 0.00, 198.999000
2025-11-25T20:52:41.132881Z, , 68.590860, 0.00, 198.999000
2025-11-25T20:52:41.138166Z, 0xfffffffffffffe00;0x735936306c36;clock_gettime@@GLIBC_2.17;0x73593031bc04;0x73593022bccc;0x735930251ce2;0x73593025d5d5;0x7359301aa4f9;0x735930339f77;cuCtxSynchronize;0x73592c20fb8b;0x73592c24a43a;0x73592c5a9b67;0x0;0x735920dc4980;0x8b485355fc894900;|, 42.872442, 100.00, 198.999000
2025-11-25T20:52:41.143264Z, , 29.126970, 0.00, 198.999000
2025-11-25T20:52:41.148446Z, 0xfffffffffffffe00;0x73593022b9e9;0x735930251ce2;0x73593025d5d5;0x7359301aa4f9;0x735930339f77;cuCtxSynchronize;0x73592c20fb8b;0x73592c24a43a;0x73592c5a9b67;0x0;0x735920dc4980;0x8b485355fc894900;|, 39.469688, 0.00, 198.999000
2025-11-25T20:52:41.153545Z, , 38.756144, 0.00, 198.999000
2025-11-25T20:52:41.158638Z, , 37.708937, 0.00, 198.999000
2025-11-25T20:52:41.163871Z, 0xfffffffffffffe00;0x73593021f192;0x73593025de3b;0x735930f9d137;0x735930f9d585;0x73593022b9f4;0x735930251ce2;0x73593025d5d5;0x7359301aa4f9;0x735930339f77;cuCtxSynchronize;0x73592c20fb8b;0x73592c24a43a;0x73592c5a9b67;0x0;0x735920dc4980;0x8b485355fc894900;|, 58.743093, 0.00, 198.999000
2025-11-25T20:52:41.168975Z, , 49.524979, 0.00, 198.999000
2025-11-25T20:52:41.174296Z, 0xfffffffffffffe00;0x735930461b53;0x73593021f183;0x73593025de3b;0x735930f9d137;0x735930f9d585;0x73593022b9f4;0x735930251ce2;0x73593025d5d5;0x7359301aa4f9;0x735930339f77;cuCtxSynchronize;0x73592c20fb8b;0x73592c24a43a;0x73592c5a9b67;0x0;0x735920dc4980;0x8b485355fc894900;|, 30.485571, 100.00, 198.999000
2025-11-25T20:52:41.179389Z, , 27.619458, 0.00, 198.999000
2025-11-25T20:52:41.184491Z, , 86.002663, 100.00, 198.999000
2025-11-25T20:52:41.189748Z, 0xfffffffffffffe00;0x735930461bdd;0x73593021f183;0x73593025de3b;0x735930f9d137;0x735930f9d585;0x73593022b9f4;0x735930251ce2;0x73593025d5d5;0x7359301aa4f9;0x735930339f77;cuCtxSynchronize;0x73592c20fb8b;0x73592c24a43a;0x73592c5a9b67;0x0;0x735920dc4980;0x8b485355fc894900;|, 64.091772, 100.00, 198.999000
2025-11-25T20:52:41.194849Z, , 45.062410, 0.00, 198.999000
2025-11-25T20:52:41.200064Z, 0xfffffffffffffe00;0x73593040784a;0x735930f9d554;0x73593022b9f4;0x735930251ce2;0x73593025d5d5;0x7359301aa4f9;0x735930339f77;cuCtxSynchronize;0x73592c20fb8b;0x73592c24a43a;0x73592c5a9b67;0x0;0x735920dc4980;0x8b485355fc894900;|, 63.605183, 100.00, 198.999000
2025-11-25T20:52:41.205169Z, , 40.070458, 0.00, 198.999000
2025-11-25T20:52:41.210322Z, , 68.100161, 50.00, 198.999000
2025-11-25T20:52:41.215566Z, 0xfffffffffffffe00;0x735930461bcd;0x73593021f183;0x73593025de3b;0x735930f9d137;0x735930f9d585;0x73593022b9f4;0x735930251ce2;0x73593025d5d5;0x7359301aa4f9;0x735930339f77;cuCtxSynchronize;0x73592c20fb8b;0x73592c24a43a;0x73592c5a9b67;0x0;0x735920dc4980;0x8b485355fc894900;|, 38.951078, 0.00, 198.999000
2025-11-25T20:52:41.220667Z, , 48.373607, 0.00, 198.999000
2025-11-25T20:52:41.225916Z, 0xfffffffffffffe00;0x73593021f17a;0x73593025de3b;0x735930f9d137;0x735930f9d585;0x73593022b9f4;0x735930251ce2;0x73593025d5d5;0x7359301aa4f9;0x735930339f77;cuCtxSynchronize;0x73592c20fb8b;0x73592c24a43a;0x73592c5a9b67;0x0;0x735920dc4980;0x8b485355fc894900;|, 60.751764, 100.00, 198.999000
2025-11-25T20:52:41.231011Z, , 39.504507, 0.00, 198.999000
2025-11-25T20:52:41.236287Z, 0xfffffffffffffe00;0x735930461bdd;0x73593021f183;0x73593025de3b;0x735930f9d137;0x735930f9d585;0x73593022b9f4;0x735930251ce2;0x73593025d5d5;0x7359301aa4f9;0x735930339f77;cuCtxSynchronize;0x73592c20fb8b;0x73592c24a43a;0x73592c5a9b67;0x0;0x735920dc4980;0x8b485355fc894900;|, 26.931084, 100.00, 198.999000
2025-11-25T20:52:41.241381Z, , 29.932182, 0.00, 198.999000
2025-11-25T20:52:41.246646Z, 0xfffffffffffffe00;0x735936306c36;clock_gettime@@GLIBC_2.17;0x73593031bc04;0x73593022bccc;0x735930251ce2;0x73593025d5d5;0x7359301aa4f9;0x735930339f77;cuCtxSynchronize;0x73592c20fb8b;0x73592c24a43a;0x73592c5a9b67;0x0;0x735920dc4980;0x8b485355fc894900;|, 51.952506, 100.00, 198.999000
2025-11-25T20:52:41.251741Z, , 37.979188, 0.00, 198.999000
2025-11-25T20:52:41.256969Z, 0xfffffffffffffe00;0x735930f9d24f;0x73593022b9f4;0x735930251ce2;0x73593025d5d5;0x7359301aa4f9;0x735930339f77;cuCtxSynchronize;0x73592c20fb8b;0x73592c24a43a;0x73592c5a9b67;0x0;0x735920dc4980;0x8b485355fc894900;|, 34.291135, 100.00, 198.999000
2025-11-25T20:52:41.262070Z, , 27.251749, 0.00, 198.999000
2025-11-25T20:52:41.267402Z, 0xfffffffffffffe00;0x735936306c36;clock_gettime@@GLIBC_2.17;0x73593031bc04;0x73593022bccc;0x735930251ce2;0x73593025d5d5;0x7359301aa4f9;0x735930339f77;cuCtxSynchronize;0x73592c20fb8b;0x73592c24a43a;0x73592c5a9b67;0x0;0x735920dc4980;0x8b485355fc894900;|, 25.716536, 100.00, 198.999000
2025-11-25T20:52:41.272508Z, , 31.029612, 100.00, 198.999000
2025-11-25T20:52:41.277719Z, 0xfffffffffffffe00;0x73593022b9e9;0x735930251ce2;0x73593025d5d5;0x7359301aa4f9;0x735930339f77;cuCtxSynchronize;0x73592c20fb8b;0x73592c24a43a;0x73592c5a9b67;0x0;0x735920dc4980;0x8b485355fc894900;|, 24.415409, 0.00, 198.999000
2025-11-25T20:52:41.282859Z, , 27.341050, 0.00, 198.999000
2025-11-25T20:52:41.288115Z, 0xfffffffffffffe00;0x73593022b9e9;0x735930251ce2;0x73593025d5d5;0x7359301aa4f9;0x735930339f77;cuCtxSynchronize;0x73592c20fb8b;0x73592c24a43a;0x73592c5a9b67;0x0;0x735920dc4980;0x8b485355fc894900;|, 31.154294, 0.00, 198.999000
2025-11-25T20:52:41.293340Z, , 31.956661, 0.00, 198.999000
2025-11-25T20:52:41.298501Z, , 22.613700, 100.00, 198.999000
2025-11-25T20:52:41.303784Z, 0xfffffffffffffe00;0x735936306d11;clock_gettime@@GLIBC_2.17;0x73593031bc04;0x73593022bccc;0x735930251ce2;0x73593025d5d5;0x7359301aa4f9;0x735930339f77;cuCtxSynchronize;0x73592c20fb8b;0x73592c24a43a;0x73592c5a9b67;0x0;0x735920dc4980;0x8b485355fc894900;|, 56.414386, 100.00, 198.999000
2025-11-25T20:52:41.308887Z, , 44.264408, 100.00, 198.999000
2025-11-25T20:52:41.314177Z, 0xfffffffffffffe00;0x73593021f186;0x73593025de3b;0x735930f9d137;0x735930f9d585;0x73593022b9f4;0x735930251ce2;0x73593025d5d5;0x7359301aa4f9;0x735930339f77;cuCtxSynchronize;0x73592c20fb8b;0x73592c24a43a;0x73592c5a9b67;0x0;0x735920dc4980;0x8b485355fc894900;|, 46.207038, 200.00, 198.999000
2025-11-25T20:52:41.319295Z, , 44.725993, 200.00, 198.999000
2025-11-25T20:52:41.324585Z, 0xfffffffffffffe00;0x735936306c36;clock_gettime@@GLIBC_2.17;0x73593031bc04;0x73593022bccc;0x735930251ce2;0x73593025d5d5;0x7359301aa4f9;0x735930339f77;cuCtxSynchronize;0x73592c20fb8b;0x73592c24a43a;0x73592c5a9b67;0x0;0x735920dc4980;0x8b485355fc894900;|, 30.431491, 0.00, 198.999000
2025-11-25T20:52:41.329694Z, , 31.052084, 0.00, 198.999000
2025-11-25T20:52:41.334951Z, 0xfffffffffffffe00;0x735930461b7b;0x73593021f183;0x73593025de3b;0x735930f9d137;0x735930f9d585;0x73593022b9f4;0x735930251ce2;0x73593025d5d5;0x7359301aa4f9;0x735930339f77;cuCtxSynchronize;0x73592c20fb8b;0x73592c24a43a;0x73592c5a9b67;0x0;0x735920dc4980;0x8b485355fc894900;|, 33.926177, 0.00, 198.999000
2025-11-25T20:52:41.340063Z, , 24.669055, 100.00, 198.999000
2025-11-25T20:52:41.345216Z, , 33.095994, 0.00, 198.999000
2025-11-25T20:52:41.350529Z, 0xfffffffffffffe00;0x735930461bc9;0x73593021f183;0x73593025de3b;0x735930f9d137;0x735930f9d585;0x73593022b9f4;0x735930251ce2;0x73593025d5d5;0x7359301aa4f9;0x735930339f77;cuCtxSynchronize;0x73592c20fb8b;0x73592c24a43a;0x73592c5a9b67;0x0;0x735920dc4980;0x8b485355fc894900;|, 45.168882, 0.00, 198.999000
2025-11-25T20:52:41.355621Z, , 18.969466, 0.00, 198.999000
2025-11-25T20:52:41.360810Z, 0xfffffffffffffe00;0x73593022b9bb;0x735930251ce2;0x73593025d5d5;0x7359301aa4f9;0x735930339f77;cuCtxSynchronize;0x73592c20fb8b;0x73592c24a43a;0x73592c5a9b67;0x0;0x735920dc4980;0x8b485355fc894900;|, 54.374904, 0.00, 198.999000
2025-11-25T20:52:41.365906Z, , 43.732174, 0.00, 198.999000
2025-11-25T20:52:41.370999Z, , 62.871710, 0.00, 198.999000
2025-11-25T20:52:41.376167Z, , 57.849773, 0.00, 198.999000
2025-11-25T20:52:41.381368Z, 0xfffffffffffffe00;0x735930f9d439;0x73593022b9f4;0x735930251ce2;0x73593025d5d5;0x7359301aa4f9;0x735930339f77;cuCtxSynchronize;0x73592c20fb8b;0x73592c24a43a;0x73592c5a9b67;0x0;0x735920dc4980;0x8b485355fc894900;|, 39.998147, 0.00, 198.999000
2025-11-25T20:52:41.386467Z, , 52.581451, 100.00, 198.999000
2025-11-25T20:52:41.391702Z, 0xfffffffffffffe00;0x735930461bd4;0x73593021f183;0x73593025de3b;0x735930f9d137;0x735930f9d585;0x73593022b9f4;0x735930251ce2;0x73593025d5d5;0x7359301aa4f9;0x735930339f77;cuCtxSynchronize;0x73592c20fb8b;0x73592c24a43a;0x73592c5a9b67;0x0;0x735920dc4980;0x8b485355fc894900;|, 39.892294, 0.00, 198.999000
2025-11-25T20:52:41.396834Z, , 44.360218, 100.00, 198.999000
2025-11-25T20:52:41.402110Z, 0xfffffffffffffe00;0x735930461b74;0x73593021f183;0x73593025de3b;0x735930f9d137;0x735930f9d585;0x73593022b9f4;0x735930251ce2;0x73593025d5d5;0x7359301aa4f9;0x735930339f77;cuCtxSynchronize;0x73592c20fb8b;0x73592c24a43a;0x73592c5a9b67;0x0;0x735920dc4980;0x8b485355fc894900;|, 38.212643, 0.00, 198.999000
2025-11-25T20:52:41.407265Z, , 21.841644, 100.00, 198.999000
2025-11-25T20:52:41.412506Z, 0xfffffffffffffe00;0x735930461b7b;0x73593021f183;0x73593025de3b;0x735930f9d137;0x735930f9d585;0x73593022b9f4;0x735930251ce2;0x73593025d5d5;0x7359301aa4f9;0x735930339f77;cuCtxSynchronize;0x73592c20fb8b;0x73592c24a43a;0x73592c5a9b67;0x0;0x735920dc4980;0x8b485355fc894900;|, 56.163224, 0.00, 198.999000
2025-11-25T20:52:41.417604Z, , 33.177602, 100.00, 198.999000
2025-11-25T20:52:41.422840Z, 0xfffffffffffffe00;0x735930461b74;0x73593021f183;0x73593025de3b;0x735930f9d137;0x735930f9d585;0x73593022b9f4;0x735930251ce2;0x73593025d5d5;0x7359301aa4f9;0x735930339f77;cuCtxSynchronize;0x73592c20fb8b;0x73592c24a43a;0x73592c5a9b67;0x0;0x735920dc4980;0x8b485355fc894900;|, 39.817727, 0.00, 198.999000
2025-11-25T20:52:41.427974Z, , 33.052582, 0.00, 198.999000
2025-11-25T20:52:41.433235Z, 0xfffffffffffffe00;0x735930461bd8;0x73593021f183;0x73593025de3b;0x735930f9d137;0x735930f9d585;0x73593022b9f4;0x735930251ce2;0x73593025d5d5;0x7359301aa4f9;0x735930339f77;cuCtxSynchronize;0x73592c20fb8b;0x73592c24a43a;0x73592c5a9b67;0x0;0x735920dc4980;0x8b485355fc894900;|, 56.367081, 100.00, 198.999000
2025-11-25T20:52:41.438334Z, , 35.602819, 0.00, 198.999000
2025-11-25T20:52:41.443429Z, , 62.617153, 0.00, 198.999000
2025-11-25T20:52:41.448527Z, , 57.527765, 0.00, 198.999000
2025-11-25T20:52:41.453818Z, 0xfffffffffffffe00;0x735930461bbd;0x73593021f183;0x73593025de3b;0x735930f9d137;0x735930f9d585;0x73593022b9f4;0x735930251ce2;0x73593025d5d5;0x7359301aa4f9;0x735930339f77;cuCtxSynchronize;0x73592c20fb8b;0x73592c24a43a;0x73592c5a9b67;0x0;0x735920dc4980;0x8b485355fc894900;|, 61.797136, 0.00, 198.999000
2025-11-25T20:52:41.458925Z, , 39.037529, 100.00, 198.999000
2025-11-25T20:52:41.464214Z, 0xfffffffffffffe00;0x735930461b74;0x73593021f183;0x73593025de3b;0x735930f9d137;0x735930f9d585;0x73593022b9f4;0x735930251ce2;0x73593025d5d5;0x7359301aa4f9;0x735930339f77;cuCtxSynchronize;0x73592c20fb8b;0x73592c24a43a;0x73592c5a9b67;0x0;0x735920dc4980;0x8b485355fc894900;|, 52.463343, 100.00, 198.999000
2025-11-25T20:52:41.469318Z, , 41.057828, 0.00, 198.999000
2025-11-25T20:52:41.474414Z, , 50.099237, 0.00, 198.999000
2025-11-25T20:52:41.479675Z, 0xfffffffffffffe00;0x735930461b40;0x73593025de3b;0x735930f9d137;0x735930f9d585;0x73593022b9f4;0x735930251ce2;0x73593025d5d5;0x7359301aa4f9;0x735930339f77;cuCtxSynchronize;0x73592c20fb8b;0x73592c24a43a;0x73592c5a9b67;0x0;0x735920dc4980;0x8b485355fc894900;|, 51.612176, 0.00, 198.999000
2025-11-25T20:52:41.484786Z, , 40.729042, 0.00, 198.999000
2025-11-25T20:52:41.490030Z, 0xfffffffffffffe00;0x735930461b7b;0x73593021f183;0x73593025de3b;0x735930f9d137;0x735930f9d585;0x73593022b9f4;0x735930251ce2;0x73593025d5d5;0x7359301aa4f9;0x735930339f77;cuCtxSynchronize;0x73592c20fb8b;0x73592c24a43a;0x73592c5a9b67;0x0;0x735920dc4980;0x8b485355fc894900;|, 33.329018, 0.00, 198.999000
2025-11-25T20:52:41.495126Z, , 41.321833, 0.00, 198.999000
2025-11-25T20:52:41.500206Z, , 37.966847, 100.00, 198.999000
2025-11-25T20:52:41.505530Z, 0xfffffffffffffe00;0x735936306c36;clock_gettime@@GLIBC_2.17;0x73593031bc04;0x73593022bccc;0x735930251ce2;0x73593025d5d5;0x7359301aa4f9;0x735930339f77;cuCtxSynchronize;0x73592c20fb8b;0x73592c24a43a;0x73592c5a9b67;0x0;0x735920dc4980;0x8b485355fc894900;|, 54.566137, 0.00, 198.999000
2025-11-25T20:52:41.510627Z, , 57.850180, 0.00, 198.999000
2025-11-25T20:52:41.515888Z, 0xfffffffffffffe00;clock_gettime@@GLIBC_2.17;0x73593031bc04;0x73593022bccc;0x735930251ce2;0x73593025d5d5;0x7359301aa4f9;0x735930339f77;cuCtxSynchronize;0x73592c20fb8b;0x73592c24a43a;0x73592c5a9b67;0x0;0x735920dc4980;0x8b485355fc894900;|, 48.309404, 100.00, 198.999000
2025-11-25T20:52:41.520981Z, , 64.871465, 0.00, 198.999000
2025-11-25T20:52:41.526270Z, 0xfffffffffffffe00;0x735930461c60;0x73593021f183;0x73593025de3b;0x735930f9d137;0x735930f9d585;0x73593022b9f4;0x735930251ce2;0x73593025d5d5;0x7359301aa4f9;0x735930339f77;cuCtxSynchronize;0x73592c20fb8b;0x73592c24a43a;0x73592c5a9b67;0x0;0x735920dc4980;0x8b485355fc894900;|, 41.935499, 100.00, 198.999000
2025-11-25T20:52:41.531363Z, , 39.837560, 0.00, 198.999000
2025-11-25T20:52:41.536457Z, , 48.820229, 100.00, 198.999000
2025-11-25T20:52:41.541769Z, 0xfffffffffffffe00;0x735936306c36;clock_gettime@@GLIBC_2.17;0x73593031bc04;0x73593022bccc;0x735930251ce2;0x73593025d5d5;0x7359301aa4f9;0x735930339f77;cuCtxSynchronize;0x73592c20fb8b;0x73592c24a43a;0x73592c5a9b67;0x0;0x735920dc4980;0x8b485355fc894900;|, 65.921516, 100.00, 198.999000
2025-11-25T20:52:41.546934Z, , 69.656001, 200.00, 198.999000
2025-11-25T20:52:41.552238Z, 0xfffffffffffffe00;0x735930461b40;0x73593025de3b;0x735930f9d137;0x735930f9d585;0x73593022b9f4;0x735930251ce2;0x73593025d5d5;0x7359301aa4f9;0x735930339f77;cuCtxSynchronize;0x73592c20fb8b;0x73592c24a43a;0x73592c5a9b67;0x0;0x735920dc4980;0x8b485355fc894900;|, 58.449704, 200.00, 198.999000
2025-11-25T20:52:41.557390Z, , 69.120460, 100.00, 198.999000
2025-11-25T20:52:41.562641Z, 0xfffffffffffffe00;0x735930f9d439;0x73593022b9f4;0x735930251ce2;0x73593025d5d5;0x7359301aa4f9;0x735930339f77;cuCtxSynchronize;0x73592c20fb8b;0x73592c24a43a;0x73592c5a9b67;0x0;0x735920dc4980;0x8b485355fc894900;|, 57.827081, 300.00, 198.999000
2025-11-25T20:52:41.567788Z, , 70.131548, 300.00, 198.999000
2025-11-25T20:52:41.572889Z, , 54.282138, 0.00, 198.999000
2025-11-25T20:52:41.578101Z, 0xfffffffffffffe00;0x735930f9d439;0x73593022b9f4;0x735930251ce2;0x73593025d5d5;0x7359301aa4f9;0x735930339f77;cuCtxSynchronize;0x73592c20fb8b;0x73592c24a43a;0x73592c5a9b67;0x0;0x735920dc4980;0x8b485355fc894900;|, 38.933928, 0.00, 198.999000
2025-11-25T20:52:41.583227Z, , 47.485735, 0.00, 198.999000
2025-11-25T20:52:41.588506Z, 0xfffffffffffffe00;0x735936306c36;clock_gettime@@GLIBC_2.17;0x73593031bc04;0x73593022bccc;0x735930251ce2;0x73593025d5d5;0x7359301aa4f9;0x735930339f77;cuCtxSynchronize;0x73592c20fb8b;0x73592c24a43a;0x73592c5a9b67;0x0;0x735920dc4980;0x8b485355fc894900;|, 43.656035, 0.00, 198.999000
2025-11-25T20:52:41.593613Z, , 42.472055, 0.00, 198.999000
2025-11-25T20:52:41.598975Z, 0xfffffffffffffe00;0x735936306c36;clock_gettime@@GLIBC_2.17;0x73593031bc04;0x73593022bccc;0x735930251ce2;0x73593025d5d5;0x7359301aa4f9;0x735930339f77;cuCtxSynchronize;0x73592c20fb8b;0x73592c24a43a;0x73592c5a9b67;0x0;0x735920dc4980;0x8b485355fc894900;|, 32.916517, 0.00, 198.999000
2025-11-25T20:52:41.604184Z, , 30.205718, 0.00, 198.999000
2025-11-25T20:52:41.609540Z, 0xfffffffffffffe00;0x735936306c36;clock_gettime@@GLIBC_2.17;0x73593031bc04;0x73593022bccc;0x735930251ce2;0x73593025d5d5;0x7359301aa4f9;0x735930339f77;cuCtxSynchronize;0x73592c20fb8b;0x73592c24a43a;0x73592c5a9b67;0x0;0x735920dc4980;0x8b485355fc894900;|, 33.355442, 0.00, 199.519000
2025-11-25T20:52:41.614720Z, , 26.037282, 0.00, 199.519000
2025-11-25T20:52:41.620087Z, 0xfffffffffffffe00;0x735930461b53;0x73593021f183;0x73593025de3b;0x735930f9d137;0x735930f9d585;0x73593022b9f4;0x735930251ce2;0x73593025d5d5;0x7359301aa4f9;0x735930339f77;cuCtxSynchronize;0x73592c20fb8b;0x73592c24a43a;0x73592c5a9b67;0x0;0x735920dc4980;0x8b485355fc894900;|, 37.775849, 0.00, 199.519000
2025-11-25T20:52:41.625280Z, , 47.896191, 100.00, 199.519000
2025-11-25T20:52:41.630504Z, , 32.961656, 200.00, 199.519000
2025-11-25T20:52:41.635780Z, 0xfffffffffffffe00;0x73593021f186;0x73593025de3b;0x735930f9d137;0x735930f9d585;0x73593022b9f4;0x735930251ce2;0x73593025d5d5;0x7359301aa4f9;0x735930339f77;cuCtxSynchronize;0x73592c20fb8b;0x73592c24a43a;0x73592c5a9b67;0x0;0x735920dc4980;0x8b485355fc894900;|, 42.558083, 0.00, 199.519000
2025-11-25T20:52:41.640920Z, , 47.499091, 0.00, 199.519000
2025-11-25T20:52:41.646023Z, , 31.742574, 100.00, 199.519000
2025-11-25T20:52:41.651299Z, 0xfffffffffffffe00;0x735930461bc5;0x73593021f183;0x73593025de3b;0x735930f9d137;0x735930f9d585;0x73593022b9f4;0x735930251ce2;0x73593025d5d5;0x7359301aa4f9;0x735930339f77;cuCtxSynchronize;0x73592c20fb8b;0x73592c24a43a;0x73592c5a9b67;0x0;0x735920dc4980;0x8b485355fc894900;|, 36.282893, 0.00, 199.519000
2025-11-25T20:52:41.656577Z, 0xfffffffffffffe00;0x735930461b74;0x73593021f183;0x73593025de3b;0x735930f9d137;0x735930f9d585;0x73593022b9f4;0x735930251ce2;0x73593025d5d5;0x7359301aa4f9;0x735930339f77;cuCtxSynchronize;0x73592c20fb8b;0x73592c24a43a;0x73592c5a9b67;0x0;0x735920dc4980;0x8b485355fc894900;|, 33.488781, 100.00, 199.519000
2025-11-25T20:52:41.661789Z, , 28.633019, 0.00, 199.519000
2025-11-25T20:52:41.666886Z, , 23.978864, 0.00, 199.519000
2025-11-25T20:52:41.672048Z, , 55.886117, 0.00, 199.519000
2025-11-25T20:52:41.677338Z, 0xfffffffffffffe00;0x735930461bc9;0x73593021f183;0x73593025de3b;0x735930f9d137;0x735930f9d585;0x73593022b9f4;0x735930251ce2;0x73593025d5d5;0x7359301aa4f9;0x735930339f77;cuCtxSynchronize;0x73592c20fb8b;0x73592c24a43a;0x73592c5a9b67;0x0;0x735920dc4980;0x8b485355fc894900;|, 44.092340, 0.00, 199.519000
2025-11-25T20:52:41.682467Z, , 70.197012, 50.00, 199.519000
2025-11-25T20:52:41.687739Z, 0xfffffffffffffe00;0x735930461b7b;0x73593021f183;0x73593025de3b;0x735930f9d137;0x735930f9d585;0x73593022b9f4;0x735930251ce2;0x73593025d5d5;0x7359301aa4f9;0x735930339f77;cuCtxSynchronize;0x73592c20fb8b;0x73592c24a43a;0x73592c5a9b67;0x0;0x735920dc4980;0x8b485355fc894900;|, 52.504647, 100.00, 199.519000
2025-11-25T20:52:41.692855Z, , 44.321311, 200.00, 199.519000
2025-11-25T20:52:41.698017Z, , 42.611037, 0.00, 199.519000
2025-11-25T20:52:41.703365Z, 0xfffffffffffffe00;0x735930461b74;0x73593021f183;0x73593025de3b;0x735930f9d137;0x735930f9d585;0x73593022b9f4;0x735930251ce2;0x73593025d5d5;0x7359301aa4f9;0x735930339f77;cuCtxSynchronize;0x73592c20fb8b;0x73592c24a43a;0x73592c5a9b67;0x0;0x735920dc4980;0x8b485355fc894900;|, 42.882886, 0.00, 199.519000
2025-11-25T20:52:41.708478Z, , 53.533206, 100.00, 199.519000
2025-11-25T20:52:41.713730Z, 0xfffffffffffffe00;0x735930461b7b;0x73593021f183;0x73593025de3b;0x735930f9d137;0x735930f9d585;0x73593022b9f4;0x735930251ce2;0x73593025d5d5;0x7359301aa4f9;0x735930339f77;cuCtxSynchronize;0x73592c20fb8b;0x73592c24a43a;0x73592c5a9b67;0x0;0x735920dc4980;0x8b485355fc894900;|, 40.025707, 0.00, 199.519000
2025-11-25T20:52:41.718834Z, , 40.986484, 100.00, 199.519000
2025-11-25T20:52:41.724121Z, 0xfffffffffffffe00;0x735936306c36;clock_gettime@@GLIBC_2.17;0x73593031bc04;0x73593022bccc;0x735930251ce2;0x73593025d5d5;0x7359301aa4f9;0x735930339f77;cuCtxSynchronize;0x73592c20fb8b;0x73592c24a43a;0x73592c5a9b67;0x0;0x735920dc4980;0x8b485355fc894900;|, 34.617595, 0.00, 199.519000
2025-11-25T20:52:41.729259Z, , 33.928408, 100.00, 199.519000
2025-11-25T20:52:41.734556Z, 0xfffffffffffffe00;0x73593021f10f;0x73593025de3b;0x735930f9d137;0x735930f9d585;0x73593022b9f4;0x735930251ce2;0x73593025d5d5;0x7359301aa4f9;0x735930339f77;cuCtxSynchronize;0x73592c20fb8b;0x73592c24a43a;0x73592c5a9b67;0x0;0x735920dc4980;0x8b485355fc894900;|, 30.445274, 100.00, 199.519000
2025-11-25T20:52:41.739647Z, , 6.900403, 0.00, 199.519000
2025-11-25T20:52:41.744751Z, , 56.053792, 0.00, 199.519000
2025-11-25T20:52:41.749993Z, 0xfffffffffffffe00;0x735930461b40;0x73593025de3b;0x735930f9d137;0x735930f9d585;0x73593022b9f4;0x735930251ce2;0x73593025d5d5;0x7359301aa4f9;0x735930339f77;cuCtxSynchronize;0x73592c20fb8b;0x73592c24a43a;0x73592c5a9b67;0x0;0x735920dc4980;0x8b485355fc894900;|, 28.224655, 100.00, 199.519000
2025-11-25T20:52:41.755291Z, 0xfffffffffffffe00;0x735936306c36;clock_gettime@@GLIBC_2.17;0x73593031bc04;0x73593022bccc;0x735930251ce2;0x73593025d5d5;0x7359301aa4f9;0x735930339f77;cuCtxSynchronize;0x73592c20fb8b;0x73592c24a43a;0x73592c5a9b67;0x0;0x735920dc4980;0x8b485355fc894900;|, 27.216022, 0.00, 199.519000
2025-11-25T20:52:41.760399Z, , 18.416726, 0.00, 199.519000
2025-11-25T20:52:41.765492Z, , 45.386391, 0.00, 199.519000
2025-11-25T20:52:41.770766Z, 0xfffffffffffffe00;0x735930461b74;0x73593021f183;0x73593025de3b;0x735930f9d137;0x735930f9d585;0x73593022b9f4;0x735930251ce2;0x73593025d5d5;0x7359301aa4f9;0x735930339f77;cuCtxSynchronize;0x73592c20fb8b;0x73592c24a43a;0x73592c5a9b67;0x0;0x735920dc4980;0x8b485355fc894900;|, 29.213938, 0.00, 199.519000
2025-11-25T20:52:41.775865Z, , 24.928061, 0.00, 199.519000
2025-11-25T20:52:41.781128Z, 0xfffffffffffffe00;0x735936306c36;clock_gettime@@GLIBC_2.17;0x73593031bc04;0x73593022bccc;0x735930251ce2;0x73593025d5d5;0x7359301aa4f9;0x735930339f77;cuCtxSynchronize;0x73592c20fb8b;0x73592c24a43a;0x73592c5a9b67;0x0;0x735920dc4980;0x8b485355fc894900;|, 30.799272, 0.00, 199.519000
2025-11-25T20:52:41.786200Z, , 20.471989, 0.00, 199.519000
2025-11-25T20:52:41.791459Z, 0xfffffffffffffe00;0x735936306c36;clock_gettime@@GLIBC_2.17;0x73593031bc04;0x73593022bccc;0x735930251ce2;0x73593025d5d5;0x7359301aa4f9;0x735930339f77;cuCtxSynchronize;0x73592c20fb8b;0x73592c24a43a;0x73592c5a9b67;0x0;0x735920dc4980;0x8b485355fc894900;|, 36.734240, 0.00, 199.519000
2025-11-25T20:52:41.796601Z, , 23.392367, 0.00, 199.519000
2025-11-25T20:52:41.801756Z, , 38.038139, 0.00, 199.519000
2025-11-25T20:52:41.806876Z, , 64.952653, 100.00, 199.519000
2025-11-25T20:52:41.811985Z, , 53.367089, 200.00, 199.519000
2025-11-25T20:52:41.817151Z, , 42.447812, 200.00, 199.519000
2025-11-25T20:52:41.822267Z, , 45.958165, 200.00, 199.519000
2025-11-25T20:52:41.827688Z, 0xffffffffffffff80;0xffffffffbaa0119e;0xfffffffffffffe00;__memset_avx2_unaligned_erms;0x73593027e375;0x7359302db82b;0x7359302dc62a;0x7359301b8dd7;0x73593033e2dc;cuLibraryLoadData;0x73592c2234e6;0x73592c282418;|, 26.721962, 0.00, 199.519000
2025-11-25T20:52:41.832800Z, , 58.504004, 0.00, 199.519000
2025-11-25T20:52:41.837904Z, , 46.419795, 100.00, 199.519000
2025-11-25T20:52:41.843083Z, 0xfffffffffffffe00;0x73592f90d43a;0x73592f917c50;0x7359304ae696;0x73592c24f03a;0x73592c5aa27b;|, 74.716168, 100.00, 199.519000
2025-11-25T20:52:41.848307Z, 0xfffffffffffffe00;0x73593028cd44;0x7359301c9b3d;0x7359301d5a28;0x7359301d63ce;0x7359303a98e8;cuLaunchKernel;0x73592c213e89;0x73592c279f88;0x7358c2f11da1;0x7358c2eebab6;0x7358c2eec4f9;0x0;0x100000001;0x73592c15c170;0x85e38058b4818;|, 61.278834, 200.00, 199.519000
2025-11-25T20:52:41.853454Z, , 72.435463, 150.00, 199.519000
2025-11-25T20:52:41.858631Z, 0xfffffffffffffe00;0x735930f9ea76;0x735930332feb;cuCtxGetDevice;0x73592c211116;0x73592c24f042;0x73592c5a9dc2;0x6475632f3031632f;|, 67.002307, 400.00, 199.519000
2025-11-25T20:52:41.863740Z, , 55.258145, 300.00, 199.519000
2025-11-25T20:52:41.868952Z, 0xfffffffffffffe00;0x735930fba9c0;0x7359301c9ad5;0x7359301d5a28;0x7359301d63ce;0x7359303a98e8;cuLaunchKernel;0x73592c213e89;0x73592c279f88;0x7358c2f11da1;0x7358c2eebab6;0x7358c2eec4f9;0x0;0x100000001;0x73592c15c170;0x85e38058b4818;|, 77.084457, 300.00, 199.519000
2025-11-25T20:52:41.874090Z, , 79.367818, 700.00, 199.519000
2025-11-25T20:52:41.879207Z, , 54.955007, 350.00, 199.519000
2025-11-25T20:52:41.884357Z, , 98.965258, 233.33, 199.519000
2025-11-25T20:52:41.889629Z, 0xfffffffffffffe00;cuDevicePrimaryCtxGetState;0x7358c0672e9a;|, 80.964412, 400.00, 199.519000
2025-11-25T20:52:41.894766Z, , 74.582610, 0.00, 199.519000
2025-11-25T20:52:41.900480Z, 0xfffffffffffffe00;PyObject_Free;_PyEval_EvalFrameDefault;PyEval_EvalCode;0x607fc2;0x6b4393;_PyRun_SimpleFileObject;_PyRun_AnyFileObject;Py_RunMain;Py_BytesMain;__libc_start_call_main;__libc_start_main@@GLIBC_2.34;_start;|, 99.316898, 50.00, 199.519000
2025-11-25T20:52:41.905742Z, 0xfffffffffffffe00;0x73592fb55d7a;0x73592fb55c9c;0x73592f93196f;0x73592f931c8e;0x73592f95d0d8;0x73592f95d181;0x73592f90c62b;0x73592f917c50;0x735930fb98b2;0x7359301c9ad5;0x7359301d5a28;0x7359301d63ce;0x7359303a98e8;cuLaunchKernel;0x73592c213e89;0x73592c279f88;0x7358c2f11da1;0x7358c2eebab6;0x7358c2eec4f9;0x0;0x100000001;0x73592c15c170;0x85e38058b4818;|, 72.243210, 100.00, 199.519000
2025-11-25T20:52:41.910845Z, , 69.067707, 200.00, 199.519000
2025-11-25T20:52:41.915960Z, , 76.666858, 300.00, 199.519000
2025-11-25T20:52:41.921123Z, 0xfffffffffffffe00;0x73592c575a2b;0x73592c591944;0x73592c593c05;0x7358fcbd64ad;0x1;0x73592c57aec0;0x5554415541564100;|, 92.493227, 200.00, 199.519000
2025-11-25T20:52:41.926306Z, , 68.216504, 250.00, 199.519000
2025-11-25T20:52:41.931480Z, 0xfffffffffffffe00;0x73593020f4c0;0x73592c242189;0x73592c225f9c;0x73592c279eec;0x7358c2f11da1;0x7358c2eebab6;0x7358c2eec4f9;0x0;0x100000001;0x73592c15c170;0x85e38058b4818;|, 59.642589, 500.00, 199.519000
2025-11-25T20:52:41.936590Z, , 82.503652, 600.00, 199.519000
2025-11-25T20:52:41.941806Z, 0xfffffffffffffe00;pthread_getspecific@@GLIBC_2.34;0x73592f90d475;0x73592f917c50;0x7359304ae696;0x73592c24f082;0x73592c5aa27b;|, 72.644650, 700.00, 199.519000
2025-11-25T20:52:41.946948Z, , 57.749090, 800.00, 199.519000
2025-11-25T20:52:41.952098Z, 0xfffffffffffffe00;0x73590000b861;0x0;0x100000001;0x73592c15c170;0x85e38058b4818;|, 86.100252, 266.67, 199.519000
2025-11-25T20:52:41.957252Z, , 77.471818, 1000.00, 199.519000
2025-11-25T20:52:41.962383Z, , 42.458655, 1100.00, 199.519000
2025-11-25T20:52:41.967659Z, 0xfffffffffffffe00;pthread_getspecific@@GLIBC_2.34;0x73592f903e99;0x73592f917c21;0x7359303a9802;cuLaunchKernel;0x73592c213e89;0x73592c279f88;0x7358c2f11da1;0x7358c2eebab6;0x7358c2eec4f9;0x0;0x100000001;0x73592c15c170;0x85e38058b4818;|, 81.640345, 1100.00, 199.519000
2025-11-25T20:52:41.972793Z, , 62.724723, 1100.00, 199.519000
2025-11-25T20:52:41.977931Z, , 57.852052, 1200.00, 199.519000
2025-11-25T20:52:41.983068Z, , 42.340668, 650.00, 199.519000
2025-11-25T20:52:41.988350Z, 0xfffffffffffffe00;0x73593017ed02;0x7359302be5ee;0x735930fb94c3;0x7359301c9ad5;0x7359301d5a28;0x7359301d63ce;0x7359303a98e8;cuLaunchKernel;0x73592c213e89;0x73592c279f88;0x7358c2f11da1;0x7358c2eebab6;0x7358c2eec4f9;0x0;0x100000001;0x73592c15c170;0x85e38058b4818;|, 38.284118, 466.67, 199.519000
2025-11-25T20:52:41.993455Z, , 38.727770, 0.00, 199.519000
2025-11-25T20:52:41.998663Z, 0xfffffffffffffe00;0x73593018027c;0x735930fba55c;0x7359301c9ad5;0x7359301d5a28;0x7359301d63ce;0x7359303a98e8;cuLaunchKernel;0x73592c213e89;0x73592c279f88;0x7358c2f11da1;0x7358c2eebab6;0x7358c2eec4f9;0x0;0x100000001;0x73592c15c170;0x85e38058b4818;|, 79.531818, 50.00, 199.519000
2025-11-25T20:52:42.003785Z, , 88.973729, 200.00, 199.519000
2025-11-25T20:52:42.008995Z, 0xfffffffffffffe00;pthread_getspecific@@GLIBC_2.34;0x73592f90d420;0x73592f917c50;0x7359304ae696;0x73592c24f03a;0x73592c5aa27b;|, 57.974789, 150.00, 199.519000
2025-11-25T20:52:42.014148Z, , 78.665129, 300.00, 199.519000
2025-11-25T20:52:42.019302Z, , 63.778516, 200.00, 199.519000
2025-11-25T20:52:42.024436Z, 0xfffffffffffffe00;0x73592c288da0;0x73592c24ef2a;0x73592c5aa115;0x2c297d7000007fff;|, 66.389129, 0.00, 199.519000
2025-11-25T20:52:42.029539Z, , 60.230300, 50.00, 199.519000
2025-11-25T20:52:42.034667Z, , 73.426394, 100.00, 199.519000
2025-11-25T20:52:42.039993Z, 0xfffffffffffffe00;clock_gettime@@GLIBC_2.17;0x73592f9586c1;0x73592f9157e8;0x73592f91624b;0x73592f917c50;0x735930335b64;cuDevicePrimaryCtxGetState;0x7358c0672e9a;|, 79.784341, 200.00, 199.519000
2025-11-25T20:52:42.045126Z, , 46.384680, 100.00, 199.519000
2025-11-25T20:52:42.050218Z, , 43.712195, 100.00, 199.519000
2025-11-25T20:52:42.055352Z, 0xfffffffffffffe00;0x73592c5915bb;0x73592c593c05;0x7358fcbd64ad;0x1;0x73592c57aec0;0x5554415541564100;|, 68.775300, 200.00, 199.519000
2025-11-25T20:52:42.060465Z, , 74.028013, 0.00, 199.519000
2025-11-25T20:52:42.065684Z, 0xfffffffffffffe00;0x735930f9ea76;0x735930332feb;cuCtxGetDevice;0x73592c211116;0x73592c24f042;0x73592c5aa115;0x7fff;|, 82.687084, 0.00, 199.519000
2025-11-25T20:52:42.070847Z, 0xfffffffffffffe00;0x7358fcbd27da;0x7358fcbd30f3;|, 54.172388, 200.00, 199.519000
2025-11-25T20:52:42.075951Z, , 68.245783, 300.00, 199.519000
2025-11-25T20:52:42.081116Z, , 75.686544, 0.00, 199.519000
2025-11-25T20:52:42.086446Z, 0xfffffffffffffe00;0x73592fb55d7d;0x73592fb55c9c;0x73592f93196f;0x73592f931c8e;0x73592f95d0d8;0x73592f95d181;0x73592f90c62b;0x73592f917c50;0x735930fb98b2;0x7359301c9ad5;0x7359301d5a28;0x7359301d63ce;0x7359303a98e8;cuLaunchKernel;0x73592c213e89;0x73592c279f88;0x7358c2f11da1;0x7358c2eebab6;0x7358c2eec4f9;0x0;0x100000001;0x73592c15c170;0x85e38058b4818;|, 69.859105, 33.33, 199.519000
2025-11-25T20:52:42.091575Z, , 57.955428, 200.00, 199.519000
2025-11-25T20:52:42.096772Z, 0xfffffffffffffe00;pthread_mutex_unlock@@GLIBC_2.2.5;0x73592c593d13;0x0;|, 89.477904, 200.00, 199.519000
2025-11-25T20:52:42.101911Z, , 61.454608, 300.00, 199.519000
2025-11-25T20:52:42.107019Z, , 74.308613, 150.00, 170.331000
2025-11-25T20:52:42.112147Z, , 60.107937, 0.00, 170.331000
2025-11-25T20:52:42.117389Z, 0xfffffffffffffe00;0x73592f917ce7;0x735930fb93e3;0x7359301c9ad5;0x7359301d5a28;0x7359301d63ce;0x7359303a98e8;cuLaunchKernel;0x73592c213e89;0x73592c279f88;0x7358c2f11da1;0x7358c2eebab6;0x7358c2eec4f9;0x0;0x100000001;0x73592c15c170;0x85e38058b4818;|, 89.615365, 50.00, 170.331000
2025-11-25T20:52:42.122509Z, , 56.436246, 100.00, 170.331000
2025-11-25T20:52:42.127679Z, 0xfffffffffffffe00;0x73592f917b90;0x73592c24f03a;0x73592c5a9dc2;0x6475632f3031632f;|, 67.465820, 200.00, 170.331000
2025-11-25T20:52:42.132976Z, 0xfffffffffffffe00;0x735936306c36;clock_gettime@@GLIBC_2.17;cuptiGetTimestamp;0x73592f958b21;0x73592f90d60a;0x73592f917c50;0x7359304ae696;0x73592c24d472;0x7358c2f119e6;0x7358c2eebab6;0x7358c2eec4f9;0x0;0x100000001;0x73592c15c170;0x85e38058b4818;|, 83.567352, 300.00, 170.331000
2025-11-25T20:52:42.138124Z, , 68.439900, 300.00, 170.331000
2025-11-25T20:52:42.143318Z, , 54.785615, 200.00, 170.331000
2025-11-25T20:52:42.148683Z, 0xfffffffffffffe00;0x7359302e5db1;0x7359302e67e1;0x73593017eac5;0x7359302be5ee;0x735930fb94c3;0x7359301c9ad5;0x7359301d5a28;0x7359301d63ce;0x7359303a98e8;cuLaunchKernel;0x73592c213e89;0x73592c279f88;0x7358c2f11da1;0x7358c2eebab6;0x7358c2eec4f9;0x0;0x100000001;0x73592c15c170;0x85e38058b4818;|, 94.858937, 500.00, 170.331000
2025-11-25T20:52:42.153838Z, , 54.376523, 500.00, 170.331000
2025-11-25T20:52:42.158964Z, , 77.919373, 600.00, 170.331000
2025-11-25T20:52:42.164255Z, 0xfffffffffffffe00;0x73592f950870;0x73592f917c50;0x735930335ba7;cuDevicePrimaryCtxGetState;0x7358c0672e9a;|, 73.725766, 350.00, 170.331000
2025-11-25T20:52:42.169407Z, , 78.853140, 700.00, 170.331000
2025-11-25T20:52:42.174604Z, 0xfffffffffffffe00;0x73592facf560;0x73592f917c50;0x7359304ae696;0x73592c24f03a;0x73592c5aa115;0x2c297d7000007fff;|, 56.335964, 800.00, 170.331000
2025-11-25T20:52:42.179740Z, , 68.644561, 400.00, 170.331000
2025-11-25T20:52:42.184877Z, , 85.464329, 900.00, 170.331000
2025-11-25T20:52:42.190038Z, 0xfffffffffffffe00;0x73592c213df8;0x73592c279f88;0x7358c2f11da1;0x7358c2eebab6;0x7358c2eec4f9;0x0;0x100000001;0x73592c15c170;0x85e38058b4818;|, 79.663137, 500.00, 170.331000
2025-11-25T20:52:42.195182Z, , 61.006399, 0.00, 170.331000
2025-11-25T20:52:42.200414Z, 0xfffffffffffffe00;0x7359302bab8b;0x7359302bb03c;0x73593020f556;0x73592c242189;0x73592c225f9c;0x73592c279eec;0x7358c2f11da1;0x7358c2eebab6;0x7358c2eec4f9;0x0;0x100000001;0x73592c15c170;0x85e38058b4818;|, 69.351396, 50.00, 170.331000
2025-11-25T20:52:42.205551Z, , 79.926413, 100.00, 170.331000
2025-11-25T20:52:42.210684Z, , 66.926836, 0.00, 170.331000
2025-11-25T20:52:42.215840Z, 0xfffffffffffffe00;0x73592c5a868f;0x73592c5aa29b;|, 89.458544, 100.00, 170.331000
2025-11-25T20:52:42.220969Z, , 60.925534, 100.00, 170.331000
2025-11-25T20:52:42.226097Z, , 68.605205, 200.00, 170.331000
2025-11-25T20:52:42.231631Z, 0xfffffffffffffe00;_int_free;free;0x73592c5843b3;0x8585cf47d6eb6bbf;|, 79.325608, 100.00, 170.331000
2025-11-25T20:52:42.236783Z, , 83.805807, 300.00, 170.331000
2025-11-25T20:52:42.242005Z, 0xfffffffffffffe00;0x735936306bf2;clock_gettime@@GLIBC_2.17;cuptiGetTimestamp;0x73592f958bc9;0x73592f90d695;0x73592f917c50;0x7359304ae696;0x73592c24f082;0x73592c5aa27b;|, 65.554809, 200.00, 170.331000
2025-11-25T20:52:42.247128Z, , 87.046067, 400.00, 170.331000
2025-11-25T20:52:42.252420Z, 0xfffffffffffffe00;PyObject_Free;0x581772;PyObject_IsInstance;0x73592132e4dc;0x0;|, 76.565311, 250.00, 170.331000
2025-11-25T20:52:42.257535Z, , 60.602495, 600.00, 170.331000
2025-11-25T20:52:42.262699Z, 0xfffffffffffffe00;0x73592facf569;0x73592f917c50;0x7359304ae696;0x73592c24f03a;0x73592c5aa115;0x2c297d7000007fff;|, 73.137423, 300.00, 170.331000
2025-11-25T20:52:42.267868Z, , 86.001283, 700.00, 170.331000
2025-11-25T20:52:42.273095Z, 0xfffffffffffffe00;0x73592f9157e3;0x73592f91624b;0x73592f917c50;0x735930335b64;cuDevicePrimaryCtxGetState;0x7358c0672e9a;|, 57.842778, 400.00, 170.331000
2025-11-25T20:52:42.278236Z, , 68.460805, 450.00, 170.331000
2025-11-25T20:52:42.283383Z, , 63.277115, 900.00, 170.331000
2025-11-25T20:52:42.288515Z, , 70.626074, 900.00, 170.331000
2025-11-25T20:52:42.293861Z, 0xfffffffffffffe00;0x735936306c36;clock_gettime@@GLIBC_2.17;cuptiGetTimestamp;0x73592f9586c1;0x73592f9157e8;0x73592f91624b;0x73592f917c50;0x735930335b64;cuDevicePrimaryCtxGetState;0x7358c0672e9a;|, 59.494014, 1000.00, 170.331000
2025-11-25T20:52:42.299012Z, , 106.853549, 1100.00, 170.331000
2025-11-25T20:52:42.304184Z, 0xfffffffffffffe00;0x73592c15bf69;0x12496a70;|, 51.977784, 1200.00, 170.331000
2025-11-25T20:52:42.309290Z, , 95.125604, 1300.00, 170.331000
2025-11-25T20:52:42.314456Z, , 72.953049, 650.00, 170.331000
2025-11-25T20:52:42.319786Z, 0xfffffffffffffe00;0x735930f6895e;0x73593018028b;0x735930fba55c;0x7359301c9ad5;0x7359301d5a28;0x7359301d63ce;0x7359303a98e8;cuLaunchKernel;0x73592c213e89;0x73592c279f88;0x7358c2f11da1;0x7358c2eebab6;0x7358c2eec4f9;0x0;0x100000001;0x73592c15c170;0x85e38058b4818;|, 66.841801, 1300.00, 170.331000
2025-11-25T20:52:42.324925Z, , 67.936724, 1400.00, 170.331000
2025-11-25T20:52:42.330237Z, 0xfffffffffffffe00;0x73592f950885;0x73592f903e99;0x73592f917c21;0x7359303330e7;cuCtxGetDevice;0x73592c211116;0x73592c24f042;0x73592c5aa27b;|, 90.463791, 1500.00, 170.331000
2025-11-25T20:52:42.335368Z, , 85.291360, 750.00, 170.331000
2025-11-25T20:52:42.340508Z, , 62.485048, 1600.00, 170.331000
2025-11-25T20:52:42.345714Z, 0xfffffffffffffe00;0x73592f903e60;0x735930fba9a0;0x7359301c9ad5;0x7359301d5a28;0x7359301d63ce;0x7359303a98e8;cuLaunchKernel;0x73592c213e89;0x73592c279f88;0x7358c2f11da1;0x7358c2eebab6;0x7358c2eec4f9;0x0;0x100000001;0x73592c15c170;0x85e38058b4818;|, 79.243913, 850.00, 170.331000
2025-11-25T20:52:42.350817Z, , 86.650109, 1700.00, 170.331000
2025-11-25T20:52:42.355930Z, 0xfffffffffffffe00;0x735920b6e2cd;0x12496a70;|, 79.152468, 900.00, 170.331000
2025-11-25T20:52:42.361027Z, , 73.464016, 1900.00, 170.331000
2025-11-25T20:52:42.366182Z, , 78.438930, 1900.00, 170.331000
2025-11-25T20:52:42.371458Z, 0xfffffffffffffe00;0x7359303bfd7e;0x735930f9ce75;0x73593049d539;0x735930f9813f;0x735930fbaf14;0x7359301c9ad5;0x7359301d5a28;0x7359301d63ce;0x7359303a98e8;cuLaunchKernel;0x73592c213e89;0x73592c279f88;0x7358c2f11da1;0x7358c2eebab6;0x7358c2eec4f9;0x0;0x100000001;0x73592c15c170;0x85e38058b4818;|, 90.792948, 2000.00, 170.331000
2025-11-25T20:52:42.376585Z, , 58.933300, 1050.00, 170.331000
2025-11-25T20:52:42.381817Z, 0xfffffffffffffe00;__libc_malloc;0x73592c15dc24;|, 89.627776, 2200.00, 170.331000
2025-11-25T20:52:42.386938Z, , 84.112780, 1100.00, 170.331000
2025-11-25T20:52:42.392122Z, 0xfffffffffffffe00;0x73592f916344;0x73592f917c50;0x735930335ba7;cuDevicePrimaryCtxGetState;0x7358c0672e9a;|, 83.800580, 0.00, 170.331000
2025-11-25T20:52:42.397258Z, , 74.971031, 50.00, 170.331000
2025-11-25T20:52:42.402432Z, 0xfffffffffffffe00;0x7358c0329a50;0x7358c2eebab6;0x7358c2eec4f9;0x0;0x100000001;0x73592c15c170;0x85e38058b4818;|, 71.372817, 100.00, 170.331000
2025-11-25T20:52:42.407582Z, , 71.719003, 300.00, 170.331000
2025-11-25T20:52:42.412769Z, 0xfffffffffffffe00;0x73592f9152fe;0x73592f91624b;0x73592f917c50;0x7359303330ab;cuCtxGetDevice;0x73592c211116;0x73592c24f042;0x73592c5a9dc2;0x6475632f3031632f;|, 75.110559, 300.00, 170.331000
2025-11-25T20:52:42.417878Z, , 69.522174, 133.33, 170.331000
2025-11-25T20:52:42.423048Z, 0xfffffffffffffe00;0x73592c15d9ce;|, 98.015559, 166.67, 170.331000
2025-11-25T20:52:42.428206Z, , 76.155711, 300.00, 170.331000
2025-11-25T20:52:42.433365Z, , 59.990682, 300.00, 170.331000
2025-11-25T20:52:42.438506Z, 0xfffffffffffffe00;0x73592c593c8c;|, 56.488817, 600.00, 170.331000
2025-11-25T20:52:42.443612Z, , 63.984300, 0.00, 170.331000
2025-11-25T20:52:42.448718Z, , 75.913416, 100.00, 170.331000
2025-11-25T20:52:42.453931Z, 0xfffffffffffffe00;__pthread_mutex_lock@GLIBC_2.2.5;0x735920c34a5f;|, 84.585454, 100.00, 170.331000
2025-11-25T20:52:42.459091Z, , 71.316264, 100.00, 170.331000
2025-11-25T20:52:42.464282Z, 0xfffffffffffffe00;0x73592facf569;0x73592f917c50;0x7359304ae696;0x73592c24f03a;0x73592c5aa27b;|, 80.277679, 300.00, 170.331000
2025-11-25T20:52:42.469424Z, , 76.289560, 400.00, 170.331000
2025-11-25T20:52:42.474630Z, 0xfffffffffffffe00;0x73592facf569;0x73592f91624b;0x73592f917c50;0x735930335b64;cuDevicePrimaryCtxGetState;0x7358c0672e9a;|, 70.616296, 250.00, 170.331000
2025-11-25T20:52:42.479779Z, , 70.267083, 500.00, 170.331000
2025-11-25T20:52:42.485081Z, 0xfffffffffffffe00;__pthread_mutex_lock@GLIBC_2.2.5;0x73593049db25;0x735930fbaa7e;0x7359301c9ad5;0x7359301d5a28;0x7359301d63ce;0x7359303a98e8;cuLaunchKernel;0x73592c213e89;0x73592c279f88;0x7358c2f11da1;0x7358c2eebab6;0x7358c2eec4f9;0x0;0x100000001;0x73592c15c170;0x85e38058b4818;|, 83.535962, 600.00, 170.331000
2025-11-25T20:52:42.490243Z, , 74.446792, 350.00, 170.331000
2025-11-25T20:52:42.495486Z, 0xfffffffffffffe00;0x73592f93199a;0x73592f931c8e;0x73592f95d0d8;0x73592f95d181;0x73592f90c62b;0x73592f917c50;0x735930fb98b2;0x7359301c9ad5;0x7359301d5a28;0x7359301d63ce;0x7359303a98e8;cuLaunchKernel;0x73592c213e89;0x73592c279f88;0x7358c2f11da1;0x7358c2eebab6;0x7358c2eec4f9;0x0;0x100000001;0x73592c15c170;0x85e38058b4818;|, 43.873731, 700.00, 170.331000
2025-11-25T20:52:42.500600Z, , 88.962116, 800.00, 170.331000
2025-11-25T20:52:42.505704Z, , 81.575991, 450.00, 170.331000
2025-11-25T20:52:42.510985Z, 0xfffffffffffffe00;PyObject_Malloc;_PyObject_GC_New;PyCMethod_New;PyObject_IsInstance;0x73592132e4dc;0x0;|, 48.332586, 0.00, 170.331000
2025-11-25T20:52:42.516141Z, , 88.863628, 50.00, 170.331000
2025-11-25T20:52:42.521322Z, 0xfffffffffffffe00;0x735930fbcbbc;0x735930fba772;0x7359301c9ad5;0x7359301d5a28;0x7359301d63ce;0x7359303a98e8;cuLaunchKernel;0x73592c213e89;0x73592c279f88;0x7358c2f11da1;0x7358c2eebab6;0x7358c2eec4f9;0x0;0x100000001;0x73592c15c170;0x85e38058b4818;|, 64.715117, 200.00, 170.331000
2025-11-25T20:52:42.526429Z, , 74.992598, 300.00, 170.331000
2025-11-25T20:52:42.531553Z, , 67.534904, 150.00, 170.331000
2025-11-25T20:52:42.536732Z, 0xfffffffffffffe00;0x73592f916331;0x73592f917c50;0x7359303330e7;cuCtxGetDevice;0x73592c211116;0x73592c24f042;0x73592c5aa27b;|, 96.861359, 400.00, 170.331000
2025-11-25T20:52:42.541860Z, , 71.494917, 250.00, 170.331000
2025-11-25T20:52:42.547012Z, , 97.630220, 500.00, 170.331000
2025-11-25T20:52:42.552310Z, 0xfffffffffffffe00;pthread_getspecific@@GLIBC_2.34;0x73592f903e99;0x73592f917c21;0x7359303330ab;cuCtxGetDevice;0x73592c211116;0x73592c24f042;0x73592c5aa27b;|, 80.661101, 300.00, 170.331000
2025-11-25T20:52:42.557414Z, , 79.283667, 700.00, 170.331000
2025-11-25T20:52:42.563136Z, 0xfffffffffffffe00;0x735920dc4590;0x735920bd77a6;0x5a53ab;PyNumber_Add;_PyEval_EvalFrameDefault;PyEval_EvalCode;0x607fc2;0x6b4393;_PyRun_SimpleFileObject;_PyRun_AnyFileObject;Py_RunMain;Py_BytesMain;__libc_start_call_main;__libc_start_main@@GLIBC_2.34;_start;|, 63.911383, 800.00, 170.331000
2025-11-25T20:52:42.568297Z, , 79.370793, 400.00, 170.331000
2025-11-25T20:52:42.573470Z, 0xfffffffffffffe00;0x73592f958baa;0x73592f90d695;0x73592f917c50;0x7359304ae696;0x73592c24d4b5;0x7358c2f119e6;0x7358c2eebab6;0x7358c2eec4f9;0x0;0x100000001;0x73592c15c170;0x85e38058b4818;|, 80.820370, 450.00, 170.331000
2025-11-25T20:52:42.578611Z, , 62.609762, 1000.00, 170.331000
2025-11-25T20:52:42.583894Z, 0xfffffffffffffe00;0x735930183636;0x735930fb94c3;0x7359301c9ad5;0x7359301d5a28;0x7359301d63ce;0x7359303a98e8;cuLaunchKernel;0x73592c213e89;0x73592c279f88;0x7358c2f11da1;0x7358c2eebab6;0x7358c2eec4f9;0x0;0x100000001;0x73592c15c170;0x85e38058b4818;|, 91.494417, 1000.00, 170.331000
2025-11-25T20:52:42.589004Z, , 73.784685, 1100.00, 170.331000
2025-11-25T20:52:42.594285Z, 0xfffffffffffffe00;0x73592f90c9c2;0x73592f917c50;0x735930fba891;0x7359301c9ad5;0x7359301d5a28;0x7359301d63ce;0x7359303a98e8;cuLaunchKernel;0x73592c213e89;0x73592c279f88;0x7358c2f11da1;0x7358c2eebab6;0x7358c2eec4f9;0x0;0x100000001;0x73592c15c170;0x85e38058b4818;|, 72.264336, 1200.00, 170.331000
2025-11-25T20:52:42.599440Z, , 65.733449, 1200.00, 170.331000
2025-11-25T20:52:42.604615Z, , 77.365105, 700.00, 170.331000
2025-11-25T20:52:42.609838Z, 0xfffffffffffffe00;0x73592f9508ad;0x73592f903e99;0x73592f917c21;0x7359302be888;0x735930fb94c3;0x7359301c9ad5;0x7359301d5a28;0x7359301d63ce;0x7359303a98e8;cuLaunchKernel;0x73592c213e89;0x73592c279f88;0x7358c2f11da1;0x7358c2eebab6;0x7358c2eec4f9;0x0;0x100000001;0x73592c15c170;0x85e38058b4818;|, 70.523344, 1500.00, 118.500000
2025-11-25T20:52:42.614991Z, , 71.418762, 1500.00, 118.500000
2025-11-25T20:52:42.620164Z, , 57.356150, 1500.00, 118.500000
2025-11-25T20:52:42.625262Z, , 86.624981, 800.00, 118.500000
2025-11-25T20:52:42.630571Z, 0xfffffffffffffe00;pthread_mutex_unlock@@GLIBC_2.2.5;0x7359302243e9;0x7359302244b1;0x735930f9ccc9;0x73593049d809;0x735930fbaa6f;0x7359301c9ad5;0x7359301d5a28;0x7359301d63ce;0x7359303a98e8;cuLaunchKernel;0x73592c213e89;0x73592c279f88;0x7358c2f11da1;0x7358c2eebab6;0x7358c2eec4f9;0x0;0x100000001;0x73592c15c170;0x85e38058b4818;|, 54.392477, 1600.00, 118.500000
2025-11-25T20:52:42.635709Z, , 84.734424, 1700.00, 118.500000
2025-11-25T20:52:42.640806Z, , 85.499914, 850.00, 118.500000
2025-11-25T20:52:42.646044Z, 0xfffffffffffffe00;0x7359302bf028;0x7359301d3ba1;0x7359301d5764;0x7359301d63ce;0x7359303a98e8;cuLaunchKernel;0x73592c213e89;0x73592c279f88;0x7358c2f11da1;0x7358c2eebab6;0x7358c2eec4f9;0x0;0x100000001;0x73592c15c170;0x85e38058b4818;|, 33.263371, 0.00, 118.500000
2025-11-25T20:52:42.651188Z, , 31.265112, 0.00, 118.500000
2025-11-25T20:52:42.656312Z, , 34.569736, 0.00, 118.500000
2025-11-25T20:52:42.661426Z, , 30.034172, 0.00, 118.500000
2025-11-25T20:52:42.666552Z, , 33.247512, 100.00, 118.500000
2025-11-25T20:52:42.671657Z, , 62.891508, 100.00, 118.500000
2025-11-25T20:52:42.676770Z, , 43.916533, 0.00, 118.500000
2025-11-25T20:52:42.681881Z, , 62.230814, 0.00, 118.500000
2025-11-25T20:52:42.687507Z, 0xfffffffffffffe00;0x550df0;0x6bc429;0x6b0f9d;Py_FinalizeEx;Py_RunMain;Py_BytesMain;__libc_start_call_main;__libc_start_main@@GLIBC_2.34;_start;|, 45.264439, 100.00, 118.500000
2025-11-25T20:52:42.693133Z, 0xfffffffffffffe00;0x59f944;0x61c23e;0x6bc429;0x6b0f9d;Py_FinalizeEx;Py_RunMain;Py_BytesMain;__libc_start_call_main;__libc_start_main@@GLIBC_2.34;_start;|, 48.638591, 0.00, 118.500000
2025-11-25T20:52:42.698239Z, , 43.954514, 100.00, 118.500000
2025-11-25T20:52:42.703448Z, , 28.570354, 0.00, 118.500000
2025-11-25T20:52:42.708930Z, 0xfffffffffffffe00;_int_free;free;0x735920b67487;0x0;0x675f657a696c616e;0x0;|, 30.195163, 100.00, 118.500000
2025-11-25T20:52:42.714174Z, , 40.590387, 0.00, 118.500000
2025-11-25T20:52:42.719817Z, 0xfffffffffffffe00;0x5c8340;0x6bc429;Py_FinalizeEx;Py_RunMain;Py_BytesMain;__libc_start_call_main;__libc_start_main@@GLIBC_2.34;_start;|, 45.423546, 0.00, 118.500000
2025-11-25T20:52:42.724957Z, , 52.967997, 0.00, 118.500000
2025-11-25T20:52:42.730609Z, 0xfffffffffffffe00;0x61cfe1;0x59f91d;0x61c23e;0x6bc429;Py_FinalizeEx;Py_RunMain;Py_BytesMain;__libc_start_call_main;__libc_start_main@@GLIBC_2.34;_start;|, 43.095264, 0.00, 118.500000
2025-11-25T20:52:42.735736Z, , 46.041935, 0.00, 118.500000
2025-11-25T20:52:42.740882Z, , 44.043592, 0.00, 118.500000
2025-11-25T20:52:42.746728Z, 0xfffffffffffffe00;0x58c2d8;0x590ffa;0x54eacf;0x55a098;PyDict_Clear;0x5a03e1;0x61c8fd;0x6bc429;Py_FinalizeEx;Py_RunMain;Py_BytesMain;__libc_start_call_main;__libc_start_main@@GLIBC_2.34;_start;|, 32.165628, 0.00, 118.500000
2025-11-25T20:52:42.752522Z, 0xfffffffffffffe00;0x61c14d;0x6bc429;0x6b25d3;0x6b11c1;Py_FinalizeEx;Py_RunMain;Py_BytesMain;__libc_start_call_main;__libc_start_main@@GLIBC_2.34;_start;|, 27.692232, 0.00, 118.500000
2025-11-25T20:52:42.757745Z, , 33.704737, 0.00, 118.500000
2025-11-25T20:52:42.762943Z, , 41.066293, 0.00, 118.500000
2025-11-25T20:52:42.768702Z, 0xfffffffffffffe00;PyObject_IS_GC;0x61c2fe;0x6bc429;0x6b25d3;0x6b11c1;Py_FinalizeEx;Py_RunMain;Py_BytesMain;__libc_start_call_main;__libc_start_main@@GLIBC_2.34;_start;|, 44.262032, 0.00, 118.500000
2025-11-25T20:52:42.773865Z, , 26.095510, 0.00, 118.500000
2025-11-25T20:52:42.778975Z, , 61.907802, 100.00, 118.500000
2025-11-25T20:52:42.785339Z, 0xfffffffffffffe00;malloc_consolidate;_int_free_maybe_consolidate;_int_free;free;__run_exit_handlers;0x735935e47bbe;__libc_start_call_main;__libc_start_main@@GLIBC_2.34;_start;|, 51.429306, 0.00, 118.500000
2025-11-25T20:52:42.790772Z, 0xfffffffffffffe00;_int_free_merge_chunk;free;0x7358fce90a19;|, 35.889010, 100.00, 118.500000
2025-11-25T20:52:42.795877Z, , 45.864732, 0.00, 118.500000
2025-11-25T20:52:42.801044Z, 0xfffffffffffffe00;0x7358fce8ef10;0x18;0x74616d5f676c616e;|, 61.560926, 100.00, 118.500000
2025-11-25T20:52:42.806201Z, 0xfffffffffffffe00;0x7358fce8b157;0xe;0x485f78697274;|, 30.736924, 100.00, 118.500000
2025-11-25T20:52:42.811302Z, , 36.667430, 200.00, 118.500000
2025-11-25T20:52:42.816421Z, 0xfffffffffffffe00;0x7358fce8b169;0x12;0x6c70735f65666173;|, 53.727236, 0.00, 118.500000
2025-11-25T20:52:42.821530Z, , 60.829468, 0.00, 118.500000
2025-11-25T20:52:42.826665Z, 0xfffffffffffffe00;0x73592c13c3d4;0x11;0x5f74666968736c69;|, 46.975683, 0.00, 118.500000
2025-11-25T20:52:42.831788Z, , 44.457890, 0.00, 118.500000
2025-11-25T20:52:42.836903Z, , 32.639787, 0.00, 118.500000
2025-11-25T20:52:42.842610Z, 0xfffffffffffffe00;0x735828703709;0x735828706959;__run_exit_handlers;0x735935e47bbe;__libc_start_call_main;__libc_start_main@@GLIBC_2.34;_start;|, 36.315758, 0.00, 118.500000
2025-11-25T20:52:42.847724Z, , 37.224252, 100.00, 118.500000
2025-11-25T20:52:42.852831Z, , 43.583853, 0.00, 118.500000
2025-11-25T20:52:42.858596Z, 0xfffffffffffffe00;free;0x73592c23da23;0x73592c23e39d;0x73592c240d29;0x73592c24232f;0x73592c242881;0x73592c23577f;0x73592c236c9d;__run_exit_handlers;0x735935e47bbe;__libc_start_call_main;__libc_start_main@@GLIBC_2.34;_start;|, 44.080153, 0.00, 118.500000
2025-11-25T20:52:42.863701Z, , 16.101315, 0.00, 118.500000
2025-11-25T20:52:42.869637Z, 0xfffffffffffffe00;_int_free;free;0x73592c234d1a;0x73592c235cb9;0x73592c236c9d;__run_exit_handlers;0x735935e47bbe;__libc_start_call_main;__libc_start_main@@GLIBC_2.34;_start;|, 76.572962, 0.00, 118.500000
2025-11-25T20:52:42.874753Z, , 46.266071, 100.00, 118.500000
2025-11-25T20:52:42.879860Z, , 40.160116, 100.00, 118.500000
2025-11-25T20:52:42.884994Z, , 55.280265, 0.00, 118.500000
2025-11-25T20:52:42.891082Z, 0xffffffffffffff80;0xffffffffbbedf03d;0xffffffffc18ce787;0xffffffffc1761b39;0xffffffffc16e7ae2;0xffffffffc17558db;0xffffffffc1880ded;0xffffffffc1893bdb;0xffffffffc184ddec;0xffffffffc18d4599;0xffffffffc1850baf;0xffffffffc18db7a8;0xffffffffc18dc053;0xffffffffc184f45b;0xffffffffc1867a2a;0xffffffffc187319e;0xffffffffc152f752;0xffffffffc2b61222;0xffffffffc2aeed5e;0xffffffffc2b62412;0xffffffffc2ad0ed9;0xffffffffc2ad14cb;0xffffffffc2ad15ba;0xffffffffbb1dde74;0xffffffffbac83f9e;0xffffffffbbed678e;0xffffffffbaa0012b;0xfffffffffffffe00;ioctl;0x7359303040d6;0x73593020d4ae;0x73593020d613;0x73593021e99d;0x7359302608cd;0x735930261d4b;0x735930261e8c;0x7359303906c2;cuDevicePrimaryCtxRelease;0x73592c2362fc;0x73592c236c9d;__run_exit_handlers;0x735935e47bbe;__libc_start_call_main;__libc_start_main@@GLIBC_2.34;_start;|, 48.736953, 0.00, 118.500000
2025-11-25T20:52:42.896272Z, , 58.619943, 100.00, 118.500000
2025-11-25T20:52:42.901368Z, , 53.879809, 100.00, 118.500000
2025-11-25T20:52:42.907488Z, 0xffffffffffffff80;0xffffffffbae398fb;0xffffffffbbeec85e;0xffffffffc1525602;0xffffffffc18d1018;0xffffffffc1684289;0xffffffffc168471c;0xffffffffc172bd7e;0xffffffffc17556f8;0xffffffffc1880ded;0xffffffffc1893bdb;0xffffffffc184ddec;0xffffffffc18d4599;0xffffffffc1850baf;0xffffffffc18db7a8;0xffffffffc18dc053;0xffffffffc184f45b;0xffffffffc184f629;0xffffffffc185bb5e;0xffffffffc1644039;0xffffffffc164c746;0xffffffffc15116b9;0xffffffffbb1dde74;0xffffffffbac83f9e;0xffffffffbbed678e;0xffffffffbaa0012b;0xfffffffffffffe00;ioctl;0x73593048e028;0x735930497143;0x7359304670dd;0x735930467860;0x735930467907;0x73593020d660;0x73593021e9f6;0x7359302608cd;0x735930261d4b;0x735930261e8c;0x7359303906c2;cuDevicePrimaryCtxRelease;0x73592c2362fc;0x73592c236c9d;__run_exit_handlers;0x735935e47bbe;__libc_start_call_main;__libc_start_main@@GLIBC_2.34;_start;|, 54.139670, 0.00, 118.500000
2025-11-25T20:52:42.912597Z, , 67.035133, 0.00, 118.500000
2025-11-25T20:52:42.919908Z, 0xffffffffffffff80;0xffffffffbad5d925;0xffffffffbad5dc60;0xffffffffbad5ead2;0xffffffffc152302e;0xffffffffc150fd55;0xffffffffc16474f9;0xffffffffc1781e7e;0xffffffffc181e6b1;0xffffffffc1588f45;0xffffffffc18cf8f5;0xffffffffc18d45b3;0xffffffffc1850baf;0xffffffffc18db7a8;0xffffffffc18dc053;0xffffffffc184f45b;0xffffffffc184f629;0xffffffffc185bb5e;0xffffffffc1644039;0xffffffffc164c746;0xffffffffc15116b9;0xffffffffbb1dde74;0xffffffffbac83f9e;0xffffffffbbed678e;0xffffffffbaa0012b;0xfffffffffffffe00;ioctl;0x73593048e028;0x735930497143;0x7359304670dd;0x7359304a0299;0x7359304a276c;0x735930415e7e;0x73593041e69a;0x735930423416;0x735930422b77;0x7359304248b7;0x7359303bf9cb;0x73593046af43;0x73593020d2ea;0x73593020d613;0x73593021e9f6;0x7359302608cd;0x735930261d4b;0x735930261e8c;0x7359303906c2;cuDevicePrimaryCtxRelease;0x73592c2362fc;0x73592c236c9d;__run_exit_handlers;0x735935e47bbe;__libc_start_call_main;__libc_start_main@@GLIBC_2.34;_start;|0xffffffffffffff80;0xffffffffbad90e25;0xffffffffbad930b2;0xffffffffbad5f99a;0xffffffffbad603f3;0xffffffffbad5eb0b;0xffffffffc152302e;0xffffffffc150fd55;0xffffffffc16474f9;0xffffffffc1781e7e;0xffffffffc181e6b1;0xffffffffc1588f45;0xffffffffc18cf8f5;0xffffffffc18d45b3;0xffffffffc1850baf;0xffffffffc18db7a8;0xffffffffc18dc053;0xffffffffc184f45b;0xffffffffc184f629;0xffffffffc185bb5e;0xffffffffc1644039;0xffffffffc164c746;0xffffffffc15116b9;0xffffffffbb1dde74;0xffffffffbac83f9e;0xffffffffbbed678e;0xffffffffbaa0012b;0xfffffffffffffe00;ioctl;0x73593048e028;0x735930497143;0x7359304670dd;0x7359304a0299;0x7359304a276c;0x735930415e7e;0x73593041e69a;0x735930423416;0x735930422b77;0x7359304248b7;0x7359303bf9cb;0x73593046af43;0x73593020d2ea;0x73593020d613;0x73593021e9f6;0x7359302608cd;0x735930261d4b;0x735930261e8c;0x7359303906c2;cuDevicePrimaryCtxRelease;0x73592c2362fc;0x73592c236c9d;__run_exit_handlers;0x735935e47bbe;__libc_start_call_main;__libc_start_main@@GLIBC_2.34;_start;|, 48.479548, 0.00, 118.500000
2025-11-25T20:52:42.925949Z, 0xffffffffffffff80;0xffffffffbbee41e6;0xffffffffbbee4709;0xffffffffc2acd268;0xffffffffc2b4126e;0xffffffffc2b36d90;0xffffffffc2b37856;0xffffffffc2b5f6f0;0xffffffffc2b05d92;0xffffffffc2b06bbc;0xffffffffc2ad0ea3;0xffffffffc2ad14cb;0xffffffffc2ad15ba;0xffffffffbb1dde74;0xffffffffbac83f9e;0xffffffffbbed678e;0xffffffffbaa0012b;0xfffffffffffffe00;ioctl;0x735930455874;0x735930455dc1;0x735930304d70;0x73593048e20a;0x73593048fbe4;0x7359304160a7;0x73593041e69a;0x735930423416;0x735930422b77;0x7359304248b7;0x735930465edc;0x735930260c45;0x735930261d4b;0x735930261e8c;0x7359303906c2;cuDevicePrimaryCtxRelease;0x73592c2362fc;0x73592c236c9d;__run_exit_handlers;0x735935e47bbe;__libc_start_call_main;__libc_start_main@@GLIBC_2.34;_start;|, 63.843261, 0.00, 118.500000
2025-11-25T20:52:42.932048Z, 0xffffffffffffff80;0xffffffffbadecea0;0xffffffffbadfcc14;0xffffffffbadd91c2;0xffffffffbaddc0a2;0xffffffffbbee41dd;0xffffffffbbee4709;0xffffffffc2acd268;0xffffffffc2b4126e;0xffffffffc2b3955e;0xffffffffc2b5f6f9;0xffffffffc2b05d92;0xffffffffc2b06bbc;0xffffffffc2ad0ea3;0xffffffffc2ad14cb;0xffffffffc2ad15ba;0xffffffffbb1dde74;0xffffffffbac83f9e;0xffffffffbbed678e;0xffffffffbaa0012b;0xfffffffffffffe00;ioctl;0x735930455874;0x735930455dc1;0x735930304d70;0x73593048e20a;0x73593048fbe4;0x7359304160a7;0x73593041e69a;0x735930423416;0x735930422b77;0x7359304248b7;0x735930424ad3;0x73593025ffb7;0x735930261d4b;0x735930261e8c;0x7359303906c2;cuDevicePrimaryCtxRelease;0x73592c2362fc;0x73592c236c9d;__run_exit_handlers;0x735935e47bbe;__libc_start_call_main;__libc_start_main@@GLIBC_2.34;_start;|, 44.820760, 100.00, 118.500000
2025-11-25T20:52:42.937212Z, eìì	, 61.847598, 200.00, 118.500000
2025-11-25T20:52:42.942340Z, , 56.608645, 200.00, 118.500000
2025-11-25T20:52:42.947465Z, , 62.083362, 300.00, 118.500000
2025-11-25T20:52:42.952616Z, , 61.362096, 300.00, 118.500000
2025-11-25T20:52:42.957759Z, , 45.144386, 400.00, 118.500000
2025-11-25T20:52:42.962902Z, , 50.227496, 400.00, 118.500000
2025-11-25T20:52:42.968044Z, , 34.959415, 0.00, 118.500000
2025-11-25T20:52:42.973267Z, , 44.888263, 0.00, 118.500000
2025-11-25T20:52:42.978511Z, , 34.459540, 0.00, 118.500000
2025-11-25T20:52:42.983834Z, , 34.517465, 0.00, 118.500000
2025-11-25T20:52:42.988977Z, , 50.349883, 0.00, 118.500000
2025-11-25T20:52:42.994133Z, , 69.727052, 0.00, 118.500000
2025-11-25T20:52:42.999313Z, , 63.572558, 0.00, 118.500000
2025-11-25T20:52:43.004446Z, , 53.216104, 0.00, 118.500000
2025-11-25T20:52:43.009581Z, , 54.962868, 0.00, 118.500000
2025-11-25T20:52:43.014689Z, , 59.876976, 0.00, 118.500000
